index,log_lsun,log_lsun_u,t_exp,t_exp_u,t_inner,t_inner_u,v_start,v_start_u
0,8.080696507543783,0.4226091708576567,14.570612310813246,0.8926530777033117,13027.317467342184,0.006829366835546025,6958.1480102335045,0.9651233418612539
1,8.57060421676212,0.6947801204234008,11.389329244934807,0.0973323112337019,16526.117578605255,0.8815293946513134,6839.969320497046,0.8666411004142053
2,7.5607819663624545,0.13376775909025262,11.383911394459073,0.09597784861476821,16032.2727468052,0.7580681867012998,6770.090082642314,0.808408402201928
3,8.022092327143588,0.3900512928575486,13.36409850318835,0.5910246257970874,15328.004484851897,0.5820011212129742,5857.18350668036,0.04765292223363293
4,9.055016620199709,0.9638981223331721,14.177479655649492,0.7943699139123732,13248.775656205735,0.062193914051433596,6324.094806109238,0.43674567175769796
5,7.391742101040884,0.039856722800490796,11.369072895311362,0.09226822382784072,13994.717874633156,0.24867946865828872,6591.258132077644,0.6593817767313701
6,7.877816727925829,0.30989818218101617,14.814054685317192,0.9535136713292982,14004.999585506228,0.2512498963765569,6954.065093566599,0.9617209113054991
7,8.629661805674269,0.7275898920412612,12.696521635691806,0.4241304089229514,15409.95691718367,0.6024892292959176,5965.067631205755,0.13755635933812882
8,8.173498787592472,0.4741659931069293,12.729579779767736,0.43239494494193387,16500.075908923554,0.8750189772308886,6413.852266544739,0.5115435554539493
9,7.7378212217703375,0.23212290098352062,13.416490219898659,0.6041225549746648,14409.729321062588,0.35243233026564724,6446.92879616156,0.5391073301346335
10,7.78365988100334,0.257588822779633,14.027129959369672,0.7567824898424179,14181.052845363258,0.2952632113408147,6889.77695541865,0.9081474628488749
11,8.48428191212957,0.646823284516428,12.432310382643085,0.358077595660771,16469.920774633993,0.867480193658498,6681.077238715476,0.7342310322628961
12,7.416545606614304,0.05363644811905777,11.739138962430705,0.18478474060767625,14307.99466071115,0.32699866517778775,6228.00600291129,0.35667166909274217
13,8.8001862980837,0.8223257211576114,11.333986444609426,0.08349661115235674,13428.816896739805,0.10720422418495112,6485.417141854804,0.57118095154567
14,8.154717262563613,0.4637318125353411,14.4523736940912,0.8630934235227998,13702.902093689814,0.1757255234224535,6704.283465075289,0.753569554229408
15,8.233072432170555,0.5072624623169749,13.291978308381317,0.5729945770953294,13381.283864816487,0.09532096620412189,5996.482456975596,0.1637353808129961
16,7.9226560084442355,0.3348088935801311,11.47087934002481,0.11771983500620264,16013.049845968406,0.7532624614921013,6650.5626322873595,0.7088021935727999
17,7.68448306945032,0.202490594139067,12.09312816592301,0.27328204148075275,15203.814175971973,0.5509535439929932,6859.217719457376,0.8826814328811471
18,7.509694163168796,0.10538564620488677,11.402115982008823,0.10052899550220573,15454.062111420313,0.6135155278550783,5929.115392700053,0.10759616058337762
19,7.675639755990477,0.19757764221693142,14.716144535240597,0.929036133810149,13292.799994237534,0.07319999855938342,6693.120880362179,0.7442674003018163
20,8.810361335896914,0.8279785199427304,12.250802308960203,0.31270057724005107,15984.854072763623,0.7462135181909058,6161.79980688026,0.30149983906688305
21,7.787573806173935,0.25976322565218624,11.774582140454509,0.19364553511362737,16201.031257722909,0.8002578144307273,6956.060238009575,0.963383531674646
22,8.203576648576755,0.4908759158759751,12.331339272343802,0.3328348180859505,13444.413686892869,0.11110342172321708,5966.116394880853,0.1384303290673774
23,8.580577461601958,0.7003208120010885,13.028007130818496,0.5070017827046239,13553.31204816454,0.1383280120411352,5889.308363722326,0.07442363643527194
24,8.444648236446605,0.6248045758036694,14.512854736048276,0.878213684012069,14974.552481687344,0.4936381204218362,6924.34361334676,0.9369530111222999
25,7.80490884292662,0.2693938016259001,12.834347633961235,0.4585869084903087,16320.364337992338,0.8300910844980844,6994.806281690722,0.9956719014089355
26,7.4171189994541775,0.053954999696765205,12.140177113535401,0.28504427838385027,14762.342334626637,0.44058558365665945,6672.632210831838,0.7271935090265318
27,7.627630570187889,0.17090587232660492,12.115950964824997,0.27898774120624914,16584.074644872155,0.8960186612180389,6672.210473355772,0.7268420611298094
28,8.965901017014717,0.9143894538970654,11.484350035100757,0.12108750877518926,13617.687816751839,0.15442195418795968,6950.070519136126,0.9583920992801049
29,8.445145591539749,0.6250808841887491,11.436838754332287,0.10920968858307178,15866.392199325284,0.7165980498313211,6858.948241974545,0.882456868312121
30,7.825197325880221,0.28066518104456695,11.32039988163085,0.08009997040771255,13545.096895836265,0.1362742239590663,5914.866073248194,0.0957217277068283
31,8.877567814300532,0.8653154523891848,12.235793041468533,0.3089482603671334,13794.455772693704,0.19861394317342573,6294.702415549049,0.4122520129575409
32,7.872025272218023,0.30668070678779047,11.390379911816858,0.09759497795421468,14503.444231841653,0.37586105796041314,6230.470195378807,0.35872516281567257
33,7.505883174329274,0.10326843018292997,13.168749633019685,0.5421874082549212,15186.18712376766,0.5465467809419151,5866.045467522675,0.05503788960222866
34,8.025738295852033,0.39207683102890745,11.324059493954152,0.08101487348853786,14752.81187606857,0.4382029690171426,6276.176229774078,0.3968135248117317
35,7.778372609782483,0.25465144987915733,12.229768705826068,0.30744217645651717,13591.978250011893,0.14799456250297305,6869.088298589233,0.8909069154910279
36,7.577490501301828,0.14305027850101515,14.695594333264683,0.9238985833161709,16502.352131844797,0.875588032961199,6827.952272419048,0.8566268936825403
37,8.622500259292678,0.7236112551625993,11.786729462299258,0.19668236557481455,14398.325694910105,0.3495814237275262,6936.020278257263,0.9466835652143858
38,7.395356929582477,0.041864960879154034,13.153223750230984,0.538305937557746,14779.974400454503,0.44499360011362554,6111.388368689886,0.25949030724157185
39,7.323618051433179,0.002010028573988354,14.803010350576212,0.950752587644053,16922.7191021154,0.9806797755288496,5835.533989284791,0.029611657737325103
40,8.537031042969016,0.6761283572050085,12.867149046762602,0.46678726169065055,14930.383132184303,0.48259578304607587,6907.85100296436,0.9232091691369673
41,8.758687227528572,0.7992706819603186,13.846087947339056,0.711521986834764,14644.268820930574,0.4110672052326434,6398.953144268213,0.49912762022351076
42,8.714046507469266,0.7744702819273701,11.428274117777999,0.10706852944449974,15213.327397622135,0.553331849405534,6392.563045395824,0.49380253782985306
43,8.741525355740833,0.7897363087449073,12.650200123852834,0.4125500309632085,15003.941132037091,0.5009852830092727,6620.0244817912535,0.6833537348260448
44,7.954547009318354,0.35252611628797437,12.520238904776111,0.3800597261940276,13134.090215452896,0.03352255386322378,6646.244483130111,0.7052037359417594
45,8.433807001802714,0.6187816676681744,13.014275273803182,0.5035688184507958,14906.092028250157,0.47652300706253936,6447.912468003141,0.5399270566692844
46,8.733613507566057,0.7853408375366987,11.16029731304052,0.0400743282601298,14054.665354517847,0.26366633862946187,6859.391359578324,0.8828261329819367
47,8.525451780920235,0.669695433844575,12.89306787130296,0.47326696782574007,13299.369934516975,0.07484248362924373,6443.277439397041,0.536064532830868
48,8.046922866830725,0.40384603712818057,12.192061885188737,0.2980154712971843,13544.829904605793,0.13620747615144801,6427.753672192742,0.5231280601606184
49,7.819397634557449,0.2774431303096939,13.934317495503432,0.7335793738758579,16391.609311293185,0.8479023278232966,6785.951949311988,0.8216266244266567
50,7.348069253114517,0.015594029508064544,14.787617295714876,0.9469043239287188,14816.947140282293,0.4542367850705731,6820.277805645845,0.8502315047048704
51,7.555329502096906,0.13073861227605865,13.195943546076773,0.5489858865191933,14007.730153321107,0.2519325383302766,5858.709387818818,0.048924489849014985
52,7.6046963315725495,0.15816462865141656,11.037137778736483,0.009284444684120818,14816.734268842456,0.45418356721061415,6159.769508489958,0.2998079237416318
53,7.884242459207575,0.313468032893097,11.840053388787744,0.2100133471969361,13118.157213837754,0.029539303459438337,6033.884862744009,0.19490405228667473
54,8.335970529179333,0.564428071766296,12.710594155402502,0.4276485388506255,16514.871132807846,0.8787177832019613,5895.80164391235,0.07983470326029207
55,8.089453500899259,0.42747416716625464,14.869054759779004,0.9672636899447509,16589.22433156598,0.8973060828914946,6891.228764553085,0.9093573037942372
56,7.876694840835792,0.30927491157544007,14.951612023947012,0.987903005986753,15414.388556852395,0.6035971392130989,6281.3393421170695,0.4011161184308911
57,7.8498311276530846,0.29435062647393573,13.89855849675643,0.7246396241891071,15807.713024463103,0.7019282561157758,5830.462801588121,0.02538566799010089
58,8.024114679804363,0.3911748221135347,12.034799118790025,0.25869977969750624,16592.205580933965,0.8980513952334918,5818.947197724706,0.015789331437254917
59,7.8622836182999905,0.3012686768333279,14.239343825845022,0.8098359564612556,14263.271657024754,0.31581791425618855,6007.851797345661,0.17320983112138388
60,7.4953023610330645,0.09739020057392467,11.177239308450256,0.04430982711256404,16284.249605756082,0.8210624014390207,6986.056990249957,0.9883808252082976
61,7.32359534464055,0.0019974136891940386,13.420250828789058,0.6050627071972644,16716.82732444691,0.9292068311117274,6016.0683664236885,0.18005697201974036
62,8.82616630929851,0.8367590607213943,14.125822137196845,0.7814555342992111,14026.482170993811,0.2566205427484528,6871.488317844055,0.8929069315367126
63,7.887003892339805,0.31500216241100243,11.497847717781859,0.12446192944546486,16106.760764909093,0.7766901912272732,6424.111929459446,0.5200932745495382
64,7.623034179301523,0.16835232183417914,11.766325050945783,0.19158126273644582,14574.986183886396,0.3937465459715992,5943.587668604955,0.11965639050412902
65,8.383086437242211,0.5906035762456725,14.165283786360211,0.7913209465900529,14466.609853232432,0.36665246330810797,6593.5277649058025,0.6612731374215018
66,8.746668509108616,0.7925936161714537,14.022549348564354,0.7556373371410885,13645.811316788368,0.16145282919709203,6526.922914317681,0.6057690952647339
67,8.651722077695771,0.7398455987198731,12.027565423638334,0.2568913559095837,16832.334813576726,0.9580837033941815,6730.50895919785,0.7754241326648749
68,9.01765977946396,0.9431443219244225,11.616591372733435,0.15414784318335895,16416.250241169324,0.8540625602923309,6472.079276122886,0.5600660634357385
69,7.422690363610742,0.05705020200596733,11.63253419936492,0.1581335498412303,15485.190833290937,0.6212977083227341,6632.154906312984,0.693462421927487
70,7.891040762022446,0.31724486779024785,12.336173304677727,0.3340433261694319,15240.714488323236,0.5601786220808092,6783.231864497165,0.8193598870809707
71,7.584351509530229,0.14686194973901645,12.292736368011406,0.32318409200285136,13030.356288436087,0.0075890721090215996,6371.377634205839,0.4761480285048657
72,8.628972348926608,0.7272068605147819,11.113342041378123,0.028335510344530968,13684.579136325921,0.17114478408148015,5822.284467285119,0.018570389404265475
73,8.869749307459003,0.8609718374772245,11.289119637018231,0.07227990925455763,15654.402311873877,0.6636005779684695,6014.671409564697,0.17889284130391425
74,8.441518826967226,0.6230660149817927,12.337501288655627,0.33437532216390664,13932.04572623017,0.23301143155754223,6181.675316635836,0.3180627638631961
75,7.8073586873167065,0.27075482628705927,12.419141407413436,0.35478535185335913,13270.726050391955,0.06768151259798882,6805.0921454635845,0.8375767878863207
76,9.075890106019155,0.9754945033439755,12.654264728750315,0.4135661821875788,15171.858626321042,0.5429646565802607,6024.405320429868,0.18700443369155695
77,9.083211947389616,0.9795621929942318,11.686703388709574,0.17167584717739337,15455.034101223937,0.6137585253059843,6380.691987657897,0.48390998971491384
78,7.346146018903354,0.014525566057418615,13.400826098067018,0.6002065245167546,13446.727781106356,0.11168194527658915,5843.486344190463,0.036238620158718815
79,8.358122097428618,0.5767344985714549,13.78189503621225,0.6954737590530624,13641.854070836931,0.16046351770923284,6633.091481002083,0.6942429008350692
80,8.324106098972878,0.5578367216515991,14.30238161832692,0.8255954045817303,16448.57614976541,0.8621440374413523,5959.608349632707,0.13300695802725604
81,8.819354175303928,0.8329745418355159,12.968420288145445,0.49210507203636156,13764.094445993194,0.19102361149829838,6382.599925011591,0.4854999375096589
82,7.803811359577937,0.2687840886544095,13.583947075668645,0.6459867689171612,14904.437123957221,0.47610928098930516,5873.819790854769,0.061516492378974386
83,8.94038834066223,0.90021574481235,14.44743283705443,0.8618582092636077,16973.078206228714,0.9932695515571789,6152.332333139396,0.2936102776161632
84,7.728009571901046,0.2266719843894699,12.988149280670392,0.4970373201675977,16228.189230444295,0.8070473076110737,6888.297970477996,0.9069149753983305
85,7.749954909217744,0.2388638384543026,12.221307886703777,0.305326971675944,16160.96793752407,0.7902419843810174,6095.865199436717,0.24655433286393125
86,7.332422978998349,0.006901654999082685,11.120024789057732,0.030006197264432988,14674.227606208817,0.41855690155220393,6519.130173207952,0.5992751443399597
87,8.666346835561201,0.7479704642006677,14.758905034824163,0.9397262587060408,14000.60795381618,0.25015198845404474,6563.751503895688,0.6364595865797404
88,8.703293881575803,0.7684966008754466,13.074977685568081,0.5187444213920203,14707.92660002588,0.42698165000647004,6757.209840276098,0.7976748668967483
89,8.057555178553416,0.4097528769741201,13.989547184386012,0.7473867960965028,15236.875814412506,0.5592189536031267,6618.283085257949,0.681902571048291
90,7.73691295190114,0.23161830661174443,11.376039164061083,0.09400979101527085,16310.721343587684,0.827680335896921,6383.457492337968,0.48621457694830683
91,8.317189169359214,0.5539939829773409,14.844018111482082,0.9610045278705207,14659.503112522943,0.41487577813073606,6228.410089418787,0.35700840784898913
92,8.402447665670218,0.6013598142612321,14.991862982588763,0.997965745647191,16997.10355551031,0.9992758888775777,6936.877908499782,0.9473982570831522
93,8.301938020694397,0.5455211226079985,14.348542224107735,0.8371355560269336,14605.360917598413,0.4013402293996031,6957.704056276181,0.9647533802301507
94,9.079710898236085,0.977617165686714,11.191982127402788,0.04799553185069705,16933.299217225067,0.9833248043062665,6935.352492383225,0.9461270769860203
95,8.92308495913564,0.8906027550753555,11.273270848789894,0.0683177121974734,15090.857017432552,0.5227142543581381,6852.072543284898,0.8767271194040814
96,7.8146627898267,0.27481266101483337,13.311894823052523,0.5779737057631308,13455.873968643258,0.1139684921608144,6113.756878615986,0.2614640655133218
97,8.008394782907603,0.3824415460597792,14.59306139874094,0.8982653496852347,13340.165384482161,0.08504134612054048,6086.316638149535,0.23859719845794547
98,7.477041943755896,0.08724552430883137,12.537030994739263,0.3842577486848159,16830.836582050128,0.9577091455125321,6979.37458550313,0.9828121545859421
99,8.722163712337087,0.7789798401872713,14.863863183246416,0.9659657958116037,16303.207339513341,0.8258018348783355,5976.280440509556,0.14690036709129672
100,8.367285431417221,0.5818252396762338,12.480707699708953,0.3701769249272381,14166.358280244041,0.2915895700610104,6265.215824892585,0.38767985407715444
101,8.794210142794302,0.8190056348857243,14.923003561681,0.98075089042025,14650.97946550361,0.41274486637590213,6684.608256650216,0.7371735472085134
102,8.170255115605007,0.472363953113893,14.506115870726319,0.87652896768158,13208.70514410048,0.05217628602511992,6319.226015815226,0.43268834651268806
103,8.483021415609933,0.6461230086721856,11.932131982781089,0.23303299569527203,13650.0636574257,0.1625159143564251,6449.776992491505,0.541480827076254
104,8.233518581486743,0.507510323048191,11.68118121719392,0.17029530429848005,16933.676491417475,0.9834191228543683,6584.188771684305,0.6534906430702542
105,7.528394690247591,0.11577482791532834,11.693145594014059,0.17328639850351457,14427.148201598395,0.35678705039959857,6822.541799358407,0.8521181661320056
106,7.719946932372928,0.2221927402071825,13.468379606848263,0.6170949017120656,14771.302929971853,0.4428257324929633,6768.868577874609,0.8073904815621743
107,8.211843642552136,0.49546869030674257,11.60859588593079,0.15214897148269735,16642.143027781654,0.9105357569454136,6907.544745946624,0.9229539549555199
108,9.042516894590097,0.956953830327832,14.465291121766796,0.8663227804416992,16501.8448289203,0.8754612072300747,6838.914969103233,0.8657624742526935
109,8.07306072431612,0.4183670690645107,11.558528973745409,0.13963224343635205,14769.969886302739,0.4424924715756846,6513.575810562321,0.5946465088019341
110,9.079855544919935,0.9776975249555201,13.390952201707869,0.597738050426967,14553.085026407458,0.38827125660186435,6666.996723576265,0.722497269646888
111,8.532804016471793,0.673780009150996,13.00173516050008,0.5004337901250202,13423.364263885413,0.10584106597135334,5813.052925626598,0.010877438022165342
112,8.687600185914139,0.7597778810634113,12.392777257066687,0.3481943142666716,15158.356475763263,0.5395891189408155,6688.122080879876,0.7401017340665634
113,8.684642571158907,0.7581347617549483,14.50635046917558,0.8765876172938949,16955.838716424187,0.9889596791060471,6934.156815258964,0.9451306793824702
114,8.961058621784275,0.9116992343245979,11.30975720464918,0.07743930116229536,16674.779973756173,0.918694993439043,6560.534353493533,0.6337786279112776
115,7.856792125930233,0.29821784773901816,13.159529585776781,0.539882396444195,15076.64757202831,0.5191618930070776,6325.377400509147,0.4378145004242895
116,8.406269050050597,0.6034828055836654,12.002722511410367,0.2506806278525917,13809.880893336132,0.2024702233340332,6521.985771228483,0.6016548093570695
117,7.748115078905167,0.23784171050287062,13.251017461549168,0.5627543653872921,14047.414103792196,0.2618535259480491,6261.355412537219,0.38446284378101614
118,8.398075286644454,0.598930714802475,13.457763121757706,0.6144407804394264,16727.92825848792,0.9319820646219797,6463.03519552292,0.5525293296024333
119,8.53576097822597,0.6754227656810946,12.269183201191456,0.317295800297864,13388.193526545892,0.09704838163647311,6891.113744128982,0.9092614534408183
120,7.973348450620275,0.3629713614557084,12.068266602174877,0.26706665054371903,14116.294131669409,0.2790735329173524,6129.795644132149,0.2748297034434576
121,9.084136879997363,0.9800760444429795,12.864810508383426,0.46620262709585647,13882.830198074174,0.22070754951854366,6728.559540679891,0.773799617233243
122,8.689924858681369,0.7610693659340942,13.735592649130961,0.6838981622827403,15150.803555130407,0.5377008887826019,5988.409427162848,0.1570078559690401
123,7.948853657918023,0.3493631432877904,14.491321118491488,0.872830279622872,15377.408678803033,0.5943521697007582,6953.2845935031455,0.961070494585955
124,7.414824004784506,0.05268000265805883,11.669627048126904,0.1674067620317259,15925.433075967469,0.7313582689918671,5855.294434976748,0.04607869581395674
125,8.235410528583106,0.508561404768392,13.884916306100989,0.7212290765252471,14874.362493639448,0.468590623409862,6684.452812986734,0.7370440108222782
126,8.043699556593815,0.4020553092187865,12.453486125750574,0.36337153143764367,15809.657772952045,0.7024144432380112,6479.095460698668,0.5659128839155568
127,7.616086012441042,0.16449222913391204,11.319768907183004,0.07994222679575125,14767.43505930523,0.44185876482630737,5816.552320354369,0.01379360029530774
128,9.010366060262927,0.9390922557016259,13.624012361376687,0.6560030903441719,14188.373153509536,0.2970932883773839,6131.985340135893,0.2766544501132442
129,7.944661250382643,0.3470340279903569,11.46857955374427,0.11714488843606774,14202.333931743771,0.30058348293594284,6573.62179489817,0.6446848290818081
130,7.74658519413665,0.23699177452036146,11.810220797010313,0.20255519925257848,15046.540611638027,0.5116351529095068,5982.816864411249,0.15234738700937478
131,8.026220433364095,0.3923446852022755,14.091936180832086,0.7729840452080216,14660.518865219241,0.41512971630481044,5970.089100841881,0.14174091736823413
132,8.790849385958952,0.8171385477549739,12.235571962255008,0.3088929905637522,16501.710782605256,0.875427695651314,6449.918365229512,0.5415986376912603
133,8.722511831067164,0.7791732394817587,14.741621244312366,0.9354053110780918,13846.630202166685,0.21165755054167146,6989.884661676516,0.9915705513970964
134,8.33861177100738,0.5658954283374337,14.398271470007636,0.849567867501909,13086.102251548738,0.021525562887184546,6680.620343519568,0.7338502862663072
135,8.229762745904427,0.5054237477246823,14.3298212053193,0.8324553013298251,15310.267159969793,0.5775667899924484,5856.549824397071,0.047124853664225363
136,8.022338305777534,0.39018794765418563,14.23596701787625,0.8089917544690627,16448.94338977698,0.862235847444245,6757.860081116194,0.7982167342634948
137,7.822964141213224,0.2794245228962354,12.227923657132145,0.3069809142830364,13863.1709809415,0.21579274523537517,6425.499194759331,0.5212493289661089
138,8.044149931089692,0.40230551727205144,13.798497681528968,0.6996244203822419,16609.887955660994,0.9024719889152486,6989.77547413975,0.9914795617831252
139,7.4955874749373645,0.0975485971874247,14.23706892934613,0.8092672323365324,16285.443409496631,0.8213608523741577,6718.717370132191,0.7655978084434926
140,8.905788357958338,0.8809935321990766,13.560879937538697,0.6402199843846744,14185.319735496803,0.29632993387420103,5803.5183818030755,0.002931984835895962
141,7.685504414902183,0.20305800827899056,14.164218713424146,0.7910546783560367,15189.969928706267,0.5474924821765667,6149.96022282303,0.2916335190191912
142,8.103611048499134,0.4353394713884081,14.829894610771074,0.9574736526927687,13467.927451682925,0.11698186292073132,5818.666703749715,0.015555586458096404
143,9.014390441785775,0.9413280232143201,12.523908467429692,0.3809771168574231,16864.461303991488,0.9661153259978719,6182.12725960665,0.31843938300554187
144,8.26141656286708,0.5230092015928225,12.767550038479175,0.44188750961979406,14082.28099213042,0.270570248032605,6774.48652188014,0.8120721015667831
145,8.248676052296236,0.5159311401645756,12.845104745432646,0.46127618635816137,13790.746710408293,0.19768667760207348,6830.281737828436,0.85856811485703
146,9.003674061924087,0.9353744788467153,13.764306060102783,0.6910765150256956,13763.122776350832,0.19078069408770826,5875.387833747182,0.06282319478931864
147,8.580527767272049,0.7002932040400268,12.40962284825708,0.3524057120642696,15647.541948038946,0.6618854870097365,6326.0090566643175,0.43834088055359766
148,8.389476028829657,0.5941533493498099,11.97736090766887,0.24434022691721768,13470.23826804075,0.11755956701018733,6762.58434142674,0.8021536178556166
149,8.937478323144067,0.8985990684133703,12.288838707423903,0.32220967685597557,16006.154171114147,0.7515385427785366,5825.703603212243,0.021419669343535785
150,8.911304326310958,0.884057959061644,13.283066900078204,0.5707667250195512,14190.793423235993,0.29769835580899806,6619.650091451543,0.6830417428762858
151,7.536707677715765,0.12039315428653607,12.353862782173076,0.338465695543269,15950.690718724276,0.7376726796810692,6306.375684676257,0.4219797372302142
152,7.549244966794748,0.12735831488597116,11.407829638713107,0.10195740967827671,14165.800529257865,0.2914501323144665,6083.236228809921,0.23603019067493403
153,7.884927464410794,0.31384859133932996,11.7655199314911,0.19137998287277525,13829.588829424001,0.2073972073560003,6117.248016887803,0.264373347406502
154,8.059463566726182,0.4108130926256567,14.620729119528093,0.9051822798820232,14306.85024289963,0.3267125607249076,6613.3604738613485,0.6778003948844574
155,8.1128158826895,0.44045326816083297,12.570259816862114,0.3925649542155286,16687.614979923703,0.921903744980926,5806.877848763462,0.005731540636217947
156,8.597702575848977,0.7098347643605436,12.307081038472237,0.3267702596180593,16663.477704506917,0.9158694261267292,6714.21790349058,0.7618482529088169
157,8.225203550372342,0.5028908613179675,13.541689572769636,0.6354223931924089,16643.16023118574,0.9107900577964347,5871.105100717409,0.05925425059784062
158,7.7583149065684465,0.2435082814269146,14.013466967454717,0.7533667418636791,14096.369900867112,0.27409247521677804,6420.612326143623,0.5171769384530192
159,8.28488466447848,0.5360470358213779,13.181489587574161,0.5453723968935401,15488.703382866563,0.6221758457166409,6509.95239250298,0.5916269937524833
160,8.166632434822771,0.4703513526793175,11.718692351141721,0.17967308778543034,14988.935273910334,0.4972338184775834,6242.104258200101,0.36842021516675116
161,7.640384917212842,0.17799162067380103,13.712117007786963,0.6780292519467408,13158.81545965166,0.03970386491291478,5897.132000217018,0.08094333351418126
162,8.364884721527707,0.5804915119598371,13.704217593518937,0.6760543983797341,16650.344086210454,0.9125860215526136,5926.334854227676,0.10527904518973019
163,8.661358369735463,0.7451990942974801,11.170404723175963,0.04260118079399078,14773.403714115368,0.44335092852884184,6635.433904539276,0.696194920449397
164,8.71851431603334,0.7769523977963007,14.777090482159773,0.9442726205399433,14404.748886681728,0.3511872216704319,6705.968549770443,0.7549737914753689
165,8.656231750703956,0.742350972613309,14.870771034662107,0.967692758665527,16046.59563523338,0.7616489088083449,6047.545322434955,0.20628776869579535
166,8.33910697464503,0.5661705414694612,12.818893105913553,0.4547232764783884,13131.545247993796,0.03288631199844905,6741.000326793757,0.7841669389947974
167,8.375172366526284,0.5862068702923801,13.879944445587013,0.7199861113967532,13959.4120901811,0.23985302254527507,6314.859308695378,0.4290494239128152
168,9.064255242897524,0.9690306904986248,13.970174443533239,0.7425436108833097,16876.070677128755,0.9690176692821887,6856.531996456848,0.8804433303807063
169,9.026812559312113,0.9482291996178402,13.476770525710783,0.6191926314276961,13397.812199978182,0.0994530499945454,6521.245498505783,0.601037915421486
170,8.432646626643239,0.6181370148017996,11.799293178340651,0.1998232945851628,15540.10792030749,0.6350269800768725,6401.636941665805,0.5013641180548382
171,7.573103824130149,0.1406132356278602,14.843468249912323,0.9608670624780807,15441.40579408235,0.6103514485205875,6897.171707874878,0.9143097565623985
172,7.436448207136277,0.06469344840904279,14.834130770173648,0.9585326925434121,15523.862338731284,0.6309655846828208,6243.23226290045,0.3693602190837084
173,8.535227927661053,0.6751266264783632,13.629877856401759,0.6574694641004396,15354.00739642897,0.5885018491072422,6673.685952843112,0.7280716273692599
174,7.902502759447168,0.32361264413731605,13.902308987334145,0.7255772468335362,14466.058421516427,0.36651460537910674,5968.529478711917,0.14044123225993077
175,9.039298122331585,0.9551656235175475,11.834748132466194,0.20868703311654857,15058.24805937511,0.5145620148437773,6305.085551691657,0.4209046264097144
176,8.138030289890592,0.45446127216144017,14.278696752452309,0.8196741881130774,15196.093646719703,0.5490234116799256,6369.595826078721,0.47466318839893407
177,7.595237030996239,0.15290946166457742,12.325801186480899,0.33145029662022474,14750.145514141439,0.43753637853535965,6600.255440292539,0.6668795335771157
178,8.238203963940238,0.5101133133001322,14.008920273433052,0.7522300683582629,16169.036163418508,0.792259040854627,6210.266955974123,0.341889129978436
179,8.050700637860066,0.40594479881114753,12.706877837696862,0.4267194594242152,14675.596073135166,0.4188990182837916,6161.534834680326,0.3012790289002716
180,8.897407855458695,0.8763376974770533,14.909218597871735,0.9773046494679338,15985.060394363456,0.7462650985908639,5923.341067202192,0.10278422266849296
181,8.651546433632234,0.739748018684575,12.254233839026309,0.31355845975657737,14899.602597020177,0.47490064925504416,6347.019338926182,0.4558494491051519
182,7.39241266585194,0.040229258806633195,14.739378486490676,0.9348446216226691,16799.621517101186,0.9499053792752963,6198.196114468472,0.33183009539039343
183,8.79287882462154,0.8182660136786338,11.023774374951213,0.005943593737803177,13256.625283933738,0.0641563209834346,5900.71696565388,0.08393080471156678
184,7.870460118114795,0.30581117673044145,14.340500386107161,0.8351250965267902,14162.123141133718,0.29053078528342946,6339.52824252543,0.4496068687711914
185,8.211820985877564,0.4954561032653132,14.438801222368182,0.8597003055920455,15902.1762344398,0.7255440586099497,5947.44613767974,0.12287178139978316
186,8.785336314576348,0.8140757303201942,11.969068369827244,0.242267092456811,13214.155593155587,0.053538898288896686,5871.729994088275,0.05977499507356254
187,8.197367860229525,0.48742658901640257,14.811361815595115,0.9528404538987788,16061.99684752109,0.7654992118802726,6196.512388037374,0.33042699003114473
188,8.15599908945817,0.4644439385878726,11.745297093078012,0.18632427326950318,16885.805377273362,0.9714513443183407,6149.11256677499,0.29092713897915823
189,8.240650303013043,0.5114723905628019,14.945496370104937,0.9863740925262345,13755.2149026798,0.18880372566994985,6586.330828740976,0.6552756906174804
190,7.415693821509203,0.05316323417177926,13.151173216905228,0.537793304226307,14286.743283627406,0.32168582090685127,6906.382624262307,0.9219855202185894
191,8.157625934222473,0.4653477412347071,12.46719424444927,0.36679856111231746,13653.07101112129,0.16326775278032268,6032.954787909935,0.19412898992494543
192,8.259920875374076,0.5221782640967098,11.615305589886438,0.1538263974716093,16749.775184685626,0.9374437961714063,5945.938168466534,0.12161514038877841
193,8.71472586025595,0.7748477001421947,11.32054146260009,0.08013536565002266,13770.654431907149,0.19266360797678728,6107.3192457004425,0.25609937141703576
194,8.487610823484433,0.6486726797135741,14.239749433601993,0.8099373584004983,15863.197735041786,0.7157994337604463,6922.741627716003,0.9356180230966693
195,7.717191569755025,0.22066198319723618,14.518653232960503,0.879663308240126,14650.213561903347,0.4125533904758367,6397.857714100431,0.49821476175035884
196,7.6718371614316325,0.19546508968424015,14.132916916947202,0.7832292292368005,14080.951170958977,0.27023779273974424,6118.4565182383985,0.26538043186533233
197,9.029327819318437,0.9496265662880216,14.812247020945339,0.953061755236335,15296.612288953525,0.5741530722383812,6357.660442710366,0.46471703559197153
198,7.957578899950715,0.3542104999726192,14.146954465261302,0.7867386163153256,15200.255872987813,0.5500639682469534,6832.995860433823,0.860829883694852
199,8.66898706947884,0.749437260821578,14.431310000495102,0.8578275001237756,13981.637643347563,0.24540941083689072,6577.47996479117,0.6478999706593082
200,8.21315719601221,0.4961984422290059,14.461208581956942,0.8653021454892357,14687.75473470833,0.4219386836770823,6631.525614743386,0.6929380122861545
201,7.4002527163386,0.044584842410333225,14.329679329237365,0.832419832309341,13412.269787639421,0.10306744690985525,5971.485703793777,0.1429047531614811
202,7.485026501180181,0.09168138954454508,13.017340191215618,0.5043350478039046,15797.787588273197,0.6994468970682991,6794.105520712694,0.8284212672605782
203,7.8936461901132615,0.318692327840701,14.987153429529318,0.9967883573823294,16992.21473049169,0.9980536826229225,5802.23450311595,0.0018620859299588455
204,8.176932891230726,0.47607382846151425,11.372093630459,0.09302340761475014,14197.610873203303,0.29940271830082554,6775.194160345383,0.8126618002878199
205,7.929196072357353,0.3384422624207518,11.045866098715383,0.01146652467884579,16766.523805834364,0.941630951458591,5957.695188892531,0.13141265741044283
206,7.622798042668104,0.16822113481561318,12.375610363302428,0.3439025908256069,14759.04400605503,0.4397610015137574,6260.041928070619,0.38336827339218305
207,8.69189990877629,0.7621666159868271,11.261933213491453,0.06548330337286301,14588.649058369896,0.39716226459247406,6406.241654307668,0.5052013785897235
208,8.016420186968613,0.38690010387145213,13.992874160343659,0.7482185400859148,16717.268139250966,0.9293170348127416,6980.689250693147,0.9839077089109558
209,8.99883538280162,0.9326863237786782,14.623562521034778,0.9058906302586943,15388.343036145685,0.5970857590364215,6539.595293568718,0.6163294113072655
210,7.924783772453337,0.3359909846962986,14.03916235305595,0.7597905882639874,14109.935020258683,0.2774837550646707,6408.324203074928,0.5069368358957731
211,8.650461651925266,0.7391453621807033,11.492327616329886,0.12308190408247155,16621.459659509765,0.905364914877441,6911.890609549127,0.9265755079576056
212,8.602634714155906,0.7125748411977256,13.75141275094117,0.6878531877352927,13537.301627293256,0.13432540682331395,6628.412188432662,0.690343490360552
213,8.089045230461643,0.427247350256469,14.253437535040264,0.813359383760066,15126.908352478791,0.5317270881196977,6161.983159330616,0.3016526327755137
214,8.650362238317554,0.7390901323986413,13.141794351044954,0.5354485877612387,15977.069114564345,0.7442672786410862,6811.013190791529,0.8425109923262741
215,8.355837677006203,0.5754653761145573,13.54156504567791,0.6353912614194774,14890.994990637122,0.47274874765928065,6212.933110932859,0.3441109257773819
216,8.69652317341149,0.7647350963397171,11.183982767637536,0.04599569190938402,13987.920335962557,0.2469800839906391,6606.513730663578,0.6720947755529817
217,7.373162328573538,0.02953462698529885,14.330356258097861,0.8325890645244652,15050.182519321157,0.5125456298302894,5848.947147681643,0.04078928973470308
218,8.673565970897988,0.7519810949433269,11.617121171302966,0.15428029282574163,16014.138230117558,0.7535345575293892,6752.252308365881,0.7935435903049003
219,7.6649274049299985,0.19162633607222146,14.239620676730313,0.8099051691825784,14681.086021648007,0.42027150541200176,6923.114229299103,0.9359285244159187
220,8.268705364993082,0.527058536107268,13.055077233439164,0.5137693083597907,13112.861197378574,0.028215299344643507,6021.801350247484,0.18483445853957048
221,7.600150236932929,0.1556390205182937,12.300588107685572,0.32514702692139297,15397.381333879035,0.5993453334697585,5835.63866831931,0.02969889026609185
222,7.952911519648392,0.3516175109157733,11.010312127729918,0.0025780319324794077,14086.373032612331,0.2715932581530829,6513.515275412739,0.5945960628439497
223,8.522011788783624,0.6677843271020133,12.78964944040927,0.44741236010231766,16824.264306266745,0.9560660765666863,6451.342780256721,0.5427856502139342
224,7.511653907631535,0.1064743931286306,12.538539533132095,0.38463488328302353,15247.711837826562,0.5619279594566404,6732.227268315124,0.7768560569292704
225,8.080663401676546,0.4225907787091926,11.474302116385608,0.11857552909640223,14496.458589945218,0.3741146474863043,6741.094650210529,0.784245541842107
226,7.66085078353963,0.18936154641090552,14.392111204718347,0.8480278011795866,13384.615910243603,0.0961539775609006,6791.718104406749,0.8264317536722914
227,8.506322929490851,0.659068294161584,14.99883818958619,0.9997095473965473,14371.153637046156,0.3427884092615392,6289.206786272411,0.40767232189367564
228,7.791612851799911,0.26200713988883984,11.22746965784418,0.05686741446104504,16356.443839828542,0.8391109599571356,6494.563525327239,0.5788029377726995
229,7.799894236965284,0.2666079094251578,14.53510187009935,0.8837754675248375,16820.35554766626,0.955088886916565,6503.144175956611,0.5859534799638426
230,8.253159422962142,0.5184219016456341,13.423977113648949,0.6059942784122371,14327.634583388402,0.33190864584710045,6986.80536801784,0.9890044733481996
231,8.61444326544202,0.7191351474677887,12.142475889127585,0.28561897228189637,14331.09518083562,0.33277379520890504,6548.3315475176805,0.6236096229314005
232,8.702104639615566,0.7678359108975372,11.872901038315826,0.21822525957895655,15278.148063045815,0.5695370157614538,6003.845321974775,0.16987110164564612
233,7.4311867839950745,0.06177043555281925,14.304204676911613,0.8260511692279034,15956.458194641044,0.7391145486602608,6095.809536659483,0.2465079472162356
234,8.524240688855441,0.6690226049196892,12.741286280134407,0.4353215700336016,13500.18432329298,0.1250460808232452,5928.554515856143,0.10712876321345188
235,7.737404116657762,0.23189117592097885,12.154617778145271,0.2886544445363176,16288.501506610823,0.8221253766527057,6481.569610636066,0.567974675530055
236,8.889446974346026,0.8719149857477927,12.645809754752108,0.41145243868802717,15454.749611876066,0.6136874029690166,6953.12070231998,0.9609339185999836
237,7.686970667656551,0.20387259314252815,14.008290200386117,0.7520725500965295,16124.380725746903,0.7810951814367257,6906.340569959256,0.9219504749660463
238,8.448382463820014,0.6268791465666743,13.515251753083197,0.6288129382707992,16048.511264330855,0.7621278160827136,5912.203610747526,0.0935030089562714
239,8.490157084191535,0.6500872689952977,14.316086482065822,0.8290216205164557,13975.529700613624,0.24388242515340608,5957.7425398153055,0.13145211651275446
240,8.294998080118324,0.5416656000657356,14.28366648618833,0.8209166215470829,15512.263452341474,0.6280658630853684,5882.244342755022,0.06853695229585222
241,7.365251862799101,0.025139923777278472,14.099475968052783,0.7748689920131957,14630.002039282592,0.4075005098206478,6920.735585672857,0.9339463213940478
242,8.095097119119547,0.4306095106219704,14.615124357096148,0.903781089274037,14113.758663335453,0.27843966583386337,6861.026089392456,0.8841884078270468
243,7.808922083212664,0.2716233795625914,11.824849484240579,0.20621237106014456,15812.881590955323,0.7032203977388307,6221.937819791856,0.3516148498265468
244,8.098373516247577,0.43242973124865336,14.07242878524303,0.7681071963107574,16294.738078665087,0.8236845196662715,6160.053556293875,0.300044630244896
245,8.458025148593872,0.6322361936632622,12.464432638123094,0.3661081595307737,13048.561187018464,0.01214029675461581,6641.306624373829,0.7010888536448577
246,8.37185880310605,0.5843660017255844,14.559717555390355,0.8899293888475889,14475.051595085839,0.36876289877145974,6086.358641163809,0.23863220096984095
247,7.580511281337169,0.14472848963176066,11.340182173946573,0.08504554348664328,13933.619594808488,0.2334048987021219,5855.055081060305,0.04587923421692108
248,7.8348940351914855,0.28605224177304744,12.179064164953056,0.294766041238264,15663.420736488235,0.6658551841220585,6712.445116564608,0.7603709304705065
249,8.160414725908169,0.4668970699489824,11.9727615520148,0.24319038800370008,14445.230714893043,0.36130767872326075,6729.419298945962,0.7745160824549677
250,7.7982076097295785,0.26567089429421054,13.109732302458937,0.5274330756147341,14688.059127984829,0.422014781996207,6497.128990730151,0.5809408256084592
251,7.886028775551045,0.31446043086169206,14.240790880081155,0.8101977200202888,15541.820216637083,0.6354550541592707,6644.027215838048,0.7033560131983732
252,7.622768986956452,0.16820499275358458,14.008141555722192,0.752035388930548,14718.93519218041,0.4297337980451026,6366.124200178267,0.47177016681522244
253,8.798554855725163,0.8214193642917571,13.378779103893967,0.5946947759734917,15538.709283330047,0.6346773208325116,6224.9176437258575,0.3540980364382146
254,8.35920326647151,0.5773351480397286,13.663782879545613,0.665945719886403,15981.638530217162,0.7454096325542906,6783.6700155937715,0.8197250129948098
255,7.754121527637336,0.24117862646518673,11.242001458648014,0.06050036466200337,13951.506824333486,0.23787670608337164,6308.543232767373,0.4237860273061447
256,7.726879553844588,0.22604419658032704,11.249442657433875,0.06236066435846854,15247.83117787724,0.5619577944693098,6821.938319003076,0.8516152658358964
257,8.776077396727517,0.8089318870708435,14.830761816856299,0.9576904542140745,14910.93821830345,0.47773455457586245,6733.082536403634,0.7775687803363611
258,8.648547154091323,0.738081752272958,13.839723042556002,0.7099307606390008,15871.930917982392,0.7179827294955979,5865.412253607277,0.054510211339397596
259,8.210029765250727,0.4944609806948481,14.20543380569751,0.8013584514243777,14971.588827730713,0.49289720693267836,6743.5774058727475,0.7863145048939564
260,8.659145216548142,0.7439695647489678,13.01447857158932,0.5036196428973302,15984.277863464311,0.7460694658660776,6603.746900213664,0.669789083511387
261,8.764503534393917,0.8025019635521768,14.349259872374962,0.8373149680937403,15952.811021369987,0.7382027553424966,6342.372435629562,0.45197702969130116
262,8.657461847035172,0.7430343594639853,14.658354646316834,0.9145886615792087,13842.031602471598,0.21050790061789937,6414.053078445933,0.5117108987049445
263,8.501737515158474,0.6565208417547087,14.291025352315971,0.8227563380789928,15370.340344033712,0.592585086008428,6495.653724740741,0.5797114372839508
264,7.853120626494986,0.2961781258305478,14.379765855001857,0.844941463750464,14386.774416256334,0.34669360406408345,6527.405095211944,0.6061709126766203
265,8.714878089211657,0.7749322717842546,12.987977420961874,0.49699435524046864,13443.891316600104,0.11097282915002582,6429.942840497026,0.5249523670808547
266,8.434157498102424,0.6189763878346807,12.122851445006631,0.28071286125165784,13342.748385558356,0.08568709638958916,6676.141757548498,0.7301181312904155
267,8.402411390844742,0.6013396615804125,13.770438237052323,0.6926095592630807,16173.686382954746,0.7934215957386863,6231.597654171021,0.3596647118091836
268,8.204242179369576,0.49124565520531993,13.358054617020327,0.5895136542550818,16776.661217113837,0.9441653042784595,5806.123411019375,0.005102842516146344
269,8.617036820242223,0.7205760112456795,12.643035691131159,0.4107589227827896,13722.516351844808,0.18062908796120203,6058.454762682059,0.21537896890171582
270,8.026275126531594,0.39237507029533025,13.180585770776167,0.5451464426940418,15610.976880587823,0.6527442201469557,6523.358310421141,0.602798592017618
271,7.484634202936227,0.09146344607568135,14.211120344887215,0.8027800862218037,15945.537064275555,0.7363842660688891,6158.194666786694,0.29849555565557884
272,8.583022303017625,0.7016790572320141,11.169561304660053,0.04239032616501348,15062.885218157591,0.5157213045393977,5919.715998034489,0.09976333169540719
273,8.657987098807272,0.7433261660040401,11.468056267606626,0.11701406690165628,16263.789632552169,0.8159474081380423,5933.38234106653,0.11115195088877527
274,8.841309366263724,0.8451718701465135,13.365959228849468,0.591489807212367,16497.797971982578,0.8744494929956446,6449.236385249706,0.541030321041421
275,8.545355194868229,0.6807528860379057,13.48959128356733,0.6223978208918326,14838.349155728249,0.45958728893206224,6445.000826726289,0.5375006889385742
276,7.832973526463933,0.28498529247996285,11.582255172182325,0.1455637930455812,13448.438135692404,0.11210953392310097,6836.555858335764,0.8637965486131369
277,8.603172947837566,0.7128738599097588,14.890543470674537,0.9726358676686344,16580.496916222804,0.8951242290557008,6650.6074226222545,0.7088395188518785
278,7.968486537751214,0.3602702987506743,14.398702355249188,0.8496755888122973,16156.133503482923,0.7890333758707307,6884.337471751555,0.903614559792963
279,9.015450284474946,0.941916824708304,12.659987972469557,0.41499699311738913,13538.401100993415,0.13460027524835383,5873.7156674998405,0.061429722916534035
280,7.57984269571089,0.14435705317271674,12.868242287443678,0.46706057186091976,15284.09740152908,0.57102435038227,6214.34430144588,0.34528691787156673
281,8.428205499463122,0.6156697219239566,12.41875456254866,0.3546886406371651,14755.496960731829,0.4388742401829572,6969.422899598865,0.9745190829990545
282,8.906533822397353,0.8814076791096406,13.145942505932176,0.5364856264830441,15226.738642861685,0.556684660715421,6012.689806725384,0.17724150560448682
283,9.096201182190454,0.9867784345502523,12.680266423934402,0.42006660598360024,13436.408144655621,0.10910203616390546,6376.138161180627,0.48011513431718944
284,8.23273299299196,0.5070738849955335,14.316762070647489,0.8291905176618719,15076.777302003027,0.5191943255007567,6670.987372879837,0.7258228107331973
285,8.58280278898523,0.7015571049917945,11.764041980330646,0.1910104950826612,16922.19068643202,0.9805476716080049,5850.450088627187,0.04204174052265586
286,8.99129290635328,0.9284960590851554,14.607620637323443,0.9019051593308608,13347.212751828149,0.08680318795703701,6500.437326631146,0.5836977721926218
287,7.7445618471455635,0.2358676928586464,13.218045532818126,0.5545113832045314,16326.400061900575,0.8316000154751436,6092.888918139427,0.24407409844952266
288,7.620239790434166,0.16679988357453646,14.14246116446477,0.7856152911161923,15262.84732047152,0.5657118301178801,6644.662931445012,0.7038857762041764
289,8.869423719242969,0.8607909551349832,12.99069758023791,0.4976743950594774,14494.253543879202,0.3735633859698003,5979.45442484624,0.14954535403853353
290,7.475432515353584,0.08635139741865783,14.621547954755,0.90538698868875,14994.90364123404,0.49872591030850966,6188.968702063593,0.3241405850529938
291,8.045388591569306,0.4029936619829484,14.080757440796264,0.7701893601990658,16648.845540001454,0.912211385000363,6564.430317612234,0.6370252646768616
292,7.400992247527078,0.04499569307059903,11.631558764377111,0.15788969109427786,14925.587242671452,0.4813968106678631,6846.91941120634,0.8724328426719495
293,7.360831933043656,0.02268440724647547,14.020817136483151,0.7552042841207878,14782.580694253167,0.4456451735632919,5915.748101915446,0.09645675159620448
294,8.354924342452877,0.5749579680293765,11.151575550333039,0.03789388758325951,14576.27726320933,0.39406931580233207,6649.492393003697,0.7079103275030804
295,8.884717820453972,0.8692876780299843,12.397126381655504,0.34928159541387604,15190.48813951237,0.5476220348780924,6007.647666547357,0.17303972212279806
296,8.90593176180751,0.8810732010041724,14.767195729836407,0.9417989324591017,16774.209296234185,0.9435523240585463,6859.075535481832,0.8825629462348596
297,8.01540028639235,0.386333492440194,11.16148759300161,0.04037189825040244,16371.280962000114,0.8428202405000282,6617.570343153408,0.681308619294507
298,9.076045924638507,0.975581069243615,14.28771507350822,0.8219287683770549,13644.452879719722,0.16111321992993033,6830.173668276216,0.8584780568968465
299,8.786231284751938,0.8145729359732997,11.65850982755712,0.16462745688927993,14950.138979742105,0.4875347449355263,6519.409650873479,0.5995080423945658
300,7.9664330968478305,0.3591294982487946,11.29707256894114,0.074268142235285,13792.315072607042,0.1980787681517603,6714.888522207374,0.7624071018394785
301,7.743977832467882,0.23554324025993434,14.731751041500944,0.9329377603752361,13465.1910263857,0.11629775659642516,6557.0880519287975,0.6309067099406647
302,8.520974128228223,0.6672078490156795,12.605876293617307,0.4014690734043269,14267.485883563939,0.31687147089098455,6114.765967064994,0.26230497255416174
303,9.06005517448784,0.9666973191599113,14.099885603990263,0.7749714009975659,16418.839638247995,0.8547099095619984,6350.835304686841,0.4590294205723673
304,8.405550330995522,0.6030835172197347,12.040158197953623,0.2600395494884059,15563.471403725443,0.640867850931361,6619.245797457734,0.6827048312147778
305,8.092526005227962,0.42918111401553416,14.53725221628628,0.8843130540715699,15299.124374111172,0.5747810935277933,6638.985163338416,0.6991543027820132
306,8.38079585835459,0.5893310324192165,11.160143711067867,0.04003592776696696,15149.15839960648,0.53728959990162,6734.028514836955,0.7783570956974627
307,7.654664372677033,0.18592465148724036,11.775662414432777,0.19391560360819404,16518.337260263597,0.8795843150658996,6717.2923658106065,0.7644103048421724
308,8.42849722856763,0.6158317936486836,13.793024189177569,0.6982560472943922,13203.76693415624,0.05094173353906006,6156.863246658306,0.2973860388819215
309,7.500445199320298,0.10024733295572097,11.38234969721265,0.09558742430316236,16630.93046355367,0.9077326158884168,6622.716224098906,0.6855968534157555
310,8.42597740802209,0.6144318933456057,13.519341975933477,0.6298354939833694,15293.018642694882,0.5732546606737208,6848.403158786699,0.8736692989889163
311,8.490693806286641,0.6503854479370231,12.007521027222365,0.25188025680559134,14473.447952999233,0.36836198824980837,6142.404353753638,0.285336961461365
312,8.761235029034745,0.8006861272415258,11.183192217705527,0.04579805442638174,14387.983911777037,0.3469959779442592,5985.332117310728,0.1544434310922731
313,8.82696666904159,0.8372037050231064,13.542777839902493,0.6356944599756232,13156.333326509819,0.03908333162745481,6787.727430742815,0.8231061922856796
314,7.816011395398884,0.27556188633271306,11.226880624197328,0.056720156049331893,15568.959898694395,0.6422399746735988,5998.588557132067,0.16549046427672243
315,7.8833186148379655,0.31295478602109184,13.54695478153304,0.6367386953832601,16692.392929704365,0.9230982324260911,6729.047903032574,0.7742065858604787
316,8.534629770633227,0.6747943170184597,12.334648887258107,0.33366222181452654,15418.845997182154,0.6047114992955387,6377.3056929954755,0.4810880774962297
317,7.561680292528487,0.13426682918249244,11.316717472806438,0.07917936820160953,16423.16720959894,0.8557918023997352,6707.6466681293905,0.7563722234411585
318,7.866312234639657,0.30350679702203176,12.108501498789614,0.2771253746974036,14897.15159592977,0.4742878989824427,6795.287660316823,0.8294063835973529
319,8.396805132951625,0.5982250738620138,14.891259531547538,0.9728148828868844,15454.6374262783,0.6136593565695749,6212.8406218881655,0.344033851573471
320,8.55913613852753,0.6884089658486281,13.517057221136977,0.6292643052842444,13440.838430263288,0.11020960756582199,5954.072958615068,0.1283941321792239
321,7.772756785251176,0.2515315473617644,14.41088075376186,0.8527201884404653,16998.019369836293,0.9995048424590737,6838.26012190613,0.865216768255108
322,8.944693540171537,0.9026075223175208,11.471275763153862,0.11781894078846566,14602.34870425421,0.4005871760635523,5958.814970031475,0.13234580835956278
323,7.629089652060829,0.17171647336712703,13.48103132888232,0.62025783222058,13440.534134081907,0.1101335335204765,6348.8318677784655,0.45735988981538767
324,8.376322467899275,0.5868458154995975,11.7647041907445,0.19117604768612506,14974.80790725051,0.4937019768126276,6848.639337203202,0.8738661143360011
325,7.655589063495763,0.1864383686087574,12.60870822966487,0.4021770574162178,15976.220409500007,0.7440551023750016,6672.405702203479,0.7270047518362331
326,8.782608895964893,0.8125604977582739,13.324148580391938,0.5810371450979843,13406.040588267158,0.10151014706678962,6339.220634434662,0.44935052869555214
327,8.655716038768912,0.7420644659827287,13.532595153106229,0.6331487882765571,14251.672354340619,0.31291808858515446,6300.781400551212,0.41731783379267673
328,8.57606385938207,0.6978132552122615,11.128444548771915,0.03211113719297887,16782.50835760748,0.9456270894018698,6136.63192475206,0.2805266039600499
329,8.089053801179759,0.4272521117665331,14.43357067291398,0.858392668228495,16175.600414532491,0.7939001036331231,6308.147938659775,0.42345661554981195
330,8.220791356727176,0.5004396426262085,12.673594029476654,0.4183985073691632,15508.905885119479,0.6272264712798699,6508.142736357898,0.5901189469649146
331,8.651752295582902,0.7398623864349463,13.93743845180213,0.7343596129505328,16535.34882021128,0.8838372050528196,6345.688391551344,0.4547403262927866
332,8.644343731034521,0.7357465172414007,14.098529080416766,0.7746322701041914,13503.534307560023,0.12588357689000595,6658.327969445503,0.715273307871253
333,8.027781504875922,0.39321194715328966,11.484963439696555,0.12124085992413891,16576.379049996394,0.8940947624990983,6805.346411123132,0.8377886759359439
334,7.51141077370268,0.10633931872371138,13.318743184943914,0.5796857962359784,13672.574715402841,0.16814367885071047,6763.471838354999,0.8028931986291656
335,7.788708134650475,0.260393408139153,13.943766266115354,0.7359415665288385,15576.155289130375,0.6440388222825938,6996.755689184818,0.997296407654015
336,7.984565187186523,0.3692028817702905,14.556871556332663,0.8892178890831655,15907.818119951648,0.7269545299879119,6034.646231392219,0.1955385261601824
337,7.624124463348459,0.16895803519358854,11.20733944481159,0.051834861202897486,16999.75336353799,0.9999383408844981,6489.348130344796,0.5744567752873303
338,7.498993345607956,0.09944074755997567,12.704353984357914,0.4260884960894783,16123.363826589088,0.7808409566472719,6043.194881404212,0.20266240117017664
339,9.09179754196364,0.9843319677575776,13.850789590498511,0.7126973976246278,15111.563757021244,0.5278909392553109,6006.21352742398,0.1718446061866501
340,8.423465248608876,0.6130362492271534,13.223489167641485,0.5558722919103712,13679.004105096223,0.1697510262740558,5936.069643107296,0.11339136925607984
341,7.863787454946838,0.3021041416371323,14.35898821371992,0.83974705342998,14034.564218219884,0.2586410545549711,6326.746174114995,0.4389551450958289
342,9.060020472930406,0.9666780405168929,11.131693406739457,0.032923351684864266,14398.952666174477,0.3497381665436192,6726.885466683008,0.7724045555691738
343,9.047587606582148,0.9597708925456386,13.610518626034935,0.6526296565087336,15911.687844792657,0.7279219611981643,6481.034258822849,0.5675285490190408
344,8.779220105158748,0.8106778361993043,12.19205282708296,0.2980132067707403,14982.176670557139,0.4955441676392849,6667.080705314907,0.7225672544290892
345,8.23652848089774,0.5091824893876333,13.91327886423105,0.7283197160577625,15592.194820380528,0.648048705095132,6590.829358842797,0.6590244657023304
346,7.494392532130949,0.09688474007274916,12.56830061139838,0.39207515284959493,16362.421544270173,0.8406053860675432,6304.210668181497,0.4201755568179135
347,8.028534552041654,0.3936303066898076,14.89829083719889,0.9745727092997224,13320.964841918227,0.08024121047955657,6252.4820022303065,0.37706833519192207
348,8.598683099238528,0.7103794995769604,12.090668722255991,0.27266718056399775,14798.24783205241,0.4495619580131024,6532.612213163919,0.6105101776365991
349,8.23922951212747,0.5106830622930385,13.225533426030147,0.5563833565075366,16752.757279915517,0.9381893199788796,6059.409380976746,0.21617448414728835
350,8.855642948999497,0.8531349716663875,13.803349187099352,0.700837296774838,16877.834550662876,0.9694586376657194,6046.727485577252,0.20560623798104372
351,7.935991293434812,0.34221738524156253,12.036355533326876,0.259088883331719,13685.241260937222,0.17131031523430562,5945.69376482177,0.12141147068480829
352,8.612531173243903,0.7180728740243909,11.84068792252528,0.2101719806313198,16823.974880540136,0.9559937201350341,5918.556822981747,0.0987973524847896
353,8.615469339713766,0.71970518872987,12.359552669876726,0.33988816746918127,13753.888873450402,0.18847221836260053,6882.287431920047,0.9019061932667057
354,8.871918096135209,0.8621767200751165,11.27969942378073,0.06992485594518238,15723.403412336138,0.6808508530840346,6585.105472184807,0.6542545601540054
355,7.801062607283383,0.2672570040463239,11.69155820214145,0.17288955053536292,14661.524825017146,0.4153812062542863,6886.726361744146,0.9056053014534551
356,8.832501201100271,0.8402784450557067,12.353551620967888,0.3383879052419718,15221.671085993537,0.5554177714983844,6047.61945379003,0.20634954482502543
357,8.20756175759304,0.4930898653294675,11.70945120472126,0.1773628011803151,15656.95591987363,0.6642389799684075,6948.399839538079,0.9569998662817318
358,8.606843821686661,0.7149132342703673,11.725806675284446,0.1814516688211114,16233.447984388018,0.8083619960970047,6688.484123893851,0.7404034365782086
359,7.484919783108018,0.09162210172667684,12.548887287729846,0.3872218219324616,16474.442003589793,0.8686105008974481,6438.063747315759,0.5317197894297992
360,8.238621936813015,0.5103455204516754,12.614855229928231,0.4037138074820581,14594.485200303687,0.39862130007592145,6477.146299912905,0.5642885832607547
361,7.702192096182051,0.2123289423233614,11.729232055913831,0.18230801397845775,13078.264403407378,0.019566100851844515,6989.151896816282,0.9909599140135678
362,7.66407540694024,0.19115300385568912,12.3605600026476,0.3401400006619002,16609.761576682882,0.902440394170721,6326.735338170522,0.43894611514210113
363,7.986993578518976,0.3705519880660977,12.088265333033796,0.27206633325844876,14820.707026158412,0.4551767565396031,6882.058636513009,0.9017155304275082
364,7.453277037805877,0.07404279878104225,11.666060169975797,0.16651504249394944,16716.682438640542,0.9291706096601356,6316.086553396153,0.4300721278301275
365,7.488785053771877,0.09376947431770899,13.352661748686746,0.5881654371716862,13329.71934317896,0.08242983579474017,6803.056614030568,0.8358805116921404
366,8.989686707690476,0.9276037264947091,14.63944422001681,0.9098610550042024,16253.54810880801,0.8133870272020026,6699.250753779787,0.7493756281498227
367,7.613056084737285,0.16280893596515822,12.370655291864738,0.3426638229661846,16104.3246661923,0.7760811665480752,6843.398207000301,0.8694985058335841
368,7.861102137496996,0.30061229860944205,13.708008164907259,0.6770020412268145,15254.740374904493,0.5636850937261234,5952.640367255308,0.12720030604609023
369,8.922496303530068,0.8902757241833714,12.614037174320645,0.4035092935801612,14630.327117604913,0.4075817794012282,6537.415397442264,0.614512831201887
370,8.096210485430927,0.4312280474616259,14.972089341393513,0.9930223353483784,14294.68221473837,0.32367055368459263,6278.369423345669,0.398641186121391
371,8.190821232294494,0.4837895734969413,12.88878850943495,0.4721971273587372,14408.105163100889,0.3520262907752221,6268.5202578740855,0.39043354822840426
372,8.800492244304635,0.8224956912803537,11.955221503424955,0.23880537585623862,14654.023901267357,0.4135059753168395,5964.833348966689,0.13736112413890755
373,8.307564717685306,0.548647065380726,14.963644134752336,0.9909110336880839,16370.3418770344,0.8425854692586001,5940.129361352965,0.11677446779413725
374,7.948562028654845,0.34920112703046924,13.603960870413413,0.6509902176033534,16836.58692011327,0.9591467300283176,6105.749882803837,0.2547915690031972
375,8.333879604536993,0.5632664469649965,14.74543087011018,0.9363577175275453,15727.568814335651,0.6818922035839129,6448.854026168544,0.5407116884737868
376,8.538334886820579,0.6768527149003212,14.117497651190527,0.779374412797632,14448.122080851002,0.3620305202127506,6243.537418481174,0.36961451540097845
377,7.8589457334269905,0.2994142963483283,11.101702026115923,0.02542550652898079,14546.427764860287,0.3866069412150721,6212.874182365264,0.34406181863771923
378,9.078998234040686,0.9772212411337146,14.450715334504153,0.8626788336260381,14338.407372843638,0.33460184321090924,6358.037193881717,0.46503099490143074
379,8.346895900566208,0.5704977225367827,11.354530140195557,0.08863253504888902,15326.985621836704,0.5817464054591761,6991.559338660365,0.9929661155503046
380,8.537092596202573,0.6761625534458741,12.909961869341645,0.47749046733541123,16109.298496244095,0.7773246240610238,6856.559737922048,0.8804664482683732
381,8.249731193710156,0.5165173298389759,11.056026655086304,0.014006663771576111,14458.681476683361,0.3646703691708405,6523.178755132136,0.6026489626101131
382,8.527071321076056,0.6705951783755869,11.564969377541184,0.14124234438529604,13238.088408755528,0.05952210218888199,6508.880151232776,0.5907334593606471
383,8.107487733107734,0.4374931850598519,11.791163559837337,0.19779088995933414,14313.869395762353,0.3284673489405884,6142.168640213654,0.28514053351137836
384,7.892816209125842,0.3182312272921345,11.308458381753116,0.07711459543827881,15940.688711938332,0.7351721779845827,6569.541237886275,0.641284364905229
385,9.07434024648389,0.9746334702688281,14.704920770821978,0.9262301927054946,16922.802005709604,0.9807005014274007,6344.815757288019,0.4540131310733495
386,7.97272368842883,0.3626242713493498,12.265872111156312,0.31646802778907834,16976.031997735852,0.9940079994339626,6349.832854150137,0.4581940451251141
387,7.854167643031923,0.29675980168440175,14.664800228506857,0.9162000571267144,13889.241087866625,0.2223102719666562,6057.602623187451,0.21466885265620927
388,8.026454325107261,0.3924746250595893,14.545815646887522,0.8864539117218807,16374.300896647997,0.8435752241619994,6231.00771573428,0.35917309644523365
389,8.845632990938217,0.8475738838545651,11.645555852218529,0.1613889630546319,15152.066593261281,0.5380166483153201,6369.07460668569,0.47422883890474166
390,8.808181091516518,0.8267672730647323,13.460991388785631,0.6152478471964079,13978.976476177728,0.24474411904443205,6058.720287772261,0.2156002398102176
391,7.346442265873679,0.014690147707599355,11.040881627616496,0.010220406904123847,13152.983427262036,0.03824585681550885,5926.870531632032,0.10572544302669329
392,8.944329676994945,0.9024053761083028,12.496377786837455,0.37409444670936376,16080.382327174559,0.7700955817936396,6986.433637761524,0.9886946981346031
393,7.46275649030593,0.0793091612810719,11.75861802463759,0.1896545061593975,16309.911398358148,0.8274778495895371,6093.533880212803,0.24461156684400254
394,7.473965295388549,0.08553627521586038,14.55682954709203,0.8892073867730078,14036.117692449441,0.2590294231123601,6786.102524871304,0.8217521040594198
395,8.306638639386845,0.5481325774371363,11.893160353732963,0.22329008843324094,14706.009334660477,0.42650233366511936,5978.383751036127,0.14865312586343937
396,7.470890509439743,0.08382806079985683,13.28067882041827,0.5701697051045675,14479.502986682035,0.3698757466705087,5800.552793247963,0.0004606610399688904
397,8.843538020249223,0.846410011249569,13.258838536682875,0.5647096341707187,13359.70769708819,0.08992692427204751,6828.432281475471,0.8570269012295596
398,8.56202929929107,0.690016277383928,12.689705118609165,0.4224262796522915,16369.366246659607,0.8423415616649016,6412.092495027911,0.510077079189926
399,8.644479442285071,0.735821912380595,14.692481545821991,0.923120386455498,14471.507322569225,0.36787683064230636,6875.239272855147,0.8960327273792889
400,7.939887427743296,0.3443819043018308,13.547619983716071,0.636904995929018,13384.693304813578,0.0961733262033947,6339.940434122167,0.44995036176847214
401,7.741368981509745,0.23409387861652498,11.564927386646694,0.14123184666167365,13290.476221380039,0.07261905534500968,6158.6057841663915,0.29883815347199294
402,8.963718031219377,0.9131766840107652,11.680982120104632,0.17024553002615816,13896.57847211533,0.2241446180288328,6093.34575351219,0.2444547945934915
403,8.807681295639144,0.8264896086884134,11.646273639691568,0.161568409922892,14491.873526657893,0.3729683816644733,6277.59896991782,0.39799914159818306
404,7.32175894990899,0.0009771943938828853,13.39729423982546,0.599323559956365,16283.512829249692,0.820878207312423,6518.311152630061,0.5985926271917175
405,7.6137808601711665,0.16321158898398136,13.881254033735337,0.7203135084338342,16736.75986502874,0.9341899662571849,6691.868418018839,0.7432236816823659
406,7.69595630003525,0.2088646111306942,14.255568999654685,0.813892249913671,15056.487702168883,0.5141219255422206,5838.3456526094205,0.031954710507850814
407,8.782887299733703,0.812715166518724,11.521637958740941,0.13040948968523514,16742.324211509025,0.9355810528772561,6101.955549056772,0.25162962421397683
408,7.7210279783584905,0.22279332131027263,13.420111234068983,0.6050278085172457,13662.595163657923,0.16564879091448093,6189.018127660716,0.32418177305059714
409,8.585057047227687,0.7028094706820485,13.141942575878023,0.5354856439695056,15895.476029711232,0.723869007427808,6015.56790784557,0.17963992320464106
410,8.341104129490267,0.5672800719390372,12.615291405757198,0.4038228514392994,15264.08519310406,0.566021298276015,6286.749688992501,0.40562474082708466
411,7.409555959241182,0.04975331068954514,13.417372542869883,0.6043431357174707,16518.09254552016,0.87952313638004,6772.282640140693,0.8102355334505777
412,8.174355180538146,0.47464176696563665,14.932944637574103,0.9832361593935257,13356.446285510287,0.08911157137757186,6608.706578922774,0.6739221491023115
413,7.338374886582026,0.010208270323348034,14.053204136678332,0.7633010341695828,13597.410790990141,0.14935269774753546,5938.290952303029,0.11524246025252438
414,8.432629344463908,0.6181274135910602,14.109889058457826,0.7774722646144564,16085.646985103996,0.771411746275999,6372.696550563469,0.4772471254695577
415,7.575884944685387,0.1421583026029929,13.341049067087951,0.5852622667719876,15372.692499174082,0.5931731247935201,5953.221711384811,0.12768475948734215
416,9.075624663062888,0.9753470350349376,12.927803412423456,0.48195085310586394,15527.059559409452,0.6317648898523632,6741.541495363053,0.7846179128025443
417,8.894263277752165,0.874590709862314,14.604573643288507,0.9011434108221268,16458.009085270965,0.8645022713177412,6725.301529568164,0.77108460797347
418,7.531739669349192,0.11763314963843974,14.614916523824387,0.9037291309560967,13761.016752517384,0.19025418812934602,6448.723901566385,0.5406032513053215
419,8.582097944686343,0.7011655248257459,14.4860336175605,0.871508404390125,13105.080062926472,0.026270015731617913,6395.866158646124,0.4965551322051036
420,8.373287936631609,0.5851599647953389,12.021746375247002,0.25543659381175043,14152.478313262262,0.28811957831556523,6837.310190485521,0.8644251587379339
421,7.828864674341546,0.2827025968564145,12.151758834153163,0.2879397085382909,13812.802641507215,0.20320066037680373,6858.04118115873,0.8817009842989418
422,7.390422865025179,0.03912381390287689,11.912941996867353,0.22823549921683817,15706.976556326852,0.6767441390817129,6528.12642405605,0.6067720200467087
423,8.194138216829035,0.4856323426827971,12.845665751582505,0.46141643789562625,14464.721902273555,0.36618047556838873,6400.181392601307,0.5001511605010895
424,7.474600047810357,0.08588891545019828,11.195667604091462,0.04891690102286528,15613.779605907479,0.6534449014768696,5865.146515635918,0.054288763029931464
425,7.824230649408696,0.28012813856038654,11.092994771579171,0.02324869289479292,15491.428152058634,0.6228570380146583,6097.877015338649,0.24823084611554047
426,8.339592538577605,0.5664402992097812,14.19941066765624,0.79985266691406,13450.226786551322,0.11255669663783041,6885.683080531942,0.9047359004432854
427,8.786354251805708,0.8146412510031718,11.754114623665522,0.18852865591638035,14201.095787676719,0.30027394691917975,6843.605909260748,0.8696715910506241
428,8.116837303538073,0.4426873908544847,11.716031561061072,0.1790078902652683,14046.352435863282,0.26158810896582063,6277.846545812951,0.39820545484412606
429,8.183386054506816,0.47965891917045356,11.801234111136086,0.20030852778402142,13484.181033329514,0.12104525833237845,6548.044091871656,0.623370076559713
430,7.492479401668305,0.09582188981572515,13.127838801451562,0.5319597003628905,13585.592471898763,0.1463981179746905,5910.225531288226,0.0918546094068553
431,7.325595308310828,0.0031085046171267505,11.372324626656209,0.09308115666405226,16178.13395739088,0.7945334893477204,6652.937810678428,0.7107815088986902
432,8.683947379863477,0.7577485443685992,14.364131740029693,0.8410329350074233,16690.210838206756,0.9225527095516893,6483.249636082997,0.569374696735831
433,8.7369342000323,0.787185666684611,13.797386138875446,0.6993465347188613,14408.457328384626,0.3521143320961566,6348.992239398383,0.4574935328319858
434,8.087739290930575,0.4265218282947638,13.488296728876755,0.6220741822191884,14908.928239253424,0.47723205981335615,5835.261896580422,0.029384913817018576
435,8.739620112138812,0.7886778400771183,13.88734693772411,0.7218367344310276,13845.992041012127,0.2114980102530315,6502.45878832033,0.5853823236002753
436,8.029594508727678,0.39421917151537655,11.477850814064963,0.11946270351624078,13417.898530169176,0.10447463254229394,6395.672858901114,0.4963940490842612
437,8.994895195337829,0.9304973307432389,13.281477812794947,0.5703694531987367,14929.97907324179,0.48249476831044724,6613.068286837174,0.6775569056976454
438,8.413719178170084,0.607621765650047,11.262679804957909,0.06566995123947705,15254.352765424817,0.5635881913562042,6002.6466596773225,0.16887221639776884
439,8.849464698364603,0.8497026102025574,13.101861360491986,0.5254653401229964,13960.607071771972,0.2401517679429932,6988.1818487324435,0.9901515406103693
440,8.997817523146923,0.932120846192735,13.033187605253667,0.508296901313417,14319.931082311743,0.3299827705779358,6058.989402566664,0.2158245021388865
441,8.627480360654445,0.7263779781413591,13.229228873267218,0.5573072183168043,15450.692033553552,0.6126730083883881,6265.349399715499,0.38779116642958256
442,7.8982603726585,0.32125576258805544,11.812386082498865,0.2030965206247164,13656.933126689397,0.1642332816723494,6946.641008345013,0.9555341736208439
443,7.82880500010079,0.28266944450043885,11.55528339347508,0.13882084836876962,15428.158696890358,0.6070396742225894,6965.435043351668,0.9711958694597235
444,8.586236611612671,0.7034647842292621,14.063932073886535,0.765983018471634,14929.636899473768,0.48240922486844184,6723.330187156502,0.7694418226304179
445,7.889350260335738,0.31630570018652104,11.495017350220818,0.1237543375552046,13908.211191424307,0.22705279785607657,6118.415023285014,0.26534585273751177
446,7.799871751231461,0.26659541735081127,12.178413589715628,0.2946033974289073,14881.163674759875,0.47029091868996886,6826.180689867688,0.85515057488974
447,8.50216092672233,0.6567560704012954,12.779966449906787,0.4449916124766966,16181.37712033639,0.7953442800840975,6909.668781271025,0.9247239843925212
448,8.786308160760166,0.8146156448667592,13.714186165154791,0.6785465412886978,13169.062509914484,0.04226562747862084,6194.433809408906,0.32869484117408876
449,7.8816664370341165,0.31203690946339835,12.707330973076914,0.4268327432692284,14176.948974475452,0.29423724361886283,6876.504270846713,0.8970868923722608
450,8.41998574990751,0.6111031943930622,11.78533145067133,0.19633286266783267,14838.8810849378,0.45972027123445003,6023.210563586084,0.18600880298840328
451,7.98419960070858,0.36899977817143315,11.289085912617345,0.07227147815433621,15210.333007225207,0.5525832518063014,6166.226481343433,0.3051887344528612
452,8.53962688803074,0.677570493350412,13.422918237790018,0.6057295594475046,15100.963317189642,0.5252408292974103,6808.4129926714495,0.8403441605595412
453,7.558757392800685,0.13264299600038065,11.919885566303133,0.22997139157578328,14552.960674228236,0.3882401685570591,6408.408691429142,0.5070072428576186
454,8.5978391131144,0.709910618396889,12.00905024546012,0.2522625613650301,14081.062875929447,0.2702657189823616,6427.099973411955,0.5225833111766294
455,8.994186196564533,0.9301034425358521,12.46773189805985,0.3669329745149622,16866.48217784103,0.9666205444602576,6229.433734535762,0.3578614454464677
456,8.157855324844435,0.4654751804691313,14.710560627499845,0.9276401568749614,13686.543350886735,0.17163583772168378,6285.433097110793,0.40452758092566043
457,8.416070635308962,0.6089281307272011,12.760250344376113,0.44006258609402826,16173.908451677924,0.793477112919481,6853.1583943134065,0.8776319952611723
458,8.643888270192942,0.7354934834405235,12.248394705034817,0.31209867625870447,14515.486915469917,0.37887172886747944,6831.001432461602,0.8591678603846684
459,8.311927869844801,0.5510710388026678,12.30604856167568,0.32651214041891996,16823.82428970966,0.9559560724274149,5955.119353699031,0.12926612808252613
460,8.370383788841046,0.5835465493561374,11.809992351709578,0.20249808792739477,13530.6242674536,0.13265606686340026,5927.344348505867,0.1061202904215558
461,8.337190512420788,0.565105840233771,11.033849785413274,0.008462446353318609,15591.210829998194,0.6478027074995486,6045.288068850521,0.20440672404210058
462,7.917395123057541,0.3318861794764115,12.816319618046123,0.4540799045115308,15684.355560108279,0.6710888900270697,5819.4842484522815,0.016236873710234523
463,8.995840139441139,0.9310222996895222,13.028181177982036,0.5070452944955091,14842.936258622962,0.4607340646557405,6134.080228254228,0.2784001902118566
464,7.998405708377518,0.3768920602097324,13.845536783555644,0.7113841958889113,14931.280318993111,0.4828200797482778,6650.735372871033,0.7089461440591946
465,7.332762216888953,0.007090120493862373,14.952567298729292,0.9881418246823228,15832.54652799305,0.7081366319982624,6877.810718997812,0.8981755991648434
466,7.457043573363509,0.07613531853528288,13.213368233568547,0.5533420583921366,16826.964772058498,0.9567411930146249,5879.862825809534,0.06655235484127864
467,8.991240970538767,0.9284672058548713,14.25089841206861,0.8127246030171523,16059.75578504597,0.7649389462614928,5972.418400264889,0.14368200022074062
468,8.221240470762508,0.5006891504236153,11.398247118244804,0.09956177956120094,13644.28980228895,0.1610724505722373,5941.905952947507,0.11825496078958964
469,8.986804162852849,0.9260023126960272,14.855127196994676,0.9637817992486691,15546.324405247542,0.6365811013118855,6494.0609653361,0.578384137780083
470,7.475068493984763,0.0861491633248681,13.175227874123406,0.5438069685308516,15720.236495959507,0.6800591239898766,6082.811475304154,0.235676229420128
471,7.649708068394145,0.18317114910785848,13.979517811589735,0.7448794528974337,15970.897153353453,0.7427242883383633,6503.680628146905,0.5864005234557546
472,8.943994258121574,0.902219032289764,12.67827541140576,0.4195688528514403,14322.235446993738,0.3305588617484343,6453.464123987217,0.5445534366560141
473,9.051974654361125,0.9622081413117364,13.075946082221368,0.5189865205553418,16388.250119981225,0.8470625299953063,6050.547379577948,0.20878948298162314
474,9.10811220630457,0.9933956701692059,12.21139717854125,0.3028492946353123,15998.045603110426,0.7495114007776063,6785.5934965179085,0.8213279137649236
475,7.681340060466551,0.20074447803697315,12.306156816812416,0.3265392042031041,14830.07310510603,0.45751827627650743,6948.065061595355,0.9567208846627955
476,9.119148548391417,0.9995269713285652,14.048461102947005,0.7621152757367515,14625.868961400747,0.4064672403501868,6814.222439612659,0.8451853663438829
477,8.135801266798525,0.45322292599918124,14.136137433175467,0.7840343582938667,14631.355542078549,0.4078388855196372,5924.9414537268785,0.10411787810573236
478,8.138651581287151,0.45480643404841736,12.629228276716228,0.4073070691790569,15762.050844247346,0.6905127110618364,6233.497054903299,0.3612475457527491
479,8.858452412218348,0.8546957845657495,12.63452898051854,0.40863224512963503,16443.412300718406,0.8608530751796014,6967.689028388466,0.9730741903237211
480,7.676033411111923,0.19779633950662345,12.00957416726521,0.25239354181630236,13510.506624551816,0.1276266561379541,5986.429635541027,0.15535802961752254
481,8.235963044652731,0.5088683581404059,14.269312801257277,0.8173282003143192,16067.313070246171,0.7668282675615428,6330.270162102238,0.44189180175186515
482,8.522459603662782,0.6680331131459898,13.249217938038331,0.562304484509583,16285.48249146993,0.8213706228674824,5834.966376661359,0.02913864721779935
483,8.799320565744402,0.8218447587468907,14.220059604482909,0.8050149011207275,13084.394967303411,0.021098741825852807,6188.298882109239,0.32358240175769903
484,7.350161585994452,0.016756436663584284,13.369034891092216,0.5922587227730538,16374.581181326304,0.8436452953315762,6079.306958092073,0.23275579841006044
485,8.233203162852526,0.5073350904736253,13.03265933605669,0.5081648340141727,15885.780155603828,0.7214450389009571,6451.2053686355885,0.5426711405296571
486,8.910793914754128,0.8837743970856269,12.310327350890963,0.32758183772274085,16764.4744540935,0.9411186135233751,6900.282631650287,0.9169021930419059
487,8.845606380873964,0.8475591004855356,13.47576297937368,0.6189407448434202,13333.904031777303,0.08347600794432586,5922.7449980049405,0.10228749833745032
488,8.677856921192316,0.7543649562179533,11.21253047421786,0.05313261855446494,14830.275466226212,0.4575688665565528,6620.081655237109,0.6834013793642572
489,7.4902517072480475,0.09458428180447087,14.830513664873484,0.9576284162183709,13171.750242494534,0.04293756062363352,6583.2510146075,0.6527091788395835
490,8.153565828597522,0.4630921269986237,13.17874523938109,0.5446863098452724,16166.071442531418,0.7915178606328543,6850.288127725222,0.8752401064376849
491,8.108704457956938,0.4381691433094097,11.204259980105581,0.05106499502639528,13849.557575978464,0.21238939399461587,6315.2305328709535,0.42935877739246164
492,8.222052315036644,0.501140175020358,14.8116110238205,0.9529027559551253,15088.285029994511,0.5220712574986279,6349.361044120975,0.4578008701008125
493,7.679482918172014,0.1997127323177854,14.257037890539538,0.8142594726348844,16281.885409919098,0.8204713524797745,6693.511444684998,0.7445928705708317
494,8.80612022881109,0.8256223493394946,12.41073959818411,0.35268489954602733,16635.15599120609,0.908788997801523,6803.799420029107,0.8364995166909222
495,7.4301790505990715,0.06121058366615073,12.943090367247411,0.48577259181185295,14365.137493913806,0.34128437347845153,6869.755534929661,0.8914629457747175
496,8.498070925191634,0.6544838473286858,12.883786344381289,0.47094658609532203,14978.195115600925,0.4945487789002315,6193.3883611308565,0.3278236342757139
497,8.62372866775279,0.7242937043071056,13.439983445655011,0.6099958614137527,14251.315591124312,0.31282889778107803,6192.354585321691,0.3269621544347425
498,7.656830763410201,0.18712820189455592,12.799026983786115,0.4497567459465288,16679.228394306236,0.9198070985765586,6868.952173897779,0.8907934782481495
499,8.015245708007974,0.3862476155599861,11.973738532922685,0.24343463323067127,15097.036681440637,0.5242591703601591,6639.764027093962,0.6998033559116349
500,8.254416650397975,0.5191203613322082,11.264418647455852,0.06610466186396313,13577.065732848467,0.14426643321211685,6794.165004014266,0.8284708366785547
501,8.684251729768098,0.7579176276489439,12.420703979285362,0.3551759948213403,14187.191371833858,0.29679784295846456,5852.43463031591,0.04369552526325848
502,8.438591678744734,0.6214398215248526,13.482782667747216,0.6206956669368039,14862.827057811031,0.46570676445275805,6591.528483869491,0.6596070698912421
503,8.047201756538705,0.4040009758548362,13.15084372415011,0.5377109310375277,13750.211429010633,0.18755285725265824,6778.528496182536,0.8154404134854468
504,8.417387345873944,0.6096596365966365,11.049852847757453,0.012463211939363283,16899.547214675877,0.9748868036689693,6195.027876854156,0.3291898973784627
505,7.342873929404216,0.012707738557897308,12.912213017422483,0.4780532543556205,14251.363993755302,0.3128409984388253,6977.438048261312,0.9811983735510932
506,8.984473023156305,0.9247072350868362,11.104884998023692,0.02622124950592286,14383.510192010586,0.3458775480026467,6851.930984921227,0.8766091541010222
507,7.698827533405191,0.21045974078066132,14.903405527524505,0.9758513818811262,13096.174930325615,0.024043732581403576,6532.476957843381,0.6103974648694838
508,7.430860089799922,0.061588938777734414,14.879691759471175,0.969922939867794,13122.220562560651,0.030555140640162737,6099.4466376554865,0.2495388647129052
509,7.931059807083686,0.3394776706020479,14.712753306616415,0.9281883266541037,13986.612535033555,0.2466531337583887,6195.939462624669,0.32994955218722466
510,8.09248595592457,0.4291588644025388,14.484592688509753,0.8711481721274383,14418.443958710328,0.3546109896775821,6485.534273909294,0.5712785615910784
511,8.420366966589192,0.61131498143844,11.395549821726823,0.09888745543170574,16807.88515396828,0.9519712884920698,5889.138314609603,0.07428192884133622
512,8.93853457496205,0.8991858749789172,13.922320310416731,0.730580077604183,14762.880820985754,0.44072020524643873,6683.173812432826,0.7359781770273549
513,8.550899972715317,0.6838333181751768,14.169955228117555,0.7924888070293886,13757.13363455588,0.18928340863896964,6131.323095892158,0.2761025799101312
514,7.511700489228056,0.1065002717933643,11.216801114921614,0.05420027873040345,14186.111543685483,0.2965278859213707,6885.618049720595,0.9046817081004961
515,8.36879351305432,0.5826630628079551,12.947585275435333,0.4868963188588332,13303.29817619462,0.07582454404865491,5800.783641137089,0.0006530342809073497
516,7.4251935028403375,0.05844083491129837,11.695081989932376,0.1737704974830938,13528.901166963335,0.13222529174083375,6389.058139528896,0.4908817829407469
517,8.572790291210508,0.6959946062280599,13.534744612573203,0.6336861531433005,14452.916859443661,0.36322921486091553,6784.120368815334,0.8201003073461116
518,7.837491739141891,0.28749541063438366,11.175574041039285,0.043893510259821134,16726.302865676294,0.9315757164190737,6658.879732054778,0.7157331100456489
519,7.9520653015887035,0.35114738977150217,11.479909230876661,0.11997730771916515,13746.395561796577,0.18659889044914402,6514.0770266216605,0.5950641888513838
520,7.846867141102823,0.2927039672793461,12.487881143658008,0.37197028591450176,16265.296857060794,0.8163242142651985,6197.603793436378,0.3313364945303148
521,8.563255396695608,0.6906974426086713,11.103961157204765,0.025990289301191183,15644.787406126565,0.6611968515316413,6574.738734786411,0.6456156123220098
522,8.47360921909571,0.6408940106087279,13.428726168722374,0.6071815421805935,13578.075468663541,0.14451886716588547,6467.104075813324,0.55592006317777
523,7.471955826222119,0.08441990345673256,13.605605042383598,0.6514012605958996,16865.351958824027,0.9663379897060067,6177.606256036408,0.3146718800303404
524,7.690852224667253,0.20602901370402937,13.810146246608307,0.7025365616520766,15660.902899969213,0.6652257249923029,6012.737328081977,0.17728110673498032
525,7.57204431959689,0.14002462199827226,12.987113427932133,0.4967783569830334,15075.361570373107,0.5188403925932767,5861.375885447617,0.05114657120634769
526,8.19496234907816,0.48609019393231134,12.347277581486136,0.33681939537153416,14484.104011494546,0.3710260028736365,6197.026244812082,0.3308552040100685
527,8.287066667246918,0.5372592595816212,11.390350326150326,0.09758758153758151,16162.712406420871,0.7906781016052177,6527.362622412674,0.6061355186772283
528,8.137852147368093,0.4543623040933853,13.997255774499267,0.7493139436248167,15549.793769772765,0.6374484424431912,6554.656456598761,0.6288803804989674
529,8.996670049136316,0.9314833606312868,12.021388876463016,0.2553472191157541,13748.710288433158,0.18717757210828967,6575.186213724858,0.6459885114373818
530,8.335227114179668,0.5640150634331488,13.87233898408939,0.7180847460223476,15860.923677127921,0.7152309192819802,5851.782305970772,0.043151921642309854
531,7.33325311199169,0.007362839995382897,14.711100743340406,0.9277751858351015,13403.440142953485,0.10086003573837121,6096.537932218185,0.2471149435151545
532,8.468434829678959,0.6380193498216444,14.622561132073834,0.9056402830184583,15508.695734000434,0.6271739335001086,5884.738237334126,0.07061519777843872
533,8.447306589993582,0.6262814388853241,14.803586082316194,0.9508965205790487,16888.63370509447,0.9721584262736174,6972.737088906194,0.9772809074218285
534,7.881185174286186,0.31176954127010315,12.141018351172548,0.28525458779313717,14727.716881925257,0.431929220481314,6527.515030776591,0.6062625256471593
535,8.692626238140356,0.7625701323001983,14.364128207897007,0.8410320519742517,14290.139143933278,0.3225347859833194,5961.288934371016,0.13440744530917959
536,9.080614653998996,0.9781192522216648,11.755680591148721,0.18892014778718036,15664.991470100518,0.6662478675251293,6590.973018373928,0.6591441819782741
537,7.49441865368428,0.09689925204682182,13.247534735212803,0.5618836838032009,14599.97980917003,0.3999949522925076,6797.108078831406,0.8309233990261717
538,7.496525953957502,0.09806997442083465,14.050963156667327,0.762740789166832,14947.441082196889,0.486860270549222,6824.759913705201,0.8539665947543342
539,8.217770453530067,0.4987613630722597,11.307508963443077,0.0768772408607693,15426.619765610527,0.6066549414026317,6261.396678726684,0.3844972322722362
540,7.503366066139161,0.1018700367439781,11.051966123716866,0.012991530929216344,16171.71905444533,0.7929297636113322,6700.511095297519,0.7504259127479326
541,8.436961428784832,0.620534127102685,13.512618586988747,0.6281546467471869,14279.062615493027,0.3197656538732566,6297.44036720289,0.41453363933574183
542,7.8556228709903415,0.2975682616613011,14.937975320825618,0.9844938302064045,13159.854488560588,0.039963622140146815,6957.067310178824,0.9642227584823538
543,8.741860475346847,0.7899224863038042,12.127140931123279,0.2817852327808198,13805.959725886989,0.2014899314717472,6688.512744526324,0.7404272871052703
544,7.919139174109899,0.33285509672772173,14.166807045055325,0.7917017612638312,13540.73951508222,0.13518487877055507,6382.638189935125,0.48553182494593805
545,8.990163090306398,0.9278683835035547,12.88419677096242,0.4710491927406051,15083.126271334811,0.5207815678337027,6275.284950552999,0.39607079212749907
546,7.74766142941621,0.23758968300900563,12.235019995981482,0.3087549989953706,14378.4893945397,0.3446223486349248,5875.038306476499,0.06253192206374936
547,7.36937784827977,0.027432137933205314,11.47716063380339,0.11929015845084745,15735.629509056496,0.6839073772641241,6014.050374823987,0.1783753123533225
548,8.896758188763815,0.8759767715354536,12.077882322068568,0.2694705805171418,14351.729966964665,0.33793249174116635,6123.665121530268,0.26972093460855695
549,9.077639792481644,0.9764665513786918,14.912054735912026,0.9780136839780066,15823.069859529915,0.7057674648824787,6985.33020825895,0.987775173549125
550,7.420641207757044,0.055911782087246786,14.01604258335756,0.7540106458393899,15427.48433790894,0.6068710844772348,6711.584452878458,0.7596537107320485
551,8.659281778809483,0.7440454326719349,11.01569290367961,0.003923225919902573,14496.956959592264,0.37423923989806585,6330.631307705989,0.44219275642165723
552,8.290144028668117,0.5389689048156205,13.587849676284828,0.646962419071207,13221.656071817784,0.05541401795444589,6112.335548015564,0.2602796233463037
553,8.267046391903548,0.5261368843908606,12.797315732931024,0.449328933232756,16183.204586153232,0.7958011465383078,6148.977116357848,0.29081426363153984
554,7.360534143365634,0.02251896853646318,13.396903848167119,0.5992259620417798,16951.793684275053,0.9879484210687635,5975.342420700027,0.14611868391668958
555,8.686578940196963,0.7592105223316459,14.33659202625801,0.8341480065645026,15786.409217632696,0.6966023044081742,6356.312251378467,0.46359354281538956
556,7.460437563852242,0.07802086880680115,12.721225513613117,0.430306378403279,16866.66164314795,0.966665410786987,6141.094835923682,0.2842456966030681
557,8.801793035407405,0.8232183530041145,12.956357853759876,0.48908946343996873,15788.530003218366,0.6971325008045914,6025.919311060793,0.18826609255066107
558,8.29175912191928,0.5398661788440448,11.833331609005555,0.20833290225138879,14708.301591416524,0.4270753978541313,5864.88649633994,0.05407208028328314
559,8.774315741803129,0.8079531898906269,14.647341999338142,0.9118354998345353,13414.913082105833,0.10372827052645817,6086.96031412433,0.23913359510360777
560,8.817461852302497,0.8319232512791657,14.006439756806856,0.7516099392017138,16194.409115175775,0.7986022787939436,6176.149954866997,0.3134582957224974
561,9.042140467218603,0.9567447040103355,12.201508963600599,0.30037724090014994,13090.910865905531,0.022727716476382942,6981.939324989553,0.9849494374912943
562,7.767794128216083,0.24877451567560205,11.10719945678905,0.026799864197262546,15364.964764426379,0.5912411911065948,6978.187903080307,0.9818232525669225
563,8.75929592345616,0.7996088463645336,11.525414659208309,0.131353664802077,13090.538408158793,0.02263460203969836,6162.876090934922,0.30239674244576875
564,8.366218417946028,0.5812324544144601,14.469634932186306,0.8674087330465765,13631.094846516158,0.15777371162903964,6055.690210325917,0.21307517527159792
565,8.728982812237337,0.7827682290207431,12.155376575950442,0.2888441439876104,15128.302707833529,0.5320756769583823,6029.930170758815,0.19160847563234595
566,8.456053023619083,0.6311405686772685,11.755835725505019,0.18895893137625464,16638.05896645188,0.9095147416129704,6861.350094887732,0.8844584124064429
567,8.529762731279611,0.6720904062664502,13.07295218275744,0.5182380456893603,15359.188647157356,0.589797161789339,6118.105557238979,0.26508796436581583
568,8.606652370302907,0.7148068723905043,12.839187875164262,0.4597969687910656,13366.528541716574,0.09163213542914339,6084.777375898284,0.23731447991523658
569,8.890803249534322,0.8726684719635126,12.126796408932794,0.2816991022331986,13627.295101062895,0.15682377526572355,5888.3514117267305,0.07362617643894243
570,7.716769488652998,0.22042749369611037,13.159154630747288,0.539788657686822,15074.014908292938,0.5185037270732344,6584.184911989088,0.6534874266575729
571,8.919295230514932,0.8884973502860732,14.31600842655425,0.8290021066385623,16541.327564478815,0.8853318911197043,6400.493021752225,0.5004108514601876
572,8.447988627626069,0.6266603486811498,14.691743079558698,0.9229357698896747,15056.70187836601,0.5141754695915023,6896.802101143369,0.9140017509528078
573,7.33731489940665,0.009619388559249598,13.03248341401784,0.50812085350446,13317.934481595204,0.07948362039880108,5918.107645993177,0.09842303832764776
574,8.516965707443662,0.6649809485798126,11.426422378625004,0.10660559465625086,15001.244332258864,0.5003110830647162,6562.684834517785,0.6355706954314877
575,8.564935944380794,0.691631080211553,11.282022128384337,0.07050553209608446,14470.381607649973,0.3675954019124934,6080.2354127811,0.23352951065091732
576,7.397923545066317,0.04329085837017577,11.524452694440779,0.13111317361019492,13477.749577120936,0.11943739428023381,6523.057799061207,0.6025481658843398
577,7.906325444393466,0.3257363579963699,14.648051954302584,0.9120129885756462,13444.654341657,0.11116358541425009,6294.82283713351,0.41235236427792465
578,7.939660694888117,0.34425594160450945,13.109734505941276,0.5274336264853192,16187.215208012754,0.7968038020031887,6334.37996384752,0.4453166365396004
579,8.349026631343605,0.5716814618575591,11.39882732161546,0.09970683040386508,13923.401415908516,0.23085035397712894,6235.482048104608,0.3629017067538397
580,8.69831259860027,0.7657292214445944,11.253179682047213,0.0632949205118033,15832.127731490986,0.7080319328727465,6771.707285808895,0.8097560715074126
581,8.577413805052048,0.6985632250289159,12.530957956778636,0.38273948919465917,15944.365063098736,0.7360912657746841,6511.246703842249,0.5927055865352074
582,7.933095226140879,0.3406084589671551,14.108415298751428,0.7771038246878568,14364.899252627161,0.3412248131567903,6881.796534311379,0.9014971119261497
583,7.431521362446222,0.06195631247012334,12.51828794493613,0.37957198623403254,16994.688040008426,0.9986720100021063,6959.056926846269,0.9658807723718907
584,8.949939702835941,0.9055220571310783,14.85126571872321,0.9628164296808027,14167.65769588562,0.291914423971405,6397.44471043557,0.4978705920296421
585,7.752741791168451,0.2404121062046951,11.645724130837602,0.1614310327094003,14358.855382981448,0.339713845745362,6723.608247881873,0.7696735399015607
586,8.484500475350021,0.6469447085277903,12.173051015440283,0.29326275386007084,16683.65085820126,0.9209127145503155,6821.865126008849,0.8515542716740407
587,7.826177871363539,0.28120992853529947,14.694222472949573,0.923555618237393,16167.915078028489,0.7919787695071222,6021.4233872423765,0.18451948936864715
588,8.809556750080008,0.8275315278222269,11.370491818559602,0.09262295463990045,14292.655744531472,0.32316393613286787,6614.687562503424,0.6789063020861863
589,7.331747930749504,0.0065266281941689375,11.424805290442361,0.10620132261059001,16012.570443085326,0.7531426107713315,5874.3952716092335,0.061996059674361614
590,7.636972003133236,0.17609555729624227,12.280976484192283,0.3202441210480711,14136.76615828277,0.28419153957069243,6149.563232024119,0.2913026933534325
591,7.863724156791967,0.3020689759955375,13.209224993345893,0.5523062483364733,13611.637619586147,0.15290940489653682,6839.947386889662,0.8666228224080519
592,7.793249958426894,0.2629166435704966,11.746965523762258,0.18674138094056436,13692.255017162664,0.17306375429066634,6165.381684272115,0.30448473689342925
593,7.440901894886429,0.06716771938134936,13.17560206709502,0.543900516773755,14185.54794468271,0.2963869861706776,6422.833807348682,0.5190281727905686
594,8.112858943055913,0.4404771905866183,11.895617733781558,0.22390443344538957,13210.090367552973,0.052522591888243486,5971.937154016182,0.1432809616801516
595,8.686720959120048,0.7592894217333603,12.09439857061311,0.27359964265327774,14815.908834151069,0.453977208537767,6670.670857967636,0.7255590483063632
596,7.546154704116606,0.12564150228700321,11.92986844527945,0.23246711131986242,13503.579559356309,0.12589488983907715,6674.839504828934,0.7290329206907781
597,8.458848995326473,0.6326938862924859,14.200662375160158,0.8001655937900395,14619.803403082518,0.40495085077062953,5953.534854697376,0.12794571224781337
598,9.107163385129148,0.9928685472939712,13.59457981503456,0.6486449537586403,14329.76344052419,0.33244086013104734,6351.351686624559,0.4594597388537991
599,7.636992236648806,0.17610679813822516,12.07822703105666,0.26955675776416466,16741.485920642728,0.9353714801606818,6533.686516115253,0.6114054300960443
600,8.194576215550963,0.4858756753060912,12.649831444120188,0.4124578610300471,16501.173926954998,0.8752934817387498,6179.612928022457,0.31634410668538093
601,8.372584518517108,0.5847691769539494,11.533990475966355,0.13349761899158885,16424.62879390497,0.8561571984762422,6138.742120571603,0.2822851004763359
602,8.627675776693861,0.7264865426077008,14.104431709919323,0.7761079274798308,13508.096442846943,0.1270241107117358,6938.193260633215,0.9484943838610123
603,7.51681966666128,0.10934425925626645,12.360306245601292,0.34007656140032283,16381.461434822757,0.8453653587056893,6228.125810338123,0.35677150861510276
604,8.374149247626857,0.5856384709038096,11.289398963228916,0.07234974080722889,16646.583656363364,0.9116459140908413,5879.941425672533,0.06661785472711079
605,7.9799265567341875,0.3666258648523265,11.00854166752279,0.002135416880697627,14776.897680947663,0.44422442023691566,6851.847659751325,0.8765397164594381
606,8.098959337884844,0.4327551877138024,13.232507818546674,0.5581269546366684,14012.783777765258,0.25319594444131444,5846.133752240219,0.0384447935335156
607,8.047011915610431,0.40389550867246204,11.735572656531835,0.18389316413295875,16205.572631110588,0.801393157777647,6517.464226518546,0.5978868554321217
608,7.472429769229929,0.08468320512773808,14.429887952233143,0.8574719880582858,15124.885360048964,0.531221340012241,5868.111043987878,0.056759203323231144
609,7.5573312612122,0.1318507006734445,12.781322585855012,0.445330646463753,16014.16712760054,0.7535417819001348,6225.151952504,0.3542932937533333
610,9.11168745088515,0.9953819171584167,14.791111149683383,0.9477777874208456,13703.09916955038,0.1757747923875952,6846.524649231568,0.87210387435964
611,8.438238741651459,0.6212437453619213,12.832171670812958,0.45804291770323946,15818.69509372661,0.7046737734316525,5818.85062203555,0.015708851696291548
612,7.39758347588627,0.04310193104792781,13.203114301446512,0.5507785753616278,16776.870154284778,0.9442175385711943,6362.780393068197,0.4689836608901635
613,7.371861257388869,0.0288118096604828,13.507749067317937,0.6269372668294843,15950.286676643778,0.7375716691609446,5853.742764000268,0.04478563666688973
614,8.981104397252983,0.9228357762516578,14.197244848095284,0.799311212023821,14386.915290981835,0.3467288227454587,5893.287351330352,0.0777394594419597
615,8.805975712495268,0.8255420624973714,13.587377627295343,0.6468444068238359,16724.98696008118,0.9312467400202954,5944.683782048491,0.12056981837374203
616,7.747136259677628,0.23729792204312683,11.70256422830769,0.17564105707692224,14854.080107631908,0.463520026907977,5818.574819144914,0.015479015954095066
617,8.617715759387591,0.7209531996597737,14.302346747792665,0.8255866869481663,16827.01648258775,0.9567541206469382,6917.751876602607,0.9314598971688388
618,8.220895436326233,0.5004974646256846,11.254302169531238,0.06357554238280949,16184.319076560709,0.7960797691401771,6211.534074796362,0.34294506233030164
619,7.847540888305568,0.2930782712808714,13.89838613959134,0.724596534897835,14570.586256320319,0.3926465640800796,6490.799611643255,0.5756663430360459
620,8.960423960674552,0.9113466448191962,13.149054486349996,0.537263621587499,14708.041198668921,0.4270102996672305,5824.900519995746,0.020750433329788542
621,8.731972079157956,0.7844289328655312,13.13839682903216,0.53459920725804,16193.699797368545,0.7984249493421363,6156.963375308884,0.29746947942407
622,8.795978505478683,0.8199880585992682,12.238466558927552,0.30961663973188824,15658.162480163119,0.66454062004078,6447.323427367762,0.5394361894731348
623,7.394182188838598,0.04121232713255407,14.85375919371049,0.9634397984276224,15432.559231065712,0.6081398077664281,5893.551442995394,0.07795953582949455
624,7.487286241882636,0.09293680104590885,11.235647038621291,0.058911759655322915,14167.998410052089,0.29199960251302237,6626.7784065602145,0.6889820054668454
625,7.416618659911917,0.05367703328439788,14.328853853957131,0.8322134634892829,13961.046216552595,0.24026155413814865,6988.338126290633,0.9902817719088609
626,8.040840718426859,0.4004670657926993,12.242115814061172,0.31052895351529297,13702.247977956673,0.1755619944891682,6046.179250277635,0.20514937523136267
627,8.708145801357826,0.7711921118654599,11.318634541418385,0.07965863535459639,14103.668421550165,0.27591710538754133,6775.71817018509,0.8130984751542413
628,7.472475374541041,0.08470854141168915,11.72638635410426,0.1815965885260652,14934.12586990341,0.4835314674758524,6334.891815877297,0.44574317989774725
629,8.137052156494015,0.4539178647188975,12.080258758482685,0.2700646896206713,14490.823633194579,0.3727059082986448,6049.685119938485,0.20807093328207027
630,8.000044275274002,0.3778023751522237,14.41120949598308,0.85280237399577,14971.738843034165,0.49293471075854134,5935.963696113738,0.11330308009478118
631,7.752712086156972,0.24039560342054012,13.656042139171081,0.6640105347927703,15830.531778718736,0.707632944679684,6070.240238050363,0.22520019837530247
632,8.547769271324285,0.6820940396246025,13.803941290280864,0.7009853225702163,16633.17243985065,0.9082931099626625,6454.549617137227,0.5454580142810227
633,8.713918664358808,0.7743992579771155,13.94359340168878,0.7358983504221949,14501.905585018947,0.3754763962547365,5873.8730328455395,0.06156086070461653
634,8.990331880558264,0.9279621558657023,12.51890498047615,0.3797262451190373,14776.53584539661,0.4441339613491524,6516.858877401039,0.5973823978341989
635,8.447389230659331,0.6263273503662955,13.85759852649427,0.7143996316235673,16125.086013163707,0.7812715032909268,6796.951595964134,0.830792996636778
636,8.65086207104864,0.7393678172492449,14.932502834325636,0.9831257085814088,15340.067492116414,0.5850168730291034,6256.122856708532,0.3801023805904431
637,7.325136943687977,0.0028538576044314645,14.96068762012125,0.9901719050303126,14492.092003354574,0.37302300083864337,6504.320463269929,0.5869337193916077
638,9.10549290495677,0.9919405027537618,14.362149575184272,0.840537393796068,16980.906129579278,0.9952265323948191,6043.618000024961,0.2030150000208002
639,8.24719448749231,0.5151080486068388,13.994969733509755,0.7487424333774386,14594.64275032291,0.3986606875807276,5905.592921560161,0.08799410130013396
640,8.694110159867467,0.763394533259704,11.042837075940236,0.010709268985059084,16868.258796822513,0.9670646992056277,6781.398367301117,0.8178319727509307
641,8.064771242112089,0.4137618011733831,13.139583533121488,0.5348958832803719,15511.860035183385,0.627965008795846,6764.216880955122,0.8035140674626022
642,7.997192401317843,0.37621800073213507,11.28991385710037,0.07247846427509241,15006.883967896096,0.501720991974024,6711.665632825185,0.7597213606876536
643,8.393077322362712,0.5961540679792852,14.223013221195963,0.8057533052989905,15853.610135813971,0.7134025339534928,6210.048166478701,0.3417068053989174
644,9.069922650790154,0.9721792504389749,12.48515012469487,0.3712875311737177,15254.929094622405,0.5637322736556012,6773.456146894446,0.8112134557453712
645,8.082881945806307,0.42382330322572637,14.468969443310593,0.8672423608276483,13890.370023661031,0.2225925059152578,6667.4047170670465,0.7228372642225388
646,8.96088364055518,0.9116020225306557,13.409428780306515,0.6023571950766285,15875.532918000175,0.7188832295000438,6845.538638065574,0.8712821983879778
647,8.590644666680067,0.7059137037111485,13.074304642444034,0.5185761606110082,15736.495508254193,0.6841238770635485,5921.180799514132,0.10098399959510962
648,8.957180359701736,0.9095446442787425,12.456058276514929,0.3640145691287323,16705.962735181594,0.9264906837953989,6126.879917355298,0.27239993112941463
649,7.7794495388722815,0.2552497438179344,11.57351368158023,0.14337842039505766,16360.396436744326,0.8400991091860812,5859.9856651292885,0.04998805427440678
650,7.359826735139485,0.022125963966380557,14.322690572267303,0.8306726430668258,14139.485851987898,0.28487146299697463,5877.559794285927,0.06463316190493917
651,8.070791016578818,0.4171061203215658,12.284017345433613,0.3210043363584032,14480.585097161933,0.3701462742904831,6898.216256421595,0.9151802136846627
652,8.29064870196125,0.5392492788673606,13.798953290224324,0.699738322556081,13937.470392571753,0.2343675981429384,5969.702701570398,0.1414189179753318
653,8.194930985463508,0.486072769701949,11.49498350759846,0.12374587689961514,13142.608548562783,0.035652137140695817,6974.713455434363,0.978927879528636
654,7.8147864008443655,0.2748813338024251,14.975032728961697,0.9937581822404241,15431.832139144906,0.6079580347862267,6905.634636857527,0.9213621973812728
655,8.447436977874588,0.6263538765969933,12.674051914167334,0.41851297854183356,14318.552915525013,0.3296382288812534,6094.672867650095,0.24556072304174592
656,7.796776693346789,0.2648759407482164,14.718760022425926,0.9296900056064814,15341.27635498148,0.5853190887453703,6591.876297702065,0.659896914751721
657,8.886060922247054,0.870033845692808,13.294543235888543,0.573635808972136,15091.674442608657,0.5229186106521643,6514.318900576971,0.5952657504808088
658,8.258744590873276,0.5215247727073756,11.006474715148151,0.0016186787870379193,13604.298345186156,0.15107458629653914,6687.853679756791,0.7398780664639926
659,7.922962191194759,0.3349789951081993,14.492387794507025,0.8730969486267562,14127.16792839161,0.2817919820979021,5999.567348468574,0.16630612372381204
660,8.1445552310551,0.4580862394750561,11.24144825658472,0.06036206414617995,15537.792431563748,0.634448107890937,6574.1767201344355,0.6451472667786965
661,7.393976040066424,0.04109780003690233,13.83758199019474,0.709395497548685,13121.046462194372,0.030261615548592857,6842.99022762509,0.869158523020908
662,9.022876488205542,0.9460424934475239,12.209515894012025,0.302378973503006,16425.85616913225,0.8564640422830622,6657.346284633746,0.7144552371947885
663,8.666317008403722,0.7479538935576233,14.091567437686903,0.7728918594217258,16356.184520318238,0.8390461300795596,6790.904581606947,0.8257538180057893
664,7.551955542368572,0.1288641902047618,13.825963030571499,0.7064907576428747,15126.068111215362,0.5315170278038406,6828.282951656483,0.856902459713736
665,7.485450548905483,0.0919169716141569,11.34642768962534,0.08660692240633527,14112.990000448652,0.27824750011216304,6535.041520868387,0.6125346007236561
666,7.975569997205918,0.364205554003288,11.55867414362466,0.13966853590616501,16134.388377195522,0.7835970942988805,6289.00056249832,0.4075004687485999
667,7.657788517949485,0.18766028774971377,14.639335649218632,0.9098339123046579,14829.764563687098,0.45744114092177457,6225.896804862994,0.3549140040524946
668,9.00407912029659,0.9355995112758834,14.79999315025927,0.9499982875648177,16408.576320497712,0.8521440801244275,6859.446704587535,0.8828722538229465
669,8.266945844208301,0.526081024560167,11.178953454597167,0.04473836364929151,15883.486859059409,0.7208717147648521,6796.261127935408,0.8302176066128397
670,8.534858422101145,0.6749213456117478,14.58430157182409,0.8960753929560227,16038.706972877768,0.7596767432194421,6371.664443861726,0.47638703655143844
671,8.90875341435014,0.8826407857500786,11.272988854915514,0.06824721372887865,13536.048455872178,0.1340121139680447,6450.437018231042,0.5420308485258685
672,9.080986476700149,0.9783258203889724,12.196669783732888,0.2991674459332222,14615.167501466041,0.4037918753665105,6301.135675768628,0.41761306314052304
673,7.512744225209943,0.10708012511663478,12.19452049082496,0.29863012270624,14668.34733410648,0.4170868335266201,6779.699896513382,0.8164165804278181
674,7.363861147737217,0.024367304298453685,14.599313082152033,0.8998282705380084,13759.173158736343,0.18979328968408582,6735.952740420118,0.7799606170167647
675,9.077412796195908,0.9763404423310609,14.214515243899061,0.8036288109747651,16565.268683900656,0.8913171709751643,6976.166779032612,0.9801389825271764
676,7.899591397865944,0.32199522103663525,14.404018379916648,0.8510045949791621,16232.972147399032,0.8082430368497583,6004.411656226677,0.17034304685556434
677,7.481422872218514,0.08967937345472954,14.220884576196736,0.8052211440491841,14961.11819483836,0.4902795487095899,6341.151647408042,0.4509597061733679
678,8.36854861472128,0.5825270081784891,13.773473673996675,0.6933684184991687,14482.69843725149,0.37067460931287255,6346.2124743615495,0.45517706196795793
679,7.508779573872674,0.10487754104037472,12.961508216734167,0.4903770541835418,16275.919994529275,0.818979998632319,6623.760476566453,0.6864670638053775
680,9.03991449572203,0.9555080531789056,13.709998355371397,0.677499588842849,14671.233620495066,0.4178084051237665,6942.961739802239,0.952468116501866
681,8.458116473245713,0.632286929580952,11.424444974041336,0.10611124351033407,16590.070492156545,0.8975176230391365,6638.323305096019,0.6986027542466825
682,7.3787697205348195,0.03264984474156618,11.635359864217506,0.15883996605437667,15666.286656901273,0.666571664225318,6188.177237728993,0.32348103144082696
683,7.442204778513495,0.06789154361860794,14.436686441590343,0.8591716103975855,13595.720964888114,0.1489302412220287,6497.746459414325,0.5814553828452708
684,7.538278364241867,0.121265757912148,14.652405454444668,0.9131013636111673,15424.221303045295,0.6060553257613237,6924.600024666362,0.9371666872219679
685,9.111011201157172,0.995006222865096,14.789868745424368,0.9474671863560918,13449.070616792007,0.11226765419800178,6929.524162549025,0.9412701354575213
686,7.725469113463475,0.22526061859081992,11.658108495853753,0.16452712396343816,13777.41588838115,0.1943539720952876,6495.8504063368,0.5798753386140002
687,7.599075862668881,0.15504214592715604,12.973685740284793,0.4934214350711985,15481.761914069315,0.6204404785173286,6505.13895553057,0.5876157962754747
688,7.7562852168353,0.24238067601961133,12.91417658022911,0.4785441450572775,14390.869316660841,0.34771732916521014,6455.844639012859,0.546537199177383
689,8.863954826602063,0.8577526814455909,11.161715025822204,0.040428756455550774,16336.0898177479,0.834022454436975,6106.788631706526,0.2556571930887719
690,7.906681655327386,0.32593425295965894,12.611621982397423,0.4029054955993556,16709.295268653903,0.9273238171634758,6869.6448231583645,0.8913706859653037
691,7.426780730395228,0.05932262799734889,13.154883424969135,0.5387208562422839,13198.885448929417,0.04972136223235435,6962.896637987042,0.9690805316558682
692,7.40034465965179,0.04463592202877176,13.428932729331216,0.6072331823328037,16097.177981054527,0.7742944952636316,6869.27048739073,0.8910587394922742
693,8.73716211625813,0.7873122868100729,12.911073638638253,0.47776840965956324,15545.783878814793,0.6364459697036982,6320.405502970839,0.43367125247569893
694,7.92151933931454,0.33417741073030005,14.804610242499718,0.9511525606249296,14253.952773655143,0.3134881934137854,6332.801343788262,0.4440011198235515
695,7.848184544909846,0.2934358582832479,11.918606175158018,0.2296515437895048,13523.591787421446,0.1308979468553615,6760.031984202143,0.8000266535017853
696,9.111514896272666,0.9952860534848154,13.000123394437413,0.5000308486093534,14850.260463888142,0.46256511597203565,6186.332695005675,0.32194391250472965
697,8.941597779878439,0.9008876554880216,12.874950291235761,0.46873757280894013,16757.910608853017,0.9394776522132543,5804.513833061072,0.0037615275508927626
698,8.103625972598552,0.43534776255475094,13.852179203048433,0.7130448007621083,14554.62183291578,0.3886554582289451,6235.104816268203,0.362587346890169
699,7.497227781471452,0.09845987859525074,11.889869630754855,0.22246740768871398,14245.27301688072,0.3113182542201799,6510.910737085999,0.5924256142383327
700,7.574863301197518,0.14159072288750985,11.400566378809568,0.10014159470239203,15526.036630644112,0.6315091576610279,5909.702740546061,0.09141895045505088
701,7.59972156672859,0.15540087040477235,11.650944832379619,0.16273620809490486,16336.416572167705,0.8341041430419264,6145.228627656668,0.287690523047224
702,9.048525572613716,0.9602919847853981,14.223948678281836,0.8059871695704592,15587.678861174973,0.6469197152937429,6955.170749296358,0.9626422910802982
703,7.711539091550365,0.21752171752798044,13.933326671913354,0.7333316679783387,15004.82679300548,0.5012066982513702,5935.813880045062,0.11317823337088528
704,7.772136730751455,0.2511870726396971,11.40282985461784,0.10070746365445993,13939.031615067479,0.23475790376686978,5915.519893596358,0.09626657799696525
705,7.387101045246059,0.03727835847003258,14.165938187830758,0.7914845469576895,15759.910217435072,0.6899775543587681,6631.228236068314,0.6926901967235951
706,7.697760273872695,0.20986681881816371,12.65310471239246,0.41327617809811523,16256.948557659967,0.8142371394149919,6976.704940032213,0.9805874500268444
707,7.346403547109329,0.014668637282960306,14.300688754489913,0.8251721886224783,15672.623784632433,0.6681559461581082,6978.42443740309,0.9820203645025756
708,8.009867824147813,0.38325990230434015,14.87533086099888,0.9688327152497199,14965.745342597787,0.49143633564944667,6168.658927350175,0.30721577279181267
709,7.92429458391463,0.3357192132859057,14.423389572818271,0.8558473932045677,14383.1289649372,0.3457822412343,6436.749463211433,0.5306245526761942
710,8.11796301611405,0.4433127867300277,12.917015473954114,0.47925386848852847,13040.382829926346,0.010095707481586391,6906.364890039172,0.9219707416993097
711,7.643814567389066,0.17989698188281467,12.735450967978915,0.43386274199472885,16156.90374605699,0.7892259365142477,6121.995894184768,0.2683299118206398
712,8.985176242872534,0.9250979127069635,13.022727025173772,0.5056817562934428,15025.555887850926,0.5063889719627311,5842.126278017755,0.035105231681462734
713,8.972915541689682,0.9182864120498238,12.84630411655091,0.46157602913772733,15169.074649580754,0.5422686623951887,6309.094031573138,0.4242450263109484
714,8.864959787476366,0.8583109930424256,12.231564506120687,0.3078911265301716,15189.522405511161,0.5473806013777901,6553.014391162906,0.6275119926357551
715,7.7155905690507325,0.21977253836151822,12.826974098828517,0.4567435247071291,13649.57931502947,0.16239482875736766,6074.708805062776,0.2289240042189804
716,9.062650442142477,0.968139134523599,13.309982037283717,0.5774955093209295,16340.689589980999,0.8351723974952499,6358.328467533798,0.46527372294483205
717,8.872126469031679,0.8622924827953772,11.663702544611832,0.16592563615295797,14765.319888231505,0.44132997205787616,6078.6644421723095,0.23222036847692473
718,7.946997748576069,0.34833208254226056,13.746149243230033,0.6865373108075082,13072.946751315603,0.018236687828900755,6882.470236355,0.9020585302958342
719,7.9499193942521895,0.3499552190289943,11.268653653353873,0.06716341333846831,14468.466235049178,0.36711655876229454,5963.086215384803,0.13590517948733605
720,8.161768358671305,0.4676490881507248,11.87980387877154,0.21995096969288486,16217.609073551312,0.804402268387828,6989.500463269978,0.9912503860583157
721,7.587077973261306,0.14837665181183668,14.491404082926593,0.872851020731648,16063.670817264048,0.7659177043160119,6179.0578166273,0.3158815138560829
722,8.083982108732686,0.4244345048514918,13.0569077231348,0.5142269307837003,13359.442837534341,0.08986070938358548,5948.325521613096,0.123604601344246
723,7.983273052526932,0.36848502918162873,12.935381301561161,0.4838453253902901,16976.463435084814,0.9941158587712031,6408.172140223729,0.5068101168531072
724,7.567398895952001,0.1374438310844449,11.544648475381944,0.13616211884548612,16347.268008545561,0.8368170021363903,6519.823458991,0.5998528824924997
725,8.749363265783161,0.7940907032128675,13.578332079748792,0.644583019937198,15277.358984314149,0.5693397460785373,6588.851973134885,0.6573766442790712
726,7.368349377507056,0.026860765281697785,11.569709333470882,0.1424273333677204,15564.257772037095,0.6410644430092738,5820.154148566779,0.01679512380564918
727,7.905737618065589,0.32540978781421614,12.113654679517554,0.2784136698793883,13539.519815969086,0.1348799539922716,6747.929905148054,0.7899415876233786
728,7.425346769946557,0.05852598330364289,11.63774128942854,0.15943532235713487,14031.596651262567,0.25789916281564207,5856.167543532766,0.04680628627730543
729,7.67182341665175,0.19545745369541667,12.521239945170938,0.3803099862927346,14046.412237913826,0.26160305947845663,6777.526294076394,0.8146052450636618
730,7.6866881722801805,0.20371565126676672,12.610728923727478,0.4026822309318697,14065.62183642739,0.26640545910684743,5976.597515243673,0.14716459603639453
731,8.53393635459229,0.6744090858846064,12.961804026893317,0.4904510067233292,15040.101560566243,0.5100253901415609,6795.762260538909,0.8298018837824237
732,7.571294109414568,0.13960783856364878,13.025818191901099,0.5064545479752744,16425.9975072909,0.8564993768227248,6510.416424676568,0.5920136872304733
733,8.77020236240498,0.8056679791138784,14.056429717319777,0.764107429329944,15556.446503361729,0.6391116258404322,6119.843622634535,0.26653635219544547
734,8.438964931881802,0.6216471843787791,11.216900134332288,0.05422503358307185,15359.555750619382,0.5898889376548455,6307.233089870667,0.4226942415588889
735,8.058965916480462,0.41053662026692295,12.074514168614398,0.26862854215359944,15659.1803231894,0.6647950807973497,6371.7826580839355,0.4764855484032797
736,8.98915865967517,0.927310366486206,14.379430921326426,0.8448577303316066,14529.747169418613,0.3824367923546531,5882.810780172061,0.06900898347671736
737,8.221354827046966,0.5007526816927586,13.513278099465657,0.6283195248664141,13780.789192454891,0.19519729811372266,6887.573984991966,0.9063116541599724
738,8.255794392912376,0.5198857738402094,14.692618623004536,0.9231546557511341,14464.836425897996,0.366209106474499,6509.141779241238,0.5909514827010311
739,8.81519603221505,0.8306644623416947,12.78568856173843,0.4464221404346076,14729.33965888089,0.4323349147202227,6128.0392447160375,0.27336603726336484
740,9.108777731121855,0.993765406178808,13.181413466002429,0.5453533665006071,16950.674316664303,0.9876685791660753,6564.320435636839,0.6369336963640326
741,8.359173648395782,0.5773186935532121,14.971435199867091,0.992858799966773,13418.869528083427,0.1047173820208569,6095.433800300596,0.24619483358382965
742,8.851683445047527,0.8509352472486265,12.5639620807607,0.390990520190175,13408.932359317296,0.10223308982932389,6191.831811142242,0.3265265092852019
743,7.631487998564509,0.17304888809139407,13.249299687028238,0.5623249217570593,13930.861401004815,0.23271535025120382,6019.915430706273,0.18326285892189365
744,7.735620694407929,0.23090038578218308,14.260716975317584,0.815179243829396,14053.771093895226,0.2634427734738066,5856.973791142664,0.04747815928555277
745,7.554479120770233,0.13026617820568465,12.48268102786369,0.3706702569659224,16341.240619591652,0.8353101548979128,6587.473560539053,0.656227967115878
746,8.39125725724954,0.5951429206941888,11.458813988429053,0.11470349710726313,13384.766304685907,0.09619157617147667,5922.63454273304,0.1021954522775328
747,7.7267053501261636,0.22594741673675733,14.111743181893846,0.7779357954734617,14129.14181049444,0.28228545262361004,6721.50604690105,0.7679217057508743
748,7.793075327343244,0.262819626301802,11.87441399536787,0.21860349884196784,16683.504213006127,0.9208760532515314,6208.759578953397,0.34063298246116447
749,8.082502407465464,0.4236124485919246,12.996739493427295,0.49918487335682393,14135.040499819896,0.2837601249549738,6998.677957033998,0.9988982975283315
750,7.772896376721673,0.25160909817870714,11.19459484889509,0.04864871222377243,15991.753520468104,0.7479383801170258,6521.590311670088,0.6013252597250739
751,7.445524947363283,0.06973608186849012,14.709047590059821,0.9272618975149556,15486.968279920591,0.6217420699801479,6800.54252333077,0.833785436108975
752,7.44420113329071,0.06900062960594955,14.40106347045511,0.8502658676137775,14037.445935974163,0.25936148399354053,6604.923606591435,0.6707696721595291
753,8.426430518757353,0.6146836215318633,14.316237536681228,0.8290593841703072,14744.348478449037,0.4360871196122593,6945.913709168344,0.9549280909736201
754,7.488072885834073,0.09337382546337358,12.113501838222628,0.27837545955565735,13657.691280350778,0.16442282008769482,5873.960869612496,0.061634058010412995
755,8.65650537525285,0.7425029862515838,13.326823162907932,0.5817057907269828,16651.83708834446,0.9129592720861144,5894.709875604836,0.07892489633736377
756,7.673221055268374,0.19623391959354086,14.147410847123401,0.7868527117808503,15104.27901691995,0.5260697542299876,6634.2961163223035,0.6952467636019197
757,7.831126662499957,0.2839592569444209,14.024281237264896,0.7560703093162239,15450.205741385747,0.6125514353464371,6317.469955291254,0.4312249627427117
758,7.916544535598323,0.3314136308879575,13.256858970809713,0.564214742702428,13560.829950222802,0.14020748755570056,6597.737094959728,0.6647809124664403
759,8.188971929280221,0.4827621829334562,11.081915296080348,0.02047882402008705,14836.323438986026,0.45908085974650636,6320.21407228367,0.43351172690305895
760,7.370503742515354,0.028057634730752512,14.61111104687858,0.9027777617196453,14810.996361352205,0.4527490903380512,6653.952436945545,0.7116270307879541
761,8.696900260032521,0.7649445889069563,14.71345746805444,0.9283643670136097,16545.16312332537,0.8862907808313418,6821.077668615736,0.8508980571797797
762,8.801244644193613,0.8229136912186745,13.221745013262147,0.5554362533155369,13343.442263906256,0.08586056597656389,6187.468527229411,0.3228904393578427
763,8.91263273095813,0.8847959616434062,14.302128526152716,0.8255321315381791,14242.609137752663,0.3106522844381656,6359.142832724696,0.4659523606039129
764,7.911964119442045,0.3288689552455808,12.397427721730184,0.3493569304325458,13253.243823320208,0.0633109558300523,6822.80155270125,0.8523346272510419
765,8.952764648704564,0.9070914715025358,14.436243714774674,0.8590609286936687,13555.69663695846,0.1389241592396152,6837.545508545053,0.8646212571208775
766,8.944196328767998,0.9023312937599987,12.324693740718429,0.3311734351796073,15230.488913759411,0.5576222284398525,6787.24514836856,0.8227042903071331
767,7.8342551826735,0.2856973237075,11.38606346844061,0.09651586711015281,15265.128203662865,0.5662820509157164,6774.093236604348,0.8117443638369565
768,9.068672139158595,0.9714845217547756,14.53153421042722,0.882883552606805,13564.850801789993,0.14121270044749812,6994.69290758571,0.9955774229880916
769,9.044658037036216,0.9581433539090094,11.271202081339608,0.06780052033490191,13641.94637799467,0.1604865944986673,6262.258996748886,0.3852158306240714
770,8.190624898922646,0.4836804994014705,13.485612816015843,0.6214032040039609,16341.921143424484,0.8354802858561212,5892.866584562667,0.07738882046888951
771,8.105923550824302,0.43662419490239046,14.526041172752072,0.8815102931880178,13784.086533824537,0.19602163345613421,6570.691354695778,0.6422427955798148
772,8.487996677401608,0.6488870430008937,14.469502492235437,0.8673756230588593,16434.657627378998,0.8586644068447498,6757.23222137231,0.7976935178102582
773,8.781174964992866,0.8117638694404817,11.553957824000854,0.13848945600021356,16535.75491140023,0.8839387278500573,5846.123345721087,0.03843612143423947
774,8.555402969907375,0.6863349832818753,14.04066471515247,0.7601661787881177,13481.998794374043,0.12049969859351106,5861.072322992861,0.05089360249405028
775,8.399878107008924,0.5999322816716249,13.39349934923766,0.5983748373094149,13547.473582238683,0.13686839555967067,6638.931812576554,0.6991098438137947
776,7.579148875279991,0.14397159737777232,12.370220458176146,0.3425551145440364,15558.912081193905,0.6397280202984761,5920.956478036919,0.10079706503076624
777,8.255686537774046,0.5198258543189146,13.75941032154537,0.6898525803863428,13702.092543298199,0.1755231358245497,6024.545538470642,0.18712128205886802
778,8.277114344950212,0.5317301916390061,13.051420125486722,0.5128550313716805,13699.679457981621,0.17491986449540553,6514.417199752571,0.5953476664604755
779,7.782187048318194,0.25677058239899675,11.4312289617356,0.10780724043390011,16755.354895808414,0.9388387239521033,6371.023069068575,0.47585255755714573
780,8.721876972604838,0.7788205403360214,12.09448258298907,0.2736206457472672,15621.339367200126,0.6553348418000312,6370.665661072611,0.47555471756050904
781,7.826069438537185,0.28114968807621354,13.75850363382911,0.6896259084572772,16210.840170815763,0.802710042703941,6108.261244535435,0.2568843704461957
782,8.441088338789756,0.6228268548831981,14.448219274248283,0.8620548185620707,15004.573271691836,0.501143317922959,6062.004973750754,0.21833747812562887
783,8.580888679979516,0.7004937110997318,13.994637386072316,0.7486593465180789,14049.479426792994,0.2623698566982483,5936.300822346467,0.11358401862205547
784,8.547220096351314,0.6817889424173965,12.908695201907724,0.4771738004769309,16509.68154900159,0.8774203872503977,5880.262764552602,0.06688563712716844
785,8.631213540101887,0.7284519667232712,13.80491260592931,0.7012281514823274,16810.289597808925,0.952572399452231,6038.243571610193,0.19853630967516078
786,8.762458640748603,0.8013659115270018,11.217990300372001,0.05449757509300024,13893.666428069353,0.22341660701733823,6215.62416325813,0.34635346938177436
787,7.71787278216268,0.22104043453482225,11.316664436604846,0.07916610915121158,14160.805055729317,0.29020126393232926,6189.769633334538,0.3248080277787818
788,7.49448683147048,0.09693712859471115,14.437450845147591,0.8593627112868977,15057.369831637949,0.5143424579094874,5881.931416418127,0.06827618034843874
789,7.321423416988352,0.0007907872157505436,11.810755840076677,0.20268896001916936,15156.092922584965,0.5390232306462412,6115.8434325019525,0.26320286041829366
790,8.872750102648375,0.8626389459157645,14.34660095769173,0.8366502394229327,14388.710347078646,0.3471775867696615,6820.046290305979,0.8500385752549823
791,8.417328077385452,0.6096267096585848,11.688695367811292,0.1721738419528227,13239.48840506778,0.05987210126694498,6117.31052562592,0.2644254380215998
792,7.968979040919758,0.3605439116220881,13.135751571885148,0.5339378929712868,14668.51633691513,0.4171290842287826,6137.445494957302,0.28120457913108465
793,8.332881882987206,0.5627121572151139,13.161577659660962,0.5403944149152403,16880.8107354441,0.9702026838610252,6578.77920010106,0.6489826667508839
794,8.262856372353435,0.5238090957519078,11.098235060435474,0.024558765108868452,15822.416471842658,0.7056041179606648,6705.134533939754,0.754278778283128
795,7.3692001657664035,0.027333425425779656,14.851556847374953,0.9628892118437381,13685.350165709035,0.17133754142725854,6364.755011866709,0.47062917655559056
796,8.22443421444387,0.5024634524688161,14.876179298947703,0.9690448247369258,16942.148016758667,0.9855370041896665,5865.542835218181,0.05461902934848384
797,9.093617723435234,0.9853431796862411,13.414601100667186,0.6036502751667966,14601.847876096592,0.4004619690241481,6402.09722388223,0.5017476865685245
798,7.54014901352169,0.12230500751205009,13.827260012458405,0.7068150031146012,16052.246069096871,0.7630615172742179,5827.8132611333685,0.02317771761114029
799,8.85059354645269,0.8503297480292724,12.270057075741864,0.31751426893546586,16457.765328455207,0.8644413321138014,5901.436891278437,0.08453074273203043
800,7.5122544175439065,0.10680800974661442,12.51205989002782,0.3780149725069547,14738.962723063632,0.4347406807659082,6543.043504857239,0.6192029207143658
801,8.319945556858235,0.555525309365686,11.822433927363177,0.20560848184079417,15423.529642262474,0.6058824105656184,6696.329543966756,0.7469412866389632
802,8.666836378718012,0.7482424326211178,14.004717893782406,0.7511794734456015,15218.769573507461,0.5546923933768652,5872.850102854908,0.06070841904575641
803,8.32430997483948,0.5579499860219336,13.479850000159017,0.6199625000397543,16036.318078445009,0.7590795196112521,5959.09772404561,0.13258143670467515
804,8.091486472222677,0.42860359567926476,12.621162045983384,0.40529051149584605,16792.058542457104,0.9480146356142763,6134.189794510004,0.2784914954250032
805,9.007413383102815,0.9374518795015637,13.737668213339504,0.6844170533348761,16453.278001799026,0.8633195004497562,6744.246841202284,0.7868723676685696
806,8.661583977549258,0.74532443197181,11.953873196285228,0.23846829907130684,15793.241219423371,0.6983103048558427,6979.043835983119,0.9825365299859321
807,7.584602850197212,0.14700158344289505,14.479527416719439,0.8698818541798595,16595.195922793413,0.8987989806983537,6213.094707764667,0.3442455898038894
808,7.331521279866661,0.006400711037033546,12.275886645752209,0.3189716614380521,13130.496799232818,0.032624199808204635,6950.697051176449,0.9589142093137076
809,7.389504777281102,0.038613765156167545,13.032011169953966,0.5080027924884915,14745.113638474948,0.4362784096187369,6188.507339169303,0.32375611597441956
810,8.963515566307079,0.9130642035039331,12.588927464923067,0.397231866230767,14312.810007119762,0.3282025017799407,6253.982149084156,0.3783184575701297
811,8.383265471730684,0.5907030398503803,12.519931312384188,0.3799828280960469,14634.412022091012,0.40860300552275297,6815.885095778603,0.8465709131488354
812,9.057390699679422,0.9652170553774572,12.723786658268782,0.43094666456719555,16147.727513096192,0.786931878274048,6388.309487367462,0.4902579061395518
813,8.836732150118273,0.8426289722879301,13.953057144325513,0.7382642860813784,14025.117235828386,0.2562793089570964,5807.090659214617,0.005908882678847149
814,8.406295471224235,0.6034974840134639,13.422502746475802,0.6056256866189506,16208.315078161311,0.8020787695403275,6425.588822941948,0.5213240191182902
815,8.516257835817761,0.664587686565423,12.306798756849044,0.32669968921226133,13107.78209217961,0.026945523044902386,6983.706949311581,0.9864224577596514
816,8.335613513760975,0.5642297298672092,12.76480650692159,0.4412016267303972,15045.91260440015,0.5114781511000372,6901.411281262351,0.9178427343852924
817,8.512636272816254,0.6625757071201409,14.937402293142148,0.9843505732855368,15797.356258684855,0.6993390646712138,5907.34543661633,0.08945453051360786
818,9.077261834413303,0.9762565746740572,14.820660675481488,0.9551651688703722,14895.10694656808,0.4737767366420199,6406.277101434443,0.5052309178620358
819,8.287643381289923,0.5375796562721801,13.823495395943175,0.7058738489857938,15358.133600762372,0.5895334001905933,6600.032343118386,0.666693619265322
820,7.735504743312387,0.23083596850688204,13.300464847665538,0.5751162119163846,16840.55410923754,0.9601385273093849,6377.9799225358065,0.48164993544650525
821,8.47814145460614,0.643411919225634,12.471420282561567,0.3678550706403919,15493.303880817108,0.6233259702042769,6486.403770110398,0.5720031417586647
822,7.3865296994314384,0.036960944128576645,14.84160051480058,0.9604001287001452,13848.893968761959,0.21222349219048964,6632.146832985752,0.6934556941547928
823,8.239791120506363,0.5109950669479796,11.376303586737938,0.09407589668448457,15662.862016423793,0.6657155041059482,6183.948703290577,0.31995725274214737
824,8.14956700605888,0.46087055892160045,14.59168163950079,0.8979204098751973,16886.29639432871,0.9715740985821779,6088.684228283761,0.24057019023646686
825,8.653783004464575,0.7409905580358758,14.568036769332748,0.8920091923331871,14271.70265846149,0.3179256646153725,6810.134710079785,0.8417789250664875
826,8.565497587343405,0.6919431040796697,12.811061433436896,0.45276535835922394,15630.148061637581,0.6575370154093951,5813.866520789904,0.011555433991586539
827,8.220189972746823,0.5001055404149017,13.3453035250702,0.5863258812675498,14405.63821787008,0.3514095544675203,6379.879838567969,0.4832331988066412
828,7.972053612347337,0.36225200685963166,12.839757711580042,0.45993942789501063,16374.827313828937,0.8437068284572341,6771.548874335162,0.8096240619459676
829,7.713419115592085,0.2185661753289364,12.284258270526097,0.32106456763152424,14037.852310365019,0.25946307759125475,6111.701913961127,0.25975159496760547
830,7.498143428857578,0.09896857158754324,12.217387693472828,0.3043469233682069,14204.327487501923,0.30108187187548074,5998.886240273806,0.16573853356150503
831,8.465082799060712,0.6361571105892841,11.97917841735837,0.24479460433959244,13855.516271137565,0.21387906778439125,6279.957500232914,0.39996458352742836
832,8.538440088164332,0.6769111600912955,11.762656802103876,0.19066420052596922,13692.906126542903,0.17322653163572588,5962.208986511978,0.135174155426648
833,8.620970503994997,0.7227613911083315,13.817966623404544,0.7044916558511359,13464.605930310676,0.11615148257766883,5952.236749342952,0.12686395778579362
834,9.109421846339385,0.994123247966326,11.711373507277472,0.17784337681936813,13167.642387925216,0.04191059698130384,5863.77699668629,0.05314749723857504
835,8.458786582275192,0.6326592123751063,11.050138192268253,0.012534548067063556,16942.63815377674,0.9856595384441854,6739.725086621505,0.7831042388512548
836,8.286941901658894,0.5371899453660521,14.915705383357169,0.9789263458392924,16368.53801507534,0.8421345037688354,6700.3247111621195,0.7502705926350994
837,7.530918963505787,0.11717720194765935,14.150631350147334,0.7876578375368335,13459.076838571029,0.11476920964275716,6647.827644899164,0.7065230374159697
838,8.226626008145988,0.5036811156366598,13.69014923625569,0.6725373090639225,16413.738443559392,0.853434610889848,6087.583537917644,0.23965294826470318
839,8.068224012069109,0.4156800067050612,11.402512268710744,0.1006280671776858,14737.911133117155,0.43447778327928865,6948.163927271176,0.9568032727259808
840,8.372206029073745,0.5845589050409695,14.958042287707416,0.9895105719268541,16013.437849462207,0.753359462365552,5872.530989862842,0.06044249155236836
841,8.614564564193424,0.719202535663014,13.966990795272709,0.7417476988181771,14310.96857149608,0.3277421428740199,6645.424872397055,0.7045207269975458
842,7.362670823736435,0.02370601318690846,13.677495825082097,0.6693739562705244,13482.522530338001,0.12063063258450024,6729.482595220256,0.7745688293502139
843,8.379598595676812,0.5886658864871182,14.518227496916072,0.8795568742290181,14871.059333153104,0.4677648332882758,6059.568658913899,0.2163072157615824
844,8.051086693552618,0.4061592741958989,12.244288243244293,0.3110720608110733,14466.551682972993,0.3666379207432482,5971.198396544308,0.14266533045358976
845,7.613149009902017,0.16286056105667612,13.931058336406943,0.7327645841017357,16444.205092039716,0.861051273009929,5833.234768927616,0.027695640773012897
846,7.427269815982249,0.059594342212360485,13.644666978585672,0.661166744646418,13226.943203052833,0.056735800763208166,6871.154366258483,0.8926286385487355
847,7.367464692174382,0.02636927343021178,12.786149760232478,0.4465374400581196,14089.446017068562,0.27236150426714023,6190.895700713576,0.3257464172613129
848,9.072326500643955,0.9735147225799756,12.059327222801132,0.26483180570028286,14002.39176646079,0.2505979416151978,5823.991725992214,0.019993104993511923
849,7.399502620644649,0.0441681225803604,12.657910700314838,0.4144776750787095,13569.205992892976,0.1423014982232439,5828.91018915797,0.024091824298308362
850,9.094943094018674,0.9860794966770421,11.979515783450928,0.24487894586273207,15538.812219243193,0.6347030548107981,6063.25265825382,0.21937721521151676
851,7.757743292105249,0.24319071783624946,11.141414390219623,0.035353597554905636,13217.110537323879,0.05427763433096977,6654.935681394059,0.7124464011617165
852,9.009737267110426,0.9387429261724591,13.063632360416737,0.5159080901041841,13165.789104670737,0.0414472761676844,6289.870922231496,0.4082257685262467
853,8.433666668411723,0.61870370467318,12.183178962504224,0.29579474062605604,15523.728639531431,0.630932159882858,6497.820142226596,0.5815167851888294
854,7.383890484710553,0.03549471372808466,13.488844393563824,0.6222110983909561,15851.331456028998,0.7128328640072498,5979.061066078831,0.149217555065692
855,8.35280964400858,0.573783135560323,13.786826317209812,0.6967065793024529,16689.11926126506,0.9222798153162646,6081.649465710452,0.23470788809204346
856,8.920538152702676,0.8891878626125986,14.373056335890961,0.8432640839727402,14313.190791313915,0.3282976978284786,6166.408160595381,0.3053401338294841
857,7.630612552665362,0.1725625292585341,12.995014096857702,0.49875352421442554,15122.306330840023,0.5305765827100059,6596.318451575151,0.6635987096459592
858,8.62321160273053,0.7240064459614054,13.033034438655488,0.5082586096638717,14970.932710955974,0.4927331777389934,6089.19251061708,0.24099375884756669
859,8.488524394175304,0.6491802189862798,11.709058793816936,0.17726469845423387,15436.120640739195,0.6090301601847986,6991.512867343972,0.9929273894533106
860,8.39751525288697,0.5986195849372061,12.515697564984182,0.3789243912460455,13688.349842348107,0.1720874605870265,6605.494888851907,0.6712457407099223
861,7.426896971824158,0.05938720656897678,12.667935623365759,0.41698390584143963,15755.467346788204,0.6888668366970508,5831.404376561405,0.026170313801171297
862,8.525343814698738,0.6696354526104106,14.631584560360753,0.9078961400901885,13528.945555868437,0.1322363889671091,6580.954498391876,0.650795415326563
863,7.7534206900747895,0.2407892722637719,14.540522622259758,0.8851306555649393,13139.862533635056,0.03496563340876413,6461.212846163424,0.5510107051361864
864,7.528629113966967,0.1159050633149814,14.9643711485643,0.9910927871410748,15877.486535503383,0.7193716338758459,5888.061015360596,0.07338417946716302
865,7.465927883666266,0.08107104648125907,14.473765629814514,0.8684414074536284,14069.904083171616,0.2674760207929041,5847.935798358227,0.03994649863185551
866,8.923589737528733,0.8908831875159633,12.875648181894126,0.4689120454735315,13381.63597837959,0.09540899459489771,6234.253437843775,0.36187786486981277
867,8.196931007882364,0.4871838932679802,14.477987273975044,0.869496818493761,16910.42025300793,0.9776050632519832,6556.135283541625,0.6301127362846869
868,7.440685178778115,0.06704732154339732,14.545837083821294,0.8864592709553235,15268.554024071575,0.5671385060178935,6412.466233506795,0.5103885279223296
869,7.602339519386941,0.15685528854830078,13.880374503000107,0.7200936257500269,15474.48272364988,0.61862068091247,6439.441828248411,0.5328681902070093
870,7.329089247030829,0.00504958168379388,12.97326944041841,0.49331736010460225,15357.389207430353,0.5893473018575883,6015.274962069926,0.17939580172493808
871,7.5901789121418854,0.15009939563438068,13.67664597171315,0.6691614929282872,16241.564052148151,0.810391013037038,5997.812192087454,0.16484349340621163
872,8.42179404412064,0.6121078022892449,12.20852736763371,0.3021318419084278,16123.074708713804,0.7807686771784511,6951.871120594799,0.959892600495666
873,8.918843810756647,0.8882465615314709,13.015908806834165,0.5039772017085411,15601.274078992723,0.6503185197481808,6635.126076194504,0.6959383968287537
874,8.98203437117534,0.923352428430745,11.985874209571918,0.2464685523929796,13904.71824349344,0.2261795608733599,6804.782173130825,0.8373184776090205
875,7.903013852763052,0.32389658486836226,14.113074575918665,0.7782686439796662,16478.18803074344,0.8695470076858596,6589.898542687254,0.6582487855727117
876,7.849024789429728,0.2939026607942933,12.979813569069883,0.4949533922674705,14657.372286446693,0.4143430716116733,6207.622263185916,0.3396852193215969
877,8.158206810896315,0.46567045049795286,11.929172010345125,0.23229300258628116,16980.65118335006,0.9951627958375151,6851.182354231914,0.8759852951932617
878,7.565014090859076,0.1361189393661536,13.220567810811485,0.5551419527028709,16878.657984094683,0.9696644960236708,6868.82108767656,0.8906842397304666
879,8.18968237710836,0.4831568761713113,11.580887082695394,0.14522177067384856,13732.187336409323,0.1830468341023308,5973.099717519301,0.14424976459941707
880,7.338021826981155,0.010012126100641505,11.635668325398042,0.15891708134951044,16964.074531436057,0.9910186328590141,6820.118317464892,0.8500985978874106
881,8.967732227160592,0.9154067928669957,11.103788735773222,0.025947183943305308,16868.717030230528,0.9671792575576318,6797.432310842164,0.8311935923684699
882,8.600714635297697,0.7115081307209429,11.288750606933874,0.07218765173346842,15819.852318030553,0.7049630795076384,5953.10922471933,0.12759102059944205
883,8.386307070288229,0.5923928168267938,12.561628436307327,0.39040710907683174,15966.905335203497,0.7417263338008742,6125.853975612444,0.2715449796770364
884,7.32286166695508,0.0015898149750441792,12.806795419790054,0.4516988549475135,13428.738949863367,0.1071847374658419,5952.707040899412,0.127255867416177
885,8.934949791709899,0.8971943287277216,11.408832631611189,0.10220815790279714,13003.695171573638,0.0009237928934096029,6467.87166679186,0.5565597223265499
886,8.2729649818085,0.5294249898936112,13.954154679432596,0.738538669858149,13580.44397206312,0.1451109930157798,6696.747938337504,0.7472899486145864
887,9.053520965874815,0.9630672032637869,14.85010101103645,0.9625252527591127,14889.112748825437,0.4722781872063593,6085.292080201972,0.23774340016830986
888,7.35916059228785,0.021755884604360953,11.993788969673112,0.24844724241827798,13204.139622207404,0.05103490555185075,6014.128089930929,0.1784400749424404
889,8.656790995692438,0.7426616642735765,13.849077942434715,0.7122694856086789,13288.51110436221,0.07212777609055232,6157.647569571767,0.2980396413098062
890,7.553763829913077,0.12986879439615373,11.679118273784752,0.1697795684461879,14220.601785360739,0.30515044634018496,6470.988143477111,0.5591567862309261
891,8.774987401391497,0.8083263341063875,13.096774631097134,0.5241936577742836,14678.216324352728,0.41955408108818193,6718.373800792344,0.765311500660287
892,7.772268319044952,0.2512601772471956,12.180162979281594,0.2950407448203983,13566.610905573829,0.14165272639345716,6895.33340520709,0.9127778376725756
893,8.918663825147208,0.8881465695262273,11.31302173614508,0.07825543403626989,13582.555969967203,0.1456389924918009,6140.897562911074,0.2840813024258949
894,8.057385214114218,0.409658452285677,13.690113560885795,0.6725283902214486,13544.73635455771,0.13618408863942744,6847.792104267136,0.87316008688928
895,7.474822747413122,0.08601263745173438,14.044572428723328,0.761143107180832,14789.605984986047,0.4474014962465117,6163.068131845481,0.3025567765379007
896,8.976029565232702,0.9200164251292795,11.57554826128022,0.14388706532005513,14840.620543130288,0.46015513578257183,6100.000768649913,0.2500006405415941
897,7.589483376668764,0.14971298703820224,14.377519887387043,0.8443799718467607,15172.234354785422,0.5430585886963554,6243.296753071418,0.3694139608928483
898,8.684187928386724,0.7578821824370694,14.41114080927572,0.8527852023189298,14599.418239438388,0.39985455985959706,6940.976564885839,0.9508138040715328
899,8.088935770626005,0.4271865392366694,12.651746787076398,0.4129366967690996,15494.837218099588,0.623709304524897,6777.574614126916,0.8146455117724295
900,7.468087113637107,0.08227061868728203,12.331946391254931,0.33298659781373285,15590.925113173038,0.6477312782932593,6687.615656696825,0.7396797139140203
901,8.10977873285607,0.4387659626978162,11.927678315556502,0.23191957888912562,16432.20376216523,0.8580509405413075,6030.335678426099,0.19194639868841523
902,8.081592917075586,0.4231071761531038,13.449226224332232,0.6123065560830582,15387.128158419295,0.5967820396048237,6710.246193344732,0.7585384944539432
903,8.916803801694265,0.8871132231634807,12.525211175003552,0.38130279375088816,16557.035953201077,0.8892589883002696,6178.762146031771,0.315635121693143
904,7.52531031568819,0.11406128649343916,11.747289784100651,0.18682244602516296,13051.038356870326,0.012759589217581357,6325.952788258548,0.43829399021545645
905,8.124896948638838,0.44716497146602097,14.508039037708564,0.877009759427141,13082.176844374637,0.020544211093659115,5862.33475907268,0.05194563256056617
906,8.116437600782252,0.44246533376791786,13.174626226208181,0.5436565565520453,15545.401790506252,0.6363504476265629,6788.282626074578,0.8235688550621482
907,8.129126805151492,0.44951489175082904,11.296068882034351,0.07401722050858772,13558.148434156552,0.13953710853913814,6172.747307796164,0.3106227564968034
908,8.560084683329341,0.688935935182968,14.31412764540701,0.8285319113517525,16220.858729244632,0.8052146823111579,6704.006721753938,0.7533389347949484
909,8.716248647560679,0.7756936930892666,13.569528279411031,0.6423820698527579,14898.280891089687,0.4745702227724219,6589.9090597208315,0.6582575497673598
910,7.9189299139467195,0.33273884108151086,12.910736172402524,0.4776840431006312,13725.033491762317,0.18125837294057934,6703.396378779158,0.7528303156492985
911,8.412483195566917,0.6069351086482874,11.395534646498739,0.09888366162468487,16341.734083672865,0.8354335209182161,6686.0788364665395,0.7383990303887826
912,8.32825264337787,0.5601403574321494,14.6949722089271,0.9237430522317748,16682.556473348883,0.9206391183372208,5894.578863352306,0.07881571946025534
913,8.34604354594121,0.570024192189562,13.97063623993786,0.742659059984465,15231.984459040386,0.5579961147600966,6133.186792229159,0.2776556601909663
914,7.373195841297108,0.029553245165060305,14.505974140764362,0.8764935351910907,16094.54648619177,0.7736366215479425,5886.02908364891,0.0716909030407582
915,8.514492866707094,0.6636071481706083,14.728054017751548,0.9320135044378869,16808.233363266674,0.9520583408166682,6436.782945270458,0.5306524543920484
916,8.731132825025847,0.7839626805699158,12.468569734435437,0.36714243360885956,14274.695483069976,0.3186738707674942,6745.413909753953,0.7878449247949607
917,7.975882666568832,0.36437925920490655,11.132772120732088,0.03319303018302189,15551.393640542394,0.6378484101355985,6796.827725977681,0.8306897716480676
918,7.43608947849329,0.0644941547184944,11.429847176575183,0.10746179414379597,16143.424268788453,0.785856067197113,5844.361194472462,0.03696766206038482
919,8.123150324466133,0.44619462470340765,11.170017848856222,0.04250446221405568,14243.6567831993,0.31091419579982504,6825.5514635444315,0.8546262196203597
920,8.121468338101234,0.4452601878340193,12.34787148525255,0.33696787131313743,16567.854854330886,0.8919637135827213,6859.375201958217,0.8828126682985138
921,7.828885449332485,0.28271413851804705,14.35771923667298,0.8394298091682447,15365.591023964093,0.5913977559910232,5944.892468047824,0.12074372337318662
922,8.980858213744243,0.9226990076356911,13.182487709148738,0.5456219272871843,16791.71171646122,0.947927929115305,6946.563175411375,0.955469312842812
923,8.29400663638434,0.5411147979913001,13.804119004053536,0.7010297510133842,15602.779640732999,0.6506949101832494,6139.868540053814,0.28322378337817866
924,8.664909548564058,0.747171971424477,11.752322414320348,0.18808060358008705,15135.184921824695,0.5337962304561737,6828.536156625107,0.8571134638542558
925,7.9223674689776855,0.33464859387649204,14.698002746495543,0.9245006866238858,16479.442454869684,0.8698606137174215,6245.040385642286,0.37086698803523843
926,8.19934978377868,0.488527657654823,12.873251122671096,0.46831278066777393,14474.738420325866,0.3686846050814667,6770.326023387989,0.8086050194899911
927,8.81190400385681,0.8288355576982283,13.1233627729119,0.5308406932279749,16115.622991096006,0.7789057477740015,6646.0910009491145,0.7050758341242617
928,7.960008612087828,0.35556034004879333,11.245769309685961,0.06144232742149058,13975.878770033054,0.2439696925082634,6435.412198053867,0.5295101650448888
929,7.533631303299647,0.11868405738869303,14.38963326647058,0.847408316617645,16845.685830449092,0.9614214576122735,6595.758626722656,0.6631321889355472
930,8.32346327621907,0.557479597899483,12.635217202461433,0.40880430061535833,16848.49873772652,0.9621246844316297,6288.171203638522,0.40680933636543426
931,8.933848237005122,0.8965823538917356,14.514006219363292,0.8785015548408233,16832.515421238157,0.9581288553095392,6831.365912273439,0.8594715935611995
932,7.972163359940598,0.3623129777447771,12.357047296626778,0.3392618241566947,14386.803251856256,0.34670081296406385,6003.228195897892,0.16935682991491008
933,8.872579623872785,0.8625442354848811,14.174225199259665,0.793556299814916,14958.274799023558,0.48956869975588957,6757.107900903031,0.7975899174191928
934,7.942068030388621,0.34559335021590065,12.806864708088598,0.4517161770221497,15030.235487170816,0.5075588717927041,6935.386116465969,0.9461550970549745
935,7.723101565897807,0.22394531438767007,13.575549342612893,0.6438873356532232,14759.660227901286,0.4399150569753213,6177.600852217536,0.31466737684794677
936,8.45123452107823,0.62846362282124,12.054497049675074,0.2636242624187688,16459.246315782348,0.864811578945587,6269.884891463113,0.3915707428859272
937,8.851801640981668,0.8510009116564823,13.795469067132528,0.6988672667831318,14047.999126233584,0.2619997815583961,6734.167464731796,0.7784728872764966
938,8.23961715470526,0.5108984192806993,13.715219275393883,0.6788048188484708,15550.02910953317,0.6375072773832927,6763.424432650164,0.8028536938751368
939,8.158721704800762,0.46595650266709,14.977027366467293,0.9942568416168232,14543.898774715328,0.3859746936788321,6725.628293483962,0.771356911236635
940,8.600779997148907,0.7115444428605042,13.302850128072015,0.5757125320180037,14249.123069157478,0.3122807672893697,6553.872541847536,0.6282271182062801
941,7.453448395813147,0.07413799767397089,11.634904541982184,0.15872613549554604,15359.537678034365,0.5898844195085914,6903.075370821956,0.9192294756849636
942,7.5055369610429485,0.1030760894683046,11.659666797923808,0.164916699480952,15727.710239384725,0.6819275598461813,6334.142700144674,0.4451189167872278
943,8.7575693363624,0.7986496313124447,14.20423838320393,0.8010595958009825,14304.070851796545,0.3260177129491364,5873.585628452073,0.061321357043394364
944,8.820294005741903,0.8334966698566129,14.391311192003842,0.8478277980009605,13950.665986239565,0.23766649655989114,6370.321854544468,0.47526821212038994
945,9.103667411792806,0.9909263398848931,12.063233827923566,0.2658084569808916,13798.118945687174,0.1995297364217936,6326.24989329587,0.4385415777465581
946,8.575062757237603,0.6972570873542244,11.397253628057062,0.0993134070142655,13521.092988218279,0.13027324705456977,6220.213772006772,0.35017814333897646
947,8.182269627027951,0.47903868168219554,14.018513048928675,0.7546282622321686,16193.476051726311,0.7983690129315778,6104.067431857526,0.25338952654793845
948,7.594932532951948,0.15274029608441575,13.619866249684765,0.6549665624211912,15706.796843736169,0.6766992109340422,5943.1269976177055,0.11927249801475481
949,8.736082513901405,0.7867125077230024,11.139040663866517,0.03476016596662901,14349.705123046222,0.33742628076155545,6262.206400754006,0.3851720006283378
950,8.621629396574493,0.7231274425413853,12.518571693893254,0.3796429234733132,14441.02919844145,0.3602572996103628,6533.390034006299,0.6111583616719163
951,7.377845716000028,0.03213650888890418,12.537969345408094,0.3844923363520232,13582.355225540543,0.14558880638513583,5806.67728894746,0.005564407456216447
952,7.981456191190301,0.36747566177238933,13.41492028630755,0.6037300715768877,13008.131017904385,0.002032754476096188,5995.5709200783185,0.16297576673193204
953,8.00160301307298,0.37866834059610055,14.881587488694919,0.9703968721737297,13818.811831572677,0.20470295789316917,6011.039690831865,0.17586640902655448
954,8.510702473092627,0.6615013739403487,14.748353074913004,0.9370882687282508,14985.719533415326,0.49642988335383154,6886.915199338868,0.9057626661157234
955,8.170513265693087,0.4725073698294928,12.57402457233501,0.3935061430837524,14322.776578199166,0.3306941445497915,6162.4871128491895,0.3020725940409915
956,7.689864088041929,0.20548004891218297,11.220522929654123,0.055130732413530614,15727.573981563786,0.6818934953909466,5934.5389939677825,0.1121158283064857
957,7.621379615766104,0.1674331198700575,11.79428541441496,0.1985713536037399,15210.989150060877,0.5527472875152195,6603.164631661852,0.6693038597182096
958,8.868286524708715,0.8601591803937308,13.068111978093127,0.5170279945232817,16766.38744716596,0.9415968617914894,5860.845416258186,0.05070451354848804
959,7.6420458765955726,0.1789143758864291,12.020834758373969,0.2552086895934921,16226.970538995525,0.8067426347488814,6270.110510013997,0.3917587583449974
960,8.686917450417406,0.7593985835652254,13.99309804002654,0.7482745100066349,14696.924904561547,0.42423122614038666,6717.290289157572,0.7644085742979773
961,7.7166587026386,0.22036594591033376,13.12599018980601,0.5314975474515027,14280.840680632557,0.320210170158139,5972.907065929023,0.14408922160751925
962,9.08955109349413,0.9830839408300723,12.723121757407299,0.43078043935182486,14531.685220227298,0.38292130505682453,5937.925593188706,0.11493799432392193
963,7.509956772071427,0.10553154003968146,14.467338646480068,0.8668346616200169,16355.117594540956,0.8387793986352391,6815.710258215849,0.8464252151798739
964,8.579415634100684,0.6996753522781582,11.915036006542579,0.22875900163564444,15497.882255096323,0.6244705637740808,6331.378472619127,0.4428153938492726
965,8.146847212204623,0.4593595623359017,14.964247447409027,0.991061861852257,15751.411608589122,0.6878529021472807,6351.065947442878,0.45922162286906476
966,7.979151022199246,0.3661950123329146,12.876264323227453,0.46906608080686296,14258.263570718605,0.3145658926796515,5879.15412126884,0.0659617677240334
967,8.020041266955554,0.3889118149753078,11.82243044080493,0.2056076102012322,15573.997433050663,0.6434993582626659,6359.760824092393,0.46646735341032697
968,7.6978687361774885,0.20992707565416036,11.138934890098628,0.03473372252465701,15070.350587098688,0.5175876467746718,5824.5742685549685,0.020478557129140484
969,7.414276232142193,0.052375684523440214,12.311738859728422,0.3279347149321057,15212.385002286625,0.5530962505716561,5919.258541613642,0.09938211801136809
970,8.872134450307618,0.8622969168375657,14.221775394487846,0.8054438486219617,16591.512086010902,0.897878021502725,6202.818937751237,0.33568244812603065
971,7.928241076033634,0.3379117089075746,13.504601075869367,0.6261502689673419,16021.575116258442,0.7553937790646104,6967.886652364712,0.9732388769705939
972,8.5287512771649,0.6715284873138343,14.328038331523263,0.8320095828808158,14619.525471309496,0.40488136782737416,6864.463763392388,0.8870531361603232
973,7.690736807147043,0.2059648928594684,11.196495651588656,0.04912391289716389,15836.270899266983,0.7090677248167461,6253.023453724797,0.37751954477066385
974,7.810340359396992,0.2724113107761066,12.053861856067801,0.26346546401695004,13731.75402216721,0.18293850554180247,6499.6591518650275,0.5830492932208564
975,7.650936219321722,0.18385345517873475,13.80775237298343,0.7019380932458575,15794.527896422667,0.698631974105667,5923.991239884498,0.10332603323708212
976,7.718553301248404,0.2214185006935575,13.41686095090335,0.6042152377258377,16826.4327182716,0.9566081795678999,6234.0097426994835,0.3616747855829031
977,7.877807440836327,0.3098930226868486,14.84737648412715,0.9618441210317875,15295.592595616154,0.5738981489040385,6284.588075359167,0.4038233961326396
978,7.918222140937045,0.33234563385391414,14.558444503894899,0.8896111259737246,13426.974521744334,0.10674363043608359,6130.100138551291,0.2750834487927424
979,8.348929195179712,0.5716273306553961,14.3391234422152,0.8347808605538003,13670.010064785189,0.16750251619629708,6228.245308832398,0.35687109069366485
980,8.152647363303988,0.4625818685022155,12.031723875875258,0.2579309689688146,15495.6897905336,0.6239224476334003,6928.168254891109,0.9401402124092577
981,8.811167497097099,0.8284263872761664,11.957628484942932,0.23940712123573282,14075.933383358191,0.2689833458395481,6784.1140661861855,0.8200950551551548
982,8.854187413807773,0.852326341004319,12.297548872012682,0.3243872180031703,16716.554305296515,0.9291385763241287,6859.075973520602,0.8825633112671685
983,8.336035140563906,0.5644639669799483,14.428015710083134,0.8570039275207837,15146.144231234219,0.5365360578085546,6051.066736314147,0.20922228026178924
984,8.041523917047867,0.40084662058214826,14.702549126150949,0.9256372815377372,14022.630211595508,0.25565755289887704,6715.908983027316,0.763257485856097
985,8.05790043480862,0.40994468600478895,11.754107517349723,0.18852687933743062,13558.692647128839,0.1396731617822099,6733.938061555968,0.778281717963306
986,9.06080138024899,0.9671118779161052,13.91676694429424,0.7291917360735601,14468.429846060908,0.367107461515227,6377.172403750232,0.4809770031251933
987,8.68598463824152,0.7588803545786224,11.003392680227774,0.000848170056943709,16524.0805674258,0.8810201418564505,5953.374235017008,0.12781186251417287
988,8.069764562193642,0.416535867885357,12.449324166593172,0.3623310416482929,14504.151510504698,0.37603787762617447,5959.062678790925,0.13255223232577118
989,8.487396150321208,0.6485534168451158,11.766753773184176,0.19168844329604384,16631.766133705813,0.907941533426453,6725.241977116587,0.7710349809304891
990,9.02169474457066,0.9453859692059221,11.40766718806416,0.10191679701604017,13446.2548903254,0.11156372258134994,6972.5446053808355,0.9771205044840295
991,8.073185339554428,0.4184362997524599,14.310220354253685,0.8275550885634214,16197.423680911132,0.799355920227783,6893.135351348388,0.9109461261236572
992,7.947134424755963,0.34840801375331265,14.741058021580574,0.9352645053951434,14665.71974340313,0.4164299358507825,6133.995650597903,0.2783297088315858
993,7.707332511862753,0.2151847288126406,12.674704970894071,0.41867624272351767,16750.453623767993,0.9376134059419984,6303.672928416699,0.41972744034724907
994,8.300266156114443,0.5445923089524682,14.339287617334964,0.8348219043337409,13217.277687397325,0.05431942184933125,5996.290367139483,0.16357530594956982
995,8.32062833129379,0.5559046284965499,12.820675362568936,0.4551688406422342,15326.38709181277,0.5815967729531927,6907.824632680209,0.9231871939001745
996,7.346657354362785,0.014809641312658162,13.151947621359305,0.5379869053398264,14401.156065682224,0.3502890164205561,6794.08270398817,0.8284022533234751
997,8.431856125297923,0.6176978473877357,12.648047149954957,0.41201178748873934,14704.73034044473,0.4261825851111827,6153.916092573686,0.2949300771447382
998,8.332333343779602,0.5624074132108906,14.989476833464437,0.9973692083661094,16382.630243831763,0.845657560957941,6446.475587386797,0.5387296561556645
999,8.481823258291843,0.6454573657176913,11.930214265637325,0.23255356640933134,14628.706805958249,0.4071767014895623,6002.210906663669,0.16850908888639116
1000,8.245919405212701,0.5143996695626121,12.122757311181152,0.280689327795288,13624.764931475675,0.15619123286891878,6228.9779623381655,0.35748163528180454
1001,8.3233112443944,0.5573951357746665,12.214219365032092,0.303554841258023,14478.820765415629,0.3697051913539069,6345.357552517862,0.45446462709821855
1002,8.504241874685583,0.6579121526031021,12.746608713076913,0.4366521782692283,15118.970870038094,0.5297427175095236,6823.708429343012,0.8530903577858429
1003,8.131410602366113,0.4507836679811744,11.670476671828272,0.16761916795706822,14858.69414267351,0.46467353566837755,6766.044833552012,0.8050373612933436
1004,8.679971453444791,0.7555396963582175,13.98920961186656,0.7473024029666399,16501.14946436286,0.875287366090715,6334.2255546952065,0.4451879622460052
1005,8.644806135751908,0.7360034087510609,13.994800272479537,0.7487000681198844,16331.444503191722,0.8328611257979306,5893.212898424157,0.07767741535346451
1006,7.780948045795601,0.2560822476642225,13.704048104663073,0.6760120261657682,16495.612577442498,0.8739031443606248,6409.885084299986,0.5082375702499887
1007,8.860085282080572,0.8556029344892065,12.33822955354351,0.33455738838587734,15479.246775326923,0.6198116938317307,6609.269995078797,0.6743916625656646
1008,8.329589713285383,0.5608831740474354,12.572362788152581,0.39309069703814525,15792.435921290926,0.6981089803227314,6906.204595230752,0.9218371626922929
1009,7.910554272825815,0.3280857071254527,14.463111902642273,0.8657779756605684,16187.280274456374,0.7968200686140933,6094.369057306505,0.24530754775542118
1010,7.478073858156781,0.08781881008710046,13.618273621784617,0.654568405446154,13222.463836881412,0.05561595922035312,6876.451998160479,0.8970433318003995
1011,8.504746993991766,0.65819277443987,12.922083705552122,0.4805209263880307,15058.03754315303,0.5145093857882573,6271.608435240556,0.3930070293671296
1012,9.054741125100932,0.9637450695005184,13.495785074225125,0.6239462685562814,16960.15697537358,0.9900392438433947,6717.238407711623,0.7643653397596861
1013,8.4579134434012,0.6321741352228886,11.029471993251432,0.0073679983128581705,15794.52539843285,0.6986313496082125,5985.644946568447,0.15470412214037288
1014,7.785761643723865,0.25875646873548075,11.143631318916107,0.03590782972902651,13153.14762033987,0.03828690508496768,6141.2255115508015,0.2843545929590009
1015,7.384078803673049,0.03559933537391591,13.72965285234803,0.6824132130870074,13560.375046174802,0.14009376154370057,6739.288588352293,0.7827404902935774
1016,8.167124566662109,0.47062475925672753,14.933171852053604,0.9832929630134011,15426.103121586202,0.6065257803965506,6790.289906086945,0.8252415884057877
1017,8.366007085104297,0.5811150472801652,14.447747408437777,0.8619368521094446,13036.574390246764,0.009143597561691141,6522.232815827698,0.6018606798564152
1018,8.80965275474873,0.8275848637492949,13.892496572429627,0.7231241431074068,16534.455812121574,0.8836139530303931,6611.374780776449,0.6761456506470415
1019,8.168804688823933,0.4715581604577408,13.809383201066218,0.7023458002665547,14713.580021359909,0.4283950053399772,5844.172423668505,0.0368103530570878
1020,8.941835730373224,0.9010198502073478,12.44334227976281,0.3608355699407024,15358.842591789598,0.5897106479473994,6552.306697218838,0.6269222476823648
1021,8.329364806623401,0.5607582259018898,11.031580083191383,0.007895020797845542,15561.865756147115,0.6404664390367791,6788.482428463794,0.8237353570531623
1022,8.893538701549655,0.8741881675275865,13.980641369784205,0.7451603424460516,15706.262872513513,0.6765657181283781,6772.086069173562,0.810071724311301
1023,7.339600944178821,0.010889413432678352,14.906435921629344,0.976608980407336,14592.899264837262,0.3982248162093155,6762.62432317733,0.8021869359811078
1024,7.9907659277552465,0.3726477376418037,11.98480265538208,0.24620066384551964,13144.243261714637,0.03606081542865924,6268.8499438689505,0.3907082865574586
1025,7.926496405928184,0.3369424477378796,12.704992072149917,0.42624801803747936,15451.54943193505,0.6128873579837624,6156.896517449763,0.2974137645414696
1026,8.703419004795958,0.7685661137755319,13.046919765504066,0.5117299413760165,14819.530031973258,0.4548825079933144,6362.234070130143,0.46852839177511896
1027,8.835042147798154,0.8416900821100859,13.476988141157348,0.6192470352893368,13122.467098198606,0.030616774549651282,6228.131907324045,0.3567765894367043
1028,8.276999998391931,0.5316666657732952,11.948567046599175,0.23714176164979373,16619.18741755619,0.904796854389047,6008.401187429723,0.17366765619143576
1029,9.106820916445894,0.992678286914386,11.453327325690523,0.11333183142263092,13685.427607607928,0.17135690190198194,6889.191347862217,0.907659456551848
1030,7.449991058939622,0.07221725496645648,12.051891457959247,0.2629728644898117,13911.233710135219,0.2278084275338047,6436.907698357216,0.5307564152976795
1031,8.384112606226862,0.5911736701260346,14.068712151227832,0.7671780378069578,13526.487975813952,0.13162199395348828,5988.992589633329,0.1574938246944404
1032,9.082796200727175,0.9793312226262089,12.852141419873982,0.4630353549684957,13393.579823712931,0.098394955928233,6082.197099309695,0.23516424942474545
1033,8.445896458158796,0.6254980323104425,13.746910438809541,0.6867276097023853,16156.99328327874,0.7892483208196851,6741.604692719743,0.7846705772664525
1034,7.756826858435909,0.24268158801994955,14.188219984044071,0.7970549960110179,13445.970008778284,0.11149250219457119,5975.9331045785375,0.14661092048211455
1035,7.43243787110606,0.06246548394781137,12.636721766619296,0.4091804416548237,16443.86661228858,0.8609666530721455,6597.59143414327,0.6646595284527247
1036,8.926849284170487,0.8926940467613818,14.659245605511593,0.9148114013778983,14000.056731752282,0.25001418293807065,6841.324939634467,0.8677707830287231
1037,7.635185051526455,0.175102806403586,11.122483665581402,0.030620916395350584,15155.916962720532,0.5389792406801329,5978.902735456716,0.14908561288059685
1038,7.631530611933378,0.1730725621852104,11.175081870781007,0.043770467695251725,14440.822146409904,0.36020553660247623,6595.484877999812,0.6629040649998431
1039,9.059152694114358,0.9661959411746435,12.65240913889623,0.4131022847240574,16367.205370140795,0.8418013425351988,5855.564016310165,0.0463033469251376
1040,9.11727162760065,0.9984842375559163,12.093966699121285,0.2734916747803213,15839.238371273315,0.7098095928183287,6256.593607157291,0.38049467263107606
1041,9.073035159882153,0.973908422156752,13.016653735272483,0.5041634338181207,15326.914708890192,0.5817286772225481,5871.31328094464,0.059427734120532705
1042,8.814966700670508,0.8305370559280606,12.276866940812248,0.31921673520306215,13159.551011248912,0.039887752812228006,6141.985349138416,0.28498779094867943
1043,8.513542232082786,0.66307901782377,11.757209093151978,0.18930227328799454,15739.597798799872,0.6848994496999682,5801.285997565405,0.001071664637836811
1044,8.789542852123551,0.8164126956241954,12.604355415534885,0.4010888538837213,13216.542529244876,0.054135632311219206,6747.797746456082,0.7898314553800678
1045,7.903826538248904,0.3243480768049465,14.09611911156529,0.7740297778913227,14983.640339431422,0.49591008485785537,6876.222262263909,0.8968518852199243
1046,8.50973447720924,0.6609635984495771,11.127695256442124,0.03192381411053069,16328.395457799337,0.8320988644498344,5919.480455494481,0.09956704624540069
1047,7.670697420137667,0.194831900076482,13.380735881900005,0.595183970475001,15482.4585329616,0.6206146332403999,6571.788167324633,0.6431568061038605
1048,9.032584564904607,0.9514358693914488,13.04889027756565,0.5122225693914124,15065.915078080376,0.5164787695200936,6257.424103074998,0.3811867525624981
1049,7.872055008593068,0.306697226996149,14.10460939083823,0.7761523477095574,13104.028982370208,0.026007245592552075,6892.141673660248,0.9101180613835393
1050,7.361435930884769,0.023019961602649408,14.446262025147334,0.8615655062868334,14504.687495159938,0.3761718737899844,6952.439881008573,0.9603665675071441
1051,8.767660340216164,0.8042557445645353,11.02620607841692,0.006551519604229616,15981.22796936848,0.7453069923421197,6792.235305556932,0.826862754630777
1052,7.713945289896068,0.21885849438670446,13.185851277647902,0.5464628194119754,13245.959801770117,0.06148995044252936,6990.163487671748,0.9918029063931233
1053,8.968423704505241,0.9157909469473571,14.698165932271687,0.9245414830679218,16007.601724000346,0.7519004310000862,6384.306666385544,0.4869222219879539
1054,7.505396513085621,0.10299806282534496,14.197494653800362,0.7993736634500905,16245.429381438847,0.8113573453597119,5835.605878000634,0.029671565000528255
1055,7.476133585825461,0.08674088101414501,13.683489988100506,0.6708724970251265,16496.756589003868,0.8741891472509672,6982.061716447659,0.9850514303730487
1056,8.983940203379726,0.9244112240998485,12.04654437513893,0.2616360937847325,15775.480929133248,0.6938702322833119,6783.685785810815,0.8197381548423459
1057,7.980829796697708,0.36712766483206005,13.769003292839047,0.6922508232097617,16155.410981346084,0.7888527453365208,5808.536422014801,0.0071136850123346695
1058,9.054212088430315,0.9634511602390642,11.936268857965723,0.23406721449143075,14437.710028792993,0.35942750719824834,5853.748669369799,0.04479055780816632
1059,9.001039375679024,0.9339107642661247,11.113303789003014,0.028325947250753436,14507.553898914583,0.3768884747286455,6025.79279664732,0.18816066387276675
1060,8.896794603209537,0.8759970017830765,13.631574173598047,0.6578935433995119,15389.550632278671,0.597387658069668,6628.480740015651,0.6904006166797088
1061,8.69378719643791,0.7632151091321727,12.343132427992355,0.335783106998089,16526.929801526727,0.8817324503816815,6493.358642437097,0.5777988686975808
1062,8.630705606544476,0.728169781413598,11.756753082110059,0.18918827052751486,14604.246081506499,0.40106152037662446,6657.041254278282,0.7142010452319022
1063,8.199944489387455,0.48885804965969804,14.036980582710244,0.759245145677561,16953.622539695494,0.9884056349238737,6477.001540461263,0.5641679503843863
1064,7.392550589960531,0.04030588331140583,12.802549943222894,0.4506374858057235,15872.685179737357,0.7181712949343393,6641.602004574867,0.7013350038123893
1065,8.00100416380118,0.3783356465562119,11.303417733953502,0.0758544334883755,13721.04364313815,0.18026091078453743,6064.988604271027,0.22082383689252216
1066,8.988730542197482,0.9270725234430462,13.809803347226707,0.7024508368066766,13664.259867595048,0.16606496689876227,6229.539685627168,0.3579497380226403
1067,8.918689921457704,0.8881610674765019,13.688482520379019,0.6721206300947548,15656.390981523964,0.6640977453809909,6389.950759426375,0.4916256328553126
1068,8.058774530236631,0.41043029457590663,13.765892338200736,0.691473084550184,14172.398853253344,0.29309971331333606,6714.436081786931,0.7620300681557758
1069,7.8882674071709875,0.3157041150949932,14.462860504980583,0.8657151262451456,13913.6261384181,0.2284065346045251,6750.438348572578,0.7920319571438152
1070,8.066209171434227,0.4145606507967927,12.301999595283954,0.3254998988209886,13034.56001478086,0.008640003695215115,6166.569358163175,0.305474465135979
1071,7.321319958091344,0.0007333100507463941,12.822672518001134,0.45566812950028357,13849.355255145372,0.212338813786343,6888.622575384605,0.9071854794871705
1072,7.685942446189604,0.20330135899422475,13.219156411299481,0.5547891028248704,13811.561520076806,0.20289038001920157,6558.285996866248,0.6319049973885401
1073,8.634528837824464,0.7302937987913687,13.485721154446207,0.6214302886115515,14935.451628413133,0.4838629071032834,5880.50201663335,0.06708501386112442
1074,8.814787442587251,0.8304374681040286,12.856465839270456,0.46411645981761407,13944.352059260484,0.23608801481512087,6757.763713359306,0.798136427799422
1075,8.281476892023738,0.5341538289020773,13.64328048185751,0.6608201204643774,13343.866860194372,0.08596671504859277,6152.36792668644,0.293639938905367
1076,7.40232183371667,0.045734352064816464,14.406023419327322,0.8515058548318306,14755.87196971025,0.43896799242756246,5896.953490015407,0.08079457501283893
1077,8.952792887145531,0.9071071595252955,12.825398828103342,0.45634970702583544,14072.070426753799,0.26801760668844954,6753.686892999722,0.7947390774997684
1078,7.7601195516939,0.24451086205216654,12.080366397010568,0.27009159925264214,13647.11243332224,0.16177810833056006,6217.885927889621,0.34823827324135037
1079,8.274896035111572,0.5304977972842072,11.684136739682302,0.1710341849205752,14001.783006230366,0.2504457515575914,6777.77749801142,0.8148145816761836
1080,8.411327801647001,0.6062932231372232,13.26680578987394,0.5667014474684849,15849.908053225794,0.7124770133064487,6833.292168066806,0.8610768067223383
1081,8.196821684674829,0.4871231581526825,12.8841476017286,0.47103690043214985,15873.245481695116,0.718311370423779,6245.432219461617,0.37119351621801444
1082,8.689998556310078,0.7611103090611545,14.841597517540704,0.9603993793851758,14442.117634117032,0.36052940852925797,6377.128702220051,0.4809405851833761
1083,8.296262623235785,0.5423681240198808,14.290150459388485,0.8225376148471211,14373.33695603907,0.34333423900976745,6842.622055092795,0.868851712577329
1084,8.163328702590746,0.4685159458837479,12.75797309597688,0.4394932739942201,16615.87120216604,0.9039678005415098,6105.395710560601,0.25449642546716766
1085,7.598947583732762,0.15497087985153435,11.936149474092094,0.2340373685230237,15885.732948195518,0.7214332370488797,6555.229851849194,0.6293582098743287
1086,8.961391668844254,0.91188426046903,13.8316207079473,0.7079051769868251,16442.25576276514,0.8605639406912851,5993.1261794570255,0.16093848288085422
1087,8.948738782386666,0.9048548791037035,13.453624319257816,0.6134060798144539,15858.66732693497,0.7146668317337423,6209.916570255825,0.3415971418798539
1088,8.97203878692534,0.9177993260696335,14.82368579972332,0.9559214499308298,16658.32597085813,0.9145814927145326,6117.585564089121,0.26465463674093426
1089,7.858598585637884,0.29922143646549104,11.569669251843186,0.14241731296079652,16235.47358849475,0.8088683971236874,6606.7958348592765,0.6723298623827303
1090,8.205016183123258,0.4916756572906984,12.065876871765951,0.2664692179414877,16084.20709326126,0.7710517733153153,6593.090424868267,0.6609086873902229
1091,8.313066935709404,0.5517038531718917,13.247098320399566,0.5617745800998913,16630.486731568402,0.907621682892101,6293.945703824421,0.41162141985368395
1092,9.117585372983061,0.9986585405461457,11.511101099467531,0.12777527486688256,15397.877802984443,0.5994694507461107,5884.607386953542,0.07050615579461861
1093,8.347198122108999,0.5706656233938887,13.80338033737085,0.7008450843427123,14364.511756021713,0.34112793900542815,6637.334856011984,0.697779046676653
1094,8.548559096269159,0.6825328312606438,13.656553595277323,0.664138398819331,13545.217370419125,0.13630434260478097,6415.511387518701,0.5129261562655839
1095,8.978820153667506,0.9215667520375036,12.39063947884865,0.34765986971216234,15271.648692683855,0.567912173170964,6274.849073014338,0.395707560845281
1096,8.224129684304598,0.5022942690581105,12.743258304528082,0.43581457613202046,15939.784010785272,0.7349460026963177,6608.342759248523,0.673618966040436
1097,8.367633342111601,0.5820185233953342,14.040786674213663,0.7601966685534157,16060.321048825315,0.765080262206329,5935.290706858728,0.11274225571560725
1098,7.349350341572524,0.01630574531806872,13.545994080290942,0.6364985200727353,14693.706079779717,0.4234265199449293,6940.230473689041,0.9501920614075343
1099,8.280029577133638,0.5333497650742435,12.232175270967389,0.3080438177418471,13640.581124429269,0.16014528110731718,6287.030878265512,0.40585906522126025
1100,7.818905729045216,0.2771698494695646,11.019012837820817,0.004753209455204299,13924.590003840121,0.23114750096003045,6679.656257972419,0.7330468816436821
1101,7.780048624200287,0.2555825690001593,11.507679792117647,0.12691994802941198,13217.351388416402,0.0543378471041005,6315.8069198413605,0.42983909986780044
1102,8.39748778184578,0.5986043232476556,12.86312053498306,0.465780133745765,13449.564409916617,0.11239110247915429,6103.503269884423,0.2529193915703529
1103,7.639076838914293,0.17726491050794058,11.016472436331972,0.004118109082992927,15510.457414589231,0.6276143536473078,6554.4274751471,0.6286895626225832
1104,7.3417936142328015,0.012107563462667503,13.163346989876644,0.5408367474691609,14497.44472142524,0.37436118035630983,5947.231200727873,0.1226926672732277
1105,8.13926339730998,0.4551463318388784,13.351492114076274,0.5878730285190684,14321.029688409544,0.3302574221023862,6388.679879295425,0.49056656607952065
1106,9.058679901315896,0.9659332785088315,14.078469302214948,0.7696173255537371,13607.644223316613,0.15191105582915332,6303.8366591477015,0.4198638826230848
1107,9.06138893512249,0.9674382972902732,14.46510013536283,0.8662750338407074,14033.042176279652,0.25826054406991306,6560.895250064247,0.6340793750535393
1108,8.19607120074848,0.48670622263804475,14.215816254476279,0.8039540636190695,13624.651300970812,0.15616282524270297,6308.319189267435,0.4235993243895293
1109,8.363524017173361,0.5797355650963119,13.56031753590915,0.6400793839772873,14078.814708243232,0.2697036770608078,6272.621767468464,0.3938514728903868
1110,7.713300452258323,0.21850025125462347,12.235802309535574,0.3089505773838934,16464.17676379561,0.866044190948903,6827.179255845931,0.8559827132049423
1111,7.779029878050495,0.25501659891694184,13.313204860898207,0.5783012152245519,13339.457023279276,0.08486425581981893,5864.974347977285,0.05414528998107071
1112,9.056829025798002,0.9649050143322235,12.277589456839959,0.3193973642099899,13560.305059725788,0.14007626493144687,6689.331409706008,0.7411095080883405
1113,7.630924402331125,0.17273577907284732,13.183153318460988,0.5457883296152469,15198.487507011909,0.5496218767529774,5836.959847908639,0.03079987325719946
1114,8.031579121921455,0.39532173440080853,11.306011791101255,0.07650294777531375,14742.492871792581,0.4356232179481453,6426.741939490442,0.522284949575368
1115,8.525898791971363,0.669943773317424,13.122175449821324,0.5305438624553307,14481.108737912498,0.3702771844781245,6944.416596518829,0.9536804970990238
1116,8.034534997960888,0.39696388775604885,14.157957554054276,0.789489388513569,14061.099813505509,0.2652749533763772,6431.992245212257,0.5266602043435478
1117,8.846005984248473,0.8477811023602627,11.45598552683059,0.11399638170764737,13134.105228012806,0.03352630700320158,6220.737557856402,0.35061463154700234
1118,8.591069634712344,0.7061497970624134,12.580877427063061,0.3952193567657656,16076.618336675023,0.7691545841687556,6379.669331015443,0.4830577758462027
1119,8.89383127958335,0.8743507108796393,12.210473611588323,0.30261840289708075,13377.398341125072,0.09434958528126802,6968.822386003565,0.9740186550029707
1120,7.619368332148724,0.1663157400826244,12.975070983153593,0.4937677457883982,13571.38980873191,0.14284745218297779,6490.640382669892,0.5755336522249097
1121,8.018276977489737,0.387931654160965,14.182989719462736,0.7957474298656839,13930.12556010528,0.23253139002632006,6939.581177925649,0.9496509816047076
1122,7.8974297767520145,0.320794320417786,11.360398706479693,0.09009967661992313,13602.803622519385,0.15070090562984628,6569.3175646084055,0.641097970507005
1123,7.9640287592582135,0.357793755143452,14.376037643050324,0.844009410762581,13683.126813698935,0.17078170342473376,5950.821524781069,0.12568460398422387
1124,8.694803704258627,0.7637798356992375,14.600826729653312,0.9002066824133279,13425.730468125175,0.10643261703129381,6655.748402825085,0.7131236690209037
1125,8.639808953248119,0.7332271962489556,11.159010322026147,0.03975258050653663,16496.95740518959,0.8742393512973977,5961.030205743817,0.13419183811984725
1126,8.593856271741656,0.7076979287453641,11.726580007049286,0.18164500176232168,13975.430077376506,0.24385751934412658,6751.6271635632875,0.7930226363027392
1127,9.024379342381593,0.9468774124342183,13.868196091902266,0.7170490229755665,14553.71334955997,0.3884283373899924,6704.334069792321,0.7536117248269343
1128,7.503321015880006,0.10184500882222569,12.547475735435551,0.38686893385888754,13225.043166572932,0.056260791643233166,6168.789820364758,0.3073248503039654
1129,8.343739929741,0.5687444054116669,14.417902660495054,0.8544756651237636,15412.111108956282,0.6030277772390705,5991.309016911079,0.1594241807592327
1130,9.08632708758567,0.9812928264364836,11.576090508506391,0.14402262712659775,13483.858551484083,0.12096463787102096,6023.241983188261,0.1860349859902175
1131,7.871817871783665,0.30656548432425823,12.18641194230756,0.2966029855768899,13642.178538068703,0.1605446345171757,6409.72680753125,0.5081056729427089
1132,7.35742221150288,0.02079011750159976,14.557667098674248,0.8894167746685621,15794.642417881942,0.6986606044704854,6900.849739627273,0.9173747830227277
1133,9.02677667974553,0.9482092665252958,11.027772227794069,0.006943056948517268,14201.996027932364,0.30049900698309095,6078.725586184375,0.23227132182031218
1134,7.517608690887678,0.1097826060487096,12.545925872682425,0.38648146817060636,14511.951829038248,0.37798795725956214,6039.113761816686,0.19926146818057133
1135,8.452128913687996,0.6289605076044424,14.823069683071008,0.9557674207677519,14868.186688349619,0.4670466720874048,6812.785662394458,0.8439880519953816
1136,8.435336122912688,0.6196311793959381,13.737079775359796,0.6842699438399487,15704.161495432476,0.6760403738581191,6764.327502870175,0.8036062523918122
1137,8.708958023302275,0.7716433462790422,13.826232777287805,0.7065581943219513,15969.649741962405,0.7424124354906013,6166.647325042416,0.3055394375353464
1138,8.707922256227931,0.7710679201266292,12.280846007423811,0.32021150185595293,16076.422830959782,0.7691057077399452,6842.071703751931,0.8683930864599425
1139,7.680151709224581,0.20008428290254476,12.434203013094617,0.3585507532736545,14282.364125525404,0.32059103138135125,5904.703530500154,0.08725294208346168
1140,7.331789783823941,0.0065498799021896925,12.073176111061345,0.2682940277653363,13551.854472456802,0.13796361811420044,6126.074214321652,0.27172851193471004
1141,8.599310162800924,0.7107278682227357,11.548043105669866,0.13701077641746628,14687.070683511953,0.42176767087798805,5904.188560888117,0.08682380074009743
1142,8.23692570923624,0.5094031717979117,12.53097605779,0.38274401444749995,16611.466339458297,0.9028665848645745,6303.777515857671,0.41981459654805875
1143,8.64137051924327,0.734094732912928,12.732101126027393,0.43302528150684827,15550.549213586753,0.6376373033966882,6977.9267957743505,0.9816056631452919
1144,8.60386479808518,0.7132582211584334,12.323138262037682,0.3307845655094207,14966.41956992499,0.4916048924812476,6279.620829611732,0.3996840246764435
1145,8.232518723102112,0.5069548461678406,14.462674585635009,0.8656686464087522,15508.526332743952,0.6271315831859879,6823.26291267222,0.852719093893517
1146,7.8659578539770205,0.30330991887612235,11.915471074292427,0.22886776857310653,15646.771130684223,0.6616927826710556,6671.471225903643,0.7262260215863695
1147,8.501479315414237,0.6563773974523541,12.254236142039522,0.3135590355098804,14946.036838647306,0.4865092096618263,6003.773940874216,0.16981161739517991
1148,8.985929470412396,0.925516372451331,14.091484847154257,0.7728712117885643,15522.512310502621,0.6306280776256552,6243.527103144479,0.36960591928706554
1149,7.4006569776692945,0.044809432038496744,14.368684308480573,0.842171077120143,16797.9804518506,0.9494951129626499,5920.910666607773,0.10075888883981099
1150,7.574055060424783,0.14114170023599026,11.065507217176968,0.016376804294242153,15987.30044890213,0.7468251122255324,5884.404894000078,0.07033741166673113
1151,9.106667649453492,0.9925931385852733,13.1379554899643,0.534488872491075,16980.7929767855,0.9951982441963748,6068.497322769644,0.22374776897470294
1152,8.546994121632167,0.6816634009067601,13.888399870426388,0.7220999676065971,15481.88386583679,0.6204709664591973,6250.492114026505,0.37541009502208766
1153,8.619334270598774,0.7218523725548743,14.086240989093138,0.7715602472732846,15227.996206853275,0.5569990517133189,5845.881611985523,0.03823467665460234
1154,8.572704269207971,0.6959468162266507,14.395191749755789,0.8487979374389472,15506.015252746058,0.6265038131865146,5990.496586937833,0.1587471557815272
1155,8.780500877501584,0.8113893763897693,13.266508863896778,0.5666272159741946,16976.33498782986,0.9940837469574653,6102.6924901688035,0.25224374180733655
1156,7.929258092800968,0.33847671822276015,11.036719649059386,0.009179912264846601,13726.522970269301,0.18163074256732548,6668.6184061336235,0.7238486717780195
1157,9.003334832841926,0.9351860182455144,13.35647549370821,0.5891188734270526,14377.983161464259,0.3444957903660648,6811.237600865534,0.8426980007212781
1158,8.016227597216707,0.3867931095648375,13.420285351103725,0.6050713377759311,15695.84749623878,0.673961874059695,5935.372580397496,0.1128104836645798
1159,7.731891828223246,0.2288287934573584,11.795519345030973,0.19887983625774341,16996.583875364846,0.9991459688412111,5962.155922820544,0.13512993568378684
1160,7.978346003524728,0.3657477797359602,13.565895864900327,0.6414739662250817,15919.136349830509,0.7297840874576274,6125.296971178174,0.27108080931514533
1161,9.017105385100637,0.9428363250559096,13.354463635874616,0.588615908968654,14300.455388051965,0.3251138470129912,6945.058889345033,0.9542157411208612
1162,8.968485368634594,0.9158252047969974,14.157646776701021,0.7894116941752554,14702.38901499822,0.42559725374955504,6146.159625731063,0.2884663547758861
1163,8.195834944733393,0.4865749692963298,11.245961486643337,0.06149037166083415,13898.715062927207,0.2246787657318019,5822.447836337484,0.0187065302812367
1164,8.088939945682622,0.42718885871256773,14.507886870146178,0.8769717175365446,13764.227276181078,0.1910568190452694,5994.275157911243,0.16189596492603564
1165,8.106878761713537,0.43715486761863176,13.052472467175596,0.5131181167938991,16069.944487132772,0.767486121783193,6315.376426961172,0.42948035580097677
1166,8.764826490292961,0.8026813834960898,12.078270175439217,0.2695675438598041,15749.23409808322,0.6873085245208052,6142.346934877935,0.2852891123982798
1167,8.80851243026671,0.8269513501481721,12.623965532148961,0.40599138303724036,16945.098478608015,0.986274619652004,6013.459309651159,0.17788275804263243
1168,8.471675484649932,0.6398197136944073,14.250427726909969,0.812606931727492,15936.525017553311,0.7341312543883275,6870.819498257517,0.8923495818812639
1169,9.098517468220148,0.9880652601223051,14.386390519285152,0.8465976298212882,15670.482848643765,0.6676207121609412,6053.148193234863,0.21095682769571933
1170,9.07828958731007,0.9768275485055955,12.242013126462782,0.3105032816156953,13130.11174916423,0.03252793729105774,6088.979048695862,0.24081587391321813
1171,7.331460446772098,0.00636691487338803,11.508270295706332,0.12706757392658308,13727.369461583245,0.181842365395811,6226.859722260223,0.35571643521685237
1172,8.421804537957232,0.6121136321984628,12.062390420555415,0.2655976051388539,14409.549645536646,0.35238741138416163,6149.869282388518,0.2915577353237645
1173,8.18014508451853,0.47785838028807226,13.529441939352202,0.6323604848380504,15856.524454167378,0.7141311135418443,6467.5169869593665,0.5562641557994724
1174,7.346372206651119,0.01465122591728818,11.229253989179123,0.057313497294780746,15214.699928043807,0.5536749820109519,6935.384604789028,0.9461538373241903
1175,8.6212146547687,0.7228970304270556,14.389241643916339,0.8473104109790845,16511.598787799343,0.877899696949836,5921.487418602749,0.10123951550229071
1176,7.663736881386352,0.19096493410352866,13.70956096419052,0.6773902410476298,16129.571711220535,0.7823929278051336,6059.810586400189,0.21650882200015753
1177,7.9102845241898665,0.32793584677214804,12.649770659156864,0.4124426647892161,16643.03542817619,0.910758857044048,6418.203848842234,0.5151698740351948
1178,8.546972177147952,0.6816512095266398,13.845741191287589,0.7114352978218973,15969.388884818887,0.7423472212047219,6743.625715405588,0.7863547628379906
1179,8.652940538030006,0.7405225211277815,11.695270948936827,0.17381773723420657,16457.45336968718,0.8643633424217952,5870.8519190493025,0.059043265874419104
1180,8.83408344483636,0.8411574693535331,11.220260930237378,0.0550652325593447,15404.613551604314,0.6011533879010788,6343.454160827065,0.45287846735588744
1181,8.109421832719573,0.4385676848442066,11.155942782290037,0.038985695572509416,15052.800005907062,0.5132000014767657,6350.804231440659,0.4590035262005492
1182,9.041577005706689,0.95643166983705,14.952406787630492,0.9881016969076232,16553.42710756643,0.8883567768916077,6785.816770778479,0.8215139756487323
1183,7.3514954067268246,0.017497448181569064,12.632956589373212,0.4082391473433029,15859.30735439595,0.7148268385989878,6491.073683617038,0.5758947363475317
1184,7.608761049572751,0.16042280531819486,14.543063350717613,0.8857658376794034,15703.259686068486,0.6758149215171215,6117.546424058763,0.26462202004896873
1185,9.074747468995445,0.97485970499747,13.277722229590905,0.5694305573977262,14355.671305989788,0.33891782649744684,6987.329171091562,0.9894409759096352
1186,7.5168550344923535,0.10936390805130725,13.34466333301458,0.5861658332536452,14328.349924601873,0.33208748115046804,6596.2213681537305,0.6635178067947756
1187,7.812175413136991,0.2734307850761062,12.889369204494582,0.4723423011236453,14099.320904598399,0.2748302261495995,6378.39524894379,0.4819960407864916
1188,8.206506715569837,0.4925037308721316,11.447126452687643,0.1117816131719106,13569.298958996853,0.142324739749213,6998.549555354264,0.9987912961285538
1189,9.069562215109224,0.9719790083940134,13.837201873896257,0.7093004684740641,14380.201605237027,0.3450504013092569,6945.733237469957,0.9547776978916308
1190,8.97839591566998,0.9213310642611007,13.900619739526926,0.7251549348817314,13542.429944014219,0.13560748600355466,6419.582893765813,0.5163190781381776
1191,7.407875793767436,0.048819885426353626,12.359803059800198,0.3399507649500495,14227.058161465626,0.30676454036640666,6274.939877324108,0.3957832311034233
1192,8.893330843598084,0.8740726908878247,11.183954067270768,0.045988516817691893,13172.771378336274,0.04319284458406836,6163.2337010903275,0.302694750908606
1193,8.668295829830528,0.7490532387947378,13.6693285760985,0.6673321440246249,13969.22655446418,0.24230663861604484,6623.3422106192675,0.6861185088493895
1194,7.554729140468214,0.13040507803789658,12.473037824488667,0.36825945612216693,14986.5143491005,0.49662858727512493,6525.0716085436525,0.604226340453044
1195,7.631130636889005,0.17285035382722524,12.230146098259292,0.30753652456482283,16321.591924399592,0.8303979810998979,6173.15074790976,0.31095895659146666
1196,8.81136440276256,0.8285357793125335,12.256368108631328,0.31409202715783224,14217.847046874682,0.30446176171867034,6504.231046608578,0.5868592055071484
1197,8.90124602421184,0.8784700134510229,13.84958896633897,0.7123972415847426,14279.527948277662,0.3198819870694156,5922.661801685934,0.10221816807161166
1198,8.026234822582516,0.39235267921250916,13.210160886229072,0.5525402215572679,13216.948970655183,0.054237242663795815,5995.742814633189,0.163119012194324
1199,8.081986329738978,0.4233257387438767,12.279087011327007,0.31977175283175174,15512.39473564835,0.6280986839120873,6468.824232669241,0.5573535272243674
1200,9.015159759145824,0.9417554217476801,12.268824967987854,0.3172062419969637,13158.520028000741,0.03963000700018515,6738.884626704548,0.7824038555871239
1201,8.033222324582797,0.39623462476822036,12.54801251944114,0.3870031298602852,15429.355887132093,0.6073389717830232,6042.363185438393,0.20196932119866073
1202,8.959047620066725,0.910582011148181,14.919890857611229,0.9799727144028071,13660.354524895223,0.16508863122380601,5926.958173315062,0.10579847776255136
1203,9.075821494924687,0.9754563860692713,12.398801648360978,0.3497004120902445,13285.857230887348,0.07146430772183687,6095.746953435862,0.24645579452988498
1204,8.094782081508319,0.4304344897268437,11.040828417480908,0.010207104370226983,15579.88914486326,0.6449722862158148,6094.207272167256,0.24517272680604607
1205,8.379695934278917,0.5887199634882878,11.392607095298564,0.09815177382464091,15759.13076748131,0.6897826918703275,6551.79385921667,0.6264948826805585
1206,7.755396873456223,0.2418871519201239,14.591819901265414,0.8979549753163536,16779.667835147775,0.944916958786944,6029.864611183644,0.19155384265303688
1207,8.815758439782414,0.8309769109902304,11.252842699184995,0.06321067479624876,13229.643354801783,0.05741083870044561,6176.171477279595,0.3134762310663294
1208,7.9418833170268055,0.3454907316815584,12.095293372958606,0.2738233432396514,15041.983227830427,0.5104958069576067,5805.325839296617,0.004438199413848043
1209,8.835768035972364,0.8420933533179803,14.289497187775517,0.8223742969438791,15493.834370450382,0.6234585926125954,5874.450028310263,0.062041690258552995
1210,7.403445935188944,0.04635885288274644,12.055573605170316,0.2638934012925789,16688.122187661284,0.9220305469153204,5940.52035715451,0.11710029762875795
1211,8.930337783110732,0.8946321017281842,11.114015125357202,0.02850378133930065,15683.19812572224,0.6707995314305599,6366.704021961598,0.4722533516346654
1212,7.9054592614778105,0.3252551452654504,12.825393219789001,0.4563483049472502,14668.335673130496,0.4170839182826238,6946.264193718485,0.9552201614320714
1213,8.067744766342054,0.4154137590789191,14.238229059821604,0.8095572649554011,13918.078073427137,0.2295195183567844,6901.369730309983,0.9178081085916526
1214,8.467124893069219,0.6372916072606774,11.632489163345785,0.15812229083644602,13406.289731732275,0.10157243293306861,6873.365783808981,0.8944714865074844
1215,9.065910961940677,0.9699505344114878,13.08675604064188,0.5216890101604701,16760.473031338155,0.940118257834539,6984.94655315811,0.987455460965092
1216,7.542491408658568,0.12360633814364885,13.614674604062174,0.6536686510155435,14962.089796989183,0.4905224492472956,6380.0856124227985,0.4834046770189987
1217,8.829064012256799,0.838368895698222,11.70712983774801,0.17678245943700255,14907.605386340352,0.476901346585088,6112.973632050315,0.26081136004192906
1218,8.46863321240108,0.638129562445045,11.767707171906247,0.1919267929765618,14021.053457828226,0.25526336445705633,6572.840221068335,0.6440335175569459
1219,7.628385411248752,0.17132522847152865,12.674052789239628,0.4185131973099072,14045.561256919464,0.2613903142298657,6603.815947542925,0.6698466229524371
1220,8.25770627738562,0.5209479318808992,13.504604779134816,0.6261511947837037,15849.423756061475,0.7123559390153684,6957.725135130506,0.9647709459420886
1221,8.213712282103028,0.4965068233905717,14.633561840170321,0.9083904600425803,14215.131317552656,0.30378282938816414,5978.84568504334,0.14903807086945042
1222,8.202886679071428,0.49049259948412716,13.340650108432827,0.5851625271082067,14634.069707523258,0.4085174268808146,6066.684124258242,0.22223677021520183
1223,9.01595982052173,0.9421999002898503,12.449712052565303,0.36242801314132567,15710.364201897233,0.6775910504743083,5938.76308483743,0.11563590403119206
1224,8.64055419996154,0.7336412222008559,12.438713745433532,0.35967843635838304,15542.300316832383,0.6355750792080958,5965.265771030675,0.1377214758588955
1225,8.307674693642182,0.5487081631345456,14.987120541694843,0.9967801354237108,16045.922823860616,0.761480705965154,6540.242866352153,0.6168690552934608
1226,7.98586403709744,0.36992446505413346,14.742689144383347,0.9356722860958366,16510.34729201367,0.877586823003418,6179.911066352079,0.316592555293399
1227,7.670342899102971,0.19463494394609537,11.465723005311595,0.1164307513278986,15850.351956042457,0.7125879890106143,6690.7806898883755,0.7423172415736462
1228,7.5671823225320605,0.13732351251781105,13.10958109066471,0.5273952726661775,14374.348349209407,0.343587087302352,6884.941267619179,0.9041177230159824
1229,8.230217414666024,0.5056763414811247,11.069431100222022,0.017357775055505398,14644.899205382251,0.41122480134556283,6779.246514200966,0.8160387618341384
1230,9.087786678789602,0.9821037104386677,12.481590489404727,0.3703976223511817,15898.526322002042,0.7246315805005105,6210.9368028924355,0.34244733574369635
1231,8.31214184452951,0.5511899136275056,12.574904835476527,0.3937262088691318,13176.495064900937,0.044123766225234395,6602.232624768952,0.6685271873074594
1232,7.931368327479383,0.3396490708218798,11.094037998741477,0.023509499685369306,14192.193233522863,0.29804830838071594,6394.9017790620255,0.49575148255168777
1233,7.972857456707128,0.36269858705951596,11.503233980690457,0.12580849517261405,15789.211696399632,0.6973029240999081,5896.2686426675145,0.08022386888959554
1234,8.804709294939705,0.8248384971887253,14.82106968454552,0.9552674211363799,13468.004072978247,0.11700101824456155,6546.51817253954,0.6220984771162831
1235,7.409182683402658,0.0495459352236991,14.311672696969412,0.827918174242353,16983.214743903543,0.995803685975886,5997.439931325786,0.16453327610482182
1236,8.617104909023018,0.7206138383461212,12.888223775802693,0.4720559439506735,16789.545601679063,0.9473864004197653,6183.256851478666,0.3193807095655552
1237,8.33074343551069,0.5615241308392729,11.9999442099872,0.24998605249680006,13749.32484163087,0.1873312104077176,6788.028923268804,0.8233574360573361
1238,8.727353158084952,0.7818628656027515,13.029443040562514,0.5073607601406285,15273.20031636703,0.5683000790917575,6722.84425478017,0.7690368789834745
1239,8.733833297935853,0.7854629432976961,11.259919240141972,0.0649798100354928,13041.858491694597,0.010464622923649247,6123.085374991876,0.26923781249322987
1240,8.503632877307918,0.6575738207266215,12.657752285134805,0.41443807128370114,15177.459497210082,0.5443648743025208,5872.215530318413,0.060179608598677325
1241,8.395883991703572,0.597713328724207,14.856248163322109,0.9640620408305272,15177.402077821658,0.5443505194554146,6963.839370189491,0.969866141824576
1242,8.075270356963395,0.41959464275744207,13.10002278919389,0.5250056972984724,13694.6861940538,0.17367154851345,6832.701855822132,0.8605848798517767
1243,8.677401257473488,0.7541118097074938,13.046693823096579,0.5116734557741449,14228.151873634557,0.3070379684086392,5958.472722787257,0.13206060232271433
1244,8.561272147433428,0.6895956374630161,12.414053470074167,0.3535133675185418,14494.467105393242,0.3736167763483105,6634.5699020172815,0.6954749183477347
1245,7.918215940101712,0.3323421889453957,13.493464820015962,0.6233662050039905,15097.348914613847,0.5243372286534618,6556.738973548982,0.6306158112908189
1246,7.696701475562005,0.20927859753444722,13.52209364849005,0.6305234121225123,13513.045096559246,0.1282612741398117,6160.079998626146,0.3000666655217883
1247,8.278051717890994,0.5322509543838856,12.214040364649769,0.3035100911624422,16095.026958652517,0.7737567396631291,6525.624210383088,0.6046868419859066
1248,7.408891079066795,0.049383932814885956,14.858724026949382,0.9646810067373456,14127.497153705242,0.28187428842631046,6467.4005802696975,0.5561671502247479
1249,7.560229946786858,0.1334610815482543,12.875823349384895,0.4689558373462237,16324.018716603969,0.8310046791509922,6914.246933620737,0.9285391113506141
1250,8.797424343308498,0.8207913018380549,11.559050677821084,0.13976266945527083,16388.787537792887,0.8471968844482214,6875.513730103863,0.8962614417532191
1251,8.227779587429268,0.5043219930162606,13.808274152670167,0.7020685381675417,14659.742039039618,0.4149355097599047,6755.560383416449,0.7963003195137082
1252,8.454459062287446,0.6302550346041369,13.137817339427974,0.5344543348569936,16782.237593951297,0.9455593984878244,6090.822492156533,0.24235207679711113
1253,8.241360699856573,0.5118670554758737,12.098505819686011,0.27462645492150284,15935.767788668274,0.7339419471670684,6928.6816912255545,0.9405680760212951
1254,7.607866214146749,0.15992567452597128,14.599598277442771,0.8998995693606927,14649.857082497092,0.41246427062427315,6971.470320099403,0.976225266749502
1255,8.102680721608746,0.4348226231159702,14.48555358098429,0.8713883952460723,15927.497830865668,0.7318744577164168,6198.143399119068,0.3317861659325565
1256,7.511614890981536,0.10645271721196459,13.527090331298268,0.6317725828245672,13815.2544058882,0.20381360147204974,5824.9559855498865,0.02079665462490543
1257,7.90397851112538,0.32443250618076647,14.555679896398972,0.8889199740997432,16341.991486218443,0.8354978715546107,5951.871368591402,0.12655947382616795
1258,8.649685410197895,0.7387141167766088,13.390242445198261,0.5975606112995652,15009.719125240745,0.5024297813101862,6068.4887452371195,0.22374062103093317
1259,8.105532991787857,0.4364072176599213,11.732023533358111,0.18300588333952772,13823.773360288384,0.2059433400720958,6516.918814965588,0.5974323458046567
1260,8.117675820504253,0.4431532336134737,14.964753902551859,0.991188475637965,13190.635107678017,0.047658776919504486,6313.434692429365,0.42786224369113746
1261,8.124000325026875,0.44666684723715333,12.515572183064817,0.3788930457662042,16404.27993069499,0.8510699826737477,6194.938576731831,0.32911548060985873
1262,8.536781550688051,0.6759897503822511,13.063286921629645,0.5158217304074114,13629.279769292008,0.15731994232300217,6081.58170002628,0.23465141668856648
1263,9.038376009522679,0.9546533386237114,13.12371957698431,0.5309298942460778,16133.44342921527,0.7833608573038172,6490.903596569431,0.5757529971411927
1264,7.673668666131753,0.1964825922954181,14.339692170853962,0.8349230427134906,13019.540947815161,0.004885236953790395,5933.363573861505,0.11113631155125392
1265,7.597908949969187,0.154393861093993,14.659733805606209,0.9149334514015521,16459.93981487586,0.8649849537189651,6505.69908695991,0.588082572466592
1266,7.611431249361797,0.16190624964544265,14.821160657084377,0.9552901642710944,15127.4973889136,0.5318743472284,6903.318058965083,0.9194317158042355
1267,9.067741604175266,0.9709675578751487,14.61651648298451,0.9041291207461276,15976.086056787879,0.7440215141969696,6235.436538633094,0.3628637821942444
1268,7.944575738804728,0.3469865215581823,12.14309607142124,0.28577401785531,15770.15454498784,0.6925386362469597,5822.062647707812,0.01838553975651014
1269,7.43946565740437,0.06636980966909445,14.375881384018152,0.8439703460045381,13911.242354731141,0.22781058868278536,6203.077842403254,0.3358982020027115
1270,7.756527404849128,0.24251522491618216,11.975699195448518,0.2439247988621297,13446.537715361274,0.11163442884031827,6372.692354308931,0.47724362859077507
1271,8.090775100917089,0.4282083893983831,12.802410942356746,0.4506027355891863,14254.101769247058,0.3135254423117644,6168.422473034965,0.30701872752913795
1272,8.58511042408276,0.7028391244904223,13.582796009924053,0.645699002481013,13471.62587053289,0.1179064676332221,6999.510215035847,0.9995918458632063
1273,7.596658570769725,0.15369920598318065,12.3555122981637,0.338878074540925,15168.832422595488,0.5422081056488718,5851.537941327199,0.04294828443933296
1274,8.982848168416286,0.9238045380090484,12.16911184664042,0.29227796166010467,16622.656359386325,0.9056640898465815,6242.6181812876175,0.368848484406348
1275,8.686937981933195,0.7594099899628867,11.296855391735804,0.0742138479339507,13911.883942158654,0.22797098553966355,6692.601924147504,0.7438349367895866
1276,8.291854084092028,0.5399189356066821,13.67839926948621,0.6695998173715526,14347.664507385467,0.33691612684636685,6808.660975201365,0.8405508126678037
1277,8.436207507719725,0.6201152820665141,14.749495871805426,0.9373739679513562,16103.569489339256,0.7758923723348138,6508.687213520283,0.590572677933569
1278,7.759714099065358,0.2442856105918657,12.151593987961654,0.28789849699041326,13605.329779653155,0.1513324449132888,6224.0991850436185,0.35341598753634895
1279,8.45559314781492,0.6308850821194003,13.067807907585102,0.5169519768962754,16033.494286317444,0.7583735715793607,6035.888799533684,0.19657399961140276
1280,8.435794291438903,0.6198857174660576,13.32291328309318,0.5807283207732951,15012.919646382392,0.5032299115955979,6351.4115423391,0.459509618615917
1281,7.404248189372179,0.046804549651210614,11.679879871583072,0.16996996789576824,15532.318924558922,0.6330797311397304,6022.13219490322,0.18511016241934974
1282,8.127237204661025,0.4484651137005692,12.061022778662174,0.26525569466554333,14288.751592114311,0.32218789802857795,6273.747877963891,0.3947898983032425
1283,8.721960965678822,0.7788672031549014,13.414445246712713,0.6036113116781783,13520.008294521615,0.13000207363040384,6617.621465115749,0.6813512209297906
1284,7.778105298723723,0.2545029437354016,12.812980436761839,0.45324510919045957,14498.877897288428,0.37471947432210695,6203.393853116713,0.3361615442639275
1285,7.413891183609868,0.052161768672148945,14.093515150743091,0.773378787685773,16175.646434791193,0.7939116086977985,6313.578076753673,0.4279817306280608
1286,8.883486090715792,0.8686033837309955,12.42269875779019,0.35567468944754776,16237.076920739648,0.8092692301849118,5872.331376581258,0.06027614715104879
1287,8.942874424351144,0.9015969024173025,13.826563450535446,0.7066408626338614,15340.520136296998,0.5851300340742495,5980.075258909449,0.15006271575787455
1288,7.59858797174342,0.15477109541301115,11.218498630335786,0.0546246575839463,16765.642405106006,0.9414106012765014,5978.181023796421,0.14848418649701733
1289,8.742890455184433,0.7904946973246858,12.658877287988709,0.4147193219971774,14204.794376793428,0.30119859419835693,6560.804220768465,0.6340035173070541
1290,8.233611966938941,0.5075622038549674,11.983009464592854,0.24575236614821339,15187.933688050103,0.5469834220125257,6328.471161421569,0.4403926345179743
1291,7.863509655081596,0.30194980837866425,11.965259818144158,0.24131495453603935,16505.473770562883,0.8763684426407207,6963.955129114721,0.9699626075956005
1292,8.535470935170638,0.675261630650355,11.1080449883784,0.02701124709459979,16047.265081175516,0.7618162702938787,6964.182472557621,0.970152060464684
1293,8.174688869446477,0.4748271496924873,12.870934272146393,0.46773356803659827,16456.5123385697,0.8641280846424253,5960.926887077713,0.13410573923142732
1294,8.379354678383134,0.5885303768795189,12.018064394979255,0.25451609874481396,15667.591204944549,0.6668978012361373,6500.261597142,0.5835513309516663
1295,7.948287092974562,0.34904838498586765,12.59763882303547,0.3994097057588676,13544.063432109211,0.13601585802730276,6155.973437395553,0.2966445311629612
1296,7.491143203086753,0.09507955727041806,11.863079855334345,0.21576996383358593,15405.900957361544,0.6014752393403859,5933.295866202957,0.11107988850246386
1297,9.067463388785525,0.9708129937697361,14.54272603008811,0.8856815075220276,16299.837615324272,0.8249594038310679,6464.570334285928,0.5538086119049401
1298,8.362881032689195,0.5793783514939976,13.644687488982443,0.6611718722456109,15680.763213034885,0.6701908032587213,5811.799007243981,0.009832506036650202
1299,7.370792647462795,0.02821813747933055,12.601083807974607,0.4002709519936516,13718.038216625606,0.17950955415640168,6757.63200669291,0.7980266722440921
1300,8.572243191353488,0.6956906618630491,14.412736457400793,0.8531841143501984,15327.524971604775,0.5818812429011937,5874.227950780272,0.06185662565022654
1301,8.835664467404687,0.8420358152248268,13.135916804705012,0.5339792011762529,16270.406828866737,0.8176017072166845,5990.525852426567,0.1587715436888062
1302,7.929013641949403,0.338340912194113,11.100350553725564,0.025087638431390835,15686.934716602316,0.6717336791505791,6150.785508865154,0.29232125738762826
1303,8.450595862821451,0.6281088126785848,14.243234954218103,0.8108087385545258,15748.134144881122,0.6870335362202804,6147.4114722402555,0.289509560200213
1304,8.826603784652793,0.8370021025848856,14.062564239427775,0.7656410598569438,16875.035597190446,0.9687588992976114,5976.180457594953,0.14681704799579398
1305,8.23559909738547,0.5086661652141494,14.785756973965178,0.9464392434912947,16302.287462695287,0.825571865673822,6966.7816529945,0.9723180441620835
1306,9.11244161629353,0.9958008979408507,11.202417836841319,0.05060445921032963,15806.951210190156,0.7017378025475394,6892.582446899886,0.9104853724165719
1307,7.691247718799633,0.2062487326664626,12.578421550965734,0.3946053877414336,14432.828217127753,0.35820705428193833,6414.212421704875,0.5118436847540627
1308,8.622192826522571,0.7234404591792061,11.508646370504437,0.12716159262610938,16024.897279750636,0.7562243199376592,6262.575406932309,0.3854795057769247
1309,8.662682041433696,0.7459344674631646,14.739242484869457,0.9348106212173646,14990.928744967661,0.4977321862419155,6641.786371539919,0.7014886429499327
1310,8.354017903585808,0.5744543908810045,14.155847300411839,0.7889618251029599,14730.851401660497,0.432712850415124,6238.629044835059,0.36552420402921626
1311,8.75733704589576,0.7985205810532001,12.883551095601762,0.47088777390044045,13624.19474616558,0.1560486865413948,6433.02242244803,0.527518685373358
1312,7.744122457825106,0.2356235876806142,11.389507024168806,0.09737675604220153,13226.677995302236,0.05666949882555883,6337.46400754722,0.44788667295601636
1313,7.644719399541809,0.1803996664121158,14.26618954355947,0.8165473858898674,15435.868901188092,0.6089672252970232,6050.138586172069,0.20844882181005764
1314,7.836076512837826,0.28670917379879235,11.691887204598515,0.17297180114962885,16216.525289126032,0.8041313222815081,5814.38975731923,0.011991464432691834
1315,8.124789432023839,0.4471052400132439,12.53398330505932,0.3834958262648298,14529.766376436359,0.3824415941090896,6904.8671242007695,0.9207226035006413
1316,7.656170302076482,0.18676127893137906,14.382771204852954,0.8456928012132388,13232.362596211751,0.05809064905293804,6099.754515215527,0.24979542934627263
1317,7.9551902228771345,0.35288345715396374,14.71192093662524,0.9279802341563099,16252.69283218408,0.8131732080460202,6297.358724390628,0.4144656036588561
1318,7.805781618439248,0.26987867691069334,12.8512814122326,0.46282035305814995,15359.583340384579,0.5898958350961445,6698.538980496826,0.7487824837473552
1319,7.90552166906195,0.32528981614552765,14.458926430429102,0.8647316076072757,14745.466539641213,0.43636663491030314,6638.955391653427,0.6991294930445225
1320,7.3766674388993945,0.031481910499663424,14.911335718335632,0.9778339295839082,16178.299405888425,0.794574851472106,6479.596169189615,0.5663301409913457
1321,8.282687439872,0.5348263554844441,11.91945387134783,0.22986346783695766,13569.80801084396,0.14245200271099023,6806.733590516265,0.8389446587635543
1322,8.879799467448958,0.8665552596938656,12.14027883913855,0.2850697097846375,14415.314463445302,0.3538286158613253,6935.790458477117,0.9464920487309307
1323,8.916723959978343,0.8870688666546356,12.298904870139758,0.3247262175349397,14428.447583923036,0.3571118959807592,6067.223812805771,0.22268651067147516
1324,7.867056041692002,0.30392002316222333,14.328089849298646,0.8320224623246616,15621.205761776235,0.6553014404440586,6986.59283856494,0.9888273654707841
1325,7.826450586382576,0.2813614368792089,13.546230302155196,0.636557575538799,15752.172334147814,0.6880430835369533,6464.20544950712,0.5535045412559333
1326,7.6870769235949785,0.20393162421943267,11.904187617568255,0.22604690439206365,16123.81527027381,0.7809538175684524,6276.484713144358,0.39707059428696434
1327,8.833119665140895,0.8406220361893862,13.21693020113145,0.5542325502828626,16794.893790531536,0.9487234476328843,6373.007349432749,0.4775061245272907
1328,7.698408864116592,0.21022714673144016,12.225868382090768,0.30646709552269213,14078.29188569217,0.26957297142304226,6498.879438897077,0.5823995324142311
1329,8.972434269426897,0.9180190385704982,14.716774652394982,0.9291936630987452,16221.320511713713,0.8053301279284283,6872.256037755628,0.8935466981296901
1330,7.625815027050181,0.16989723725010042,11.351372590520276,0.08784314763006884,16637.54631232525,0.9093865780813117,6619.9393887704555,0.68328282397538
1331,8.17761125715234,0.47645069841796583,13.57498860592091,0.6437471514802274,15587.618450586777,0.6469046126466941,5998.262935782129,0.16521911315177396
1332,8.699328050050703,0.7662933611392799,11.512414322094502,0.12810358052362536,14706.377872416913,0.4265944681042284,5854.84846783758,0.04570705653131635
1333,8.772545118467189,0.8069695102595498,14.347154592135501,0.8367886480338753,16533.84448434708,0.8834611210867699,5894.866930254958,0.07905577521246487
1334,8.386012629735081,0.5922292387417114,12.292863262005527,0.3232158155013819,13512.605158294204,0.12815128957355104,6565.524297373789,0.6379369144781574
1335,7.757103152243637,0.2428350845797983,14.94183253001325,0.9854581325033129,15907.432276474396,0.726858069118599,6481.031582027381,0.5675263183561505
1336,8.173799269061885,0.4743329272566028,14.89168298524101,0.9729207463102526,16289.230168916569,0.8223075422291423,6588.721464012746,0.6572678866772879
1337,8.059740101290426,0.4109667229391256,12.819886429782773,0.4549716074456934,14938.14888926651,0.4845372223166273,6692.524180901406,0.7437701507511718
1338,7.939511271932916,0.3441729288516201,12.104445455536766,0.2761113638841912,14067.55423161008,0.26688855790251986,6709.9891590783645,0.7583242992319708
1339,8.836764418064405,0.8426468989246703,11.293093222284822,0.07327330557120548,16253.181831532107,0.813295457883027,6769.9888816188295,0.8083240680156911
1340,8.076658366342519,0.4203657590791776,11.859318700682602,0.21482967517065044,14193.60299891854,0.29840074972963526,6484.3608081429875,0.5703006734524896
1341,7.793181307986001,0.26287850443666716,12.146934356824325,0.28673358920608116,14106.776160358879,0.27669404008971965,6550.042930204223,0.6250357751701855
1342,7.985729473956759,0.36984970775375536,14.277677005555757,0.8194192513889393,14566.3425084846,0.3915856271211501,5922.865167961676,0.10238763996806333
1343,7.648455197998497,0.18247510999916472,12.654478786715247,0.4136196966788117,15347.988766109313,0.586997191527328,6431.050071016871,0.5258750591807257
1344,7.506890348964859,0.10382797164714375,13.310537439260695,0.5776343598151736,13302.441424722721,0.07561035618068013,6048.491628116456,0.20707635676371328
1345,7.713815145685038,0.21878619204724326,13.44915854434916,0.61228963608729,13571.625724708054,0.14290643117701352,6430.342183974963,0.5252851533124687
1346,7.407847017903088,0.048803898835048654,12.075211761717165,0.2688029404292912,14516.509554176406,0.3791273885441012,6830.408129572845,0.8586734413107038
1347,7.48963954620069,0.09424419233371661,12.567944815403994,0.39198620385099847,15500.180304148136,0.6250450760370339,6700.959049897462,0.7507992082478849
1348,7.694960787433797,0.20831154857433176,11.04235777327931,0.010589443319827474,14081.05715959184,0.27026428989796036,6650.7228024172055,0.7089356686810042
1349,7.518151754990916,0.11008430832828653,13.290135487137343,0.5725338717843359,16906.42917294655,0.976607293236638,5967.661366705437,0.13971780558786462
1350,8.07247159391211,0.41803977439561724,12.755051871115686,0.43876296777892143,14246.788145327946,0.31169703633198664,6279.291419736202,0.3994095164468354
1351,8.258079299807035,0.5211551665594641,12.634081817192932,0.408520454298233,13720.609755369882,0.18015243884247045,6492.6372164240365,0.5771976803533639
1352,8.72172638235463,0.7787368790859063,14.792469155595834,0.9481172888989585,14865.321312097169,0.4663303280242922,6461.0754543540215,0.5508962119616846
1353,7.345516799651867,0.014175999806592676,13.828397134117186,0.7070992835292963,14118.410546281844,0.2796026365704609,6535.744393845148,0.6131203282042899
1354,7.636774029483028,0.17598557193501574,13.56610526500274,0.6415263162506852,15215.843941559166,0.5539609853897914,6577.053049943662,0.6475442082863847
1355,8.566920327654133,0.6927335153634071,12.16680415249384,0.29170103812346004,13826.527529737075,0.2066318824342689,5892.705424177484,0.07725452014790302
1356,7.682602515432881,0.2014458419071563,13.131936408294964,0.5329841020737409,16052.248680813964,0.763062170203491,6224.161426230678,0.353467855192232
1357,8.161272512786393,0.4673736182146635,11.8396883573157,0.20992208932892487,16719.31116468301,0.9298277911707524,6027.255116492296,0.18937926374357983
1358,7.501450778621852,0.1008059881232507,14.122699904531332,0.7806749761328332,14355.357598945558,0.33883939973638966,6347.511773629573,0.4562598113579778
1359,7.996074242167356,0.37559680120408645,13.230358255023914,0.5575895637559785,14759.484391547167,0.4398710978867918,6794.667381443533,0.8288894845362774
1360,8.611184705969272,0.7173248366495955,14.25256428023394,0.8131410700584853,16125.565751444743,0.7813914378611856,6678.765785622125,0.732304821351771
1361,8.225542856951227,0.5030793649729038,13.440503435166399,0.6101258587915999,13293.510689789908,0.07337767244747695,6588.478290433454,0.6570652420278787
1362,8.564466012144315,0.691370006746842,12.250507544348824,0.3126268860872061,14489.777420013297,0.3724443550033244,6042.4777472033675,0.20206478933613925
1363,8.53775192255428,0.6765288458634889,11.470228767175872,0.11755719179396817,14267.765077497164,0.3169412693742911,6392.697033251641,0.4939141943763681
1364,9.113543991248354,0.9964133284713081,14.148268545761475,0.7870671364403687,14576.2291767634,0.3940572941908498,6414.24557898606,0.5118713158217162
1365,7.493054159324583,0.09614119962476819,12.191827619144888,0.2979569047862223,13946.373226544032,0.2365933066360082,6183.989436120733,0.3199911967672776
1366,7.798715403308599,0.2659530018381103,11.293576533296799,0.07339413332419964,14629.406466120288,0.4073516165300721,6625.446136780638,0.6878717806505315
1367,8.16446534085891,0.46914741158828344,12.555568480529367,0.38889212013234153,15339.439565048287,0.5848598912620717,6944.2250251807345,0.9535208543172784
1368,8.778647695085892,0.8103598306032742,14.014399420213214,0.7535998550533037,14349.3518093145,0.33733795232862496,6027.878600759286,0.18989883396607177
1369,8.406688241692041,0.6037156898289116,12.197175233210515,0.29929380830262875,14790.098926697245,0.44752473167431117,6207.405326964427,0.3395044391370231
1370,8.396113659577702,0.5978409219876124,11.690033278264984,0.17250831956624613,13346.200272899507,0.08655006822487687,6359.111319992744,0.46592609999395374
1371,7.374333080878666,0.030185044932591887,12.922212415700006,0.4805531039250013,14394.082466075584,0.3485206165188962,6738.277902495829,0.7818982520798574
1372,8.952322806235374,0.9068460034640975,11.938207848347416,0.2345519620868538,13694.110504546798,0.17352762613669925,6469.8078319306405,0.558173193275534
1373,8.167390087835482,0.4707722710197124,14.795923765537681,0.9489809413844202,15615.649744261127,0.6539124360652817,6287.64326142491,0.406369384520758
1374,9.017919698109548,0.9432887211719716,12.708406075842682,0.4271015189606706,14883.758392948188,0.4709395982370469,6793.348332996195,0.8277902774968289
1375,9.012037061263223,0.9400205895906802,12.315402473460283,0.3288506183650708,15961.43906148398,0.7403597653709949,6271.171625105349,0.39264302092112446
1376,7.3595488055391005,0.02197155863283351,12.164797446485238,0.29119936162130977,13423.117010159807,0.10577925253995202,6357.835047640037,0.46486253970003144
1377,8.017507826216349,0.38750434789797217,14.969171600232979,0.9922929000582448,15037.772337384413,0.5094430843461031,6974.055555601626,0.9783796296680222
1378,9.032307901037063,0.9512821672428128,12.19043131920371,0.2976078298009276,14162.155793441238,0.2905389483603096,6309.292210515366,0.42441017542947135
1379,8.490948298419097,0.6505268324550538,12.731193590426132,0.43279839760653316,13510.67410014123,0.12766852503530735,6560.658939036281,0.6338824491969007
1380,8.787238821741372,0.8151326787452073,14.87159748395407,0.9678993709885171,15692.850998416705,0.6732127496041763,6419.740587494123,0.5164504895784364
1381,7.733689843695962,0.229827690942201,11.499174876048428,0.12479371901210734,13384.927716037495,0.09623192900937383,6083.181901642284,0.23598491803523658
1382,8.746368253772072,0.7924268076511513,13.176673910374301,0.5441684775935752,13915.240038101729,0.2288100095254323,6357.444603272454,0.4645371693937116
1383,8.743678820325723,0.7909326779587358,12.629709411973584,0.40742735299339605,15817.939988805647,0.7044849972014114,6880.60877862443,0.9005073155203582
1384,9.008282108929635,0.9379345049609087,12.302184636660776,0.32554615916519425,14223.286613639559,0.30582165340988965,6921.032187282621,0.9341934894021839
1385,7.460991462394605,0.078328590219225,14.040727504186567,0.7601818760466414,16918.53949905654,0.9796348747641348,5876.784161151293,0.06398680095941112
1386,8.586756310210566,0.7037535056725371,13.394400820485991,0.5986002051214978,15573.289794436292,0.6433224486090728,6481.067696166318,0.567556413471931
1387,8.002051216994563,0.3789173427747574,12.595687937010513,0.39892198425262837,13357.639734166578,0.0894099335416445,6806.316514437002,0.8385970953641683
1388,7.621135721322056,0.1672976229566978,12.847153293299979,0.46178832332499475,13539.122414533187,0.1347806036332967,5956.726573810914,0.1306054781757615
1389,7.731564903894984,0.2286471688305467,14.990428246076132,0.9976070615190331,16317.103484753754,0.8292758711884384,6253.142075408579,0.3776183961738161
1390,8.315535019575655,0.5530750108753648,14.673349795211767,0.9183374488029418,15083.032798347878,0.5207581995869697,6666.759240270361,0.722299366891968
1391,7.924332072679518,0.33574004037751026,11.194040308852301,0.04851007721307521,16350.702024374204,0.8376755060935513,6974.031333249917,0.9783594443749313
1392,8.70355643418418,0.7686424634356557,13.270703999583663,0.5676759998959157,15884.357476862218,0.7210893692155546,5809.776983659017,0.008147486382513724
1393,8.534143716210933,0.6745242867838516,14.74863198042294,0.9371579951057353,15984.607761989275,0.7461519404973188,6225.263932575882,0.3543866104799013
1394,7.493537606818258,0.09640978156569846,11.038616278768934,0.009654069692233369,16143.024359516992,0.7857560898792483,6736.988292647281,0.7808235772060675
1395,8.047151728975681,0.40397318276426786,11.546764595980124,0.13669114899503088,16460.61240085225,0.8651531002130626,5967.640769463382,0.1397006412194849
1396,7.818261524220723,0.2768119579004019,12.484640980656529,0.3711602451641324,16191.952542786028,0.7979881356965073,6270.094761711568,0.39174563475963975
1397,8.104670443352559,0.43592802408475484,14.95783240450738,0.9894581011268451,14426.961220644163,0.3567403051610406,6605.884567984222,0.6715704733201846
1398,8.520876372681526,0.6671535403786258,11.695040697900307,0.17376017447507652,16778.031889352194,0.9445079723380485,6064.509544630671,0.22042462052555978
1399,7.336900168583589,0.009388982546438274,14.038851750722447,0.7597129376806117,14176.708310894906,0.2941770777237267,5926.185129859742,0.10515427488311879
1400,8.757251546220836,0.7984730812337976,14.596371552458141,0.8990928881145354,15910.067493519618,0.7275168733799048,6174.267418809531,0.31188951567460865
1401,7.333914131258405,0.007730072921335762,14.835829750427738,0.9589574376069345,15272.58346796139,0.5681458669903476,6015.581392191078,0.17965116015923166
1402,8.911442228800514,0.884134571555841,12.785226238038625,0.44630655950965614,13676.279773494594,0.16906994337364845,5978.849258849673,0.14904104904139415
1403,8.628248229064878,0.7268045717027108,12.105881049008653,0.2764702622521632,13909.853896472834,0.22746347411820844,6910.3712124676495,0.9253093437230411
1404,8.202226819351734,0.49012601075096385,13.062564421540639,0.5156411053851597,14540.72475975328,0.38518118993831996,6899.134436206519,0.9159453635054323
1405,7.484519357561577,0.091399643089765,13.218887860483246,0.5547219651208115,14291.38808180579,0.3228470204514474,6197.264952197462,0.33105412683121804
1406,7.4671382939337905,0.08174349662988345,12.278651082843355,0.3196627707108388,13555.851652009227,0.1389629130023069,6111.597853540884,0.259664877950737
1407,7.875232772605341,0.3084626514474116,12.188866802638538,0.29721670065963446,14596.70695402134,0.39917673850533475,6952.286108152486,0.9602384234604053
1408,8.042569369018244,0.4014274272323576,14.945558634521957,0.9863896586304892,16435.70499955163,0.8589262498879078,6869.664772363988,0.8913873103033235
1409,8.531460679557622,0.6730337108653459,11.274475329175557,0.0686188322938891,14276.120611984257,0.3190301529960642,6105.231075582964,0.25435922965247015
1410,8.407324254306221,0.6040690301701231,14.2256716135872,0.8064179033968001,15326.068338984589,0.5815170847461472,6108.22361367807,0.25685301139839156
1411,8.239124100613413,0.5106245003407853,11.61325491600326,0.15331372900081508,14795.695778024428,0.4489239445061072,6185.919846092718,0.32159987174393223
1412,7.400620115540559,0.04478895307808861,11.47302936579014,0.11825734144753486,16002.495982180664,0.7506239955451659,6198.894983492741,0.33241248624395026
1413,7.471887163973268,0.08438175776292622,11.00889392541369,0.0022234813534222075,14883.288779481649,0.4708221948704121,6631.83779767055,0.6931981647254584
1414,8.064560371137496,0.4136446506319428,12.31599469787805,0.3289986744695127,14576.429100065565,0.394107275016391,6140.909853882163,0.2840915449018021
1415,8.18825562007458,0.48236423337476675,12.32850733307173,0.3321268332679326,14749.877112537573,0.4374692781343934,5880.6229894634525,0.06718582455287692
1416,8.738571331112015,0.7880951839511192,14.114704758939205,0.778676189734801,16006.701913180192,0.751675478295048,6261.605241982839,0.38467103498569966
1417,8.357906737900992,0.5766148543894404,14.550743628873056,0.887685907218264,16569.19305177153,0.8922982629428824,6646.0923785093955,0.7050769820911628
1418,7.645048442991165,0.18058246832842495,14.60737929551144,0.9018448238778598,13809.815304150963,0.20245382603774076,6856.6570080213705,0.8805475066844756
1419,7.630799377041266,0.1726663205784812,12.55116867946872,0.3877921698671798,16449.530549574338,0.8623826373935845,6982.460265304966,0.9853835544208054
1420,8.648645058474834,0.7381361435971301,13.770049075982556,0.6925122689956391,15934.769601475029,0.7336924003687572,6598.31529154343,0.6652627429528584
1421,8.498455256686483,0.6546973648258239,11.663596399336885,0.16589909983422158,14921.536528819881,0.48038413220497,5837.763072890303,0.03146922740858604
1422,8.569123928655623,0.6939577381420129,13.962319642913034,0.7405799107282585,16883.525549228383,0.9708813873070956,6207.972058868244,0.33997671572353694
1423,8.657235939833967,0.7429088554633154,13.688753019012172,0.6721882547530429,16081.520400499814,0.7703801001249535,6942.747323161703,0.9522894359680858
1424,7.852327421481645,0.29573745637869153,14.773980852770897,0.9434952131927246,16943.467653327276,0.9858669133318191,6960.313704436547,0.9669280870304557
1425,8.233409758042018,0.5074498655788993,11.500411521031022,0.1251028802577554,15597.323701048956,0.649330925262239,6303.81272252134,0.41984393543445
1426,8.32198916656794,0.5566606480933002,11.49038646847739,0.1225966171193471,13021.117171424656,0.005279292856164131,5885.564611364012,0.07130384280334345
1427,8.531774807944672,0.6732082266359286,14.732288895213838,0.9330722238034593,13545.703586498194,0.1364258966245483,6688.218159047832,0.7401817992065269
1428,9.07573910571392,0.9754106142855116,12.545436182556093,0.38635904563902335,15716.104786583915,0.6790261966459787,6766.6809562110475,0.8055674635092059
1429,7.89005077282895,0.31669487379386085,12.687624455989429,0.4219061139973571,14883.144968765168,0.4707862421912917,6521.845503551515,0.6015379196262627
1430,8.622697479935358,0.7237208221863101,14.64657199407914,0.911642998519785,13874.70778821187,0.21867694705296747,6876.289074319156,0.8969075619326295
1431,7.933805558062453,0.34100308781247357,13.332555305598921,0.5831388263997305,15189.79846901123,0.5474496172528074,6049.119825758185,0.2075998547984872
1432,7.722681060429394,0.22371170023855214,12.817921140384897,0.4544802850962242,13935.349311061455,0.2338373277653636,6690.211966126829,0.7418433051056905
1433,8.445419697721317,0.6252331654007318,12.169609296403555,0.29240232410088896,14760.625493949832,0.44015637348745795,6305.958352190197,0.42163196015849713
1434,8.0317202584897,0.3954001436053892,13.424233366853098,0.6060583417132748,16737.76684649784,0.9344417116244604,6476.100063763578,0.5634167198029818
1435,8.77244928923724,0.8069162717984673,12.69153671736743,0.42288417934185774,15347.71213436815,0.5869280335920376,6204.996545474588,0.33749712122882336
1436,7.730827058978753,0.22823725498819636,11.883867962493312,0.2209669906233278,15924.323328505354,0.7310808321263382,6249.290211589323,0.37440850965776906
1437,8.585187951115797,0.7028821950643322,11.323418363235138,0.08085459080878454,13256.158945785075,0.06403973644626859,6861.076958216281,0.8842307985135672
1438,8.813437729314977,0.8296876273972092,14.38103642298207,0.8452591057455174,15789.64286352414,0.6974107158810346,6030.326699711383,0.19193891642615257
1439,8.675251329738582,0.7529174054103236,11.405129069359958,0.1012822673399898,14030.634960619742,0.2576587401549355,6787.36964423925,0.8228080368660421
1440,8.68070936713469,0.7559496484081616,13.277314800950087,0.569328700237522,14137.87419490356,0.28446854872589,6114.5637335638785,0.2621364446365654
1441,7.737698300016783,0.2320546111204348,14.34095876841836,0.83523969210459,16278.31235692428,0.81957808923107,6009.7545220485845,0.17479543504048745
1442,8.735344305917323,0.7863023921762914,14.044388927040304,0.7610972317600759,16429.53945505353,0.8573848637633826,6502.258401419988,0.585215334516657
1443,8.174617880802543,0.47478771155696875,14.469589761484974,0.8673974403712436,13332.008423410693,0.0830021058526732,6363.840652290155,0.4698672102417961
1444,8.493299910693166,0.6518332837184255,12.501114945788395,0.3752787364470984,15292.070092930293,0.5730175232325733,6029.73260729641,0.1914438394136745
1445,8.851589200643375,0.8508828892463194,14.066535672926415,0.7666339182316038,16323.77327216975,0.8309433180424377,6428.052947492463,0.5233774562437192
1446,8.804891880691514,0.8249399337175078,12.130236343334355,0.2825590858335888,13409.097058947953,0.10227426473698809,6278.757961523626,0.39896496793635516
1447,8.085016554140893,0.4250091967449402,13.749223411307456,0.687305852826864,16161.182502689611,0.7902956256724027,6399.407604230347,0.49950633685862245
1448,7.852156419319857,0.29564245517769827,11.335911864915733,0.0839779662289335,16635.115769025764,0.9087789422564411,5996.465484017941,0.16372123668161775
1449,9.049802695395776,0.9610014974420986,11.909207762161664,0.22730194054041575,14763.871039848604,0.4409677599621509,5970.4772314627635,0.1420643595523028
1450,8.607532549936046,0.7152958610755815,14.437160021401606,0.8592900053504015,13492.029690592042,0.12300742264801057,6424.329607350357,0.5202746727919645
1451,8.719538720631192,0.7775215114617735,14.138145554356583,0.7845363885891459,14450.994593334874,0.3627486483337182,6772.577550316844,0.8104812919307035
1452,7.850758246096481,0.2948656922758225,11.024078809324571,0.0060197023311430176,13543.077712210616,0.13576942805265368,5915.350381717211,0.09612531809767588
1453,8.258682419552326,0.5214902330846257,11.62434333575363,0.1560858339384078,14438.535698564016,0.35963392464100397,6294.988489487587,0.4124904079063222
1454,8.029619821027737,0.3942332339042981,12.387174379215244,0.3467935948038109,13859.142287577435,0.21478557189435865,6659.342204383374,0.7161185036528116
1455,8.043328595385502,0.4018492196586122,13.10459932267247,0.5261498306681177,14268.599067879957,0.3171497669699894,5936.138120765408,0.11344843397117332
1456,8.333141636234677,0.5628564645748207,13.271445926647717,0.5678614816619293,16787.04635396086,0.9467615884902156,6606.943438020533,0.6724528650171112
1457,8.194182021565693,0.4856566786476071,13.617266910690708,0.6543167276726768,16232.864545832816,0.8082161364582039,6860.940849146582,0.8841173742888183
1458,7.854673070955797,0.2970405949754428,11.289523000738773,0.07238075018469325,14336.744355201348,0.33418608880033707,6958.623212507587,0.965519343756322
1459,8.641450201419921,0.7341390007888451,14.06514008131671,0.7662850203291772,14008.016496628285,0.25200412415707096,6874.009286152123,0.8950077384601031
1460,8.766287541646216,0.8034930786923429,14.434039622527358,0.8585099056318397,14888.063721201166,0.47201593030029154,6413.768770233002,0.5114739751941682
1461,9.016219050046693,0.9423439166926079,14.385007327022006,0.8462518317555016,13932.564980516914,0.23314124512922862,6331.84481060683,0.4432040088390249
1462,7.51454692427354,0.1080816245964108,12.176409041872397,0.2941022604680993,14578.142850008617,0.39453571250215413,6261.624477916456,0.38468706493037996
1463,7.851540347027985,0.2953001927933252,11.587770229027736,0.14694255725693417,13264.854746980029,0.06621368674500705,6448.918045588548,0.5407650379904564
1464,8.205299346562938,0.49183297031274364,12.399143655027586,0.3497859137568968,14850.078074129635,0.4625195185324087,6362.766317075708,0.46897193089642286
1465,7.7743963785100165,0.25244243250556453,12.667370293344788,0.41684257333619723,15595.704682886048,0.6489261707215119,6652.287209392012,0.71023934116001
1466,7.423192254516576,0.05732903028698666,11.102824938302719,0.025706234575679776,16197.475047236532,0.799368761809133,5941.261875867041,0.11771822988920144
1467,7.570469766918735,0.13914987051040817,13.53580950247571,0.6339523756189275,16733.653306596803,0.9334133266492013,6078.6596469624865,0.23221637246873894
1468,8.447561354577783,0.6264229747654348,13.64752079660748,0.6618801991518704,15202.731918159254,0.5506829795398134,5989.965685716541,0.15830473809711743
1469,8.508553068738367,0.660307260410204,13.974181071126456,0.7435452677816137,13929.115123709027,0.23227878092725684,5932.621728154464,0.1105181067953871
1470,8.599872265443256,0.7110401474684755,14.38551531636737,0.8463788290918425,14563.5918166702,0.3908979541675498,5912.9318817739,0.0941099014782506
1471,7.39783605594248,0.04324225330137743,11.912309548473308,0.22807738711832704,13774.470670655051,0.19361766766376287,5952.262613318782,0.1268855110989856
1472,8.933896567257872,0.8966092040321517,11.429131169095529,0.10728279227388204,13659.98539027419,0.16499634756854775,6615.843345653635,0.6798694547113626
1473,9.059782547485861,0.966545859714368,13.11371450949875,0.5284286273746878,14016.53081189034,0.25413270297258506,6341.8094563059085,0.45150788025492383
1474,8.684436848601218,0.7580204714451211,14.016461319307462,0.7541153298268654,16919.47543782843,0.9798688594571077,6265.325794562459,0.38777149546871603
1475,7.593338309299496,0.15185461627749786,13.456271930923654,0.6140679827309136,14784.741218768708,0.446185304692177,5915.966525293343,0.09663877107778573
1476,8.121501836589001,0.44527879810500093,11.144967101668213,0.03624177541705309,16625.738568509973,0.9064346421274927,6156.636657232345,0.2971972143602877
1477,8.841508343927451,0.8452824132930288,11.556419086158876,0.1391047715397189,15536.781331207469,0.6341953328018674,6216.308412403327,0.34692367700277216
1478,7.363309991265733,0.024061106258740472,11.640171252002474,0.16004281300061873,13299.227295753828,0.07480682393845683,6303.919070030623,0.419932558358852
1479,8.87618336833053,0.8645463157391841,13.733020226999107,0.6832550567497769,13662.619432240203,0.16565485806005076,6488.805157964436,0.574004298303697
1480,7.511456940651479,0.10636496702859943,11.433532640135846,0.10838316003396165,15352.89331173024,0.5882233279325603,6705.310591738686,0.7544254931155717
1481,7.673852048647295,0.19658447147071934,12.25812415939903,0.3145310398497575,13455.016098962064,0.11375402474051599,5979.665421701677,0.14972118475139684
1482,7.9007846421684835,0.32265813453804626,14.267255215268598,0.8168138038171493,15875.433076732568,0.7188582691831422,6002.432235136061,0.16869352928005044
1483,8.63690386927103,0.7316132607061279,14.007854525113238,0.7519636312783097,16947.689935096016,0.9869224837740036,5884.218947571416,0.07018245630951303
1484,8.539550494738886,0.6775280526327149,11.33796634609867,0.08449158652466726,15443.164880665618,0.6107912201664043,6588.672241751484,0.6572268681262367
1485,7.426430993445359,0.059128329691865766,13.07908604039798,0.5197715100994951,15199.535661957943,0.5498839154894861,6350.4128635643765,0.4586773863036473
1486,7.783002987001091,0.2572238816672727,12.511738903691853,0.3779347259229634,16910.648249351456,0.9776620623378638,6960.96984310358,0.9674748692529836
1487,8.315405159993947,0.5530028666633042,12.654269009826805,0.41356725245670156,14698.379347302662,0.42459483682566546,6294.460049312385,0.41205004109365473
1488,8.096497130713724,0.4313872948409576,14.405743065426906,0.8514357663567266,16466.01210029763,0.8665030250744076,6911.064687916392,0.9258872399303265
1489,8.959342055009934,0.9107455861166303,11.972896226560582,0.24322405664014568,13392.834095354765,0.09820852383869105,6165.01940774921,0.30418283979100824
1490,7.743226062121334,0.23512559006740785,13.794191559881888,0.6985478899704722,15883.275842111581,0.7208189605278952,6696.8525875177,0.74737715626475
1491,8.816777391905507,0.8315429955030598,13.875262478484,0.7188156196209998,14992.51974777241,0.4981299369431027,6044.222709813342,0.20351892484445155
1492,7.672486444771635,0.1958258026509082,12.010601197715715,0.2526502994289288,13265.402009449725,0.06635050236243112,6742.149272636964,0.7851243938641367
1493,9.060115018676306,0.9667305659312819,14.094337569953352,0.7735843924883379,15664.760963516452,0.6661902408791127,6780.152849353071,0.816794041127559
1494,8.768659101345218,0.8048106118584553,12.402008358537524,0.350502089634381,15894.914143591941,0.7237285358979851,6603.843762820275,0.6698698023502285
1495,8.375426054245457,0.5863478079141434,13.104270509411819,0.5260676273529545,14363.916882166952,0.3409792205417379,6155.453995391074,0.2962116628258953
1496,8.557651285243702,0.687584047357613,12.616929232752222,0.40423230818805556,13828.762441330262,0.2071906103325657,6873.62962284499,0.8946913523708255
1497,7.55799694699303,0.13222052610723878,14.458618634269651,0.8646546585674126,15180.797813171721,0.5451994532929305,5923.091613789301,0.10257634482441735
1498,8.233781172723852,0.5076562070688069,12.600740723803181,0.400185180950795,14037.748266590737,0.2594370666476842,6867.128856430357,0.8892740470252971
1499,7.793135058883292,0.26285281049071774,12.549036961701344,0.3872592404253361,15585.466412354202,0.6463666030885504,5926.031480771541,0.10502623397628441
1500,8.84672605193161,0.8481811399620058,12.902922405489878,0.4757306013724696,13552.996468654379,0.1382491171635949,6716.4526961515385,0.763710580126282
1501,8.996325003948543,0.9312916688603027,11.71678411001433,0.17919602750358243,15398.261980005771,0.5995654950014428,6714.870792597175,0.7623923271643122
1502,7.4853989928053455,0.09188832933630298,11.19473962258999,0.04868490564749761,15394.806553119426,0.5987016382798563,5928.3109032785405,0.10692575273211702
1503,7.957516705764931,0.3541759476471842,11.121479022029447,0.030369755507361762,16330.66836157839,0.8326670903945974,6913.696693921951,0.9280805782682928
1504,8.119161706500805,0.4439787258337804,11.29508779809545,0.07377194952386235,14755.69306709942,0.43892326677485527,6264.593133284366,0.38716094440363835
1505,8.909036861155915,0.8827982561977313,14.198748902442388,0.7996872256105968,16045.40632824955,0.7613515820623875,6186.01803892032,0.32168169910026634
1506,8.827246623680775,0.8373592353782088,11.266102677382298,0.06652566934557436,13686.904249038285,0.17172606225957154,6512.586126658489,0.5938217722154078
1507,7.53286546531839,0.11825859184354992,13.728684305020296,0.6821710762550742,14326.023261177254,0.33150581529431344,6940.879433767721,0.9507328614731011
1508,8.806972734545678,0.8260959636364875,11.04204488067244,0.010511220168110014,16482.334532680783,0.8705836331701953,6200.274851196393,0.333562375996994
1509,7.457947635723312,0.07663757540184002,13.007979732440171,0.5019949331100428,14740.23023957233,0.4350575598930829,5828.665186698551,0.023887655582126244
1510,7.770272418224754,0.2501513434581967,14.0900627380049,0.7725156845012251,14945.582135021508,0.4863955337553769,6616.323627863636,0.6802696898863629
1511,9.032620995586228,0.9514561086590164,14.592100354689151,0.8980250886722876,16333.845830332644,0.8334614575831613,5807.757525615398,0.006464604679498276
1512,8.791237782490233,0.8173543236056857,13.678515229979391,0.6696288074948478,13246.51101013156,0.0616277525328901,6765.944376706935,0.8049536472557794
1513,7.966461453474055,0.3591452519300309,11.856402330751253,0.21410058268781318,16952.182642419844,0.9880456606049609,6554.747348692788,0.6289561239106567
1514,7.795773552402145,0.2643186402234139,12.784755284657848,0.446188821164462,16558.768820141042,0.8896922050352601,6115.2635202522,0.2627196002101667
1515,7.457481764761363,0.07637875820075735,13.069419123157406,0.5173547807893517,13636.366685466604,0.15909167136665092,6338.386641789921,0.4486555348249337
1516,8.000565770363584,0.37809209464643556,14.437480631167759,0.8593701577919397,16297.331907053362,0.8243329767633406,6023.612276539727,0.18634356378310546
1517,7.7641412677310315,0.24674514873946207,12.787887431760403,0.4469718579401005,15934.002189351226,0.7335005473378065,6147.286077157822,0.28940506429818436
1518,8.482528766605176,0.6458493147806537,11.519108024242806,0.12977700606070164,13482.081090081889,0.12052027252047204,6678.658731245939,0.7322156093716159
1519,8.980541745708557,0.9225231920603101,14.176814509189086,0.7942036272972713,13484.287427149666,0.1210718567874165,6669.202483298482,0.7243354027487345
1520,8.954193662249754,0.9078853679165301,14.75630956094126,0.9390773902353148,13260.88495449387,0.06522123862346751,6100.995869997802,0.25082989166483505
1521,8.575650418383955,0.6975835657688639,11.662758695225499,0.16568967380637478,13680.294426770299,0.17007360669257454,6331.465052007881,0.4428875433399009
1522,7.730081179720316,0.22782287762239795,13.730728668923982,0.6826821672309954,16313.321232371603,0.8283303080929006,5810.144271870944,0.008453559892453666
1523,8.282299787207284,0.5346109928929357,12.61040230322822,0.402600575807055,14237.496097476755,0.3093740243691885,6016.374840015821,0.18031236667985073
1524,8.395619760372867,0.5975665335404818,11.590540775403355,0.14763519385083868,14534.950165572542,0.38373754139313543,6591.633648004072,0.6596947066700602
1525,7.756533870387338,0.2425188168818544,14.683637032631113,0.9209092581577781,16398.78086595804,0.8496952164895105,6778.235979511566,0.8151966495929722
1526,8.001837013174617,0.3787983406525647,14.805434864674325,0.9513587161685811,13132.206170445621,0.03305154261140508,6937.321873623058,0.9477682280192153
1527,8.96931502713364,0.916286126185355,11.961426508663571,0.24035662716589257,16130.294266956302,0.7825735667390756,6426.9458753753825,0.5224548961461524
1528,7.812556879413603,0.2736427107853351,12.44698592681859,0.3617464817046473,15105.113730070338,0.5262784325175842,6847.079789330465,0.8725664911087213
1529,7.665011544296854,0.1916730801649188,13.606455712696043,0.6516139281740108,14200.958001406942,0.3002395003517353,6037.715237173173,0.19809603097764394
1530,8.600214067405398,0.7112300374474433,12.482424715085731,0.37060617877143265,13625.127171696093,0.1562817929240231,6016.890223245271,0.18074185270439247
1531,7.840160235446674,0.2889779085814853,13.194242262604094,0.5485605656510235,14631.494289623404,0.407873572405851,5887.7309818255835,0.07310915152131958
1532,8.484854057758195,0.6471411431989975,11.227522834616906,0.056880708654226675,16214.991657614173,0.8037479144035431,6861.305383625679,0.8844211530213987
1533,9.084628870239667,0.9803493723553712,13.769297191419046,0.6923242978547612,16719.037016117178,0.9297592540292945,6285.995501008461,0.4049962508403848
1534,8.967178580511293,0.9150992113951627,12.800777191010644,0.45019429775266095,16136.093270850519,0.7840233177126297,5830.998422685961,0.025832018904967335
1535,8.196289013372798,0.4868272296515549,13.418415537015884,0.604603884253971,16263.84706530999,0.8159617663274976,6968.072691680327,0.9733939097336057
1536,7.964895603701663,0.3582753353898128,12.203059281560348,0.3007648203900871,15730.544255713858,0.6826360639284643,6403.358841539345,0.5027990346161211
1537,8.774495965107178,0.8080533139484328,12.633276467406887,0.40831911685172195,15093.169037200489,0.5232922593001219,6795.9286244933055,0.8299405204110879
1538,8.199514651961142,0.48861925108952375,14.505437509822382,0.8763593774555956,16838.27148301506,0.9595678707537657,6764.090981767983,0.8034091514733194
1539,7.656514488287478,0.186952493493043,13.449210290122451,0.612302572530613,13143.586919020774,0.03589672975519331,6414.324817101562,0.5119373475846347
1540,7.34475968778625,0.013755382103471825,12.052373327202767,0.26309333180069183,14266.289190883608,0.31657229772090223,6078.8654045062995,0.23238783708858302
1541,7.493993998004301,0.09666333222461176,13.267548574402648,0.5668871436006621,15910.328171541183,0.7275820428852958,6855.900266084061,0.8799168884033837
1542,8.049016440527744,0.405009133626525,11.687279527469201,0.17181988186730024,13243.78856601727,0.06094714150431746,5864.926267720327,0.05410522310027255
1543,8.739866630921387,0.7888147949563262,11.868215980476196,0.21705399511904877,14897.828406790763,0.4744571016976905,6476.6347654272795,0.5638623045227329
1544,8.178120633182024,0.47673368510112424,11.612458980766597,0.15311474519164925,13352.585083354197,0.08814627083854909,5827.557441138425,0.02296453428202061
1545,7.751639507997898,0.23979972666549887,14.669611862748711,0.9174029656871777,14004.296046099977,0.2510740115249942,6255.770341920612,0.3798086182671765
1546,8.800456718161378,0.8224759545340988,12.342818847394337,0.3357047118485843,14276.646334991927,0.31916158374798154,6638.129751830016,0.6984414598583472
1547,8.06108749911932,0.4117152772885113,13.962901669211206,0.7407254173028016,15269.234570121655,0.5673086425304136,6318.977906117372,0.4324815884311436
1548,9.090481364661906,0.9836007581455042,12.956902033361152,0.489225508340288,14178.432739432797,0.2946081848581992,6020.3539936282195,0.18362832802351592
1549,8.814042912130377,0.8300238400724317,12.64559667085129,0.4113991677128225,13287.17325337982,0.07179331334495531,6813.738673155883,0.844782227629902
1550,8.778730373472078,0.8104057630400436,11.429890866446971,0.10747271661174274,13095.343658373995,0.023835914593498653,6968.1971562403905,0.9734976302003259
1551,8.371081102126428,0.5839339456257936,12.432406629544616,0.35810165738615374,15815.87407393351,0.7039685184833774,6527.262320574151,0.6060519338117928
1552,8.783670166955158,0.8131500927528661,13.462870483421693,0.6157176208554233,13926.428779253803,0.23160719481345093,5962.113048149695,0.13509420679141204
1553,7.573222248609087,0.14067902700504864,12.266477912867092,0.3166194782167733,13141.23575321015,0.035308938302537674,5945.258647886624,0.12104887323885327
1554,7.538363444158042,0.12131302453224568,12.681751187671328,0.4204377969178319,16450.20619893178,0.8625515497329449,6744.76978612828,0.7873081551069002
1555,8.44440412452919,0.6246689580717717,12.721967817251965,0.43049195431299125,13302.92464953686,0.07573116238421496,6358.420388143384,0.4653503234528199
1556,8.778316748135685,0.8101759711864921,11.217854185006193,0.054463546251548256,15112.587739453147,0.5281469348632869,5917.830953557514,0.09819246129792814
1557,7.778994613522103,0.2549970075122797,12.745948222413016,0.43648705560325396,13650.497652316422,0.1626244130791057,5910.251773978868,0.09187647831572365
1558,8.729076250909777,0.782820139394321,12.989057240801657,0.4972643102004142,16593.094711246384,0.8982736778115957,6494.683385496979,0.5789028212474829
1559,8.397493201576971,0.598607334209429,14.414008541410034,0.8535021353525087,13009.744662268467,0.002436165567116677,6462.466544456842,0.5520554537140346
1560,8.98264197457025,0.9236899858723614,12.69218502186671,0.4230462554666776,15578.029397298318,0.6445073493245794,5886.950482735436,0.07245873561286342
1561,8.15091584724376,0.46161991513542244,11.551811121917758,0.1379527804794397,16715.712398972013,0.9289280997430028,5842.809594698767,0.0356746622489722
1562,7.608251001416632,0.16013944523146217,13.554361195890067,0.6385902989725165,13036.38634514497,0.009096586286242658,6502.391391918438,0.5853261599320316
1563,8.42442022218684,0.6135667901037999,13.125217253705049,0.5313043134262625,14921.480940237547,0.4803702350593869,6575.802447534823,0.6465020396123526
1564,8.145470774463217,0.4585948747017875,14.154575613095078,0.7886439032737695,16381.35401869451,0.8453385046736274,6511.601727217225,0.5930014393476875
1565,8.840781018244387,0.844878343469104,14.353922828599352,0.8384807071498378,14252.845999995538,0.31321149999888465,6980.937786812886,0.9841148223440713
1566,7.873520026497096,0.30751112583172,14.378012034771087,0.8445030086927717,15749.020444662114,0.6872551111655283,5920.417635714119,0.10034802976176582
1567,8.931568902402967,0.8953160568905378,13.893748338120728,0.7234370845301821,16757.058024921833,0.9392645062304583,6898.8284961867075,0.9156904134889231
1568,7.5076835148373355,0.10426861935407528,11.55184321917026,0.137960804792565,16850.46131890652,0.9626153297266298,5930.701853093887,0.10891821091157217
1569,7.698636970747296,0.21035387263738659,13.14749203002089,0.5368730075052225,16405.22741949101,0.8513068548727523,6146.950133298263,0.2891251110818859
1570,7.385651201406241,0.03647288967013396,14.995044752364048,0.998761188091012,15171.450190749532,0.5428625476873832,6062.467334423761,0.2187227786864676
1571,7.654312681983714,0.1857292677687301,13.94347479411361,0.7358686985284026,16661.861344772493,0.915465336193123,6878.22674548157,0.8985222879013084
1572,8.320459277105996,0.5558107095033318,14.466118458086997,0.8665296145217493,13281.825982500359,0.07045649562508982,6568.35400988502,0.6402950082375166
1573,8.133822447395058,0.4521235818861433,12.318248179681566,0.32956204492039143,13069.75119993734,0.017437799984335145,6781.609487543076,0.8180079062858971
1574,7.7953753800776004,0.26409743337644487,11.948458163664439,0.23711454091610973,13695.74410036596,0.1739360250914901,6956.078495696899,0.9633987464140827
1575,8.8203887715246,0.8335493175136669,11.531813097700764,0.132953274425191,16172.636217866839,0.7931590544667095,6626.203595884951,0.6885029965707926
1576,7.862623102542291,0.30145727919016185,13.587307558624133,0.6468268896560332,13336.74946001532,0.08418736500383017,6829.366700592126,0.8578055838267717
1577,7.407185322764078,0.048436290424487605,14.55898470123477,0.8897461753086927,15939.75047834984,0.7349376195874602,6065.997284528215,0.22166440377351204
1578,8.62066923118942,0.722594017327456,13.05363156423919,0.5134078910597977,13014.159806840538,0.003539951710134548,6915.129466382454,0.9292745553187115
1579,7.348271441212247,0.01570635622902583,14.700916478344736,0.9252291195861838,15125.821257005238,0.5314553142513098,6782.220132738212,0.8185167772818435
1580,7.3850302307105995,0.036127905950332884,13.94207611332015,0.7355190283300376,13490.102721846515,0.1225256804616287,5823.101547782302,0.019251289818584705
1581,7.753324151982765,0.24073563999042513,14.184971211161496,0.796242802790374,14989.655852195048,0.49741396304876206,6191.035064848433,0.32586255404036035
1582,7.355803703338651,0.01989094629925059,12.990596671612265,0.4976491679030661,15954.03285995302,0.7385082149882551,6765.6160000594045,0.8046800000495037
1583,8.186628716516982,0.4814603980649902,13.801794288432625,0.7004485721081564,16742.494206887495,0.9356235517218734,6075.049696163473,0.2292080801362273
1584,9.110056723567189,0.9944759575373276,12.648845159435576,0.4122112898588939,14284.440264526987,0.321110066131747,5976.546813965489,0.14712234497124055
1585,7.838977648965394,0.2883209160918858,14.710551315013609,0.9276378287534023,15478.929160409723,0.6197322901024307,6304.286786576506,0.4202389888137543
1586,8.305239022641894,0.5473550125788302,14.402365199754307,0.850591299938577,14997.472211592036,0.4993680528980088,6285.497593042552,0.40458132753545983
1587,7.835244164423274,0.2862467580129301,14.736350922609853,0.9340877306524632,16169.840183978755,0.7924600459946888,6058.224114892956,0.2151867624107967
1588,7.498141252444665,0.09896736246925808,12.735831045838218,0.43395776145955456,15473.751582557325,0.6184378956393309,6344.157409050096,0.45346450754174683
1589,8.605570504202396,0.7142058356679981,14.70652192869596,0.92663048217399,13829.196031554588,0.20729900788864697,6283.9275283680545,0.40327294030671224
1590,7.702878685892234,0.21271038105124085,12.527614136733577,0.3819035341833944,15589.870647415875,0.6474676618539691,6825.013974189298,0.8541783118244147
1591,7.7391074224527205,0.23283745691817814,14.287535293857164,0.821883823464291,14614.342700123054,0.4035856750307636,6705.282548164451,0.7544021234703759
1592,8.822362848575247,0.8346460269862487,11.448069955227334,0.1120174888068336,13626.382922850073,0.1565957307125181,6401.13619127669,0.5009468260639085
1593,8.359161967445617,0.5773122041364539,13.201508206992278,0.5503770517480695,16486.27261939865,0.8715681548496624,6155.494348667277,0.29624529055606474
1594,8.78940912228956,0.8163384012719784,12.91124737677302,0.4778118441932546,13517.745301371102,0.12943632534277572,5814.744099926128,0.012286749938439812
1595,7.6481363945701935,0.18229799698344074,14.679642880493455,0.919910720123364,14313.563182081221,0.32839079552030526,6786.830165592989,0.8223584713274911
1596,8.501743282718683,0.6565240459548239,11.314675502537707,0.07866887563442648,14415.107882181397,0.35377697054534907,6282.767806060421,0.40230650505035115
1597,8.794783201641263,0.8193240009118133,12.562886262210137,0.39072156555253423,15509.196436876122,0.6272991092190303,6486.812380404576,0.5723436503371472
1598,8.477087162935875,0.6428262016310423,11.238668011268304,0.05966700281707604,16985.541437798725,0.9963853594496811,6080.812505830199,0.23401042152516627
1599,7.46520673278185,0.08067040710102757,11.281372128483664,0.07034303212091608,15875.833366409574,0.7189583416023932,6752.449982344304,0.7937083186202528
1600,7.641400061293936,0.17855558960774232,13.231596935839482,0.5578992339598706,14764.524926945212,0.4411312317363031,5888.187244738729,0.07348937061560756
1601,7.594165992494813,0.15231444027489582,14.137576296801637,0.784394074200409,13057.254555883168,0.014313638970792186,6299.443367435307,0.4162028061960892
1602,7.885230097664072,0.3140167209244845,14.687340458321245,0.921835114580311,15985.471731936497,0.7463679329841242,6794.863280780741,0.8290527339839509
1603,8.969387701165267,0.9163265006473715,11.248895810339606,0.062223952584901654,13556.412905854038,0.1391032264635096,6040.07248149048,0.20006040124206625
1604,8.126725427386852,0.44818079299269564,11.041207760267604,0.010301940066900883,14994.77508134632,0.49869377033658024,6417.584732052865,0.5146539433773875
1605,7.988226368711926,0.37123687150662554,13.979828207784767,0.7449570519461914,14452.25873855086,0.3630646846377149,6563.088454354212,0.6359070452951774
1606,8.513282020122722,0.6629344556237341,13.041837359370003,0.510459339842501,13638.773187878673,0.15969329696966794,6015.598366576254,0.17966530548021198
1607,8.603084892209536,0.712824940116409,11.482901262478242,0.12072531561956046,13732.049353167198,0.18301233829179941,6051.762078814952,0.2098017323457928
1608,8.694438965968066,0.7635772033155931,12.358353288399561,0.3395883220998903,15231.129926669562,0.5577824816673908,5897.405355605649,0.08117112967137385
1609,7.620690047501574,0.16705002638976318,12.24835160660103,0.31208790165025757,14647.595786161271,0.4118989465403178,5872.305297309253,0.060254414424376956
1610,7.468758774271633,0.0826437634842403,13.499736481012292,0.6249341202530732,14467.328817971727,0.36683220449293186,5951.207605526702,0.12600633793891813
1611,8.25510962734911,0.5195053485272839,11.93099924202972,0.23274981050742993,15452.025230728561,0.6130063076821404,5987.224464778956,0.15602038731579615
1612,7.378749338061342,0.03263852114518939,12.469370079703754,0.36734251992593847,13162.247811654637,0.04056195291365916,5859.741348369837,0.049784456974864444
1613,8.392333234128198,0.5957406856267775,12.447483292593553,0.36187082314838825,14349.655665433043,0.3374139163582607,6786.245928801953,0.8218716073349603
1614,7.907464759840109,0.3263693110222827,13.602644940074057,0.6506612350185143,14912.441731548735,0.4781104328871838,5991.536832494562,0.15961402707880157
1615,8.098091214062444,0.43227289670135804,12.557952479620507,0.3894881199051268,15925.503419005163,0.7313758547512907,6483.792390434929,0.5698269920291076
1616,8.175976726166395,0.4755426256479973,12.773602415463202,0.4434006038658004,13533.784978230153,0.13344624455753828,6717.466650788645,0.7645555423238707
1617,7.376185983516483,0.031214435286934905,12.878211807567336,0.4695529518918342,14073.385424887909,0.2683463562219771,6543.435677266035,0.6195297310550292
1618,8.682837722531994,0.7571320680733306,14.80909150724266,0.9522728768106652,16413.94995196893,0.8534874879922325,6527.5360236548895,0.6062800197124079
1619,8.489184117349224,0.6495467318606798,12.151241290546828,0.2878103226367069,14085.478467978353,0.2713696169945883,6110.537023781644,0.2587808531513699
1620,8.04207859982308,0.4011547776794886,13.42226395172355,0.6055659879308876,14579.220225646684,0.3948050564116713,6547.968615914619,0.6233071799288484
1621,8.57083518271154,0.6949084348397447,11.53010344086164,0.1325258602154098,16895.33552543914,0.9738338813597847,6329.010702886453,0.440842252405378
1622,8.850659363070575,0.8503663128169866,14.466217446248246,0.8665543615620614,16171.988356607571,0.7929970891518927,6061.035918351282,0.2175299319594013
1623,8.462390768321079,0.6346615379561552,11.90993212613229,0.22748303153307226,16006.865806437681,0.7517164516094202,6827.46394232251,0.8562199519354251
1624,8.009645380525832,0.3831363225143509,12.377205023603672,0.344301255900918,14789.95994780903,0.4474899869522573,6237.868703978406,0.36489058664867213
1625,7.602626440628069,0.15701468923781614,12.489103417936239,0.37227585448405953,14740.415751060496,0.435103937765124,5853.61760608624,0.04468133840519972
1626,7.919695428307897,0.3331641268377201,13.862152368999128,0.7155380922497822,13982.719966319055,0.2456799915797636,6066.56304949336,0.22213587457780049
1627,7.867516337037487,0.30417574279860404,11.253667313383568,0.0634168283458919,15106.304826414409,0.5265762066036022,6355.714192375863,0.4630951603132186
1628,7.759513212121304,0.24417400673405754,14.488567237952047,0.8721418094880117,16302.179186820855,0.8255447967052137,5943.935762512957,0.11994646876079718
1629,7.726694917287579,0.2259416207153221,12.89394059085013,0.4734851477125326,13670.726013041474,0.16768150326036857,6647.20813225667,0.7060067768805581
1630,8.534894181206033,0.6749412117811298,13.935320302550869,0.7338300756377171,14438.291407872191,0.359572851968048,6993.856697466621,0.9948805812221843
1631,9.056815346500134,0.9648974147222974,13.838116021938383,0.7095290054845957,16525.56308402442,0.8813907710061046,6603.477582859147,0.6695646523826225
1632,8.509779931215146,0.6609888506750814,11.87110989840442,0.21777747460110475,15147.56548492292,0.5368913712307299,6202.374862262177,0.3353123852184807
1633,8.6355503095603,0.7308612830890557,11.823709796542504,0.205927449135626,15169.129515263907,0.5422823788159766,5924.387407376087,0.10365617281340567
1634,7.921923894565059,0.33440216364725495,14.49697398957749,0.8742434973943728,16513.454316329022,0.8783635790822554,5945.735971305108,0.1214466427542572
1635,7.997469636343453,0.3763720201908075,13.030655895199889,0.507663973799972,14324.08984196694,0.33102246049173467,6878.766894104066,0.8989724117533882
1636,7.559097838063188,0.13283213225732682,12.778390061923464,0.444597515480866,14250.848700055842,0.31271217501396054,6560.9188323392145,0.6340990269493453
1637,7.707449082259585,0.21524949014421402,11.882563742889857,0.22064093572246413,14792.734631902986,0.44818365797574633,6640.734561779462,0.700612134816218
1638,8.098492735603072,0.4324959642239289,13.162301041516562,0.5405752603791404,13298.170974778566,0.07454274369464164,6188.63386534395,0.3238615544532911
1639,7.472726448115247,0.0848480267306928,13.726465280168915,0.6816163200422287,15633.868086154895,0.6584670215387235,6945.77553071166,0.9548129422597174
1640,7.885676120114009,0.3142645111744492,12.620383148343814,0.4050957870859534,13132.308674959952,0.033077168739988005,5994.326916877359,0.16193909739779877
1641,7.533666417787261,0.11870356543736715,11.136767431211904,0.034191857802975956,15635.515874156794,0.6588789685391987,6623.9883971549425,0.6866569976291188
1642,7.33018616799207,0.005658982217816577,13.596208966320757,0.6490522415801893,13855.107097419004,0.21377677435475118,6797.285603934356,0.8310713366119631
1643,7.369240073037761,0.027355596132089266,13.709792913922774,0.6774482284806934,15413.482730218668,0.6033706825546671,6244.716555598677,0.370597129665564
1644,7.437397401132663,0.06522077840703489,14.212303631167341,0.8030759077918354,15708.402142160801,0.6771005355402003,6563.278696482656,0.636065580402214
1645,8.053396158249537,0.40744231013863175,12.933552216535741,0.4833880541339355,13348.790996731384,0.08719774918284595,5938.035774940154,0.11502981245012789
1646,7.583666773514898,0.14648154084161036,11.76989336774318,0.1924733419357949,16458.269127093376,0.8645672817733435,5895.853688885758,0.07987807407146519
1647,7.725434678080591,0.2252414878225506,11.73657657856291,0.1841441446407277,15468.309557485916,0.6170773893714792,6590.134727110499,0.6584456059254153
1648,8.069381366071307,0.4163229811507261,12.338912646185907,0.33472816154647655,16584.158285126483,0.8960395712816211,6491.734173830906,0.5764451448590884
1649,8.208664255520798,0.49370236417822155,11.941571961580301,0.23539299039507533,13807.902478149297,0.20197561953732435,6306.727002964905,0.42227250247075454
1650,7.487865748097963,0.0932587489433131,12.5780105852438,0.39450264631094967,13359.198031469878,0.08979950786746926,5916.827689702444,0.09735640808536994
1651,7.6404641930391035,0.17803566279950211,14.508259428882159,0.8770648572205398,14100.284179866068,0.27507104496651713,6464.299219106101,0.5535826825884177
1652,7.525095546683816,0.1139419703798974,11.33824082152844,0.08456020538211007,15511.478101472292,0.6278695253680731,6976.195632560788,0.9801630271339903
1653,8.41474979279241,0.6081943293291171,11.276009012621584,0.0690022531553961,13331.975437912763,0.08299385947819049,6520.749588039711,0.6006246566997592
1654,7.420577435827024,0.05587635323723539,11.868354345082256,0.21708858627056427,13976.723828369188,0.24418095709229692,6179.563292553049,0.31630274379420753
1655,8.4672877778749,0.6373820988193885,11.635311344171,0.15882783604274997,16498.201708564364,0.8745504271410908,6365.732634931368,0.471443862442807
1656,8.20859032026472,0.4936612890359562,12.933155340042422,0.4832888350106054,15464.788555864247,0.6161971389660618,6511.211638728514,0.5926763656070954
1657,8.404977624787662,0.6027653471042567,14.497181891804672,0.8742954729511683,16562.04619649031,0.8905115491225781,6543.799477975964,0.6198328983133033
1658,7.850242168482033,0.29457898249001846,12.77426993559455,0.4435674838986373,13833.649303834884,0.20841232595872095,6379.233794782373,0.48269482898531013
1659,7.607136782009869,0.15952043444992703,11.793923378967518,0.19848084474187955,14876.243327871054,0.4690608319677635,6705.825088621465,0.7548542405178873
1660,8.799134948539994,0.8217416380777748,14.834939673445598,0.9587349183613996,14059.0061504941,0.2647515376235253,6548.239802668128,0.6235331688901062
1661,7.727763706348629,0.22653539241590492,14.713606557678425,0.9284016394196062,15185.096921226148,0.5462742303065371,6644.118259068928,0.7034318825574395
1662,8.359773319417767,0.5776518441209818,11.735248614783554,0.18381215369588844,13181.615199560612,0.045403799890153196,6130.733977695521,0.27561164807960103
1663,7.511663201920799,0.10647955662266606,13.746515362302087,0.6866288405755221,14554.23454816814,0.3885586370420351,6551.615462774947,0.6263462189791231
1664,8.180672448161665,0.4781513600898145,11.358261392341404,0.08956534808535133,14555.755712035081,0.38893892800877017,6087.902841866942,0.2399190348891186
1665,8.164502195034476,0.46916788613026517,12.580772191808816,0.395193047952204,16078.789229668784,0.7696973074171961,6973.33538353916,0.9777794862826334
1666,7.620759165195327,0.16708842510851496,14.485084185475223,0.8712710463688057,16504.514095113882,0.8761285237784708,5853.50543763947,0.04458786469955811
1667,7.682039740711371,0.20113318928409485,12.746460852110076,0.43661521302751916,14584.538374842845,0.39613459371071136,6146.57158077372,0.2888096506447665
1668,9.000640089906542,0.9336889388369679,11.168163551789714,0.04204088794742877,15914.979332248076,0.7287448330620191,6957.875370442056,0.9648961420350467
1669,9.04911393797307,0.960618854429484,13.570881935970505,0.6427204839926264,13786.525096288959,0.19663127407223968,6234.465406632217,0.36205450552684804
1670,7.669148257084855,0.19397125393603043,14.746587750632603,0.9366469376581509,13404.079890478404,0.10101997261960105,6189.1004757480705,0.32425039645672527
1671,8.515345883818936,0.6640810465660759,14.144227207482677,0.7860568018706692,15666.049438244396,0.666512359561099,6607.343832994742,0.6727865274956187
1672,8.451012234345104,0.628340130191725,11.876485597257519,0.21912139931437957,15242.65503015683,0.5606637575392075,6662.453078493272,0.7187108987443935
1673,7.639992743663223,0.17777374647956845,12.880903276528311,0.47022581913207784,13767.233327607662,0.19180833190191549,6377.119323382279,0.48093276948523234
1674,9.084311719208607,0.9801731773381152,14.637371606625374,0.9093429016563433,16457.35409074988,0.8643385226874699,6566.694297426131,0.6389119145217759
1675,7.666431250837969,0.19246180602109397,12.893569834752613,0.4733924586881533,13529.009845643544,0.13225246141088598,5830.322849511503,0.025269041259585734
1676,8.49371199461958,0.6520622192331004,11.921917354541584,0.23047933863539605,15981.399749660708,0.7453499374151771,6395.8385596865655,0.49653213307213806
1677,8.555465420893379,0.6863696782740996,12.028216360437073,0.2570540901092683,16864.690733203497,0.9661726833008739,6626.084521359187,0.6884037677993232
1678,8.822490983464807,0.8347172130360045,14.959848392362542,0.9899620980906354,14690.173714937153,0.4225434287342883,6828.097654214582,0.8567480451788178
1679,7.519012100016358,0.11056227778686523,12.751765424698977,0.4379413561747444,16632.675978667277,0.9081689946668193,6811.794889015262,0.8431624075127183
1680,8.022825899869892,0.3904588332610509,13.025833936434093,0.5064584841085232,16244.495843331288,0.8111239608328219,6483.3769373616415,0.569480781134701
1681,9.110330658340239,0.9946281435223555,14.910094987799921,0.9775237469499801,15156.550483282219,0.5391376208205547,6282.774916518017,0.40231243043168063
1682,8.15586565689897,0.4643698093883165,14.759312971314532,0.9398282428286332,15090.940641560763,0.522735160390191,6241.8983748601695,0.36824864571680804
1683,8.082147017531343,0.4234150097396351,12.162934414810397,0.2907336037025995,15537.74615684677,0.6344365392116924,5995.683472109703,0.16306956009141904
1684,8.9567697190042,0.9093165105578895,12.434651179006527,0.358662794751632,14481.967914424524,0.3704919786061309,6434.855642487372,0.5290463687394769
1685,8.30927033615994,0.5495946311999673,12.95751997803507,0.48937999450876735,16317.962049199397,0.8294905122998495,6008.298486955309,0.17358207246275792
1686,8.531749672722164,0.6731942626234244,14.252536130140992,0.8131340325352479,15085.937886318558,0.5214844715796393,5884.874606122466,0.07072883843538824
1687,8.596607575454827,0.7092264308082381,11.504637412321344,0.12615935308033588,13072.468478634984,0.018117119658746184,6635.420830421789,0.696184025351491
1688,7.642200655532216,0.17900036418456433,11.591988524170041,0.14799713104251022,16474.4791359262,0.8686197839815504,6152.317345401565,0.29359778783463764
1689,8.9114280038611,0.8841266688117232,12.959014652965777,0.4897536632414443,13282.088964377555,0.07052224109438898,6706.355244294034,0.7552960369116943
1690,7.989680737275284,0.3720448540418245,14.706508499757192,0.9266271249392981,16760.876829449586,0.9402192073623968,6584.715957087393,0.6539299642394942
1691,7.396707323060458,0.04261517947803173,13.158712871020164,0.5396782177550412,14494.746173221449,0.37368654330536233,5879.528529737956,0.06627377478162988
1692,7.929695985533032,0.3387199919627957,14.211919237351738,0.8029798093379347,14663.584975011669,0.4158962437529169,6623.651459123882,0.6863762159365684
1693,8.362600252729129,0.5792223626272939,12.222363642768308,0.305590910692077,13625.275452497795,0.15631886312444887,6908.98994507004,0.9241582875583668
1694,8.489735032450513,0.6498527958058411,12.008144576665787,0.2520361441664467,16288.651991499142,0.8221629978747855,6987.212524532317,0.9893437704435976
1695,8.385800365964172,0.5921113144245408,14.20761892930348,0.80190473232587,13252.751987778734,0.0631879969446838,6066.813730160525,0.22234477513377082
1696,7.553948022858462,0.12997112381025666,11.163744896496294,0.04093622412407316,13589.4021544676,0.14735053861689984,5912.396988062333,0.09366415671861028
1697,8.567010814591569,0.6927837858842057,11.43771773936838,0.10942943484209533,15990.524261364537,0.7476310653411343,5817.2560452619755,0.014380037718313088
1698,8.41315993295935,0.6073110738663051,12.184381834659238,0.2960954586648096,16385.262890048838,0.8463157225122092,6827.214156516517,0.8560117970970971
1699,7.90761294572093,0.3264516365116279,11.308723095507975,0.07718077387699407,14878.320703388355,0.4695801758470891,6468.154349155768,0.5567952909631402
1700,8.185652670871068,0.48091815048392694,14.184963581509425,0.7962408953773561,16529.605841762055,0.8824014604405137,6946.2267367219065,0.955188947268255
1701,8.083917919010029,0.4243988438944606,14.557141889194451,0.8892854722986127,13637.855020791645,0.15946375519791145,6731.498335892936,0.7762486132441132
1702,7.842886991064292,0.2904927728134957,11.799875732831039,0.19996893320775977,15158.26313566126,0.5395657839153152,5995.068155657295,0.16255679638107967
1703,8.450956622493113,0.6283092347183963,14.892018462745881,0.97300461568647,15181.627361647334,0.5454068404118336,6361.410041184861,0.46784170098738476
1704,8.31727828675678,0.5540434926426558,12.570625445021198,0.3926563612552997,14489.41514937181,0.3723537873429523,6450.308386241738,0.5419236552014481
1705,8.156848447676104,0.4649158042645024,12.117904568514069,0.27947614212851724,15977.131213530829,0.744282803382707,6431.386440307996,0.5261553669233298
1706,9.005153030268296,0.9361961279268318,12.213542626337182,0.3033856565842953,14662.757771186793,0.41568944279669806,5922.7428159198425,0.10228567993320226
1707,7.411421118299278,0.05078951016626532,14.730419773945297,0.9326049434863243,14856.559169820746,0.46413979245518644,6257.669805163493,0.3813915043029108
1708,7.673390947541922,0.19632830418995628,12.422163758284766,0.3555409395711916,13596.97360315564,0.14924340078891007,6450.871611615601,0.5423930096796672
1709,8.893129041310756,0.8739605785059762,12.01691469421254,0.25422867355313505,14232.702934229723,0.30817573355743066,5991.006312733306,0.1591719272777552
1710,8.860859932428763,0.8560332957937574,14.683684258989242,0.9209210647473104,16866.35017170434,0.9665875429260852,6458.6407674033835,0.5488673061694863
1711,8.598234476613715,0.7101302647853974,12.52642124039511,0.3816053100987774,15601.77982293089,0.6504449557327225,6250.726813018787,0.37560567751565566
1712,8.982281170075806,0.923489538931004,13.577893780443105,0.6444734451107765,15483.803571708202,0.6209508929270503,6546.099176588359,0.6217493138236329
1713,7.589762206292382,0.1498678923846566,14.589607371316056,0.8974018428290139,16538.12852420102,0.8845321310502547,6390.236078178325,0.4918633984819377
1714,8.083792317762637,0.42432906542368665,12.6484030908932,0.4121007727232999,14992.346895387298,0.4980867238468245,5831.051406232876,0.025876171860729547
1715,7.7949990987192,0.26388838817733307,14.693973886657558,0.9234934716643893,14725.864349818417,0.43146608745460446,6114.999284018573,0.26249940334881094
1716,7.355706368532486,0.019836871406936685,12.740572594458708,0.43514314861467707,14748.624708710471,0.437156177177618,6458.35749845814,0.5486312487151165
1717,8.761462091401597,0.8008122730008873,14.008909351749484,0.7522273379373712,13336.670588474899,0.08416764711872482,6278.697389285278,0.39891449107106514
1718,7.754121495749272,0.2411786087495955,13.960686821869018,0.7401717054672546,16975.473275082877,0.9938683187707195,6270.172586629414,0.39181048885784464
1719,8.090916138159217,0.42828674342178785,12.114470201749947,0.2786175504374869,16725.529992426123,0.9313824981065307,6502.215430854462,0.5851795257120519
1720,7.98912747230785,0.3717374846154723,13.776636724083154,0.6941591810207887,13566.310615998862,0.14157765399971534,6797.80543809175,0.8315045317431249
1721,7.374010903169182,0.030006057316212198,12.841612984007705,0.46040324600192617,13667.448128801783,0.1668620322004457,6658.462780022803,0.7153856500190021
1722,8.007575611299151,0.3819864507217503,11.272914047883678,0.06822851197091917,15461.001735491986,0.6152504338729964,6659.8530290288445,0.7165441908573704
1723,8.512526354881027,0.6625146416005709,11.98464380404672,0.24616095101167956,16549.62535977951,0.8874063399448779,6092.405172027583,0.2436709766896521
1724,8.657420023571852,0.7430111242065847,14.368368947903681,0.8420922369759202,15093.26738518276,0.5233168462956901,6416.66459190148,0.5138871599178999
1725,7.483428986612806,0.09079388145155864,12.553756618400023,0.38843915460000544,16308.803963578359,0.8272009908945899,5807.089740228044,0.005908116856703449
1726,8.871660813336883,0.8620337851871578,12.955107215958293,0.4887768039895731,16444.8994517901,0.8612248629475253,6515.649453856167,0.5963745448801395
1727,7.831991743081821,0.2844398572676786,12.307928682352685,0.32698217058817136,15732.763659139604,0.6831909147849009,6935.281405992867,0.9460678383273892
1728,7.6346426269929415,0.17480145944052305,12.02317703229252,0.25579425807313005,14709.507537537387,0.42737688438434696,6950.450926710038,0.9587091055916982
1729,7.6655911309503,0.1919950727501668,12.556470554173425,0.3891176385433561,14278.881742655034,0.3197204356637583,6646.450845645647,0.705375704704706
1730,7.343079328169086,0.012821848982825457,14.51178916472481,0.8779472911812027,14457.48609295201,0.36437152323800215,6548.886759050041,0.6240722992083676
1731,7.690440301919059,0.20580016773281085,13.261200972533329,0.5653002431333322,14601.331104722354,0.4003327761805886,6032.153527334136,0.1934612727784465
1732,8.729238776698084,0.7829104314989356,11.544497169339513,0.13612429233487833,14346.878097064313,0.3367195242660783,6131.323573155929,0.27610297762994074
1733,7.434628166507289,0.0636823147262714,12.520220291997287,0.3800550729993216,13674.776627460347,0.16869415686508693,6314.038858847046,0.42836571570587156
1734,7.577861705023675,0.1432565027909305,13.806318389122422,0.7015795972806056,13812.51353272386,0.20312838318096516,5992.9645265051895,0.16080377208765806
1735,8.796014561206729,0.8200080895592943,11.399113166036877,0.09977829150921935,14804.869867425272,0.45121746685631814,5902.436474474465,0.08536372872872144
1736,9.01669901529775,0.9426105640543055,13.247236944753976,0.5618092361884938,16977.33264562294,0.9943331614057349,5970.154853348944,0.14179571112412037
1737,8.67552417198152,0.7530689844341778,12.390504809126517,0.3476262022816292,14777.69216105573,0.4444230402639322,6330.404814346195,0.4420040119551626
1738,7.500206907788511,0.10011494877139515,14.047826361949877,0.7619565904874694,16835.187572040435,0.9587968930101084,6810.695797807644,0.842246498173037
1739,7.570902659797716,0.13939036655428683,13.636255693166856,0.6590639232917138,13045.491122504065,0.011372780626016099,6173.015162563164,0.3108459688026366
1740,8.954333167322957,0.9079628707349762,14.663131135681091,0.9157827839202728,16511.1195944557,0.8777798986139247,6279.197438931889,0.399331199109908
1741,8.293247319211465,0.5406929551174812,11.429163771902855,0.10729094297571373,13368.821512866567,0.09220537821664176,6493.258198834382,0.5777151656953181
1742,8.519004602752773,0.6661136681959848,13.072710478148142,0.5181776195370354,16745.269885327154,0.9363174713317889,6948.54142467232,0.9571178538936004
1743,7.87392810488787,0.307737836048817,13.428737040182346,0.6071842600455866,13206.15100030896,0.05153775007724015,6547.440562321894,0.6228671352682447
1744,8.65901307214994,0.7438961511944107,11.02576634602507,0.006441586506267805,15917.221103154381,0.7293052757885955,6221.988645433091,0.35165720452757554
1745,7.960195234923714,0.35566401940206327,14.317473767771208,0.8293684419428021,14281.26821245733,0.3203170531143321,5915.329703772235,0.09610808647686286
1746,7.787824877557244,0.25990270975402463,11.434184057379248,0.10854601434481215,13684.095466000557,0.17102386650013912,6600.509554480734,0.6670912954006113
1747,8.052856606204257,0.40714255900236473,14.068950795496841,0.7672376988742101,14376.727629087298,0.3441819072718243,6509.463312889884,0.5912194274082365
1748,8.078033067603526,0.4211294820019589,14.943337718392103,0.9858344295980258,13608.96642147583,0.15224160536895748,6004.540393319715,0.17045032776642888
1749,8.225359592196892,0.5029775512204955,12.857649313093885,0.46441232827347123,16274.01048309068,0.81850262077267,6308.91806680212,0.42409838900176655
1750,7.652660917837271,0.18481162102070614,14.993504860203965,0.9983762150509913,15758.314908689916,0.6895787271724789,6656.916205975233,0.7140968383126942
1751,8.790953594198562,0.8171964412214235,11.414275398174631,0.10356884954365775,15288.421434188747,0.5721053585471867,6334.642147821029,0.4455351231841904
1752,8.431309165812728,0.6173939810070713,11.15750532749143,0.039376331872857606,13594.493761031985,0.148623440257996,6548.748585131771,0.6239571542764755
1753,8.009728615908319,0.3831825643935104,14.123597032340125,0.7808992580850315,14920.002014192476,0.48000050354811885,6555.444401582012,0.629537001318343
1754,8.364118463390188,0.5800658129945492,12.976014699386797,0.49400367484669916,13693.627449365753,0.1734068623414382,6131.059139268418,0.27588261605701503
1755,8.622765709945371,0.7237587277474289,13.848496591408782,0.7121241478521956,13075.769003924164,0.018942250981041298,5992.579659235261,0.1604830493627174
1756,7.624626572182188,0.16923698454565983,11.813538182772081,0.20338454569302022,16194.268774889115,0.7985671937222788,6899.980719715264,0.9166505997627197
1757,8.159671808598008,0.4664843381100042,12.702387896153152,0.4255969740382881,13709.912499955579,0.17747812498889448,6755.279839877889,0.7960665332315737
1758,7.755100076645531,0.24172226480307302,12.800183162577202,0.4500457906443005,13550.030033213392,0.13750750830334801,5989.53637900336,0.1579469825027997
1759,8.28783096011347,0.5376838667297054,11.722018502291641,0.18050462557291036,15597.578665525703,0.6493946663814257,6920.3116771502,0.9335930642918335
1760,8.614288082362107,0.7190489346456153,13.19019104637689,0.5475477615942227,14113.888679100464,0.27847216977511624,6490.986494840765,0.5758220790339711
1761,8.67224877298425,0.7512493183245834,11.475949743726913,0.11898743593172811,15023.189515475886,0.5057973788689714,6683.228860839984,0.7360240506999864
1762,8.351280345020015,0.5729335250111199,12.72012915703002,0.4300322892575047,15659.3589767564,0.6648397441891002,6864.236361535533,0.8868636346129443
1763,7.415069357239502,0.05281630957750105,13.685046584853556,0.6712616462133891,15626.704474792454,0.6566761186981135,6956.961683493323,0.9641347362444359
1764,8.757619431859453,0.7986774621441409,13.238484341321989,0.5596210853304973,15088.611033231611,0.5221527583079029,5818.062800673446,0.015052333894538528
1765,8.243658500571396,0.5131436114285531,14.731744816458464,0.932936204114616,16535.84227261362,0.8839605681534044,6924.848859903463,0.9373740499195522
1766,8.462411464748723,0.6346730359715128,14.814063855120475,0.9535159637801187,15976.740612913845,0.7441851532284615,6251.506782488836,0.37625565207403
1767,7.336006456786511,0.008892475992505866,13.458994021477267,0.6147485053693168,13838.551721668033,0.20963793041700807,5881.062396766599,0.0675519973054991
1768,9.09460867964186,0.9858937109121452,13.295829698513668,0.573957424628417,14456.761656892413,0.3641904142231034,6830.308547334475,0.8585904561120631
1769,8.777591773051773,0.8097732072509849,13.687470228218384,0.6718675570545962,16023.310610010558,0.7558276525026395,6378.994059520825,0.4824950496006877
1770,8.575985441252643,0.697769689584802,13.878747909301639,0.7196869773254096,15444.573967690398,0.6111434919225995,6862.481633642083,0.8854013613684019
1771,7.4674501594506335,0.08191675525035169,11.307148390591479,0.07678709764786995,15855.254304743412,0.7138135761858528,6078.937895898818,0.23244824658234808
1772,9.030775868204914,0.9504310378916199,12.091076625826496,0.27276915645662414,13805.68485691239,0.20142121422809756,6137.324228789355,0.2811035239911298
1773,7.635346822779246,0.17519267932180294,12.327280797232694,0.3318201993081735,14764.48579339728,0.44112144834932,6580.885851640809,0.6507382097006739
1774,7.664032852704878,0.19112936261382096,11.599814439466897,0.149953609866724,15042.478693112746,0.5106196732781864,6060.47293783198,0.21706078152664976
1775,9.02684398526165,0.9482466584786946,12.61652146660351,0.4041303666508774,15490.084809221793,0.6225212023054483,6256.653970232557,0.3805449751937977
1776,8.392630466452479,0.5959058146958215,14.194518132687985,0.7986295331719964,14797.6051746111,0.44940129365277515,6462.044914354039,0.5517040952950328
1777,9.023704350900363,0.9465024171668692,11.439401987568903,0.10985049689222581,15327.131752845165,0.5817829382112911,6128.175504940279,0.27347958745023293
1778,7.765683245824118,0.24760180323562087,13.159316605511856,0.539829151377964,15551.897493607106,0.6379743734017767,6156.869745552363,0.29739145462696925
1779,8.12710262032882,0.4483903446271227,12.627804769148414,0.4069511922871033,15576.301906639355,0.6440754766598388,6307.490094714443,0.4229084122620359
1780,7.349814141155444,0.016563411753024115,14.858763532913361,0.9646908832283403,13278.423412045846,0.06960585301146127,6670.9761677104125,0.72581347309201
1781,7.923489630074668,0.335272016708149,11.136322240330344,0.0340805600825862,13055.585246258848,0.013896311564711827,6792.916612765714,0.8274305106380947
1782,7.68414212305605,0.20230117947558368,11.867064563226117,0.21676614080652923,14596.848879698315,0.39921221992457845,6521.952341490175,0.6016269512418129
1783,7.7200158159808465,0.22223100887824787,13.485419031719545,0.6213547579298864,16836.14295617979,0.9590357390449471,6472.297705025017,0.560248087520848
1784,8.23729967468601,0.5096109303811169,13.114422170395319,0.5286055425988296,15866.835544389807,0.7167088860974519,6939.464833306637,0.9495540277555309
1785,7.847096242610415,0.2928312458946748,11.907353626265587,0.22683840656639676,16722.692222501886,0.9306730556254719,6263.223413327293,0.38601951110607735
1786,8.267497527144295,0.5263875150801638,14.144652289730628,0.7861630724326568,14472.604251887886,0.36815106297197153,6164.086392803148,0.3034053273359566
1787,8.766084342350954,0.803380190194975,13.736244571569591,0.6840611428923976,15783.36147505363,0.6958403687634076,5973.9663493803055,0.1449719578169213
1788,9.091579910520878,0.9842110614004884,12.211886862228138,0.3029717155570344,16330.781133240393,0.832695283310098,6123.6490184813865,0.2697075154011558
1789,8.831020217421038,0.839455676345021,13.765328514470262,0.6913321286175655,15597.814312142244,0.6494535780355607,6008.578190398947,0.17381515866578934
1790,8.784491042495901,0.813606134719945,12.388265977413793,0.34706649435344816,13379.17645659417,0.09479411414854244,6344.808676236793,0.45400723019732747
1791,8.603154139019587,0.7128634105664375,12.539311388666187,0.3848278471665467,14202.20833852043,0.3005520846301075,5929.036899323491,0.10753074943624208
1792,7.459151873120076,0.07730659617781976,13.161513629614108,0.540378407403527,14584.650526681438,0.3961626316703598,6540.068747892351,0.6167239565769591
1793,7.4470431438485445,0.07057952436030213,14.596252870084864,0.8990632175212161,14498.970798913027,0.374742699728257,5847.113082905886,0.03926090242157132
1794,8.467164432450854,0.6373135735838086,12.106106859904925,0.27652671497623116,15767.730029975792,0.6919325074939477,6492.335257962229,0.5769460483018573
1795,7.580683428140894,0.14482412674494083,11.886003346000269,0.22150083650006713,13158.031496321544,0.03950787408038614,6348.587903289893,0.4571565860749106
1796,8.498585342238625,0.6547696345770141,11.71850414690496,0.17962603672624,14172.254412892524,0.29306360322313096,6479.317248677579,0.5660977072313159
1797,8.445030535716416,0.6250169642868982,14.646126702558457,0.9115316756396141,15258.624424788915,0.5646561061972286,6145.709907794742,0.2880915898289518
1798,8.9648620743687,0.9138122635381672,13.431423113364158,0.6078557783410394,15994.002437193132,0.7485006092982833,6481.935656299007,0.5682797135825055
1799,8.61842738457172,0.72134854698429,12.07843372911026,0.26960843227756515,15417.128475214988,0.604282118803747,6487.063901754357,0.5725532514619645
1800,8.582231338562,0.7012396325344442,14.071544350951651,0.7678860877379126,14953.340450122685,0.4883351125306713,6154.283770856988,0.2952364757141567
1801,8.840624593435177,0.8447914407973208,13.155893632502448,0.5389734081256118,16790.444323249238,0.9476110808123095,6733.51880352096,0.7779323362674667
1802,8.536120748678726,0.6756226381548486,13.489897065087982,0.6224742662719955,16679.021761775883,0.9197554404439711,6786.701753410386,0.822251461175322
1803,7.7129451064180214,0.21830283689890084,11.591024009816737,0.14775600245418408,13427.365850434302,0.10684146260857541,6256.261083160242,0.3802175693002017
1804,8.998376601320274,0.9324314451779309,13.603461956939952,0.6508654892349883,14736.872117737576,0.4342180294343938,6599.014362294839,0.6658453019123656
1805,8.544708272478688,0.6803934847103827,13.638398370853837,0.6595995927134594,16254.61185090136,0.8136529627253399,5903.847579945059,0.08653964995421592
1806,7.772599033842737,0.2514439076904096,11.681280582996752,0.17032014574918786,16039.904130486319,0.7599760326215795,6701.273399678838,0.7510611663990321
1807,8.41608697688933,0.6089372093829611,12.237537143007948,0.30938428575198706,13106.435248365533,0.026608812091383438,6038.286765779769,0.19857230481647414
1808,7.599158924765315,0.1550882915362859,14.91385679627814,0.9784641990695346,16565.60366790274,0.8914009169756842,6500.697285469139,0.5839144045576166
1809,8.616949057738578,0.7205272542992103,14.797688316614037,0.9494220791535092,15781.84743655886,0.6954618591397154,6388.430315839021,0.4903585965325177
1810,7.511639987562139,0.10646665975674374,11.592371963301574,0.1480929908253935,14413.451105937189,0.35336277648429715,6122.366966806426,0.26863913900535474
1811,8.01836417477113,0.387980097095072,14.908456027270784,0.9771140068176959,14606.72251577858,0.40168062894464496,6532.987714200349,0.6108230951669572
1812,8.384176521594203,0.5912091786634464,12.982979068745108,0.4957447671862768,16535.307073116743,0.8838267682791854,6136.455063603289,0.2803792196694078
1813,9.060986245881903,0.9672145810455025,11.487831662327826,0.12195791558195646,16018.894273417474,0.7547235683543687,6858.9541638079,0.8824618031732501
1814,7.58324047619312,0.14624470899617736,14.559320375125727,0.8898300937814319,15687.111460996482,0.6717778652491205,6679.33889964986,0.7327824163748834
1815,7.539699468307061,0.12205526017058965,11.145928913630453,0.03648222840761328,13367.11108095375,0.09177777023843725,6370.198574555661,0.4751654787963846
1816,7.708069458235535,0.21559414346418582,13.231055510295363,0.5577638775738408,13482.19039704282,0.12054759926070491,6985.421604583563,0.987851337152969
1817,7.432610517024434,0.06256139834690777,12.245701118328036,0.31142527958200916,16501.755704875093,0.875438926218773,6437.290011818243,0.5310750098485363
1818,8.051606788580525,0.4064482158780699,14.103045842810147,0.7757614607025369,14092.923972488641,0.27323099312216037,6840.471314404864,0.8670594286707202
1819,7.425761161098607,0.05875620061033715,13.995109509823342,0.7487773774558355,15381.814580154847,0.5954536450387119,6379.846127292539,0.4832051060771154
1820,8.11662856800336,0.44257142666853355,14.972755346305979,0.9931888365764948,15780.155181461992,0.6950387953654983,6670.888593295285,0.7257404944127379
1821,8.761077506618202,0.8005986147878901,14.212596981787307,0.8031492454468269,16824.6596661864,0.9561649165465995,6754.8622923148,0.7957185769289993
1822,8.685926661642034,0.7588481453566859,11.306499787775412,0.07662494694385313,15136.208447576617,0.5340521118941541,6699.775187661127,0.7498126563842726
1823,7.415516966056098,0.05306498114227609,14.053159712899234,0.7632899282248087,15643.49021638101,0.6608725540952524,6201.871533526829,0.33489294460569097
1824,7.574471290811958,0.1413729393399763,14.20128988384922,0.8003224709623051,13538.81905363188,0.13470476340796989,6294.374735906116,0.41197894658842993
1825,8.028067428393099,0.393370793551722,14.603081140581804,0.9007702851454511,14748.919875718133,0.43722996892953303,6154.206761031378,0.2951723008594813
1826,8.982231450409696,0.923461916894276,13.93407535596383,0.7335188389909576,15720.727089146996,0.6801817722867489,6977.882173121505,0.9815684776012538
1827,8.183602611304307,0.47977922850239263,14.048706668748009,0.7621766671870022,14443.783948371965,0.3609459870929914,6958.081968235284,0.9650683068627367
1828,8.784174740624733,0.8134304114581855,14.968756214110346,0.9921890535275866,16689.353736223,0.9223384340557503,6857.494922318782,0.8812457685989852
1829,9.068864910099371,0.971591616721874,13.516463782350607,0.6291159455876518,16070.85163079432,0.7677129076985797,5815.619131335259,0.013015942779383005
1830,8.721971238923095,0.7788729105128304,12.067278205300502,0.2668195513251256,15857.583592434157,0.7143958981085393,6871.478142271287,0.8928984518927388
1831,8.240733873032895,0.5115188183516084,12.250382866992286,0.3125957167480715,14593.482556002622,0.3983706390006556,6264.4218337850525,0.38701819482087707
1832,8.058140667961247,0.4100781488673598,11.449931706839703,0.11248292670992555,15605.403908236725,0.6513509770591813,6591.921303143106,0.6599344192859217
1833,8.697355777864717,0.7651976543692871,14.486969076476978,0.8717422691192444,15166.34474876982,0.5415861871924548,6160.791215895498,0.3006593465795814
1834,7.346927818018854,0.014959898899363555,11.748512649297755,0.18712816232443852,15691.012498402277,0.672753124600569,6975.058395445331,0.9792153295377759
1835,8.128433372923865,0.44912965162436935,14.204481187333501,0.8011202968333754,16559.87371296552,0.8899684282413799,6962.515319506797,0.9687627662556644
1836,8.126613518078775,0.4481186211548749,14.359580219250546,0.8398950548126367,13186.155360499506,0.046538840124876524,6478.102206006759,0.5650851716722993
1837,8.615091233125797,0.7194951295143324,13.829345391919327,0.7073363479798319,15907.854705775157,0.7269636764437889,5866.016024015113,0.05501335334592705
1838,8.04471095930014,0.4026171996111887,13.16128107131841,0.5403202678296025,16680.014587349164,0.9200036468372907,6599.352448985535,0.6661270408212795
1839,8.993766329531113,0.9298701830728409,12.940614646180572,0.48515366154514306,13054.98647146916,0.013746617867289701,6310.196666351453,0.425163888626211
1840,9.006540244765082,0.9369668026472682,13.869612812756424,0.717403203189106,14571.634445455582,0.39290861136389554,6994.7974759393755,0.9956645632828128
1841,8.91458258081711,0.8858792115650608,14.651177580400573,0.912794395100143,16149.999705130467,0.787499926282617,6363.9174012723315,0.469931167726943
1842,8.142978867150365,0.4572104817502026,14.641117747278392,0.9102794368195979,14473.250664724164,0.3683126661810412,6005.862875967517,0.17155239663959743
1843,9.01212224756012,0.9400679153111783,13.141941226335351,0.5354853065838378,13708.61084888265,0.17715271222066253,6724.109626066068,0.7700913550550565
1844,8.95168758869166,0.9064931048287004,13.484142860237798,0.6210357150594495,13881.737457200623,0.22043436430015595,6869.807609983813,0.8915063416531775
1845,8.623092469488153,0.7239402608267521,14.485625704557224,0.8714064261393061,13633.839127727202,0.15845978193180066,6611.400654079382,0.6761672117328178
1846,7.862149441683181,0.3011941342684339,14.475165971578537,0.8687914928946341,14906.282950866414,0.47657073771660374,6489.163386181273,0.5743028218177276
1847,8.37913492354945,0.5884082908608065,11.343344818643395,0.08583620466084896,15530.99056302285,0.6327476407557125,6359.968678670045,0.4666405655583711
1848,9.00020733799436,0.9334485211079777,14.918414612924181,0.979603653231045,16978.24254174474,0.9945606354361851,6139.256455462935,0.2827137128857794
1849,8.75061862391484,0.7947881243971328,12.761444952279628,0.4403612380699071,15925.22616563119,0.7313065414077976,6018.51384918082,0.18209487431735027
1850,7.654456594951009,0.18580921941722695,13.131794369651166,0.5329485924127916,14397.53219952993,0.3493830498824825,6140.726660306183,0.2839388835884856
1851,8.769920245955085,0.8055112477528253,13.609842402902233,0.6524606007255583,14259.988947455642,0.31499723686391046,6940.911423564802,0.9507595196373352
1852,7.88059524989061,0.3114418054947834,12.13498333949345,0.2837458348733627,13258.633783519937,0.06465844587998415,6951.0636385695925,0.9592196988079937
1853,8.229674077503226,0.5053744875017929,11.036061387301034,0.009015346825258397,14510.313363651578,0.3775783409128942,6092.813718991406,0.24401143249283852
1854,7.6493888865783175,0.1829938258768431,14.27354806635831,0.8183870165895777,14335.595543783576,0.33389888594589423,6694.985142292396,0.7458209519103296
1855,7.60070832703767,0.15594907057648322,13.60455236499623,0.6511380912490576,14148.86438011388,0.28721609502847,6344.967505039258,0.4541395875327151
1856,7.419236971669984,0.05513165092776906,13.040401538061687,0.5101003845154215,15076.342635624502,0.5190856589061256,6585.540538192136,0.6546171151601139
1857,8.435893227203307,0.6199406817796155,14.47817179683074,0.869542949207685,16607.9547952328,0.9019886988081999,6673.77458936988,0.7281454911415669
1858,7.925402917393934,0.33633495410774117,13.27106249800546,0.5677656245013651,14083.76550630982,0.27094137657745476,6609.252021029798,0.6743766841914984
1859,8.451894239477637,0.628830133043132,12.903748549808029,0.47593713745200694,13013.698664737736,0.0034246661844340442,6241.683628655798,0.3680696905464982
1860,8.560198121018296,0.6889989561212752,11.352269178932271,0.08806729473306762,15211.617325867275,0.5529043314668186,6593.363893828116,0.6611365781900964
1861,8.082417748992638,0.4235654161070216,12.103586249647234,0.2758965624118085,15090.548426248715,0.5226371065621789,6992.235414214543,0.9935295118454526
1862,7.494540340130928,0.0969668556282931,13.549938471631437,0.6374846179078592,15671.649045802531,0.6679122614506326,6034.165256182583,0.1951377134854857
1863,7.905917861689242,0.32550992316069016,14.219203791230518,0.8048009478076295,15007.641669931241,0.5019104174828103,6885.773553816541,0.9048112948471175
1864,8.111322085517624,0.4396233808431247,12.853313732123453,0.4633284330308636,13248.09064216324,0.06202266054081029,6229.129239681368,0.35760769973447304
1865,8.176503514323201,0.4758352857351118,11.179724164934344,0.04493104123358582,15735.7285074934,0.68393212687335,5883.93890502125,0.06994908751770867
1866,7.556307160401107,0.13128175577839263,11.934212074447094,0.2335530186117737,14570.013922423017,0.39250348060575435,6358.571412666861,0.4654761772223841
1867,8.350524167333504,0.5725134262963908,13.804361684281574,0.7010904210703935,16323.554847334352,0.8308887118335881,6091.629202007412,0.24302433500617615
1868,8.876129639529065,0.8645164664050368,14.112488739880698,0.7781221849701746,14493.834120697857,0.37345853017446407,6238.047335095097,0.36503944591258064
1869,7.835882169613778,0.28660120534098754,12.065836736090045,0.2664591840225111,13505.508672754922,0.12637716818873057,6865.293776562657,0.8877448138022138
1870,7.827561133247837,0.28197840735990964,14.342492077512201,0.8356230193780505,15483.594803353677,0.620898700838419,6588.1679496383185,0.6568066246985991
1871,8.342111590177097,0.5678397723206098,12.681851501770751,0.4204628754426877,15657.881891570367,0.6644704728925919,6216.3277456078695,0.34693978800655756
1872,8.662233012386636,0.745685006881465,11.332549607445046,0.0831374018612614,15717.515968595444,0.6793789921488609,6795.952019809634,0.8299600165080284
1873,8.077891862790405,0.4210510348835592,13.69482968403577,0.6737074210089425,15787.69399550315,0.6969234988757875,6330.726354403838,0.44227196200319807
1874,7.500474492394487,0.10026360688582592,12.435450343265304,0.358862585816326,16466.07279269094,0.8665181981727345,6387.667803875915,0.48972316989659537
1875,8.087440127898091,0.4263556266100512,14.929338584235172,0.9823346460587927,14528.223980583503,0.38205599514587574,5944.399643256807,0.12033303604733958
1876,7.3864118405811565,0.03689546698953117,12.336767569701767,0.33419189242544156,16336.378008941418,0.8340945022353544,6133.613700902791,0.27801141741899216
1877,8.11755568385344,0.4430864910296898,12.969676743319052,0.4924191858297633,15525.409616654359,0.6313524041635896,6786.448505941583,0.8220404216179854
1878,7.814118945794631,0.27451052544146126,12.045686176075865,0.26142154401896633,15933.679579258383,0.7334198948145958,6246.041124727278,0.3717009372727311
1879,8.524742191571743,0.6693012175398579,14.028436411408224,0.7571091028520561,15864.576491521519,0.7161441228803797,5865.135560313304,0.05427963359442001
1880,9.055068726927548,0.9639270705153045,11.07807060459495,0.01951765114873749,16662.566187986078,0.9156415469965196,6292.284926147421,0.41023743845618443
1881,8.708171800898194,0.7712065560545525,13.469558137209738,0.6173895343024347,16086.08000653978,0.771520001634945,6987.930636120206,0.9899421967668385
1882,8.062463240385142,0.41247957799174595,12.028920030801252,0.25723000770031323,13814.58950510314,0.20364737627578522,6596.363872382907,0.6636365603190895
1883,7.520797186346151,0.11155399241452824,12.14799140804643,0.2869978520116072,14051.689126686213,0.26292228167155307,6248.300526130302,0.37358377177525226
1884,8.563500389878778,0.6908335499326548,12.176823455470686,0.29420586386767156,15923.832984706827,0.7309582461767069,6107.27627401558,0.2560635616796505
1885,8.526685343750597,0.6703807465281096,12.84228478583952,0.4605711964598803,15795.817665984305,0.6989544164960759,6766.158921881664,0.8051324349013871
1886,8.37074495264189,0.5837471959121607,14.850388472387937,0.9625971180969844,13097.567469898973,0.024391867474743534,5857.653001296491,0.04804416774707576
1887,8.172240586125955,0.47346699229219735,14.69364785513778,0.9234119637844451,16180.880527775847,0.795220131943962,5915.560300825492,0.09630025068791004
1888,7.792497456416449,0.26249858689802696,11.179689950125809,0.04492248753145234,16995.09174079047,0.998772935197618,6221.264600476706,0.3510538337305883
1889,8.834434364920538,0.841352424955855,11.840269056436576,0.21006726410914411,14701.177158903845,0.42529428972596117,6127.856021920121,0.27321335160010074
1890,7.793766386293476,0.2632035479408201,12.064625742840303,0.26615643571007574,14069.64615442996,0.2674115386074898,6513.224897978885,0.5943540816490704
1891,7.543296699672883,0.12405372204049059,13.166729062553431,0.5416822656383576,14689.711648531607,0.42242791213290165,6219.423189641001,0.349519324700834
1892,8.338138375438504,0.565632430799169,14.013824653402878,0.7534561633507196,15297.070639578862,0.5742676598947154,6151.6117036529295,0.2930097530441076
1893,7.569135205435743,0.1384084474643017,11.181614502528197,0.04540362563204903,14068.318311441191,0.267079577860298,6298.017744473862,0.4150147870615516
1894,8.626949480877444,0.7260830449319134,11.017564419457994,0.004391104864498341,13411.840498042713,0.10296012451067837,6658.075214976775,0.7150626791473123
1895,8.550495177236538,0.6836084317980766,12.034997791470733,0.25874944786768317,16432.108660229165,0.8580271650572913,6324.876785538904,0.43739732128242015
1896,8.154573958373483,0.46365219909638,11.077217971955575,0.019304492988893585,14049.833891934592,0.26245847298364766,6586.432780048792,0.6553606500406601
1897,8.949010048608319,0.9050055825601778,11.466923635841663,0.1167309089604156,13763.176031618,0.19079400790450018,6115.624373734143,0.26302031144511917
1898,7.669716559898324,0.1942869777212911,11.695514439767473,0.17387860994186832,14206.80819606371,0.30170204901592734,6492.859913599605,0.5773832613330037
1899,7.564884944269548,0.13604719126086018,13.957743742669463,0.7394359356673658,15978.752572161598,0.7446881430403995,6825.554224458366,0.8546285203819717
1900,8.00391645495061,0.37995358608367247,13.62763248232134,0.6569081205803352,13693.285308987044,0.17332132724676097,6071.4930390452555,0.22624419920437988
1901,7.953314409483214,0.3518413386017859,13.972708175054361,0.7431770437635903,16929.89778513632,0.9824744462840803,6733.619294604112,0.7780160788367597
1902,7.773890994421165,0.2521616635673135,11.134857187380437,0.03371429684510929,16906.696664352996,0.9766741660882488,6063.773250932572,0.21981104244381056
1903,8.368456374699536,0.5824757637219642,11.817908254639594,0.2044770636598987,16587.8979105747,0.896974477643675,6561.080445346297,0.6342337044552474
1904,8.33807849704766,0.5655991650264778,11.812598963520298,0.2031497408800742,16297.321070017786,0.8243302675044465,6983.515052206654,0.9862625435055453
1905,7.462699828030503,0.07927768223916776,14.719974440737188,0.9299936101842969,14424.474450653343,0.35611861266333555,6870.450146427773,0.8920417886898107
1906,7.504340915727539,0.102411619848633,14.858852969725676,0.964713242431419,15329.371930395117,0.5823429825987793,5982.235992240728,0.15186332686727289
1907,8.256834565088127,0.5204636472711819,13.836138371917476,0.709034592979369,14994.983631948751,0.49874590798718776,6106.595590860278,0.2554963257168986
1908,8.593895367890408,0.7077196488280051,14.43986511291486,0.8599662782287151,14190.499149559873,0.2976247873899681,6622.20966047782,0.6851747170648496
1909,8.478354401270856,0.6435302229282533,13.015079423424927,0.5037698558562317,13048.64563189119,0.012161407972797411,6331.149451142622,0.44262454261885154
1910,8.568566429253544,0.6936480162519687,14.79444985507985,0.9486124637699624,13954.6850217965,0.23867125544912515,6877.484540081503,0.8979037834012523
1911,8.30036292823241,0.5446460712402279,14.976903838152145,0.9942259595380364,15925.299786756068,0.7313249466890172,5952.272045597945,0.1268933713316206
1912,7.968543784572178,0.3603021025400993,13.846845135778473,0.7117112839446184,16346.908021612133,0.8367270054030332,6255.185556419622,0.37932129701635187
1913,8.649402224057996,0.7385567911433314,12.57966400468947,0.39491600117236725,14496.298377407245,0.37407459435181145,5826.109347806365,0.02175778983863752
1914,8.94055340271027,0.9003074459501507,14.570149868915331,0.8925374672288328,13747.086288679457,0.1867715721698644,6749.915023260204,0.7915958527168371
1915,7.984228419618921,0.36901578867717844,11.729833558919772,0.182458389729943,13469.816776036321,0.1174541940090803,5864.284171175397,0.053570142646164
1916,8.21989908466833,0.4999439359268506,11.711990998231096,0.17799774955777403,14724.03181221987,0.4310079530549672,6575.8060229796,0.6465050191496665
1917,9.049070078872482,0.9605944882624905,13.776371521597763,0.694092880399441,16433.2236799908,0.8583059199977,6220.271005105359,0.35022583758779935
1918,8.639607294991418,0.7331151638841209,13.216856451492172,0.5542141128730429,15375.150618677359,0.5937876546693398,6289.725726263536,0.4081047718862797
1919,8.065036981681038,0.4139094342672437,12.05839677789034,0.2645991944725854,14783.351840704172,0.44583796017604316,6425.106099244188,0.5209217493701569
1920,8.668348899018083,0.7490827216767131,13.211018533495587,0.5527546333738967,16169.62921703285,0.7924073042582126,5920.541539545138,0.10045128295428207
1921,8.00852825954806,0.3825156997489222,11.458877511813007,0.11471937795325182,13409.537445743867,0.10238436143596663,6645.9933188227615,0.7049944323523011
1922,7.36076367666176,0.022646487034310825,11.35103774931052,0.08775943732762981,15902.625509001764,0.7256563772504411,5985.061533165324,0.1542179443044368
1923,7.5356547251217805,0.11980818062321119,14.827120518172363,0.9567801295430906,15517.902134729433,0.629475533682358,6409.386004155234,0.5078216701293622
1924,8.778422368512938,0.8102346491738548,14.660196084522143,0.9150490211305357,16336.005712418584,0.8340014281046462,6531.074252315751,0.6092285435964598
1925,7.988540245763374,0.37141124764631883,11.146474862765828,0.03661871569145703,16643.30786226848,0.9108269655671202,6900.610779539118,0.917175649615932
1926,7.6175834910298015,0.16532416168322317,12.19738402564358,0.2993460064108949,15164.664174963598,0.5411660437408995,6807.135477778988,0.8392795648158233
1927,8.820724544366108,0.8337358579811709,12.751618309343083,0.4379045773357706,14180.707151274668,0.2951767878186671,5928.770549897513,0.10730879158126061
1928,8.907154223634658,0.8817523464636988,12.652578525165593,0.4131446312913981,14112.077720010018,0.2780194300025044,6473.752849521807,0.5614607079348386
1929,7.328113027074188,0.004507237263437935,11.279536369038112,0.06988409225952796,13917.532358213526,0.22938308955338138,6813.385196984226,0.8444876641535216
1930,8.100839518646861,0.43379973258159,13.313244692772443,0.578311173193111,13277.967950938857,0.06949198773471432,6092.870509548263,0.24405875795688559
1931,8.771129175137721,0.8061828750765119,12.262323951086206,0.31558098777155164,13948.130269195603,0.23703256729890076,6193.093730316641,0.3275781085972007
1932,8.693056624941997,0.7628092360788878,12.856955063597592,0.46423876589939783,16534.976732510913,0.8837441831277281,6045.943156363224,0.20495263030268707
1933,7.364846917216281,0.024914954009044643,14.2081786490363,0.8020446622590751,16429.09443411792,0.8572736085294804,6487.287804320971,0.5727398369341425
1934,8.079697075430568,0.4220539307947597,13.29839216268341,0.5745980406708525,14309.914503019378,0.32747862575484443,5936.6740450816,0.1138950375679999
1935,7.4149338692103175,0.05274103845017608,13.813196802001862,0.7032992005004656,14181.545314661309,0.2953863286653273,5820.164392554041,0.01680366046170101
1936,7.9835451140567875,0.36863617447599306,14.557665878088851,0.8894164695222131,13510.660613053948,0.12766515326348682,6063.552976145733,0.21962748012144417
1937,8.963976525743425,0.9133202920796807,11.699733133810039,0.1749332834525097,13170.538652958094,0.042634663239523585,6802.838077159291,0.8356983976327422
1938,7.877095369397545,0.3094974274430805,13.77701976742287,0.6942549418557175,13957.609337484839,0.23940233437120972,5979.283145714847,0.14940262142903904
1939,8.11171786079284,0.4398432559960219,12.279260089945563,0.3198150224863907,16236.701083689091,0.809175270922273,5915.675034076554,0.09639586173046166
1940,8.701033241681282,0.7672406898229344,11.90631515924552,0.22657878981138002,13202.959350582873,0.05073983764571821,6472.304637205532,0.5602538643379433
1941,7.825928893268974,0.28107160737165193,13.654173262707333,0.6635433156768334,15534.490220009842,0.6336225550024607,6877.595327563194,0.8979961063026611
1942,8.173081893187971,0.47393438510442853,11.880681351925896,0.220170337981474,15475.742449622045,0.6189356124055114,6305.326030104204,0.42110502508683645
1943,8.791993317685474,0.8177740653808198,13.785847527303861,0.6964618818259656,16019.56232373897,0.7548905809347426,6465.13710852733,0.5542809237727753
1944,8.509327875171453,0.6607377084285851,14.853588401101277,0.9633971002753194,14622.485787102694,0.4056214467756737,6935.455810779175,0.9462131756493131
1945,8.718544608951495,0.7769692271952756,12.569141838688713,0.3922854596721784,15687.705719239439,0.6719264298098597,6788.015325924369,0.8233461049369741
1946,8.219701611449924,0.49983422858329174,12.707861840774347,0.42696546019358694,14279.70668379176,0.3199266709479398,6941.977022780552,0.9516475189837935
1947,8.165919933410546,0.4699555185614144,11.899044360879428,0.2247610902198568,16761.387275460795,0.9403468188651982,6854.055984517816,0.8783799870981801
1948,7.803344430921633,0.26852468384535144,12.388614316288226,0.3471535790720566,16644.503925825404,0.9111259814563512,6281.739836698128,0.4014498639151063
1949,8.688315543286386,0.7601753018257701,13.184992262718058,0.5462480656795144,15368.474442927527,0.5921186107318815,6368.589078800129,0.4738242323334406
1950,8.451445598306679,0.6285808879481547,13.887855624996817,0.7219639062492044,13986.086990602002,0.2465217476505004,6401.2177252521815,0.5010147710434844
1951,7.451912255442611,0.0732845863570063,13.35044639419163,0.5876115985479076,13859.14292353472,0.21478573088367992,6376.363654164714,0.4803030451372614
1952,8.893743212819231,0.8743017848995729,12.253439768968406,0.3133599422421012,14077.009429209442,0.2692523573023604,6961.497947288837,0.9679149560740309
1953,8.055548285407411,0.4086379363374506,11.897244216884475,0.22431105422111886,15580.544858708538,0.6451362146771342,6012.332062693336,0.17694338557778055
1954,7.496770122082505,0.09820562337916938,11.022340994904361,0.005585248726090342,13920.317953749003,0.230079488437251,6604.834169771304,0.6706951414760867
1955,8.217612227702071,0.4986734598344842,11.801531810084361,0.20038295252109017,16489.798483575407,0.872449620893852,6691.6467457925955,0.7430389548271629
1956,7.971286636341479,0.3618259090785997,14.89400072757302,0.9735001818932552,15596.852132378286,0.6492130330945716,6121.766172020271,0.2681384766835593
1957,7.759598457383525,0.2442213652130698,13.046546179724043,0.5116365449310107,13363.19331409523,0.0907983285238072,6836.075261763462,0.8633960514695515
1958,8.859000532906345,0.8550002960590812,11.478195415212562,0.11954885380314073,13159.6058973271,0.03990147433177493,6845.434936629674,0.871195780524728
1959,8.36416535776471,0.5800918654248391,14.823317202456064,0.9558293006140158,13437.391454275617,0.10934786356890458,6759.070825071998,0.7992256875599981
1960,8.664292877177179,0.7468293762095437,12.33758558956616,0.3343963973915399,13009.977796466528,0.0024944491166322136,6113.3380111546785,0.2611150092955654
1961,8.94831364627744,0.9046186923763554,11.559073716046992,0.13976842901174824,13022.205624685115,0.0055514061712790275,6207.367226059093,0.3394726883825776
1962,7.746611381227634,0.23700632290424117,12.618713076131524,0.40467826903288107,16119.012983970184,0.7797532459925461,6521.190462027239,0.6009920516893658
1963,8.625546946142752,0.7253038589681954,12.883506835892032,0.47087670897300815,14811.609812179708,0.45290245304492716,6921.245733914231,0.9343714449285256
1964,7.71282316597556,0.21823509220864412,12.041835036418107,0.26045875910452654,14563.347340036818,0.3908368350092044,6106.8284268304305,0.25569035569202536
1965,8.047216225842087,0.4040090143567152,14.58919963624149,0.8972999090603725,16672.869744692904,0.9182174361732263,6082.473356432359,0.23539446369363215
1966,8.182199956808441,0.4789999760046896,13.98917194723303,0.7472929868082576,14177.196702434077,0.29429917560851937,5816.611287526303,0.01384273960525273
1967,7.7008546079062805,0.21158589328126698,14.4297372014134,0.8574343003533502,14559.72345309921,0.3899308632748024,6681.505173379537,0.7345876444829473
1968,8.546699445616005,0.6814996920088919,14.262945593748356,0.8157363984370888,13146.965491831006,0.036741372957751595,6164.454505953877,0.3037120882948975
1969,7.510755190200334,0.10597510566685242,13.775211180430313,0.6938027951075781,13496.044032238684,0.12401100805967102,6573.1780414797695,0.6443150345664747
1970,8.708051513466366,0.7711397297035366,12.801205493957534,0.4503013734893835,15861.811100320701,0.7154527750801751,5898.810930395555,0.08234244199629603
1971,8.623664470385874,0.7242580391032638,14.597918445403486,0.8994796113508717,13547.190081830036,0.13679752045750904,6177.050843357426,0.3142090361311882
1972,7.48361342572237,0.09089634762353915,13.169710199699269,0.5424275499248171,13587.004495181745,0.14675112379543642,6708.860603155565,0.7573838359629704
1973,7.687695702899435,0.20427539049968624,11.050352679760099,0.012588169940024985,16628.123990539145,0.9070309976347865,6736.079335821037,0.7800661131841974
1974,8.982268350651776,0.9234824170287641,14.832458217838383,0.9581145544595957,16994.53409192326,0.9986335229808146,6853.882472520817,0.8782353937673473
1975,8.472247529327287,0.6401375162929377,11.61090934568711,0.15272733642177772,13199.24155375144,0.04981038843786023,6214.462137453239,0.3453851145443655
1976,8.226455103026208,0.5035861683478936,11.424789284929226,0.1061973212323063,14905.597873086292,0.47639946827157276,6826.771658828986,0.8556430490241546
1977,7.376192483844099,0.03121804658005456,11.18581298801525,0.04645324700381237,13730.434070443567,0.18260851761089159,6747.379844283375,0.789483203569479
1978,8.012662952899472,0.38481275161081807,14.537863522579269,0.8844658806448173,13491.668814533745,0.12291720363343606,6814.146573929046,0.8451221449408717
1979,8.299312992840761,0.5440627738004227,14.971907090019197,0.9929767725047995,15841.4330780095,0.7103582695023749,6852.501148185789,0.8770842901548245
1980,8.507852656783518,0.6599181426575104,11.108636751736949,0.02715918793423744,14735.258759889366,0.4338146899723415,6786.324616699399,0.8219371805828324
1981,7.89584149683288,0.31991194268493306,12.806135413256964,0.4515338533142409,14378.043795852414,0.34451094896310375,6518.637051727875,0.5988642097732289
1982,8.488804069908495,0.6493355943936083,14.848595050909662,0.9621487627274153,13177.192896001075,0.04429822400026895,6001.765633477121,0.16813802789760068
1983,8.228702505242259,0.5048347251345882,13.542739679147232,0.635684919786808,14701.056947921576,0.42526423698039395,6474.314663985902,0.5619288866549189
1984,7.6997357425000645,0.21096430138892486,13.642599950414578,0.6606499876036447,16556.289375865104,0.8890723439662762,6786.160777713747,0.8218006480947887
1985,8.528290123245384,0.6712722906918799,11.699212906257086,0.1748032265642716,15039.77554068343,0.5099438851708575,6747.845803006242,0.789871502505202
1986,7.385558170077712,0.03642120559872919,11.94037929138985,0.23509482284746208,14307.618585645,0.32690464641124983,6480.203645348625,0.5668363711238547
1987,8.196883662601792,0.4871575903343285,12.703600484064484,0.42590012101612096,13494.269749446914,0.12356743736172837,5919.939057124838,0.09994921427069803
1988,7.646619727313087,0.18145540406282645,12.257921564284551,0.3144803910711377,13623.854492482948,0.15596362312073686,6804.438962940669,0.8370324691172236
1989,8.3141675534626,0.5523153074792223,13.938068807912641,0.7345172019781602,16073.86728195405,0.7684668204885124,6119.589449892269,0.26632454157689045
1990,8.36835397984337,0.5824188776907607,14.307960609563231,0.826990152390808,16671.71524427888,0.9179288110697197,6587.867410046576,0.656556175038813
1991,8.062838910939794,0.41268828385544165,13.58666771981948,0.6466669299548703,15188.943946955296,0.5472359867388238,6287.991974020549,0.4066599783504571
1992,7.669002201548458,0.19389011197136563,12.708207868362791,0.42705196709069804,16865.648212692395,0.966412053173099,6339.522465793631,0.4496020548280262
1993,7.963822151573578,0.35767897309643226,14.786531916299346,0.9466329790748365,13791.07742319727,0.19776935579931743,6816.457910145308,0.8470482584544233
1994,7.4211740305538925,0.05620779475216231,11.836444471794579,0.2091111179486448,14285.594622442362,0.32139865561059056,5871.595913406104,0.05966326117175358
1995,7.7370550520525,0.23169725114027762,14.137618688266588,0.784404672066647,16444.341042769858,0.8610852606924645,6036.281213711423,0.196901011426186
1996,8.629314465639993,0.7273969253555521,14.289955652554209,0.8224889131385524,13541.40176728727,0.13535044182181766,5901.902618769273,0.08491884897439472
1997,8.12513910370858,0.44729950206032254,14.537555096605299,0.8843887741513248,13233.794991544595,0.058448747886148844,6052.803743555622,0.21066978629635147
1998,7.5546616143907945,0.13036756355044143,14.06613151549979,0.7665328788749476,14203.354235146237,0.3008385587865593,6599.854877917425,0.6665457315978547
1999,7.964174730671959,0.35787485037331057,12.229416873435708,0.3073542183589272,13685.921489493494,0.17148037237337344,6657.364736145044,0.7144706134542034
2000,8.798630710741316,0.8214615059673982,14.186371620942714,0.7965929052356783,13303.543235593661,0.07588580889841523,6790.872064648271,0.8257267205402254
2001,8.242020602610516,0.5122336681169534,11.845838283640138,0.2114595709100342,14432.917694887332,0.358229423721833,6188.637737284149,0.32386478107012395
2002,7.628491116149518,0.17138395341639856,11.316421630817995,0.07910540770449881,16741.89271052961,0.9354731776324028,6300.854461047812,0.4173787175398431
2003,7.848353767185776,0.29352987065876435,13.262753772982187,0.5656884432455469,13237.88202856464,0.05947050714116009,6333.831652032091,0.4448597100267432
2004,8.307796165518464,0.5487756475102578,13.1120108805488,0.5280027201372001,14608.600875521719,0.40215021888042957,6598.650919684376,0.6655424330703135
2005,7.349756975463817,0.016531653035453342,14.019191231735293,0.7547978079338232,14601.01396356722,0.4002534908918053,6361.492621944865,0.46791051828738794
2006,8.173879876938056,0.4743777094100309,11.44177023827174,0.1104425595679348,16496.795378045907,0.8741988445114762,6086.452485732993,0.23871040477749472
2007,9.076934525435547,0.9760747363530825,13.037694733867573,0.5094236834668932,15160.705187452573,0.5401762968631433,6822.767917204361,0.8523065976703004
2008,7.846085905976898,0.2922699477649435,13.679920686826488,0.6699801717066219,13616.682052790156,0.15417051319753894,6268.800518220716,0.3906670985172639
2009,7.515211949641147,0.10845108313397023,12.703861245368934,0.42596531134223337,14712.970673099517,0.42824266827487933,5980.286476302404,0.15023873025200285
2010,8.10510584111442,0.4361699117302337,11.636402023874872,0.15910050596871794,16706.558722989874,0.9266396807474685,6091.743527775442,0.243119606479535
2011,8.279320455021903,0.5329558083455014,12.209320376344847,0.3023300940862117,16295.908747439209,0.8239771868598024,6553.495970828735,0.6279133090239464
2012,7.742396084918035,0.23466449162113012,12.53722154547751,0.3843053863693777,15424.30981149823,0.6060774528745575,6213.279213709184,0.34439934475765344
2013,9.097933477401872,0.9877408207788185,11.506705520955286,0.12667638023882144,16083.5979353218,0.77089948383045,6901.1813157797205,0.9176510964831001
2014,8.186813701789685,0.4815631676609359,13.412499954400918,0.6031249886002296,13142.231819674296,0.035557954918574275,6720.129678216856,0.7667747318473797
2015,8.412031154929785,0.6066839749609924,12.798866752799462,0.4497166881998653,15316.22321040758,0.5790558026018948,6944.773268773035,0.9539777239775293
2016,8.536709298217543,0.6759496101208574,12.86993168387526,0.46748292096881494,14583.23204185269,0.3958080104631726,6744.606751488522,0.7871722929071013
2017,8.316226066405006,0.5534589257805596,12.934967090463946,0.4837417726159867,15236.020887596642,0.5590052218991605,6314.5461161050225,0.428788430087519
2018,8.745803911855484,0.7921132843641578,14.90520844878891,0.9763021121972276,13152.970168487744,0.03824254212193601,6690.7103775588175,0.7422586479656814
2019,7.530421235426725,0.1169006863481804,13.965222065517663,0.7413055163794158,13232.821962081834,0.05820549052045865,6176.94949848577,0.3141245820714754
2020,8.58676977639308,0.7037609868850446,14.597164059992718,0.8992910149981793,16541.300837971445,0.8853252094928612,6110.8133387907255,0.2590111156589382
2021,8.366046868933022,0.5811371494072349,12.482445408359855,0.37061135208996376,14746.625950916767,0.43665648772919186,5891.24622223285,0.07603851852737531
2022,7.919766832640148,0.3332037959111932,14.325293483930064,0.8313233709825163,16378.339758437603,0.8445849396094011,6799.2208710629,0.8326840592190834
2023,7.462747447259024,0.0793041373661244,11.626946130142393,0.1567365325355985,15022.532376138148,0.5056330940345367,5823.6948748604245,0.019745729050353655
2024,8.08857374637012,0.42698541465006623,13.28103905611633,0.5702597640290822,15627.465033618328,0.656866258404582,6878.3790895474585,0.8986492412895489
2025,8.601382233142546,0.7118790184125262,14.516273000805061,0.879068250201265,14669.377727030385,0.41734443175759617,6917.405008961273,0.9311708408010609
2026,7.394030727302189,0.04112818183454947,13.1160772747747,0.529019318693675,15039.203835561133,0.5098009588902832,6961.9466869641265,0.9682889058034388
2027,8.595137644708373,0.7084098026157636,11.321863961153555,0.08046599028838886,16976.598701788218,0.9941496754470546,6889.065464636091,0.9075545538634094
2028,8.452073437331103,0.628929687406169,13.835660685523187,0.708915171380797,14520.783701878092,0.38019592546952297,6084.252204131136,0.2368768367759463
2029,7.631410935082579,0.17300607504587728,13.946985665107714,0.7367464162769286,13816.294208589683,0.20407355214742062,6893.171462513751,0.910976218761459
2030,8.054846342818134,0.4082479682322967,12.11392541787539,0.27848135446884714,14363.544325294983,0.34088608132374565,6009.55730090097,0.17463108408414219
2031,8.865473872236239,0.8585965956867998,11.108235099053308,0.027058774763327187,13699.264016338988,0.17481600408474696,6478.757127346855,0.5656309394557121
2032,8.253347456170445,0.5185263645391365,14.486734237718261,0.8716835594295653,16122.142556203904,0.7805356390509758,6441.171807100075,0.5343098392500624
2033,8.736717614777369,0.7870653415429831,14.536644315192945,0.8841610787982359,15251.907294175144,0.5629768235437862,6564.357484801736,0.6369645706681132
2034,8.468539354569637,0.6380774192053542,13.368836837024148,0.5922092092560367,16123.850756782429,0.7809626891956072,6542.986414147375,0.6191553451228128
2035,7.912571097970256,0.3292061655390308,12.29471490295157,0.32367872573789247,15535.286420177286,0.6338216050443216,6482.719478626757,0.5689328988556308
2036,8.387065323733477,0.5928140687408204,12.330900141146152,0.3327250352865382,14494.27210620463,0.3735680265511572,6682.3004106727385,0.735250342227282
2037,8.666507782850202,0.7480598793612231,13.599016271120776,0.6497540677801942,16914.588343522057,0.978647085880514,6800.727464703384,0.8339395539194862
2038,7.75188915196285,0.23993841775713864,13.977446599143573,0.7443616497858934,15630.21849989575,0.657554624973937,6106.889998649846,0.2557416655415389
2039,7.382186461906795,0.034548034392664184,12.630753818401242,0.40768845460031056,14374.055531015889,0.3435138827539722,6154.803205391671,0.29566933782639304
2040,8.939500608779204,0.8997225604328916,14.839781646030762,0.9599454115076906,14155.390692837147,0.28884767320928684,6476.68761490414,0.56390634575345
2041,8.085199805307504,0.4251110029486128,14.021918195883753,0.7554795489709383,15356.188519461928,0.5890471298654818,6431.206555913327,0.5260054632611058
2042,7.834476175776669,0.2858200976537051,14.31529293819183,0.8288232345479575,15836.816043989886,0.7092040109974712,6808.843868956367,0.8407032241303061
2043,7.45216181229383,0.0734232290521275,11.294691319721776,0.0736728299304441,13124.66534795104,0.031166336987760168,5906.215296227708,0.08851274685642341
2044,8.152092955961395,0.46227386442299734,11.863461161409138,0.21586529035228452,14032.19125584815,0.2580478139620377,6031.627600584202,0.19302300048683463
2045,8.937752787720918,0.8987515487338434,13.327153443649948,0.5817883609124868,14603.60519256592,0.4009012981414799,6780.026862743758,0.8166890522864654
2046,8.76758584356799,0.8042143575377719,12.073841901289917,0.2684604753224792,14429.224095058154,0.35730602376453846,6883.902413944056,0.9032520116200466
2047,8.879244882704791,0.8662471570582173,12.97325761761824,0.49331440440455987,16987.613802127416,0.9969034505318537,5971.6380885729695,0.1430317404774747
2048,8.331342775241456,0.561857097356365,12.133851206513306,0.2834628016283266,15580.23577271416,0.64505894317854,6156.527074211198,0.2971058951759983
2049,7.582125212458848,0.1456251180326934,14.48401298772785,0.8710032469319625,13775.428631273677,0.19385715781841895,6113.206349118736,0.2610052909322804
2050,8.305635840717684,0.5475754670653803,13.381836798402087,0.5954591996005216,15379.617854209884,0.594904463552471,6043.2893653091505,0.2027411377576256
2051,8.893082745259173,0.8739348584773192,14.464670232612658,0.8661675581531647,13405.840600612359,0.10146015015308973,6890.65534975779,0.9088794581314914
2052,8.229377968750057,0.5052099826389208,13.093872443888099,0.5234681109720245,13568.082411410916,0.14202060285272933,6018.005611765551,0.1816713431379593
2053,8.640623676211153,0.7336798201173077,14.926578630359748,0.981644657589937,16185.914419773791,0.7964786049434481,6605.369957751253,0.6711416314593778
2054,7.357776441660879,0.020986912033821525,14.15925747601557,0.7898143690038927,16948.38284206921,0.9870957105173028,6248.7392974090535,0.3739494145075445
2055,7.794039310627759,0.26335517257097707,14.613486122295214,0.9033715305738036,13847.379831521508,0.21184495788037694,6769.35577357173,0.8077964779764418
2056,8.564885283218171,0.6916029351212069,11.428839853605421,0.10720996340135525,16449.850573760286,0.862462643440072,6330.465651165778,0.4420547093048144
2057,8.719649850813429,0.777583250451905,14.28283415786536,0.8207085394663398,15056.917695132968,0.5142294237832422,6525.9408710851685,0.6049507259043073
2058,8.777677144981709,0.8098206361009497,11.878918823067869,0.21972970576696715,14766.997984308162,0.4417494960770404,6569.041514349125,0.6408679286242706
2059,7.8750131317104035,0.3083406287280017,14.408534774219293,0.852133693554823,14036.470478285179,0.25911761957129453,5963.18936831131,0.13599114025942494
2060,8.38809127403529,0.5933840411307162,11.066711123194867,0.016677780798716846,13036.909545458557,0.009227386364639156,6785.032857010481,0.8208607141754013
2061,8.213988383844944,0.49666021324719156,12.422100537822578,0.3555251344556444,15930.942042693696,0.7327355106734242,6693.718992000619,0.7447658266671827
2062,8.675387828200046,0.7529932378889147,12.674430700872186,0.41860767521804654,15136.728788414988,0.5341821971037468,6077.488659457998,0.23124054954833217
2063,7.792011811524001,0.26222878418000084,12.409829648442683,0.35245741211067083,14273.661261514477,0.3184153153786192,6775.843859375432,0.8132032161461933
2064,7.435269508871262,0.06403861603958994,14.412636849573943,0.8531592123934856,14268.817384777176,0.31720434619429394,6584.530312562359,0.6537752604686319
2065,7.867980918026361,0.3044338433479785,13.50581987263698,0.626454968159245,16544.63300113507,0.8861582502837674,6839.854448754329,0.8665453739619404
2066,7.82310145234819,0.2795008068601056,12.771877844804305,0.44296946120107605,14632.115647401459,0.4080289118503646,5848.159632753944,0.04013302729495272
2067,8.991055015954753,0.9283638977526415,14.496982491512915,0.8742456228782286,13689.898537083125,0.17247463427078147,6437.489742423883,0.5312414520199031
2068,7.639733926624614,0.17762995923589664,14.172430805974368,0.7931077014935921,13734.223439068934,0.18355585976723343,6756.251670827635,0.7968763923563624
2069,7.597638356729579,0.15424353151643277,13.13527922331483,0.5338198058287076,14414.317841301723,0.35357946032543097,6113.285248472533,0.26107104039377704
2070,8.17999811461565,0.4777767303420283,14.946956277321124,0.9867390693302811,14351.364376510686,0.3378410941276716,6641.222708543126,0.701018923785938
2071,7.681537130404987,0.2008539613361039,13.749720133450504,0.687430033362626,14785.40295732654,0.4463507393316347,6789.916661870924,0.8249305515591032
2072,8.08994597445024,0.42774776358346667,14.332987889353248,0.8332469723383118,16446.790627010138,0.8616976567525347,6111.147743979369,0.25928978664947444
2073,8.160130406948133,0.4667391149711845,14.011654239844306,0.7529135599610765,15548.798081735535,0.6371995204338834,6621.3512500412235,0.6844593750343527
2074,8.840312045730936,0.8446178031838542,14.676816823887966,0.9192042059719916,14157.848199083073,0.28946204977076817,6559.5001745501095,0.6329168121250915
2075,8.411748693709617,0.6065270520608984,14.567275768323139,0.8918189420807849,16697.45820216511,0.9243645505412779,5875.669023518899,0.06305751959908279
2076,9.076285739566636,0.9757142997592428,12.596806905802255,0.39920172645056384,13645.673952894957,0.16141848822373916,6635.26815474587,0.696056795621558
2077,8.469600873172809,0.6386671517626715,12.30892697199078,0.3272317429976952,13875.21230632637,0.21880307658159226,6914.4064335541225,0.9286720279617684
2078,8.040311277559,0.4001729319772226,12.25427821864681,0.31356955466170233,14022.072722307252,0.2555181805768131,6142.570189651147,0.28547515804262236
2079,7.343272056356266,0.012928920197925464,11.60269273042028,0.15067318260507,14326.377285919894,0.3315943214799738,6079.897579953953,0.23324798329496121
2080,7.384300377811278,0.03572243211737669,14.757241430224491,0.9393103575561227,13101.627603372563,0.02540690084314068,6267.322421591374,0.38943535132614515
2081,8.799683712452614,0.8220465069181195,12.165338774716869,0.29133469367921716,14777.332666549104,0.4443331666372762,6701.767855272161,0.7514732127268011
2082,9.01718764757323,0.9428820264295732,12.468224768363493,0.36705619209087326,14225.27221325639,0.30631805331409756,6257.023731988795,0.38085310999066235
2083,8.116242373389944,0.4423568741055245,12.869249135137377,0.4673122837843441,15177.576738121894,0.5443941845304734,5884.505242078925,0.07042103506577124
2084,8.995105787339503,0.9306143262997241,12.635601871615055,0.4089004679037639,13138.653989987804,0.03466349749695108,6612.595425832139,0.6771628548601161
2085,8.295724727137774,0.5420692928543185,12.39967316694172,0.3499182917354303,14320.09494152734,0.33002373538183527,6793.411736918735,0.8278431140989462
2086,8.459986627787954,0.6333259043266408,11.856868862665477,0.2142172156663693,13073.285379927607,0.018321344981901855,5869.387816844944,0.057823180704119403
2087,8.442315806089772,0.6235087811609842,12.253028443117685,0.3132571107794214,13885.977264848734,0.2214943162121834,6707.369901113471,0.7561415842612258
2088,8.24438859317418,0.5135492184301009,14.750462407996729,0.9376156019991824,15076.023569117844,0.519005892279461,5920.958320318679,0.10079860026556597
2089,8.120584501561433,0.44476916753413,13.475447931644187,0.6188619829110465,16341.328531229798,0.8353321328074493,5866.391588931085,0.05532632410923688
2090,7.9014487259628545,0.3230270699793636,11.06417743725437,0.016044359313592604,13711.224353903785,0.17780608847594614,6131.959091937153,0.2766325766142943
2091,8.500584362423083,0.6558802013461577,12.826862663400494,0.45671566585012335,14781.040050073934,0.44526001251848335,6939.664425577023,0.9497203546475192
2092,7.958687660142466,0.35482647785692567,11.141324330380302,0.03533108259507545,13314.441301431465,0.07861032535786616,5989.876208457453,0.15823017371454406
2093,8.201966535710497,0.48998140872805407,12.504984978407384,0.37624624460184597,13842.571880219186,0.21064297005479649,6564.000044533942,0.6366667037782849
2094,7.8195965289328,0.2775536271848893,13.997819283377297,0.7494548208443242,14623.118598780893,0.4057796496952234,6359.092762238639,0.4659106351988659
2095,7.6359467108818055,0.17552595048989206,12.531622973731452,0.38290574343286266,14801.957225179918,0.45048930629497974,6129.98423873883,0.27498686561569186
2096,8.45900749599537,0.6327819422196503,14.681669475198484,0.9204173687996212,14307.605529254633,0.3269013823136585,6577.9911616415375,0.6483259680346145
2097,8.760410960123169,0.8002283111795384,11.183652386362906,0.04591309659072651,15198.632334559072,0.5496580836397678,6948.357072939047,0.956964227449206
2098,8.589706569658698,0.7053925386992768,13.63592524623855,0.6589813115596376,15508.828922083856,0.6272072305209638,5938.917259055145,0.11576438254595434
2099,8.377917359859895,0.5877318665888308,12.539072948516074,0.38476823712901853,14186.135401222575,0.2965338503056437,6013.405210843334,0.17783767570277842
2100,7.3873024575694535,0.03739025420525188,12.917632027916163,0.47940800697904074,13205.312483300402,0.05132812082510052,6147.594338312806,0.28966194859400474
2101,8.683050819107208,0.75725045505956,11.238491456685951,0.05962286417148788,16726.450647388163,0.9316126618470407,6157.742274784095,0.29811856232007883
2102,8.481281076961901,0.645156153867723,11.640182748136665,0.16004568703416633,16225.63403729391,0.8064085093234776,6166.675121862445,0.3055626015520374
2103,8.660169178443972,0.7445384324688735,13.39084872937052,0.5977121823426299,13903.810500640666,0.22595262516016623,5836.304418055304,0.030253681712753666
2104,7.954895324989635,0.3527196249942415,14.094782066777228,0.773695516694307,15149.99689406675,0.5374992235166873,5951.773240552228,0.12647770046019047
2105,8.075741048118088,0.41985613784338216,12.343901920278242,0.33597548006956024,16027.68928470458,0.7569223211761449,5875.386677909731,0.06282223159144196
2106,7.3205511303390605,0.0003061835216999764,13.798090306775313,0.6995225766938283,14758.977731962243,0.43974443299056054,6065.05689051879,0.22088074209899156
2107,8.32768469927592,0.5598248329310666,11.588105567770516,0.1470263919426289,13940.236314492555,0.23505907862313857,6440.730254018869,0.5339418783490577
2108,7.348278954932229,0.01571053051790483,12.094490579089815,0.2736226447724538,13258.34302395054,0.06458575598763494,6380.984781804503,0.4841539848370855
2109,9.040891935713208,0.9560510753962274,13.186549141366012,0.5466372853415031,13655.705426256518,0.16392635656412957,6020.6559035362125,0.18387991961351058
2110,7.505667436777252,0.10314857598736205,13.026049350085431,0.5065123375213577,14522.197463699134,0.3805493659247837,5858.400421948793,0.04866701829066111
2111,7.785812310331034,0.2587846168505743,13.186568841107274,0.5466422102768184,16339.596411446546,0.8348991028616363,6599.0112897724675,0.665842741477056
2112,7.450603510457895,0.07255750580994136,11.931322301685745,0.23283057542143626,14579.159665689847,0.3947899164224621,6851.0336530048025,0.8758613775040025
2113,8.520395433570037,0.6668863519833547,12.556111920028629,0.3890279800071572,15615.441451594485,0.6538603628986213,6808.675683885953,0.8405630699049611
2114,7.596806757306981,0.15378153183721133,11.037494617207223,0.009373654301805923,13895.78298222585,0.22394574555646263,6613.107333539034,0.6775894446158611
2115,9.002027511329844,0.9344597285165804,12.187615552448921,0.29690388811223023,16793.44158757311,0.9483603968932777,6280.155744828222,0.40012978735685145
2116,8.439210565790262,0.6217836476612573,13.66033695905881,0.6650842397647028,13127.793692013234,0.03194842300330869,6622.291749915653,0.6852431249297107
2117,8.943332863300729,0.9018515907226278,11.82750239512213,0.20687559878053252,14502.083124381988,0.37552078109549714,6019.513143213971,0.18292761934497548
2118,8.334614432105113,0.5636746845028402,13.59588065860738,0.6489701646518448,14536.420845819208,0.3841052114548019,6762.3483156317025,0.8019569296930854
2119,8.006851866499856,0.3815843702776983,12.947257972170831,0.48681449304270785,14864.299380724116,0.46607484518102926,6089.0087798257555,0.24084064985479603
2120,8.483172512563725,0.6462069514242917,14.687666419338395,0.9219166048345987,15427.39105836124,0.60684776459031,6430.806443378053,0.5256720361483771
2121,7.577844387683889,0.14324688204660507,12.989843192890179,0.49746079822254474,14031.711089613542,0.2579277724033856,6088.790265081263,0.2406585542343862
2122,8.318257549047756,0.5545875272487529,12.927789849959925,0.4819474624899813,14718.510301282304,0.42962757532057594,6642.514017545394,0.702095014621162
2123,9.014805752053656,0.9415587511409207,13.802140809156818,0.7005352022892042,15616.18981118472,0.6540474527961802,6532.369792969059,0.6103081608075492
2124,7.378219180327489,0.032343989070826806,12.672774972562786,0.4181937431406967,14626.95780194682,0.406739450486705,5907.871159133642,0.08989263261136893
2125,8.934601560631894,0.8970008670177193,11.714621531207378,0.17865538280184423,15367.196612080874,0.5917991530202185,6653.526924329709,0.7112724369414243
2126,9.044532137105168,0.9580734095028717,13.956127706620526,0.7390319266551316,16400.79968114992,0.8501999202874801,6348.542683091203,0.4571189025760024
2127,7.606860344250272,0.15936685791681748,12.834508602687832,0.4586271506719579,13001.299827272946,0.00032495681823641043,5877.957825911387,0.06496485492615589
2128,8.789614865116246,0.8164527028423595,11.717138633126208,0.17928465828155205,13159.386716717845,0.03984667917946105,5915.427940701559,0.09618995058463298
2129,9.014834932500886,0.9415749625004928,14.697524715109735,0.9243811787774335,16907.623208618803,0.9769058021547008,6807.910042837741,0.839925035698117
2130,8.394513272208352,0.5969518178935292,12.730448817639983,0.4326122044099957,14477.195228653813,0.3692988071634533,6031.3668304530565,0.1928056920442136
2131,7.765125531359937,0.24729196186663172,13.044928836315446,0.5112322090788617,16280.1681507524,0.8200420376881,6699.084741718804,0.7492372847656702
2132,7.695661573240513,0.20870087402250725,14.588376146732092,0.8970940366830231,13275.486204876366,0.06887155121909172,6161.151171288888,0.30095930940740623
2133,7.627961275164224,0.17108959731345763,14.97073389455806,0.9926834736395153,15992.61054134763,0.7481526353369078,6919.447029548749,0.9328725246239576
2134,7.349613193780125,0.0164517743222915,13.967308796844721,0.7418271992111802,13148.064696297963,0.03701617407449076,6731.025215160018,0.7758543459666813
2135,8.872368309925134,0.8624268388472972,14.050508696075559,0.7626271740188898,14095.230631621826,0.27380765790545636,6732.766092721904,0.7773050772682534
2136,8.836973081788132,0.8427628232156291,11.992743969744541,0.24818599243613548,14373.593168433214,0.3433982921083034,5988.914088411171,0.15742840700930905
2137,7.628197509445491,0.1712208385808286,12.6852349384107,0.42130873460267493,13363.119993857532,0.0907799984643829,5892.782024214691,0.07731835351224259
2138,7.981119563928633,0.36728864662701866,11.11825988681999,0.02956497170499761,13552.19726716848,0.13804931679211985,6458.352984579658,0.5486274871497155
2139,9.085799193731287,0.9809995520729371,14.533656442226606,0.8834141105566515,14727.017638883915,0.431754409720979,6141.998125814059,0.28499843817838255
2140,7.997550636235495,0.37641702013083045,13.49874740748551,0.6246868518713774,14935.406188271072,0.4838515470677679,5987.312224047949,0.15609352003995747
2141,7.574882991134408,0.14160166174133793,12.71605230639998,0.4290130765999949,13053.373381499341,0.013343345374835058,6658.767016739264,0.7156391806160537
2142,7.8415804581277975,0.28976692118210956,11.120757522923919,0.030189380730979654,14813.106678597342,0.45327666964933555,6543.732754550857,0.6197772954590473
2143,7.6308745020383375,0.17270805668796507,11.870126625657825,0.2175316564144565,15598.84740894791,0.6497118522369775,6127.485369744929,0.27290447478744073
2144,7.443760363712934,0.06875575761829644,14.936107841172461,0.9840269602931154,13456.020293615406,0.11400507340385146,6110.53719657675,0.2587809971472913
2145,8.831534042172457,0.839741134540254,14.831778511151935,0.957944627787984,16792.597498602452,0.9481493746506132,6509.530794814077,0.5912756623450645
2146,7.772292481000957,0.25127360055608694,14.91534425114212,0.97883606278553,15842.447921888333,0.7106119804720834,6335.231107356159,0.4460259227967991
2147,8.59132358907456,0.7062908828192006,12.635290471859435,0.4088226179648585,13237.342305533122,0.059335576383280686,6151.2525291338725,0.2927104409448935
2148,8.220534760169794,0.5002970889832197,14.832766297663833,0.9581915744159583,16351.522652095256,0.837880663023814,6506.739727753997,0.5889497731283306
2149,7.997721407354498,0.3765118929747212,11.77543804883041,0.19385951220760245,16055.85792756885,0.7639644818922127,6558.191890387498,0.6318265753229146
2150,8.605369352730273,0.714094084850152,14.845734468498208,0.961433617124552,13577.282307546933,0.14432057688673328,6743.489042711866,0.7862408689265551
2151,8.314844175627208,0.552691208681782,14.016480273184929,0.7541200682962321,14796.872199388601,0.4492180498471503,6743.149244130623,0.7859577034421857
2152,7.552214028893074,0.12900779382948535,13.48371556776108,0.6209288919402699,13621.128289589149,0.1552820723972873,5824.152090737218,0.020126742281015186
2153,7.335143540179203,0.008413077877334807,12.553285598582315,0.3883213996455789,13310.963955760004,0.07774098894000081,6913.308137678576,0.9277567813988132
2154,7.89024988449753,0.3168054913875168,13.239444983799826,0.5598612459499567,13721.758126237908,0.18043953155947712,6923.424507311669,0.9361870894263905
2155,7.3353777209619455,0.008543178312191757,13.681101950918265,0.6702754877295662,16549.635958764586,0.8874089896911466,6746.2941825191965,0.7885784854326641
2156,7.810706564353726,0.27261475797429213,13.624227170996337,0.6560567927490841,13833.901183694146,0.20847529592353653,6218.352211498168,0.3486268429151401
2157,7.4943112440373,0.09683958002072246,14.270789706911119,0.8176974267277796,14242.92895520079,0.3107322388001976,6320.246138418615,0.43353844868217983
2158,8.006376635203337,0.38132035289074273,12.49428447923253,0.3735711198081326,14351.434256218057,0.3378585640545143,6181.448274551469,0.3178735621262243
2159,8.535097543623614,0.6750541909020077,14.266053842799355,0.8165134606998389,13989.138982140203,0.24728474553505064,6323.169900647047,0.43597491720587267
2160,8.909659401176004,0.8831441117644474,13.86895501232382,0.7172387530809552,14692.388919218858,0.4230972298047144,6815.122243090608,0.8459352025755069
2161,7.382417471677041,0.034676373153911255,14.697511205560568,0.9243778013901419,13766.947567520672,0.19173689188016818,6854.461955584373,0.8787182963203104
2162,7.398706268486449,0.043725704714693614,12.004323699108605,0.25108092477715127,16850.080988339003,0.9625202470847506,6332.160541967977,0.44346711830664753
2163,8.28620707136359,0.5367817063131056,11.559812450098812,0.13995311252470322,15290.78500790209,0.5726962519755224,6795.570041158531,0.8296417009654425
2164,7.749041874905398,0.2383565971696654,13.198471757994021,0.5496179394985053,16839.54485566505,0.9598862139162629,6669.968943286201,0.7249741194051669
2165,8.278895445772307,0.5327196920957261,14.191834519772113,0.7979586299430285,15375.618561661677,0.5939046404154191,5955.933220388403,0.12994435032366958
2166,9.08250280578281,0.9791682254348948,13.08741107192574,0.5218527679814347,13922.577215610198,0.23064430390254942,6193.128497165757,0.32760708097146396
2167,7.886449750967772,0.3146943060932066,12.692956194390657,0.42323904859766415,13193.4099481576,0.048352487039400094,6516.320703168514,0.5969339193070952
2168,7.518190737678997,0.1101059653772204,11.834974215998718,0.2087435539996796,15701.085126886219,0.6752712817215546,6131.226166477178,0.2760218053976481
2169,8.490657800229007,0.6503654445716711,13.26296347924389,0.5657408698109726,16541.043776288065,0.8852609440720163,6600.536333563097,0.6671136113025812
2170,7.773257003443211,0.25180944635733926,12.863389208161028,0.4658473020402569,13779.619477715703,0.19490486942892604,6183.749952943839,0.3197916274531991
2171,8.422568395894645,0.6125379977192472,12.683121932354648,0.42078048308866234,16790.617162261544,0.9476542905653864,6836.012974742678,0.8633441456188985
2172,8.782092542656613,0.8122736348092304,14.505391572454737,0.8763478931136841,13596.567389497572,0.14914184737439307,6079.567631862363,0.23297302655196894
2173,8.540700790832712,0.678167106018174,11.772994957709203,0.1932487394273007,14049.476793300644,0.26236919832516126,6809.296387657102,0.841080323047585
2174,8.08100873754427,0.42278263196903876,12.779884838064287,0.44497120951607183,13262.707986915382,0.06567699672884553,6245.818121873856,0.3715151015615473
2175,8.382293615909605,0.5901631199497805,12.234971353322724,0.30874283833068095,13368.800755798797,0.09220018894969917,6954.1929537438045,0.9618274614531701
2176,7.635792688696479,0.17544038260915507,12.613820912308952,0.4034552280772382,15309.746283389451,0.577436570847363,6514.195417884556,0.5951628482371301
2177,7.933306768363863,0.34072598242436836,13.244171695528545,0.5610429238821361,13796.316311464696,0.19907907786617407,6130.037780324328,0.2750314836036071
2178,8.385442268214058,0.5919123712300325,12.064832789128896,0.26620819728222433,16698.381355684145,0.9245953389210363,6568.177760261372,0.6401481335511434
2179,7.6964967882353,0.20916488235294417,14.588738977107244,0.8971847442768113,16877.26644348757,0.9693166108718926,6620.569897237247,0.6838082476977059
2180,9.058440644523309,0.965800358068505,12.437883815321591,0.3594709538303976,13654.525007368775,0.16363125184219374,6350.8155350902425,0.4590129459085356
2181,7.57319492795776,0.14066384886542238,14.466720380289184,0.8666800950722958,15461.690873736694,0.6154227184341737,6707.898535352671,0.7565821127938925
2182,8.172289993104087,0.4734944406133822,11.386325514995034,0.0965813787487585,15923.100878537402,0.7307752196343503,6670.150771262725,0.7251256427189376
2183,8.297176069099413,0.5428755939441181,12.465862239557428,0.36646555988935714,13359.001162582132,0.08975029064553308,6227.656416431007,0.35638034702583876
2184,7.660954374044913,0.18941909669161816,12.373686415446208,0.34342160386155185,13707.74560554534,0.17693640138633515,6383.8803161360565,0.48656693011338037
2185,8.265804370622853,0.5254468725682517,11.327633132444706,0.0819082831111766,14032.813102010407,0.2582032755026017,6755.108043158142,0.7959233692984521
2186,7.573782492769559,0.14099027376086615,14.82513353219337,0.9562833830483425,15431.726110277921,0.6079315275694803,6969.827783854452,0.9748564865453763
2187,7.752336255051413,0.24018680836189632,11.812831897522486,0.20320797438062133,13650.843964311338,0.16271099107783427,6482.474087931991,0.5687284066099921
2188,7.603496224468648,0.1574979024825819,12.20893319294207,0.30223329823551714,15870.62959360236,0.7176573984005897,6414.934083821091,0.5124450698509093
2189,9.014137497093383,0.9411874983852137,12.750015483574359,0.43750387089358944,14243.615852728519,0.31090396318212965,5843.727798710995,0.03643983225916214
2190,8.764194546066822,0.8023303033704565,11.149158970245487,0.037289742561372075,14387.794735659792,0.34694868391494826,6931.7515599763055,0.9431262999802545
2191,8.285941304277754,0.5366340579320855,14.542164674294554,0.8855411685736384,15544.759387055787,0.6361898467639466,6048.748919036453,0.20729076586371065
2192,8.67689694870582,0.753831638169901,11.197562821792994,0.04939070544824853,14466.528211563374,0.36663205289084366,6102.358460162543,0.2519653834687863
2193,7.736177675541281,0.23120981974515642,12.61634921795535,0.4040873044888371,16595.47485434884,0.8988687135872097,6376.848543920747,0.4807071199339562
2194,8.081461388112624,0.42303410450701306,11.684912008045425,0.17122800201135602,14111.813670830052,0.27795341770751303,6247.22044954673,0.37268370795560846
2195,9.097971493617981,0.9877619408988791,12.142827891282884,0.2857069728207209,14686.879171853829,0.4217197929634571,6804.94839927189,0.8374569993932416
2196,8.747680511700386,0.7931558398335481,12.764944408445723,0.44123610211143083,14826.732763956492,0.4566831909891229,6542.86277824403,0.6190523152033579
2197,7.324273581157766,0.0023742117543145147,13.88389358562484,0.72097339640621,13436.504792920656,0.10912619823016378,6270.548509444316,0.3921237578702632
2198,8.165217430247825,0.46956523902657,11.945535955221816,0.23638398880545386,16014.794691900966,0.7536986729752416,5825.5661831900725,0.021305152658393722
2199,7.950264779052464,0.35014709947359124,12.61331657864148,0.4033291446603704,13808.043022192236,0.20201075554805914,6507.191047495954,0.5893258729132947
2200,8.05447747331338,0.4080430407296558,14.901215198233462,0.9753037995583654,16051.209069477827,0.7628022673694568,6031.624927359547,0.1930207727996226
2201,8.648444208954809,0.7380245605304492,11.765939199181261,0.1914847997953154,14347.413730692208,0.336853432673052,6126.665369618644,0.27222114134887
2202,8.687390017084686,0.7596611206026038,11.38547387513437,0.09636846878359251,15015.85363483522,0.5039634087088053,5818.530029539656,0.015441691283047065
2203,8.47547727785671,0.6419318210315056,13.939614106894492,0.7349035267236232,16154.440839281422,0.7886102098203553,6821.742730087099,0.8514522750725825
2204,9.08232848888837,0.979071382715762,12.87223578328682,0.46805894582170515,16320.137915499545,0.8300344788748862,6853.704253379132,0.8780868778159433
2205,8.417465531501339,0.6097030730562998,12.818786807162322,0.45469670179058064,15315.245489159206,0.5788113722898017,6675.276771614155,0.7293973096784626
2206,8.628395521907358,0.7268864010596439,11.72334178061974,0.180835445154935,14676.874893740787,0.4192187234351966,6010.163244625795,0.17513603718816273
2207,8.720099491787973,0.7778330509933188,14.77322865255007,0.9433071631375176,16834.21840235754,0.9585546005893846,6606.670602156237,0.672225501796864
2208,8.227937790615831,0.5044098836754622,12.582761437279519,0.3956903593198795,16416.479386782405,0.8541198466956008,6649.953681540866,0.7082947346173878
2209,7.996575832611995,0.3758754625622198,14.940914183732872,0.985228545933218,15817.921374393987,0.7044803435984965,6072.864103999211,0.227386753332676
2210,7.807148182051023,0.270637878917235,12.69982965705552,0.42495741426388034,13184.252893732033,0.04606322343300806,5844.173532451926,0.036811277043271695
2211,8.314108030832553,0.5522822393514192,13.742673957622253,0.6856684894055632,13843.331223676518,0.21083280591912945,6133.968050400266,0.2783067086668882
2212,8.651240398342592,0.739577999079218,11.035282805843869,0.008820701460967029,14526.011610746806,0.3815029026867014,6731.070154232658,0.7758917951938815
2213,7.685530481124022,0.2030724895133459,13.944284662310118,0.7360711655775295,16502.618278747243,0.8756545696868111,6527.16236762211,0.6059686396850911
2214,7.801774833659728,0.26765268536651576,11.405483516360459,0.10137087909011477,16921.933373898493,0.9804833434746231,6366.658906592725,0.4722157554939369
2215,7.891180757349511,0.3173226429719509,13.772759224189816,0.6931898060474537,16061.966429198603,0.7654916072996507,6192.173204086546,0.32681100340545566
2216,7.668269556364436,0.19348308686913096,13.821570146896132,0.7053925367240331,16992.158595320383,0.9980396488300962,6411.338007146925,0.5094483392891036
2217,8.900865067104933,0.8782583706138518,11.6738848966149,0.16847122415372495,15523.73191712437,0.6309329792810927,6871.014248983696,0.8925118741530805
2218,7.543119503459399,0.12395527969966624,14.676148892454945,0.9190372231137363,14043.818486389398,0.2609546215973495,6248.170198829567,0.37347516569130623
2219,7.483846533743776,0.09102585207987524,13.17337447109689,0.5433436177742225,14589.890043462778,0.39747251086569435,6294.161823790042,0.41180151982503466
2220,7.50755936518135,0.10419964732297216,13.622721685003551,0.6556804212508875,16149.02178964035,0.7872554474100875,6390.30310226091,0.4919192518840919
2221,7.914593393565376,0.3303296630918753,11.977626159970514,0.2444065399926285,13450.554045241437,0.11263851131035907,6522.75058943327,0.6022921578610585
2222,7.334336300877071,0.007964611598372584,11.371165465182235,0.09279136629555895,13384.161670754025,0.09604041768850635,5813.535087164444,0.01127923930370367
2223,7.783017631040113,0.25723201724450717,14.487573165443386,0.8718932913608466,13620.411150055623,0.1551027875139056,5801.699563139649,0.0014163026163748205
2224,9.072141375552322,0.9734118753068463,13.765936278381345,0.691484069595336,13665.912339684899,0.16647808492122473,6685.813616463724,0.7381780137197701
2225,7.368124670395724,0.026735927997624254,11.747795119881225,0.18694877997030646,13017.910005564383,0.004477501391095817,5967.703160893669,0.13975263407805683
2226,7.433754250512774,0.06319680584042953,11.99941280636422,0.24985320159105462,13691.34334378714,0.1728358359467853,6158.3241786188355,0.2986034821823631
2227,8.854746180291237,0.852636766828465,11.490773037292884,0.12269325932322117,16536.423458070232,0.8841058645175586,6393.927183902533,0.49493931991877727
2228,7.827939033736239,0.2821883520756884,13.011700260336635,0.5029250650841587,16744.304222110215,0.936076055527554,6010.585086630129,0.17548757219177402
2229,7.817312101874307,0.27628450104128144,13.293983971647805,0.5734959929119514,15801.39795437234,0.7003494885930852,6131.91665509055,0.27659721257545844
2230,8.629244237527999,0.7273579097377775,13.674960401694161,0.6687401004235403,16617.918457759297,0.9044796144398243,6103.135372766957,0.25261281063913055
2231,8.225228805319949,0.5029048918444161,14.283727761059131,0.8209319402647827,13844.482393064049,0.21112059826601237,6035.808145469072,0.19650678789089326
2232,8.109622668579966,0.4386792603222034,13.72794689705345,0.6819867242633624,14671.09758503484,0.41777439625870993,6093.862781197306,0.24488565099775483
2233,7.799122395913812,0.2661791088410066,13.617233186108534,0.6543082965271334,15260.840748203165,0.5652101870507912,6154.476788135645,0.29539732344637093
2234,7.710211895501692,0.21678438638982866,14.964876202992137,0.9912190507480342,13949.127307865521,0.23728182696638012,6410.242231684077,0.5085351930700638
2235,8.888861045310176,0.8715894696167643,12.78324254848712,0.44581063712178004,15240.371651509518,0.5600929128773794,5970.106748259428,0.1417556235495233
2236,7.435978942773113,0.06443274598506288,13.426647772728938,0.6066619431822345,14553.09805372703,0.3882745134317577,6061.153082970315,0.2176275691419296
2237,7.651557662580428,0.1841987014335713,11.23821229819649,0.0595530745491224,16458.07538479169,0.8645188461979226,6001.091000152427,0.16757583346035598
2238,7.843403583526817,0.2907797686260095,12.818058931832383,0.45451473295809564,16331.327350449163,0.8328318376122904,6471.178180981681,0.5593151508180674
2239,8.825367732691364,0.8363154070507576,14.150151856830261,0.7875379642075654,13939.676535302091,0.23491913382552276,6862.695897903054,0.8855799149192116
2240,7.839545709920952,0.2886365055116399,13.697919707071181,0.6744799267677953,15662.592514611853,0.6656481286529632,6852.205731243057,0.8768381093692138
2241,7.544807260297051,0.12489292238725047,12.312175713617494,0.32804392840437335,15565.560610508437,0.6413901526271093,6533.650906051465,0.6113757550428881
2242,7.888660273011842,0.31592237389546785,13.431660180225581,0.6079150450563954,15315.762399651609,0.5789405999129019,5814.496057685659,0.012080048071382965
2243,8.571681708296829,0.6953787268315715,12.247796620236926,0.3119491550592317,13281.647274072848,0.0704118185182121,6932.675191101439,0.9438959925845326
2244,7.475395517254679,0.08633084291926585,13.178583840935353,0.544645960233838,15388.824730090844,0.5972061825227113,6602.294107723942,0.6685784231032849
2245,8.639785924311402,0.7332144023952238,13.251095876307135,0.5627739690767836,16836.834360807254,0.9592085902018139,6838.5525208407225,0.8654604340339357
2246,8.676321128465817,0.7535117380365651,13.009148320472251,0.5022870801180629,15000.315986626727,0.5000789966566819,6013.677051090023,0.1780642092416861
2247,7.930366339461337,0.3390924108118538,11.922355193026592,0.23058879825664802,13362.02727059436,0.09050681764859003,6666.69142746995,0.7222428562249588
2248,7.697558190966095,0.20975455053671932,12.520512933242939,0.38012823331073475,16391.63317819701,0.8479082945492528,6253.161330970642,0.377634442475535
2249,7.56702442768123,0.1372357931562388,12.412520304934842,0.35313007623371073,16403.063515434656,0.8507658788586641,6510.986372972442,0.5924886441437014
2250,7.988602651148886,0.3714459173049369,14.800861938575816,0.950215484643954,16638.064375915725,0.9095160939789315,6217.58843892816,0.347990365773467
2251,9.10799564330896,0.9933309129494234,14.11070818758447,0.7776770468961175,14268.738049629372,0.317184512407343,6321.006401900007,0.43417200158333913
2252,8.444627814531037,0.6247932302950204,12.438932725959974,0.35973318148999367,14639.121561496748,0.4097803903741871,6594.708711369711,0.6622572594747588
2253,7.922805502709291,0.33489194594960636,13.256537300183204,0.5641343250458009,15981.191989111807,0.7452979972779517,6764.421920122465,0.8036849334353874
2254,7.93337939821202,0.3407663323400114,11.419333912264412,0.10483347806610288,13651.905092736506,0.16297627318412666,6523.5344267145265,0.6029453555954392
2255,8.702918130292467,0.7682878501624819,12.139251589962946,0.28481289749073624,15237.30750877774,0.559326877194435,6957.095722946855,0.9642464357890458
2256,8.02551741685339,0.39195412047410605,14.122954814056037,0.780738703514009,16437.533172280524,0.8593832930701314,5978.946055629634,0.14912171302469512
2257,9.062840058698109,0.9682444770545057,11.548699564383767,0.13717489109594183,16927.273009767196,0.9818182524417984,6479.367835920543,0.5661398632671196
2258,8.703046603692236,0.7683592242734653,12.001767006017767,0.2504417515044417,16764.827690349448,0.9412069225873624,6411.954657783643,0.5099622148197018
2259,9.047622141623329,0.9597900786796275,12.288087844824318,0.3220219612060795,15316.205064424343,0.5790512661060857,6606.847004266546,0.672372503555455
2260,7.687169289727721,0.20398293873762285,14.529045985268148,0.8822614963170368,14718.783343680203,0.4296958359200508,6538.616676958403,0.6155138974653358
2261,8.969158840001548,0.9161993555564154,14.544822000970775,0.8862055002426938,13462.294418862106,0.11557360471552669,5839.0876830379475,0.03257306919828973
2262,7.6330462152994185,0.17391456405523265,13.166681038705754,0.5416702596764387,14809.739898186295,0.452434974546574,6376.996374000554,0.4808303116671282
2263,7.618787217898545,0.16599289883252455,13.346784340649013,0.5866960851622529,16095.919365159903,0.7739798412899759,6920.649402619165,0.9338745021826378
2264,8.909853142945746,0.8832517460809702,13.411341801226612,0.6028354503066532,13637.56747738324,0.15939186934580996,6869.33443227741,0.8911120268978416
2265,7.862008773639999,0.30111598535555484,12.787898428115403,0.4469746070288507,14490.040462132276,0.372510115533069,6774.611745664798,0.8121764547206652
2266,8.779693449500135,0.8109408052778528,12.037877689786738,0.25946942244668436,16363.884759599501,0.8409711898998754,6228.630460758099,0.35719205063174875
2267,8.754411558143861,0.7968953100799226,14.011630938771377,0.7529077346928442,13070.897979965044,0.01772449499126083,6826.200910933014,0.8551674257775114
2268,7.37389167090792,0.02993981717106653,13.847893025462557,0.7119732563656394,15923.012375163853,0.7307530937909632,6588.908997059187,0.6574241642159893
2269,8.406676932276149,0.603709406820083,13.724966142082991,0.681241535520748,14769.865992832398,0.44246649820809925,6174.241447742752,0.3118678731189598
2270,7.959117518365236,0.35506528798068693,11.837854717848828,0.20946367946220668,13923.096205562291,0.23077405139057283,5834.4422456796565,0.028701871399713474
2271,8.618733434531045,0.7215185747394692,12.153806000368203,0.28845150009205045,16621.137013817,0.9052842534542497,5968.664487709803,0.1405537397581692
2272,8.830395150946249,0.8391084171923604,12.286489768994926,0.32162244224873127,14775.176908167476,0.44379422704186877,6607.661095938503,0.6730509132820863
2273,7.6563830872448095,0.1868794929137828,13.79047222209592,0.6976180555239799,14758.793601634094,0.43969840040852337,6246.674114993498,0.3722284291612481
2274,8.264911527449183,0.5249508485828792,14.230598983991067,0.8076497459977668,16106.824357453941,0.7767060893634855,6590.567887694677,0.6588065730788975
2275,8.451335203408856,0.6285195574493648,14.901286887967078,0.9753217219917697,15553.744589887945,0.6384361474719863,6166.37688712118,0.30531407260098287
2276,8.300900558146967,0.5449447545260927,12.07698083657812,0.26924520914452965,16211.897005546798,0.8029742513866998,6246.350848111882,0.3719590400932352
2277,8.78535040067689,0.8140835559316056,13.045954130924788,0.5114885327311968,13287.188564938942,0.0717971412347358,6026.527473106084,0.18877289425506938
2278,8.43034386375266,0.6168577020848107,12.083875066370068,0.270968766592517,15724.427446532945,0.6811068616332364,6065.664537983638,0.22138711498636532
2279,7.946087447517908,0.34782635973217146,11.426083610029012,0.10652090250725321,15324.249728952178,0.5810624322380444,6244.888846189122,0.37074070515760205
2280,8.55677981627813,0.6870998979322942,13.004041766768886,0.5010104416922213,14605.364788626652,0.40134119715666305,6374.965545582889,0.47913795465240705
2281,7.535639646425174,0.11979980356954056,12.602408909353537,0.40060222733838435,15839.371336606933,0.7098428341517332,6026.944130014696,0.18912010834558035
2282,8.134483708805597,0.4524909493364426,14.312525651911947,0.8281314129779868,13872.878074382605,0.21821951859565114,5834.962272087508,0.029135226739589792
2283,8.01591666770891,0.38662037094939383,11.85424362636388,0.21356090659097016,14052.774469940028,0.2631936174850069,6829.019242301962,0.857516035251635
2284,8.643299700737764,0.7351665004098686,11.662210847511824,0.16555271187795606,13945.202713985243,0.23630067849631098,6880.945721099628,0.9007881009163567
2285,8.535279253559068,0.6751551408661497,11.55859672667739,0.13964918166934748,14885.045678547554,0.4712614196368884,6592.467060495839,0.6603892170798656
2286,7.48734134632813,0.09296741462673919,14.256229845425645,0.8140574613564112,14597.145274336795,0.39928631858419883,6665.0360224791375,0.7208633520659479
2287,8.518450579980467,0.6658058777669265,13.31345917593351,0.5783647939833774,13800.534626961455,0.20013365674036376,6957.369926193601,0.9644749384946671
2288,8.43398317703377,0.6188795427965389,12.57460668006821,0.3936516700170529,14667.643436410457,0.41691085910261416,6466.321706110823,0.5552680884256856
2289,9.060003789748695,0.9666687720826088,13.457311423124475,0.6143278557811186,15262.927913061478,0.5657319782653694,6127.778776557032,0.27314898046419345
2290,8.095417014987229,0.43078723054846046,11.358705712652542,0.08967642816313559,13204.12977743538,0.05103244435884524,6083.176668845493,0.23598055737124368
2291,7.557932719321285,0.1321848440673804,11.190450443843268,0.047612610960816815,13574.889905206017,0.14372247630150436,5833.198916841049,0.02766576403420795
2292,7.881961399250123,0.3122007773611797,13.06381651921888,0.5159541298047202,13038.90158085391,0.009725395213477595,6877.765654204207,0.8981380451701724
2293,8.476739073311688,0.6426328185064939,14.029621526017948,0.7574053815044868,16754.915102531835,0.9387287756329584,6865.000146443618,0.8875001220363484
2294,8.539800137518363,0.6776667430657568,13.95524624846322,0.7388115621158051,13483.096707583676,0.12077417689591896,6536.074967126042,0.6133958059383685
2295,8.740950685256658,0.7894170473648109,13.835991429491092,0.708997857372773,14286.24082961592,0.3215602074039796,6034.6543686014575,0.195545307167881
2296,7.434360188012758,0.06353343778486564,12.46211831255405,0.3655295781385126,15777.551090142042,0.6943877725355108,6823.499957806995,0.8529166315058287
2297,7.600376704375141,0.15576483576396705,12.230961941802258,0.30774048545056465,13113.39293306008,0.028348233265020117,5805.986102885341,0.004988419071117911
2298,8.478839194253789,0.6437995523632158,14.157335820362128,0.7893339550905322,15583.870556323604,0.6459676390809006,6587.460906083055,0.6562174217358793
2299,8.412145603042037,0.606747557245576,14.522174874038617,0.8805437185096542,16372.257187088195,0.8430642967720486,6033.827008275289,0.1948558402294076
2300,7.707163318579718,0.2150907325442878,11.035527221036357,0.008881805259089437,14940.65004215724,0.48516251053931014,6824.900727978022,0.8540839399816851
2301,8.149782814583398,0.4609904525463323,11.100376898240658,0.02509422456016419,13757.306613461049,0.18932665336526233,6046.74437008708,0.20562030840589984
2302,7.6502380739564995,0.18346559664249984,11.80041108443044,0.20010277110760977,13697.006542062598,0.17425163551564948,5838.896320891514,0.03241360074292854
2303,8.336106857605746,0.5645038097809701,11.663326011377185,0.16583150284429615,16172.890716239708,0.7932226790599269,6031.5699307459,0.19297494228824963
2304,8.096812275572779,0.4315623753182102,12.376473460507611,0.34411836512690297,15483.117501496155,0.6207793753740388,6169.49163596919,0.3079096966409913
2305,7.575320260268995,0.14184458903833086,13.378571738234346,0.5946429345585865,15867.050845600688,0.716762711400172,6291.873417246944,0.4098945143724534
2306,7.729462078498169,0.22747893249898254,14.273729654927306,0.8184324137318265,16984.28572189957,0.9960714304748924,6850.278387762623,0.8752319898021864
2307,7.855171398898438,0.2973174438324657,12.64688827297968,0.4117220682449203,16033.729999540086,0.7584324998850215,6531.124032551359,0.6092700271261323
2308,7.598199718131317,0.15455539896184267,13.525686598042727,0.6314216495106816,14372.921076420493,0.343230269105123,6337.952248708727,0.44829354059060567
2309,8.171767981453225,0.4732044341406806,14.538581015579817,0.8846452538949543,15677.482968804268,0.669370742201067,6085.994972177479,0.2383291434812328
2310,9.00714354818907,0.93730197121615,11.885781914561193,0.22144547864029795,14069.919168552955,0.2674797921382389,6130.3692104238135,0.2753076753531777
2311,8.271799798001291,0.5287776655562731,11.379249410420973,0.09481235260524346,16848.43119501214,0.9621077987530353,6021.263359087494,0.1843861325729118
2312,7.914413572081145,0.33022976226730294,13.400995010344078,0.6002487525860193,15242.730520952558,0.5606826302381397,6504.090411005209,0.586742009171007
2313,7.38696561862746,0.03720312145970017,11.989053405551141,0.24726335138778543,15003.507418308136,0.5008768545770339,6073.444124298211,0.22787010358184245
2314,7.642578155507118,0.17921008639284308,13.307440194786995,0.576860048696749,14381.969311238916,0.34549232780972916,6110.194621318128,0.2584955177651066
2315,8.234605257695618,0.5081140320531209,12.645722533991721,0.4114306334979302,16058.255887552587,0.7645639718881465,6779.118995118045,0.8159324959317041
2316,7.401489801192952,0.04527211177386192,13.793805048138065,0.6984512620345161,16697.64872290115,0.9244121807252875,6182.375572650053,0.3186463105417108
2317,8.025215081201615,0.39178615622311974,11.421032820107706,0.10525820502692673,13447.546934302274,0.11188673357556878,6171.079160792322,0.3092326339936017
2318,8.49305120655125,0.6516951147506947,13.982925173211207,0.745731293302802,16883.336367587985,0.9708340918969959,6523.8655882389885,0.6032213235324906
2319,8.622128588230721,0.7234047712392895,11.477513709669026,0.11937842741725668,16294.942772643524,0.8237356931608808,6541.957528668303,0.6182979405569192
2320,8.591683070361688,0.7064905946453824,12.550638194388267,0.38765954859706653,14347.455997040583,0.33686399926014543,6068.004711516347,0.22333725959695583
2321,7.470412645892168,0.08356258105120429,11.247050537035177,0.06176263425879425,13573.074850031444,0.14326871250786077,6891.211871111717,0.9093432259264309
2322,7.943027444587019,0.346126358103899,11.937540668496991,0.23438516712424784,15928.138235071778,0.7320345587679443,6255.346717780116,0.3794555981500962
2323,8.999067211325992,0.9328151174033287,11.948634473293296,0.23715861832332397,13388.06474232847,0.09701618558211755,6012.773177263272,0.1773109810527268
2324,7.846182504612962,0.2923236136738677,11.664391911831565,0.16609797795789116,14296.154675610238,0.3240386689025595,5805.593679645651,0.004661399704708913
2325,7.358981620269385,0.021656455705213906,14.00516547207696,0.75129136801924,14143.778782695217,0.2859446956738043,6223.7969681639415,0.3531641401366177
2326,8.669846614887456,0.7499147860485869,11.251003016206006,0.06275075405150166,13586.464817736798,0.14661620443419943,6480.061130795451,0.5667176089962097
2327,9.087988660861665,0.9822159227009255,12.819693108484095,0.454923277121024,13226.615062173083,0.05665376554327084,6805.150785846383,0.8376256548719859
2328,7.7199611701979265,0.22220065010995926,12.47852003269302,0.36963000817325475,16894.18007536624,0.9735450188415599,6076.2364989139605,0.2301970824283004
2329,8.919721727828422,0.8887342932380125,12.777315930649557,0.4443289826623893,14656.566097486737,0.4141415243716843,6379.704657369242,0.4830872144743682
2330,8.93986484356341,0.8999249130907834,13.513198662727406,0.6282996656818517,13636.928095168392,0.1592320237920979,6593.140521253348,0.66095043437779
2331,8.180508955496984,0.4780605308316581,12.793950420329718,0.44848760508242946,15974.00139886859,0.7435003497171475,6731.610531059442,0.7763421092162021
2332,8.459159466142545,0.6328663700791918,12.527272674639988,0.38181816865999685,15775.380355088895,0.6938450887722237,6847.73559812854,0.8731129984404502
2333,9.082653978994365,0.9792522105524256,11.686597315187981,0.17164932879699513,13640.18171152403,0.16004542788100729,6050.937606402401,0.2091146720020004
2334,8.874949149342987,0.8638606385238817,11.191574779193948,0.04789369479848682,16522.255159724977,0.8805637899312445,6121.155748055162,0.2676297900459681
2335,9.05346770358123,0.9630376131006836,11.832010039641377,0.2080025099103443,14594.440344152292,0.398610086038073,6569.486215579118,0.6412385129825986
2336,8.882053227705198,0.8678073487251106,13.480479906388629,0.6201199765971571,16391.678098788638,0.8479195246971599,6099.186912627014,0.2493224271891784
2337,9.098673462893949,0.9881519238299717,12.624136494858622,0.40603412371465564,13052.478550225247,0.013119637556311736,6121.868366555625,0.2682236387963537
2338,8.782391611158683,0.812439783977047,12.64576608892433,0.41144152223108255,14453.60544158243,0.36340136039560755,6567.499628951069,0.6395830241258912
2339,8.258693463886951,0.5214963688260839,11.929691076281387,0.23242276907034642,15185.972025341272,0.546493006335318,6541.074507476817,0.6175620895640144
2340,7.974637724536871,0.3636876247427062,12.081162546581362,0.2702906366453406,15685.201241530454,0.6713003103826136,6411.272738510849,0.5093939487590413
2341,8.269896370636333,0.5277202059090745,14.287243829856665,0.8218109574641664,16238.446365800019,0.8096115914500047,6518.635317866297,0.5988627648885804
2342,8.819195971293288,0.8328866507184941,12.664267272785338,0.4160668181963345,15055.364734460654,0.5138411836151637,6327.673372872429,0.4397278107270245
2343,7.679424159473175,0.19968008859620823,12.198695041801741,0.29967376045043537,14023.342639481112,0.2558356598702781,6103.38799544328,0.25282332953606645
2344,8.988706306159038,0.9270590589772442,13.016298340394272,0.5040745850985682,13793.47705252708,0.19836926313176972,6195.744556800483,0.32978713066706933
2345,9.043333813470738,0.9574076741504107,14.082475998764114,0.7706189996910283,16778.78448294955,0.9446961207373874,6576.72656965539,0.6472721413794923
2346,8.711133539122619,0.7728519661792326,14.951902722215067,0.9879756805537667,13521.010013265004,0.13025250331625116,6939.64417731184,0.9497034810932008
2347,8.108623912322065,0.4381243957344809,14.195590950328711,0.798897737582178,16935.519001691988,0.9838797504229974,6176.613439329156,0.3138445327742969
2348,8.96343240686514,0.913018003813967,12.88862837952108,0.47215709488027024,15755.010259179493,0.688752564794873,6648.47290276815,0.7070607523067916
2349,7.411081249884079,0.050600694380044,11.63426477843769,0.15856619460942256,13188.341683366149,0.047085420841536996,6871.394196186971,0.892828496822476
2350,8.642105905426734,0.7345032807926304,13.432321846733329,0.6080804616833322,16668.194749161747,0.9170486872904362,6712.724534972456,0.7606037791437134
2351,7.67922932261622,0.19957184589790022,13.543489971442018,0.6358724928605045,16930.261240836822,0.9825653102092057,6734.203261387567,0.778502717822973
2352,8.509334487497183,0.66074138194288,14.313041755801098,0.8282604389502748,13545.884027086973,0.1364710067717433,6096.4119967413635,0.24700999728446982
2353,8.365742978801412,0.5809683215563404,12.68515923435113,0.4212898085877821,13154.60762191086,0.03865190547771491,6152.742055136998,0.29395171261416453
2354,7.777962324958187,0.2544235138656594,14.455045603044168,0.8637614007610418,16754.384038829856,0.938596009707464,6528.403438260214,0.6070028652168452
2355,7.631335160985107,0.17296397832505928,11.55930505372091,0.13982626343022775,15182.285892770416,0.545571473192604,6559.163514020571,0.6326362616838089
2356,7.907666782350628,0.3264815457503487,14.12497102091573,0.7812427552289323,16238.605797911048,0.8096514494777619,6075.113745683669,0.2292614547363906
2357,8.377289512958804,0.5873830627548909,12.592564371617055,0.3981410929042638,14485.184943618457,0.3712962359046139,6203.179450096168,0.33598287508014013
2358,7.6344973372478115,0.17472074291545103,13.650737090635442,0.6626842726588605,13579.03974596063,0.14475993649015761,6094.423381343437,0.24535281778619744
2359,7.904534672190776,0.32474148455043095,12.016210369104854,0.25405259227621335,14554.226224347158,0.38855655608678963,6185.294417822923,0.32107868151910257
2360,7.738752249316841,0.23264013850935583,11.393895875975447,0.09847396899386185,14505.423711909101,0.37635592797727535,6799.743673842299,0.8331197282019162
2361,8.742237001615445,0.7901316675641364,12.275111270108408,0.3187778175271019,13683.71787858073,0.17092946964518252,6999.012462698489,0.9991770522487411
2362,8.125646372709742,0.44758131817207913,12.74339706566651,0.4358492664166276,14193.108615702553,0.29827715392563803,6863.081371476874,0.885901142897395
2363,8.541903731243705,0.6788354062465035,13.642832499231224,0.6607081248078058,16299.856285665015,0.8249640714162536,6449.72359738766,0.5414363311563835
2364,8.290788067912631,0.539326704395906,11.199012844506708,0.049753211126676855,15490.993619953992,0.6227484049884981,6975.360316566087,0.9794669304717392
2365,7.369797004545224,0.02766500252512405,14.049788926758904,0.7624472316897262,15515.558046532742,0.6288895116331855,5800.971565117598,0.0008096375979990134
2366,8.55864115855815,0.6881339769767497,11.574366124463346,0.14359153111583622,13912.987880304863,0.22824697007621597,6631.107587609059,0.6925896563408824
2367,7.660833640269931,0.18935202237218363,11.52386863369033,0.13096715842258255,14176.25545613032,0.29406386403258,6871.331897468453,0.8927765812237107
2368,7.65064743629885,0.18369302016602762,11.301780167065424,0.07544504176635569,16887.7372739903,0.971934318497575,6346.451780443984,0.4553764837033195
2369,8.046059220567173,0.4033662336484295,12.084637884297138,0.2711594710742845,14564.278650138116,0.3910696625345291,5974.426981240408,0.14535581770033978
2370,8.537615987192869,0.6764533262182607,13.842094120475354,0.7105235301188384,14090.92593974322,0.2727314849358048,6289.293779014177,0.4077448158451472
2371,8.993777632222196,0.9298764623456652,13.999849372034054,0.7499623430085137,15200.210698282532,0.5500526745706329,6586.448100678088,0.6553734172317403
2372,8.453695169235827,0.6298306495754593,12.7951331050456,0.44878327626140024,13039.296934411095,0.009824233602773957,6239.4722107680345,0.3662268423066952
2373,7.50816038290556,0.1045335460586444,13.363521995835491,0.5908804989588726,16960.78780610712,0.9901969515267801,6947.554365660406,0.9562953047170053
2374,9.089391453423795,0.9829952519021092,11.642634284190752,0.16065857104768788,15174.756288223889,0.5436890720559724,6158.288755080547,0.2985739625671223
2375,8.279807995594721,0.5332266642192893,12.035284630492098,0.2588211576230247,16655.295313364823,0.9138238283412058,6178.164821874428,0.31513735156202316
2376,8.190892328584667,0.4838290714359259,14.344585922951035,0.8361464807377587,15743.903101614469,0.6859757754036175,6689.478096768411,0.741231747307009
2377,8.952576191157176,0.9069867728650982,14.945342078761149,0.9863355196902872,14073.43044190888,0.26835761047722007,6804.310809688908,0.8369256747407565
2378,8.71815593320013,0.7767532962222944,14.560637306099654,0.8901593265249134,16109.343549927195,0.7773358874817988,6809.733192217796,0.8414443268481637
2379,8.774901006559864,0.8082783369777021,11.01028572116055,0.0025714302901373998,15550.889117377135,0.6377222793442839,6786.3206167867875,0.8219338473223232
2380,8.728344903101316,0.782413835056287,14.424528631970752,0.8561321579926879,15830.498104247232,0.7076245260618081,6656.265484600664,0.7135545705005538
2381,8.763114588298922,0.8017303268327353,12.355420684028637,0.338855171007159,16695.094065426096,0.9237735163565238,6016.19096539325,0.1801591378277082
2382,8.047172035225884,0.40398446401437993,12.528769986104322,0.3821924965260808,14439.875632911582,0.3599689082278954,6689.281925153636,0.7410682709613633
2383,9.077233588963608,0.9762408827575608,12.505280401040554,0.3763201002601385,14115.316220936573,0.27882905523414303,6815.352163778251,0.8461268031485427
2384,8.98207489427099,0.923374941261662,12.84391435857064,0.4609785896426597,14691.567675285482,0.42289191882137056,6098.379934081826,0.24864994506818805
2385,7.723608725187497,0.2242270695486095,13.877922507980891,0.7194806269952225,16475.054176012203,0.8687635440030508,6796.415192539715,0.8303459937830951
2386,7.666610364103013,0.1925613133905626,12.64835014893553,0.41208753723388225,16120.40105599214,0.7801002639980351,6758.9776427782635,0.7991480356485531
2387,8.574192879919226,0.6967738221773476,11.72198615764227,0.18049653941056765,16217.19529304663,0.8042988232616575,5961.3747275150545,0.13447893959587875
2388,8.320999657906922,0.5561109210594014,13.056002383885154,0.5140005959712886,14056.645865387312,0.2641614663468279,6718.334505851497,0.7652787548762476
2389,7.683095833066709,0.20171990725928235,14.397443282904574,0.8493608207261434,15996.643777958658,0.7491609444896645,6546.696794933697,0.622247329111414
2390,7.672299224920304,0.19572179162239123,12.221653388920009,0.30541334723000213,16269.544071705102,0.8173860179262757,6397.697505176937,0.49808125431411376
2391,8.500400282184165,0.6557779345467581,12.726197536397123,0.4315493840992807,15375.628314320404,0.5939070785801008,6161.834548981861,0.3015287908182176
2392,8.982369111084306,0.9235383950468372,14.005540864849115,0.7513852162122787,15656.857290854341,0.6642143227135854,6894.378039569452,0.9119816996412097
2393,8.859955447443344,0.855530804135191,13.002371875956712,0.5005929689891777,15961.011115355876,0.740252778838969,5879.167530262504,0.06597294188542024
2394,8.041604824262908,0.40089156903494927,13.939752693649156,0.734938173412289,14743.934447531356,0.4359836118828391,6795.772084972856,0.8298100708107131
2395,8.474981822588326,0.6416565681046255,13.533418972771415,0.6333547431928537,16444.727867957885,0.861181966989471,6981.558448384016,0.9846320403200134
2396,8.772827840697941,0.8071265781655228,14.816885700473703,0.9542214251184257,15796.178990999631,0.6990447477499079,6930.5382842853,0.9421152369044165
2397,8.520600803942141,0.6670004466345235,11.066201757780773,0.016550439445193188,16824.82458796785,0.9562061469919629,6961.309266079843,0.9677577217332025
2398,8.956481554587585,0.909156419215325,13.351403012949401,0.5878507532373503,14025.259241055273,0.2563148102638182,6269.576784754911,0.3913139872957596
2399,8.295861160003263,0.5421450888907018,12.47441398199328,0.36860349549832017,13664.05482867978,0.16601370716994523,6811.666715865984,0.8430555965549866
2400,8.08521880564571,0.42512155869206125,12.089313432219747,0.2723283580549366,13409.66781534662,0.10241695383665506,5858.721055028293,0.04893421252357755
2401,8.952016676917525,0.906675931620848,13.389285103975078,0.5973212759937697,13415.320702159206,0.10383017553980167,6654.807899288076,0.712339916073397
2402,8.300645198936625,0.5448028882981246,11.009103761143578,0.0022759402858945066,15066.762360272709,0.5166905900681772,6358.374358754183,0.46531196562848565
2403,8.31900932624859,0.5550051812492167,12.389076610245766,0.3472691525614414,16778.026031354893,0.9445065078387238,6469.388543759827,0.5578237864665231
2404,8.10023916811612,0.4334662045089557,13.706939385098657,0.6767348462746642,15070.548975284157,0.5176372438210389,6022.831501163591,0.18569291763632645
2405,7.796379929752691,0.26465551652927266,13.44172450096299,0.6104311252407475,15523.831795935374,0.6309579489838432,6079.944408473745,0.233287007061454
2406,9.03817226378892,0.9545401465494006,11.224400272016261,0.056100068004065085,14875.897040642236,0.4689742601605591,6141.975690608214,0.28497974217351163
2407,8.0222454070821,0.3901363372678336,13.284798641474227,0.5711996603685567,15927.496051978016,0.7318740129945042,6696.746913607589,0.7472890946729903
2408,8.53367656990971,0.6742647610609508,13.619197334154636,0.6547993335386589,15556.352390028982,0.6390880975072456,6638.959305274126,0.6991327543951046
2409,8.733121657182886,0.7850675873238261,13.361198150296378,0.5902995375740945,16791.136169637823,0.9477840424094561,5970.397215077568,0.14199767923130702
2410,8.490929781355542,0.6505165451975233,14.080385701256349,0.7700964253140873,13420.533522984157,0.10513338074603917,6627.3797860801005,0.6894831550667506
2411,7.430717453054315,0.06150969614128621,14.720155958762293,0.9300389896905731,14097.734460810701,0.2744336152026753,6414.299766209737,0.5119164718414472
2412,8.350087205586382,0.5722706697702123,12.711051706727545,0.4277629266818862,16274.262017074881,0.8185655042687205,6781.46426544552,0.8178868878712668
2413,7.71984758513067,0.22213754729481672,13.088294479645963,0.522073619911491,16029.58541560207,0.7573963539005177,6358.921491906796,0.4657679099223302
2414,8.065021250956276,0.4139006949757086,12.752144282319184,0.4380360705797962,13933.32307445322,0.23333076861330504,6763.5638950088405,0.8029699125073668
2415,7.346806895429864,0.014892719683258004,12.56067139071044,0.3901678476776098,15903.512343213595,0.725878085803399,6644.747265632037,0.7039560546933641
2416,8.301987443881508,0.5455485799341708,13.710046246206106,0.6775115615515267,16255.545910183817,0.8138864775459541,6286.403247572844,0.4053360396440362
2417,8.194889422002035,0.48604967889001993,12.674210800335944,0.4185527000839858,13460.833155414752,0.11520828885368795,6170.212904664135,0.30851075388677873
2418,8.511335883064755,0.6618532683693087,12.476527348569668,0.36913183714241704,14405.952417033528,0.35148810425838195,6583.448565068334,0.6528738042236112
2419,8.734861387415691,0.7860341041198287,12.395724907895724,0.3489312269739312,15618.55798035967,0.6546394950899174,5940.984580905206,0.11748715075433813
2420,8.25228447058143,0.5179358169896833,14.654139650456058,0.9135349126140144,13967.060686355675,0.24176517158891875,6533.483635532494,0.6112363629437453
2421,8.916682717519631,0.887045954177573,12.879298545327005,0.4698246363317514,13070.730874910705,0.01768271872767624,6250.553442174036,0.3754612018116963
2422,7.8479383968774465,0.29329910937635917,13.436130712024639,0.6090326780061597,13912.150629220247,0.22803765730506176,5971.796981066899,0.14316415088908252
2423,7.9198413917306,0.3332452176281112,12.806628125043254,0.45165703126081347,14425.241588485651,0.35631039712141255,6200.571778003022,0.33380981500251794
2424,8.24335329031152,0.5129740501730667,13.590730718790383,0.6476826796975957,13116.747914906671,0.029186978726667645,5999.465020581606,0.16622085048467194
2425,7.724836917746961,0.22490939874831173,11.810152673421166,0.2025381683552917,15389.25459828951,0.5973136495723773,6708.405989861561,0.7570049915513006
2426,8.217765146421087,0.4987584146783812,13.57649588508884,0.6441239712722103,13890.829471046261,0.2227073677615654,6981.768677547115,0.9848072312892624
2427,8.422956859321786,0.6127538107343259,11.90231420712853,0.2255785517821327,13712.676806714773,0.17816920167869343,6377.770461743639,0.4814753847863664
2428,7.683986159172306,0.20221453287350366,13.484504629313234,0.6211261573283083,16950.108875142458,0.9875272187856141,6900.2216779508,0.9168513982923335
2429,7.866067299980852,0.30337072221158434,13.963310410326137,0.7408276025815346,13687.777014190793,0.17194425354769804,6443.968649751196,0.5366405414593297
2430,8.632864848363345,0.7293693602018589,13.287326358112102,0.5718315895280256,15001.809376369067,0.5004523440922669,6870.759221076954,0.8922993508974619
2431,7.796389261725707,0.2646607009587264,12.070551976205955,0.2676379940514886,14048.51056672892,0.26212764168223013,6921.678902361986,0.9347324186349878
2432,7.443220245078261,0.0684556917101451,14.65766734938413,0.9144168373460326,13468.608293891106,0.11715207347277623,5871.930127227672,0.05994177268972667
2433,7.675199707380695,0.19733317076705237,12.330422196170385,0.3326055490425961,16888.047177798064,0.9720117944495161,6945.632040448196,0.9546933670401627
2434,7.69231386547394,0.20684103637441098,14.749275645281974,0.9373189113204937,13143.209852443197,0.035802463110799265,5990.5649622338415,0.1588041351948679
2435,8.782145705448025,0.8123031696933474,11.618876806883943,0.15471920172098574,15057.347423946925,0.5143368559867313,5943.972145672505,0.11997678806042067
2436,7.381461796786642,0.03414544265924524,12.349571499805545,0.3373928749513866,13802.237327908524,0.20055933197713094,6042.302311150373,0.20191859262531076
2437,8.928626780950616,0.8936815449725651,14.153208702451474,0.7883021756128684,14018.684786823502,0.25467119670587524,6262.608631931817,0.3855071932765145
2438,8.292394346668686,0.5402190814826037,12.5073437993288,0.3768359498321998,16008.014939508757,0.7520037348771893,6337.737918113657,0.44811493176138084
2439,8.005086597521295,0.380603665289608,11.449435180984809,0.11235879524620229,16832.183537142544,0.9580458842856361,6719.542475744129,0.7662853964534406
2440,7.346496105244243,0.0147200584690238,12.740909661987565,0.43522741549689137,13451.474877469454,0.11286871936736353,6698.228056833487,0.7485233806945729
2441,8.11159201040174,0.4397733391120774,14.563043761213269,0.8907609403033174,13949.174272756567,0.23729356818914182,6141.072325640883,0.28422693803406873
2442,7.940681245342773,0.34482291407931853,13.000666274548069,0.5001665686370173,16472.146535035856,0.8680366337589642,6457.529301571307,0.5479410846427556
2443,7.3631113998047075,0.023950777669281997,14.863470428720984,0.9658676071802461,15998.15485499906,0.7495387137497651,6309.291388937131,0.4244094907809426
2444,8.141752044433549,0.45652891357419356,14.030145953526299,0.7575364883815746,16822.606017190803,0.9556515042977008,6081.3792785107,0.23448273209224968
2445,8.645621614291288,0.7364564523840491,13.277808103173413,0.5694520257933532,16250.840946750031,0.812710236687508,6836.098970366838,0.8634158086390316
2446,7.685503953598676,0.20305775199926468,14.66891936167039,0.9172298404175974,13474.449193570646,0.11861229839266152,5843.8660259293565,0.036555021607797
2447,7.918399535886184,0.33244418660343555,11.66807415879273,0.1670185396981826,14003.589656661625,0.2508974141654061,6894.430849334811,0.9120257077790089
2448,7.428040794479219,0.06002266359956565,13.172186793247608,0.5430466983119021,15001.912905304082,0.5004782263260203,6039.759413008655,0.19979951084054592
2449,8.293939529011599,0.5410775161175554,14.380621124509972,0.845155281127493,16768.76492422839,0.942191231057098,5881.621214465628,0.06801767872135722
2450,7.551704299052358,0.12872461058464324,14.410810161560297,0.8527025403900743,15680.71677002368,0.6701791925059202,5977.791512177493,0.14815959348124397
2451,8.251916933620388,0.5177316297891044,11.464336167383024,0.11608404184575616,16695.612497092698,0.9239031242731741,6216.520501440952,0.34710041786745993
2452,7.5761587573736975,0.14231042076316514,14.738732137605416,0.9346830344013538,15679.359707206551,0.6698399268016378,6731.518135933461,0.776265113277884
2453,7.471548587890641,0.08419365993924488,11.849508104878065,0.21237702621951637,15838.609200174546,0.7096523000436361,6014.830938564555,0.17902578213712905
2454,8.835982256678072,0.8422123648211511,11.259725873290176,0.06493146832254415,14559.459440207216,0.389864860051804,6781.684933959543,0.8180707782996187
2455,8.622456379386458,0.7235868774369213,14.814128706427779,0.9535321766069448,14538.737481688964,0.384684370422241,5929.267651354371,0.1077230427953092
2456,7.7912676774557985,0.2618153763643327,14.211840245873077,0.802960061468269,14219.608260054185,0.30490206501354644,6760.455677919738,0.800379731599782
2457,7.648916639646895,0.1827314664704971,11.374930426605026,0.09373260665125649,13258.700914140525,0.06467522853513119,5889.007311333599,0.07417275944466617
2458,8.217290309440793,0.49849461635599623,13.85933666154249,0.7148341653856228,14986.731605681365,0.4966829014203412,6822.367217358789,0.8519726811323243
2459,8.778743553039936,0.8104130850221867,14.856184201906704,0.9640460504766758,13386.400837621275,0.09660020940531888,6531.276545461187,0.6093971212176563
2460,7.377162397985067,0.031756887769481934,12.840365231905874,0.4600913079764686,15757.203114883305,0.6893007787208264,5922.517793063252,0.10209816088604284
2461,8.567458205582007,0.6930323364344481,11.532657534124564,0.13316438353114102,14268.416453453205,0.31710411336330113,6490.547612545642,0.5754563437880347
2462,8.622917027540526,0.7238427930780703,14.68556921526851,0.9213923038171273,14881.221735776855,0.47030543394421365,6808.375557603677,0.8403129646697309
2463,7.837205555051285,0.287336419472936,13.705665690136135,0.6764164225340338,13262.370702072149,0.06559267551803694,5802.408387702279,0.0020069897518985025
2464,7.444040790706503,0.06891155039250163,13.968239479355773,0.7420598698389433,13185.070533698867,0.04626763342471685,6484.946054253423,0.5707883785445197
2465,8.51990454543461,0.6666136363525612,14.04003489247864,0.7600087231196603,15752.688509652851,0.6881721274132129,6057.081145592759,0.21423428799396593
2466,8.382733802791922,0.5904076682177346,11.303097599287685,0.07577439982192158,15194.23881037311,0.5485597025932776,6150.857761552631,0.2923814679605259
2467,7.465199715365494,0.08066650853638568,11.10640779961518,0.026601949903795052,13148.57311681246,0.037143279203115,6175.823641250854,0.3131863677090454
2468,8.88517758773594,0.8695431042977447,12.42715127586881,0.3567878189672027,13938.842002581285,0.23471050064532106,6311.901220763387,0.4265843506361555
2469,8.102876970619116,0.4349316503439532,13.551165142722171,0.6377912856805429,14168.796136084184,0.29219903402104574,6749.457953146319,0.7912149609552657
2470,8.414941403581917,0.6083007797677314,13.372022087166453,0.5930055217916133,16755.05508214412,0.9387637705360301,6825.2930549348675,0.8544108791123898
2471,8.395856571299817,0.5976980951665649,14.032083752256629,0.7580209380641573,14798.638512333515,0.4496596280833788,6613.510186536049,0.6779251554467077
2472,8.133858739366952,0.45214374409275104,13.166499878551079,0.5416249696377697,16430.084605922948,0.8575211514807374,6834.158209696561,0.8617985080804675
2473,8.678855526138443,0.7549197367435798,12.474783801827135,0.3686959504567837,16830.998982502315,0.9577497456255786,6003.750724376042,0.16979227031336863
2474,8.536260395711066,0.675700219839481,12.34728632028687,0.33682158007171736,13099.818651702815,0.024954662925703808,6126.552352124605,0.27212696010383775
2475,8.169802187900213,0.4721123266112295,13.009808162411556,0.502452040602889,15980.106203763462,0.7450265509408655,6782.369530964481,0.8186412758037339
2476,8.91840934195177,0.8880051899732063,13.946106272177849,0.7365265680444623,16255.348906800582,0.8138372267001455,6058.254180303211,0.21521181691934232
2477,7.873503882770345,0.30750215709463635,14.171443974610039,0.7928609936525097,14360.852753909994,0.3402131884774985,6376.603498721983,0.4805029156016526
2478,7.985272733898406,0.3695959632768925,11.449248472042001,0.11231211801050012,16743.227768817735,0.9358069422044336,6937.2346122489,0.9476955102074167
2479,8.26947414401532,0.527485635564067,11.5012752574793,0.12531881436982495,14581.50716527327,0.3953767913183175,6106.127200839578,0.25510600069964817
2480,8.047744023132962,0.40430223507386764,14.665198325443528,0.9162995813608822,15396.60441259012,0.5991511031475303,6511.8742805912425,0.5932285671593683
2481,9.027052482180036,0.9483624901000197,11.017543397415732,0.004385849353932825,13385.148738387767,0.09628718459694152,6916.31168210395,0.9302597350866252
2482,7.3442060254413155,0.013447791911841867,11.897908712517607,0.22447717812940182,15008.353061861697,0.5020882654654243,5806.468620613927,0.005390517178272436
2483,7.9279628688227195,0.3377571493459556,13.550007374881067,0.6375018437202669,13913.83756897728,0.22845939224432,6301.239212619698,0.4176993438497488
2484,8.910372670048183,0.8835403722489911,11.410872481496884,0.10271812037422101,14413.355021477399,0.3533387553693498,6214.950364290876,0.3457919702423965
2485,7.852242326332876,0.2956901812960423,12.811211027506776,0.4528027568766937,14328.112239256578,0.3320280598141442,6956.2812303673845,0.9635676919728206
2486,8.898687022402768,0.8770483457793159,13.066692011164662,0.5166730027911655,16423.61995055495,0.855904987638737,6191.146744200275,0.3259556201668957
2487,8.583498377904093,0.7019435432800519,11.0240814381511,0.006020359537775244,16671.140707673418,0.9177851769183542,5848.924634900642,0.04077052908386769
2488,7.972348991665189,0.3624161064806608,11.52608926098522,0.1315223152463052,16565.96491430763,0.8914912285769077,6358.286065229238,0.465238387691032
2489,8.302629702717823,0.5459053903987905,14.738413323585286,0.9346033308963215,16644.7806414525,0.9111951603631252,6457.924445015175,0.5482703708459786
2490,8.314747943418324,0.5526377463435133,13.186017657969401,0.5465044144923505,13847.805685125437,0.21195142128135913,6330.276296449513,0.44189691370792794
2491,7.423722034396639,0.057623352442577214,12.736069412738432,0.4340173531846082,14411.573016464636,0.3528932541161589,6696.268790605875,0.7468906588382298
2492,8.731889710436942,0.7843831724649685,13.095843128774986,0.5239607821937464,13939.754170610271,0.23493854265256786,6936.073791023807,0.9467281591865054
2493,8.499742834959376,0.655412686088542,12.136729627272445,0.28418240681811135,15593.617184579945,0.6484042961449864,6589.012275572088,0.657510229643406
2494,7.832890070434427,0.2849389280191261,13.445873667773508,0.6114684169433773,15194.566115207836,0.548641528801959,6049.317377299465,0.2077644810828876
2495,8.010924403421747,0.38384689078985945,11.702855081186998,0.1757137702967495,13788.225187147526,0.19705629678688152,5863.580049009365,0.05298337417447119
2496,8.564410444340833,0.6913391357449072,14.348901746479138,0.8372254366197844,13747.942475301586,0.18698561882539677,6650.403971572803,0.7086699763106696
2497,8.47108515609612,0.6394917533867333,12.885086184217048,0.4712715460542618,13865.469270042184,0.21636731751054583,5816.981761628395,0.01415146802366285
2498,7.91901177617703,0.3327843200983497,11.140458897422876,0.03511472435571905,15043.46960934996,0.5108674023374902,6817.644376163535,0.848036980136279
2499,8.667230890379258,0.748461605766255,12.97244332137662,0.49311083034415504,14647.168906279494,0.41179222656987324,6010.5781437635305,0.175481786469609
2500,8.804530407918861,0.8247391155104787,13.50636351811063,0.6265908795276575,13694.33322142458,0.17358330535614508,6877.122614613183,0.8976021788443194
2501,7.334339194685625,0.007966219269791464,11.220887577323026,0.05522189433075653,14676.780942531172,0.4191952356327927,6745.9340288797985,0.7882783573998322
2502,7.812959864920481,0.2738665916224895,11.304069643587061,0.07601741089676539,14500.949491789062,0.3752373729472658,6428.271798807542,0.5235598323396187
2503,7.6978554205094705,0.2099196780608169,12.649101065967127,0.4122752664917816,14836.180351042007,0.4590450877605017,6889.098683940914,0.907582236617429
2504,7.636302630348361,0.17572368352686685,14.175536704585458,0.7938841761463644,15642.984041817333,0.6607460104543335,5883.9749096775295,0.06997909139794123
2505,8.27787016674523,0.5321500926362389,11.033143913825239,0.00828597845630974,13524.491721061522,0.13112293026538047,6917.255224799941,0.9310460206666175
2506,8.054391623868439,0.4079953465935775,13.196692140290661,0.5491730350726653,15844.260971555013,0.7110652428887533,5974.648106722897,0.14554008893574766
2507,7.479306599555024,0.0885036664194574,13.30027975788194,0.5750699394704851,16233.693954869637,0.8084234887174093,6983.017062301602,0.9858475519180018
2508,7.931783944691185,0.33987996927288067,14.545871325730257,0.8864678314325644,14711.275091856893,0.427818772964223,6335.739109573148,0.4464492579776236
2509,8.093173252303847,0.42954069572435993,13.00811332077215,0.5020283301930375,13591.028925150667,0.1477572312876667,6649.250289292362,0.7077085744103017
2510,7.42465959351595,0.05814421861997243,11.129275231072072,0.032318807768017876,15419.031120765274,0.6047577801913184,6108.909360079154,0.2574244667326281
2511,7.866567126298021,0.30364840349890043,13.858360502058959,0.7145901255147397,13871.00037705582,0.21775009426395497,5830.057220700159,0.02504768391679868
2512,9.061964973771657,0.967758318762032,11.732904619141728,0.1832261547854318,15292.596370455396,0.573149092613849,5911.5188070811055,0.09293233923425448
2513,8.843980276214596,0.8466557090081096,12.271256515355432,0.3178141288388582,14019.300433166749,0.25482510829168725,5969.522885978406,0.1412690716486713
2514,8.577813891410326,0.6987854952279594,13.232727721668516,0.558181930417129,16372.01647168544,0.8430041179213599,6263.552077534024,0.3862933979450196
2515,8.950314600688637,0.9057303337159099,12.314824606410292,0.3287061516025732,16407.912357632747,0.8519780894081869,6399.488717790535,0.4995739314921127
2516,7.934779274722153,0.3415440415123072,13.284902588241726,0.5712256470604317,16796.121594056247,0.9490303985140618,6518.414575103945,0.5986788125866211
2517,7.7026571619560205,0.21258731219778937,13.968156879887813,0.7420392199719533,14733.674011213892,0.43341850280347294,6112.236377367002,0.2601969811391689
2518,7.409215118212763,0.04956395456264584,12.787711454907637,0.4469278637269094,13713.940676072349,0.17848516901808698,6126.553993507497,0.27212832792291386
2519,7.673489112307733,0.19638284017096286,14.717462496263499,0.9293656240658749,14591.725567218104,0.39793139180452575,6941.383881402018,0.9511532345016821
2520,8.203740184212444,0.49096676900691316,14.273454507794753,0.8183636269486885,14515.336806696605,0.37883420167415127,6042.677070039674,0.20223089169972774
2521,8.308572901625723,0.5492071675698461,12.967423824104321,0.49185595602608023,14514.680953924111,0.378670238481028,6360.87411252937,0.4673950937744751
2522,8.720069119831269,0.7778161776840388,11.650933938473798,0.16273348461844972,16878.70804797075,0.969677011992688,5840.056408804167,0.03338034067013973
2523,8.59506137192496,0.7083674288471995,13.611088977311141,0.6527722443277852,15765.34941797171,0.6913373544929277,6233.775803755155,0.36147983646262927
2524,8.420076735087509,0.6111537417152835,14.481948658179366,0.8704871645448417,13893.070531814297,0.22326763295357444,5891.24689696481,0.0760390808040079
2525,8.087850940428037,0.42658385579335434,14.288395864609855,0.8220989661524637,16672.202015644503,0.9180505039111255,6912.150911567958,0.926792426306632
2526,9.091290723201663,0.9840504017787015,13.320131716305513,0.580032929076378,14986.192873904307,0.4965482184760768,6263.232013577212,0.3860266779810093
2527,7.42651850925091,0.05917694958383879,11.78087681984553,0.19521920496138234,15804.169014548368,0.7010422536370922,6454.2602012405205,0.5452168343671004
2528,8.603888877820355,0.7132715987890864,12.32767077989147,0.3319176949728677,14432.325380776276,0.358081345194069,6641.254746103601,0.7010456217530006
2529,7.839499510156798,0.2886108389759988,12.685517190222496,0.4213792975556241,13659.12034668925,0.16478008667231225,6644.254957159159,0.7035457976326324
2530,7.940363145570962,0.3446461919838679,12.126063294146256,0.281515823536564,14450.533928293959,0.36263348207348967,6585.762392912566,0.6548019940938044
2531,7.721204355720807,0.2228913087337817,13.585528176706958,0.6463820441767394,16017.596288207715,0.7543990720519286,6865.049222334343,0.8875410186119519
2532,8.202076495319385,0.49004249739965844,14.398563326193678,0.8496408315484195,14396.335689684453,0.34908392242111297,6809.721850656439,0.8414348755470318
2533,8.392802802892724,0.5960015571626244,11.593632226775174,0.14840805669379376,13823.285683835873,0.20582142095896805,6421.68144516394,0.5180678709699498
2534,8.730128373153427,0.7834046517519041,13.408432825628859,0.6021082064072147,15425.976300749287,0.6064940751873219,5843.707459200435,0.03642288266702898
2535,9.034710090850348,0.9526167171390829,14.197719511759535,0.7994298779398838,15920.387798346701,0.7300969495866751,6851.328914949007,0.876107429124173
2536,8.665125986640312,0.7472922148001742,13.181056942217978,0.5452642355544945,16926.52560736794,0.9816314018419849,6167.933476413389,0.30661123034449067
2537,7.882819964712027,0.31267775817334853,12.91550235050264,0.4788755876256602,15921.867686535414,0.7304669216338536,6964.977666658417,0.9708147222153471
2538,8.239750933905519,0.5109727410586223,12.242335757308533,0.31058393932713324,16859.710091230925,0.9649275228077312,6618.272591022699,0.6818938258522496
2539,8.653468735293089,0.7408159640517168,14.826894041508304,0.9567235103770759,13721.993649661126,0.18049841241528164,5830.0618315135625,0.025051526261302248
2540,7.755553931832235,0.24197440657346425,13.124055206021483,0.5310138015053707,16020.296479832745,0.755074119958186,6138.7387467320905,0.2822822889434087
2541,8.459987367585379,0.6333263153252103,13.407535627362423,0.6018839068406057,16093.18910156216,0.7732972753905402,5837.650076661646,0.03137506388470512
2542,8.771389095504409,0.8063272752802274,11.874356859680262,0.21858921492006556,15039.27261579849,0.5098181539496227,6488.321191596819,0.5736009929973492
2543,7.732497661146507,0.22916536730361503,13.006465233490776,0.5016163083726941,16424.95120961367,0.8562378024034176,6957.611183579113,0.9646759863159275
2544,7.77297661444993,0.2516536746944056,14.518016283387208,0.8795040708468023,16098.837765168064,0.774709441292016,5834.0430590123715,0.028369215843642825
2545,8.575316488929014,0.6973980494050078,13.388383579832515,0.5970958949581288,14127.288263967097,0.2818220659917745,6748.367682051201,0.790306401709334
2546,8.122225400562957,0.4456807780905314,12.8533780586642,0.46334451466605,13133.213746934698,0.03330343673367442,6692.522770351581,0.743768975292984
2547,7.684300397582105,0.20238910976783608,13.518542874681385,0.6296357186703462,15543.511431258712,0.635877857814678,6666.461890481285,0.7220515754010709
2548,8.711502415309862,0.7730568973943682,12.538803745972153,0.38470093649303805,14453.501256928235,0.3633753142320587,5983.224208964779,0.15268684080398243
2549,8.091510776911052,0.4286170982839177,13.522171642132648,0.6305429105331618,16001.203897111918,0.7503009742779797,6670.141961330375,0.7251183011086456
2550,7.518258397154555,0.11014355397475262,11.269538111053055,0.06738452776326365,16785.77255360882,0.9464431384022051,6842.053667431177,0.8683780561926474
2551,8.945139778289304,0.9028554323829476,11.96426368072422,0.24106592018105533,16856.03758809369,0.9640093970234225,5833.479156415013,0.027899297012510704
2552,7.4283037097195015,0.06016872762194536,13.176795039945286,0.5441987599863216,13463.309982437957,0.11582749560948924,6955.6955393212,0.9630796161010001
2553,7.645518000883174,0.18084333382398543,11.014814484196162,0.0037036210490402066,15717.164148907912,0.6792910372269778,6912.098894850432,0.9267490790420263
2554,7.586886553612077,0.14827030756226478,14.200565141022988,0.800141285255747,15427.298897942834,0.6068247244857083,6159.785830527732,0.2998215254397769
2555,7.944576895766977,0.3469871643149869,11.111077037994955,0.02776925949873854,15640.222937142582,0.6600557342856452,5925.421568146513,0.10451797345542735
2556,8.119230446890734,0.4440169149392966,14.08159717373082,0.770399293432705,15554.220409260546,0.6385551023151363,6280.441417741822,0.4003678481181854
2557,7.964867874374554,0.3582599302080858,12.172044089972541,0.29301102249313515,16446.19270676269,0.8615481766906722,6426.369559567988,0.5219746329733236
2558,7.361138392249385,0.022854662360769495,14.483409961792406,0.8708524904481013,15677.454566852848,0.669363641713212,6184.821639004841,0.3206846991707012
2559,8.543785727459856,0.6798809596999197,12.875188291441951,0.468797072860488,13840.26218943371,0.2100655473584273,6538.237038564269,0.6151975321368905
2560,8.200617322431878,0.48923184579548784,13.403594062938433,0.6008985157346084,16491.20462890647,0.8728011572266179,6575.21091698045,0.6460090974837079
2561,8.430921688317536,0.6171787157319641,12.194872557473584,0.29871813936839586,13042.511746418404,0.01062793660460104,6272.607916328011,0.3938399302733423
2562,8.745985288132303,0.7922140489623907,11.250546863148465,0.06263671578711594,16238.150945424484,0.8095377363561213,6796.563037826155,0.8304691981884624
2563,8.037321396926092,0.3985118871811625,12.928007846851981,0.48200196171299525,15860.427261362707,0.715106815340677,6143.947299588283,0.2866227496569027
2564,9.118898007782414,0.9993877821013414,13.144981262179146,0.5362453155447865,14628.65766964742,0.40716441741185516,6099.881276541443,0.24990106378453614
2565,7.740688218151285,0.23371567675071392,12.508586703444648,0.3771466758611619,15138.80851449634,0.5347021286240852,5827.4700884649865,0.022891740387488757
2566,8.882358262124338,0.8679768122912991,13.44000530045875,0.6100013251146876,15503.848052782434,0.6259620131956084,6941.766390219527,0.9514719918496061
2567,7.722334176039299,0.22351898668849912,13.970518733527122,0.7426296833817804,13861.767906756484,0.21544197668912113,6409.54203934448,0.5079516994537331
2568,7.378968823036234,0.032760457242352437,12.120699354102031,0.28017483852550773,15214.440613237506,0.5536101533093766,6424.257499869325,0.5202145832244376
2569,9.096633121990957,0.9870184011060872,13.773194043366361,0.6932985108415902,14368.275650517782,0.3420689126294456,6892.36581470342,0.9103048455861837
2570,7.668117483954411,0.19339860219689486,12.289130024688221,0.32228250617205545,16277.928212266488,0.819482053066622,6077.096918831833,0.2309140990265276
2571,8.46806603342953,0.6378144630164061,11.860548977800528,0.21513724445013216,16259.088444221587,0.8147721110553968,5828.478854965551,0.023732379137959336
2572,7.727105917904185,0.22616995439121412,12.50849539867417,0.3771238496685422,16880.203072630156,0.9700507681575389,6719.807236136568,0.7665060301138066
2573,7.460849817727374,0.07824989873743016,12.670366623042081,0.4175916557605205,14085.407445601171,0.27135186140029277,6525.418066579988,0.6045150554833232
2574,7.8734155747624275,0.30745309709023727,13.487481881726456,0.6218704704316141,15167.10297553759,0.5417757438843972,6147.260188354642,0.2893834902955349
2575,8.277795847203478,0.5321088040019324,11.730604948382245,0.1826512370955613,16441.30827149387,0.8603270678734671,6543.890352812627,0.6199086273438552
2576,8.63202595078414,0.7289033059911887,14.226284388088088,0.8065710970220219,13087.677630843295,0.02191940771082357,6140.992164513437,0.2841601370945308
2577,7.452493480489833,0.07360748916101822,13.875541014423142,0.7188852536057854,16744.99804273067,0.9362495106826669,6658.031886447339,0.7150265720394495
2578,7.487594126078294,0.09310784782127424,12.830851195566936,0.4577127988917339,15537.03967305534,0.6342599182638349,6589.983253814476,0.6583193781787294
2579,8.49269995433762,0.6514999746320113,14.56306673969946,0.8907666849248651,16046.604848931489,0.761651212232872,6504.7732086161295,0.5873110071801079
2580,8.122875712440415,0.4460420624668969,13.701600776293702,0.6754001940734257,15979.894324461355,0.7449735811153385,5890.578703696927,0.0754822530807725
2581,8.641875660125702,0.7343753667365018,11.36484755416405,0.09121188854101248,15515.04483499713,0.6287612087492827,6907.4816612051945,0.9229013843376621
2582,9.086178582181253,0.9812103234340301,13.045080816340704,0.5112702040851762,15380.753237398558,0.5951883093496394,6063.915946473909,0.21992995539492421
2583,7.715102703859601,0.21950150214422237,11.390900533614065,0.09772513340351652,13985.47499243396,0.24636874810848974,6401.352332462278,0.5011269437185649
2584,8.728956116145278,0.7827533978584886,12.069202374998966,0.26730059374974136,16375.589807477449,0.8438974518693623,6450.653759127549,0.5422114659396244
2585,7.591874244760101,0.15104124708894506,13.69630350667721,0.6740758766693025,14540.650310998635,0.3851625777496589,6111.925071447707,0.2599375595397554
2586,7.5531555306528535,0.12953085036269651,12.803979482856956,0.45099487071423916,14289.512111291833,0.3223780278229583,6769.135845358942,0.807613204465785
2587,8.288428285497343,0.5380157141651909,13.133978656905377,0.5334946642263445,14924.641179556504,0.48116029488912615,6770.337429612183,0.8086145246768194
2588,7.500635541929878,0.10035307884993194,11.407477829676953,0.10186945741923836,14197.438191796015,0.29935954794900355,6413.234297215339,0.5110285810127825
2589,7.947878165163969,0.34882120286887175,11.261611564035842,0.0654028910089608,13734.483663238469,0.18362091580961704,6066.304601994852,0.22192050166237687
2590,7.756720935404507,0.24262274189139266,13.666450231691474,0.6666125579228687,14720.909262687177,0.43022731567179406,6543.1425035873835,0.6192854196561527
2591,8.199463663230523,0.48859092401695736,11.992749721330863,0.24818743033271606,15673.709800759068,0.6684274501897669,5959.707888828151,0.13308990735679282
2592,7.552542546119875,0.12919030339993054,11.330138736417604,0.0825346841044009,15969.48190766118,0.7423704769152949,5899.315666066957,0.08276305505579795
2593,8.265819483046636,0.5254552683592421,12.82147393482566,0.4553684837064149,16798.298677773062,0.9495746694432656,6968.940240265667,0.9741168668880558
2594,7.479750142562792,0.08875007920155087,14.81292723464513,0.9532318086612823,14569.11049084703,0.39227762271175737,5873.32329474978,0.06110274562481688
2595,8.349919036775123,0.5721772426528461,11.429736229406366,0.10743405735159173,16145.72546678027,0.7864313666950673,6547.737862780704,0.6231148856505866
2596,8.446327512803002,0.625737507112779,14.099988199932314,0.7749970499830786,14104.64677814779,0.2761616945369473,6565.171403750367,0.637642836458639
2597,8.505333711815116,0.6585187287861755,11.095519706008984,0.023879926502245907,15825.259698829559,0.7063149247073899,5853.04279494528,0.04420232912106625
2598,8.275748678744403,0.5309714881913352,13.055707027102638,0.5139267567756594,15015.45543818289,0.5038638595457222,6889.4564636746,0.9078803863954995
2599,8.138512580681358,0.4547292114896435,14.759387439293453,0.9398468598233632,16232.062293356126,0.8080155733390314,6058.4551918120505,0.21537932651004188
2600,8.057028160375921,0.40946008909773435,13.21887245925568,0.55471811481392,15393.768862412642,0.5984422156031604,5816.15226949281,0.01346022457734175
2601,8.553760789534133,0.6854226608522963,13.84673374766109,0.7116834369152726,13130.710167384823,0.03267754184620586,6274.339044120089,0.39528253676674063
2602,7.831930714961855,0.284405952756586,12.122202447207846,0.2805506118019613,14043.780410103533,0.2609451025258833,6744.656142688512,0.7872134522404268
2603,7.33592613460056,0.00884785255586662,14.265051237006144,0.816262809251536,14995.222131381386,0.4988055328453467,6412.951918603489,0.5107932655029072
2604,8.351157756150982,0.5728654200838798,11.247391932053327,0.06184798301333183,14408.673053254473,0.3521682633136185,6823.987118941587,0.853322599117989
2605,7.60565985384385,0.15869991880213874,12.927440841528686,0.4818602103821712,15278.60335453611,0.5696508386340275,6186.70563758702,0.3222546979891835
2606,8.56143891059875,0.6896882836659725,14.82444989151214,0.9561124728780349,14816.482979589286,0.45412074489732135,6353.743023719998,0.4614525197666647
2607,7.69187769822745,0.20659872123747236,11.90103306704272,0.22525826676067984,15248.49933136586,0.5621248328414649,6697.743431412744,0.7481195261772863
2608,8.464331433639666,0.6357396853553704,12.920749935862514,0.4801874839656286,15304.801352155238,0.5762003380388093,5848.904783895744,0.04075398657978646
2609,8.679602217992343,0.7553345655513022,14.397878384694568,0.8494695961736421,13444.21309931514,0.11105327482878513,6519.724115519237,0.599770096266031
2610,7.492450727556776,0.09580595975376471,13.28996690274544,0.57249172568636,14332.17140910765,0.33304285227691244,5862.506846918686,0.05208903909890539
2611,7.82347009919564,0.27970561066424426,11.532320327340866,0.13308008183521625,13851.205821717122,0.2128014554292803,6603.192471838219,0.6693270598651824
2612,7.777726388906399,0.25429243828133263,12.481584974824322,0.3703962437060808,16151.3353651042,0.78783384127605,6801.146141212407,0.8342884510103393
2613,7.383663251410349,0.0353684730057493,12.597339809124879,0.3993349522812196,16414.094129023342,0.8535235322558358,6189.5048054790295,0.32458733789919136
2614,8.326196573362722,0.558998096312624,12.764325941669885,0.44108148541747094,13832.94507650053,0.20823626912513227,6303.949344390836,0.4199577869923633
2615,8.261955264305517,0.5233084801697313,12.46248828364507,0.36562207091126764,16162.59793638332,0.7906494840958297,6911.228757031409,0.9260239641928406
2616,8.352841610868252,0.5738008949268071,12.84747961498665,0.46186990374666226,13970.426810914929,0.24260670272873208,6561.455199615857,0.6345459996798812
2617,7.795998508609335,0.26444361589407483,13.075839544129586,0.5189598860323966,14143.690996238285,0.28592274905957116,5933.738053578509,0.11144837798209029
2618,7.767653137618438,0.24869618756579848,13.378347635262676,0.5945869088156691,15480.493665801903,0.620123416450476,6655.265423853042,0.712721186544202
2619,7.811036446852394,0.27279802602910785,12.552872931451851,0.3882182328629631,16310.397753062622,0.8275994382656552,5901.403273468165,0.08450272789013746
2620,8.045482660839744,0.40304592268874695,11.603122262562772,0.15078056564069298,13004.99104521963,0.0012477613049078906,6122.751700991905,0.2689597508265874
2621,7.743155523013365,0.23508640167409167,11.436275200338038,0.10906880008450937,14893.377171341263,0.47334429283531576,5974.045164752155,0.14503763729346264
2622,7.783369024612246,0.25742723589569205,14.083734966497957,0.7709337416244894,15974.771354154298,0.7436928385385744,6102.46106850396,0.25205089041996664
2623,8.320504387865945,0.5558357710366365,13.473269183829455,0.618317295957364,14376.963967916388,0.3442409919790972,6873.078796881839,0.8942323307348653
2624,9.009653220520807,0.9386962336226709,12.648777343733752,0.4121943359334377,16446.193982028362,0.8615484955070908,5868.543106848954,0.05711925570746157
2625,8.093877042619711,0.4299316903442846,13.926976782960985,0.7317441957402464,16737.601140511408,0.9344002851278521,6006.886211387303,0.17240517615608608
2626,7.412674281302717,0.05148571183484252,12.94865383792154,0.4871634594803852,15207.45908633409,0.5518647715835229,6567.235474796812,0.6393628956640101
2627,9.00386870560956,0.9354826142275344,14.585811126917307,0.8964527817293266,13707.96270497584,0.17699067624396014,6254.560944027659,0.3788007866897163
2628,7.685600330219087,0.20311129456615928,11.627912945452714,0.1569782363631782,13071.877582010862,0.0179693955027157,5877.661373158033,0.06471781096502771
2629,7.425077579361176,0.05837643297843109,11.25743590825348,0.06435897706337035,15913.213060083619,0.7283032650209048,6441.179104495418,0.534315920412848
2630,8.522379568967299,0.6679886494262779,11.799993705189458,0.1999984262973642,16610.42088134751,0.9026052203368773,6621.1419488420315,0.6842849573683594
2631,8.857860211215911,0.8543667840088395,12.581737237597439,0.39543430939935986,13245.78995091361,0.06144748772840258,6697.255360805957,0.7477128006716308
2632,7.880533320841608,0.3114074004675602,12.50205282469129,0.3755132061728226,15112.671452224602,0.5281678630561504,6413.087212986557,0.5109060108221307
2633,9.115332354154802,0.9974068634193346,11.84089873113605,0.2102246827840124,15253.342757442271,0.5633356893605677,6628.294087290162,0.6902450727418018
2634,7.507452669658095,0.10414037203227511,11.275476599197908,0.06886914979947711,15825.585383584686,0.7063963458961717,6495.334272723791,0.5794452272698264
2635,8.043094304329047,0.4017190579605816,11.663449260203715,0.16586231505092863,13421.984179435869,0.10549604485896735,6317.645167556631,0.43137097296385984
2636,7.864223407671151,0.3023463375950838,13.201611775117563,0.5504029437793909,16377.347787501756,0.8443369468754388,6784.367648788729,0.8203063739906074
2637,7.84208811638778,0.2900489535487668,14.987936081373833,0.9969840203434583,13208.733651507413,0.05218341287685346,5912.435553786959,0.09369629482246589
2638,8.28059206256456,0.5336622569803113,14.721315033683563,0.9303287584208907,14948.146413848503,0.48703660346212563,6605.028811584097,0.6708573429867474
2639,7.509203300262585,0.10511294459032494,14.554169914541006,0.8885424786352518,16858.18273896975,0.9645456847424374,6876.790014390684,0.8973250119922362
2640,8.792128876144616,0.8178493756358987,12.400304737156803,0.35007618428920095,15000.778114999584,0.5001945287498962,6244.358426418951,0.37029868868245963
2641,7.985617252029084,0.36978736223838027,13.800645065031224,0.700161266257806,15754.854026853762,0.6887135067134402,6056.013431208365,0.2133445260069703
2642,7.85755120797105,0.29863955998391656,14.620273666077928,0.9050684165194822,13594.572082522109,0.14864302063052737,6538.8970919018175,0.6157475765848476
2643,7.548333473430288,0.12685192968349357,12.751339329760391,0.4378348324400979,13929.667797472004,0.23241694936800106,5815.244327040939,0.012703605867449674
2644,8.320293307576794,0.5557185042093304,12.287119531755122,0.32177988293878046,16721.826573861425,0.9304566434653558,6818.2235689656645,0.8485196408047204
2645,8.378757184962074,0.5881984360900411,11.502553633877257,0.12563840846931418,16593.15606843141,0.898289017107852,6538.428360929897,0.615356967441581
2646,8.629663884813063,0.727591047118368,14.502029065555321,0.8755072663888305,15047.799746540935,0.5119499366352336,6942.63090967652,0.9521924247304331
2647,7.409238852300228,0.04957714016679304,13.482592909888105,0.6206482274720262,16142.225616527887,0.7855564041319718,6016.158122705609,0.18013176892134075
2648,8.829941850838722,0.8388565837992902,11.641070520854397,0.16026763021359924,16027.384380818312,0.7568460952045779,6658.41539934508,0.7153461661208997
2649,8.941981792055413,0.9011009955863412,14.9893414542,0.9973353635500001,15342.964666791639,0.5857411666979099,6565.925749552482,0.6382714579604011
2650,7.840314034370685,0.2890633524281587,12.78076866215084,0.4451921655377098,13988.604207083019,0.24715105177075458,6397.6315151944245,0.4980262626620203
2651,7.786586153050369,0.25921452947242707,14.829434778229182,0.9573586945572953,14845.086603128033,0.46127165078200827,6152.669753007904,0.29389146083991957
2652,7.770811758740786,0.2504509770782143,12.018659656068248,0.25466491401706204,14084.626904307413,0.27115672607685315,6491.079485795297,0.5758995714960805
2653,7.735017508373279,0.23056528242959917,13.975637612059458,0.7439094030148645,13893.017702338917,0.22325442558472908,6321.375951643999,0.4344799597033321
2654,8.813257300262094,0.8295873890344969,11.643184261185493,0.16079606529637314,16693.03107766685,0.923257769416712,6566.968521128622,0.6391404342738517
2655,8.894815390224387,0.874897439013549,13.06145888934331,0.5153647223358276,15200.195795756455,0.5500489489391137,5887.430888611185,0.072859073842654
2656,8.235079533979501,0.5083775188775013,11.568198619986921,0.14204965499673028,14092.990062613051,0.273247515653263,6141.408004913849,0.2845066707615411
2657,8.837489559197913,0.8430497551099516,11.180110082374068,0.04502752059351678,16601.454817521175,0.9003637043802941,6961.031032227603,0.9675258601896689
2658,8.532362534876464,0.6735347415980358,14.091156501077634,0.7727891252694088,13052.260187338721,0.013065046834680127,6995.7320279633495,0.9964433566361246
2659,8.765374404478454,0.8029857802658082,12.124509039614157,0.2811272599035394,15799.094543432479,0.6997736358581195,6816.810849124761,0.8473423742706341
2660,7.975864385254686,0.36436910291927016,11.346730756046934,0.08668268901173348,13001.992629593058,0.0004981573982644205,6007.9577428218145,0.1732981190181786
2661,8.241154083490576,0.5117522686058754,11.049726890698297,0.012431722674574153,16217.499915092652,0.8043749787731629,6110.109656510535,0.2584247137587793
2662,8.846588099417604,0.8481044996764465,12.681630714007785,0.42040767850194594,15919.597027686246,0.7298992569215615,6484.611053006318,0.570509210838598
2663,8.877928977453777,0.8655160985854327,13.502902724612124,0.6257256811530312,15325.991969081442,0.5814979922703607,6577.782872852244,0.6481523940435362
2664,7.547943914685461,0.12663550815858937,12.902294415708859,0.4755736039272147,13993.26392966205,0.24831598241551223,6834.75822439072,0.8622985203256
2665,7.596496693089428,0.1536092739385707,12.403071448468822,0.35076786211720545,16173.637474216946,0.7934093685542368,6034.7232385035695,0.19560269875297442
2666,7.397848453879911,0.04324914104439481,13.315679188070382,0.5789197970175954,14900.835479160718,0.4752088697901796,6781.769422158772,0.8181411851323102
2667,7.85736576879321,0.29853653821844994,13.87279800005517,0.7181995000137923,15855.922311539085,0.7139805778847713,6150.162931350635,0.2918024427921956
2668,8.5699776907481,0.694432050415612,12.890845883030735,0.47271147075768405,13349.834900080627,0.08745872502015661,6220.934215750135,0.3507785131251129
2669,8.442026382857946,0.6233479904766374,11.604527299394336,0.1511318248485839,14657.430678124805,0.4143576695312011,6772.971629663143,0.8108096913859529
2670,8.514576351516082,0.6636535286200457,11.251629659503283,0.06290741487582074,15456.3505823583,0.6140876455895748,6201.928001496371,0.33494000124697565
2671,8.342465712820195,0.5680365071223303,11.698577424522535,0.17464435613063378,14305.48694558429,0.32637173639607275,6848.911497332139,0.8740929144434494
2672,7.526379348033129,0.11465519335173802,13.188886498302566,0.5472216245756413,14077.287098420107,0.26932177460502704,6869.662292950234,0.8913852441251948
2673,7.704241883113925,0.21346771284106936,14.835477956357446,0.9588694890893615,16422.456573003743,0.8556141432509359,6760.9405021059065,0.8007837517549219
2674,8.171385823247872,0.47299212402659596,11.471156124350022,0.11778903108750571,14843.136633496764,0.46078415837419084,6669.397055110921,0.7244975459257675
2675,7.746510755215992,0.23695041956443996,11.820324728299525,0.20508118207488146,14149.835228759624,0.2874588071899059,6808.032854345384,0.8400273786211535
2676,8.800227392738726,0.8223485515215153,12.006347354230385,0.25158683855759645,14437.81714092772,0.3594542852319301,5810.709436720485,0.008924530600404657
2677,8.313039123105874,0.5516884017254859,13.189304175470511,0.5473260438676276,13241.975569478718,0.060493892369679614,6586.868892721199,0.6557240772676659
2678,8.26260353967615,0.5236686331534169,13.88992969822399,0.7224824245559973,14642.00196609884,0.41050049152471013,5891.175165127459,0.07597930427288269
2679,8.228918783336477,0.5049548796313758,13.188607698257682,0.5471519245644204,13303.214431902,0.07580360797550001,6416.954856374954,0.5141290469791286
2680,8.441527447227635,0.6230708040153535,12.95811212130132,0.4895280303253303,15043.31266022149,0.5108281650553728,6418.7195023087015,0.5155995852572515
2681,8.71881121897221,0.7771173438734506,14.198753832559252,0.7996884581398129,16929.94333775017,0.9824858344375423,6647.669499835445,0.7063912498628706
2682,7.72673178505602,0.22596210280889995,11.199545814893375,0.04988645372334377,13566.819841309929,0.14170496032748203,5893.5388890931545,0.07794907424429554
2683,8.27911818639431,0.5328434368857277,14.11395136734762,0.7784878418369049,14212.05996987406,0.30301499246851504,6706.403529560695,0.7553362746339123
2684,7.718519727729994,0.22139984873888563,12.624420654637795,0.40610516365944904,16045.889491322723,0.761472372830681,6284.46555252036,0.4037212937669665
2685,8.660158489580969,0.7445324942116495,11.359718788675892,0.0899296971689727,16405.887854419638,0.8514719636049091,6293.861182637172,0.41155098553097635
2686,7.823278691579408,0.27959927309967114,12.811239542500712,0.4528098856251779,15688.51939306262,0.6721298482656546,6534.7427762149455,0.6122856468457879
2687,7.6912830222633115,0.2062683457018395,11.217745714843717,0.05443642871092935,14102.115527121767,0.27552888178044166,6012.887313093043,0.17740609424420306
2688,7.5320563527495485,0.11780908486086028,14.549653890727551,0.8874134726818876,15654.300198294593,0.6635750495736484,5984.182208996898,0.15348517416408192
2689,8.196563565119003,0.4869797583994464,12.883791805476044,0.470947951369011,14822.982795716658,0.4557456989291646,6941.48407730413,0.951236731086775
2690,7.550114907361164,0.12784161520064652,14.344791701808338,0.8361979254520845,15780.623698094216,0.6951559245235537,6407.058092044549,0.5058817433704578
2691,7.7286413575375805,0.22702297640976687,11.521907307201259,0.1304768268003147,16633.813988228696,0.9084534970571739,5922.876315288458,0.10239692940704814
2692,7.395356848952325,0.04186491608462495,12.978501737234284,0.4946254343085711,13879.200284384257,0.21980007109606425,6596.501684824042,0.6637514040200349
2693,8.513997276252464,0.6633318201402583,12.086678025583142,0.2716695063957856,16937.120465037213,0.9842801162593031,5822.136648982017,0.01844720748501394
2694,7.493137462196443,0.09618747899802349,11.099607985483177,0.024901996370794044,15441.291931180971,0.6103229827952426,6309.796309003399,0.4248302575028329
2695,8.693125316463636,0.7628473980353531,13.4351236561526,0.60878091403815,13121.631295951283,0.030407823987820826,6163.275511066678,0.302729592555565
2696,7.739652584942152,0.2331403249678624,12.451074558768676,0.362768639692169,13095.459297989297,0.02386482449732419,6692.115587145205,0.7434296559543375
2697,7.4005189178102935,0.04473273211682982,13.508287076734327,0.6270717691835818,15951.509536614642,0.7378773841536607,6298.713525009714,0.4155946041747617
2698,8.26940417664187,0.5274467648010391,13.05902492756208,0.51475623189052,15796.501785019174,0.6991254462547936,6514.8920785613855,0.5957433988011542
2699,8.815657425250834,0.830920791806019,12.79911126782862,0.4497778169571549,13303.04258686698,0.07576064671674543,6728.604936961766,0.7738374474681384
2700,8.519318128672884,0.6662878492627134,14.079043225487315,0.7697608063718289,14847.98289187594,0.46199572296898506,5991.515507058147,0.15959625588178905
2701,8.697440696767847,0.7652448315376936,13.504454047348775,0.6261135118371935,14647.786535634617,0.41194663390865416,6463.581534072121,0.5529846117267676
2702,8.953159164524875,0.9073106469582639,13.839567497550945,0.709891874387736,16504.78392021911,0.8761959800547774,6780.3209252311535,0.8169341043592944
2703,7.524200901850122,0.11344494547229023,12.764907612658732,0.44122690316468294,15374.678919947273,0.5936697299868186,6287.1302778904155,0.40594189824201254
2704,8.4637583359475,0.6354212977486116,12.836858687105455,0.4592146717763639,13051.86629377337,0.01296657344334251,6970.472033610785,0.9753933613423209
2705,8.923529975161484,0.890849986200825,12.972304629237161,0.4930761573092901,16304.595343859948,0.826148835964987,6294.992446059857,0.4124937050498806
2706,7.538693254862253,0.12149625270125164,14.00446451157566,0.7511161278939152,16584.82483891787,0.8962062097294675,6060.352906269613,0.21696075522467817
2707,8.60773479173749,0.7154082176319392,14.929533546859036,0.982383386714759,14840.250171271757,0.46006254281793924,5912.370554287099,0.09364212857258303
2708,8.885452132176386,0.869695628986882,13.865079030522967,0.7162697576307417,13699.61429795587,0.17490357448896754,6953.940785860865,0.9616173215507202
2709,8.559103917918158,0.6883910655100876,11.937751516920661,0.23443787923016524,16321.454701386187,0.8303636753465465,6797.895737299963,0.8315797810833024
2710,7.897557223588771,0.3208651242159841,12.116691231398452,0.27917280784961296,14669.449397147706,0.4173623492869264,5866.228689587625,0.05519057465635435
2711,8.120547894048185,0.4447488300267699,12.56937740183237,0.3923443504580926,13807.933848976922,0.20198346224423058,6627.331224040175,0.6894426867001457
2712,7.802813502178018,0.26822972343223217,14.780475616321382,0.9451189040803456,14757.345381746776,0.4393363454366941,6873.028800697045,0.8941906672475376
2713,8.677824297618065,0.7543468320100359,14.243117139265081,0.81077928481627,13940.57938941504,0.23514484735375973,6305.719590936294,0.42143299244691135
2714,8.667798690889404,0.7487770504941132,11.74179193590758,0.185447983976895,15149.695654978092,0.5374239137445229,6657.512736190691,0.7145939468255754
2715,7.489460761467254,0.09414486748180784,14.402156654106676,0.8505391635266691,14752.682296100276,0.4381705740250693,6679.517860035182,0.7329315500293185
2716,8.189401852960758,0.48300102942264334,14.601755368021257,0.9004388420053142,15944.614652739845,0.7361536631849612,6213.289121536671,0.3444076012805589
2717,8.943233337260668,0.90179629847815,13.433403384306757,0.6083508460766892,16217.393111316442,0.8043482778291106,6174.343319014166,0.3119527658451384
2718,7.466271732932487,0.08126207385138173,14.018915067302718,0.7547287668256792,13319.13319523802,0.07978329880950508,6654.6637495857285,0.7122197913214404
2719,7.776640596039899,0.25368922002216576,12.841629606682684,0.46040740167067074,13777.74528724506,0.1944363218112648,6713.986099453796,0.7616550828781633
2720,7.504336763679347,0.10240931315519242,11.35188399407139,0.08797099851784729,14961.748000139536,0.4904370000348839,6591.65002847948,0.6597083570662331
2721,8.343657882484084,0.5686988236022693,13.313204977947178,0.5783012444867945,16229.570691873572,0.8073926729683932,6826.822323476357,0.8556852695636311
2722,8.731854616121005,0.7843636756227814,11.034245812392275,0.008561453098068661,13752.479790988278,0.18811994774706942,6588.30841008072,0.6569236750672665
2723,7.975562111715558,0.36420117317531,13.476542019549257,0.6191355048873141,13155.184442632404,0.03879611065810118,6667.98736995127,0.723322808292725
2724,8.448408146503215,0.6268934147240086,13.551192218220542,0.6377980545551355,15222.168229930245,0.5555420574825611,6268.520751003536,0.3904339591696133
2725,7.484509066784661,0.09139392599147844,14.441324702104872,0.8603311755262182,13595.823793416166,0.14895594835404158,6058.901360799542,0.21575113399961854
2726,8.907983413280615,0.8822130073781197,11.056802897656137,0.014200724414034194,13344.880456951834,0.08622011423795872,6825.125188990583,0.8542709908254864
2727,7.747065583428665,0.23725865746036945,12.638358648938635,0.40958966223465854,16477.407431783522,0.8693518579458809,6985.050082898912,0.9875417357490933
2728,7.548960107567203,0.12720005975955728,13.859068852731417,0.7147672131828543,13463.568705420636,0.1158921763551588,5811.871168427293,0.009892640356077398
2729,8.359402732201108,0.5774459623339486,14.955119816135475,0.988779954033869,15660.60401302377,0.6651510032559427,6271.869159024848,0.3932242991873731
2730,8.96191580284921,0.9121754460273392,12.47690406944347,0.3692260173608677,16071.54450534466,0.7678861263361649,6584.048062073146,0.6533733850609549
2731,8.485863858333511,0.6477021435186174,13.001785850634105,0.5004464626585262,13111.789666271578,0.027947416567894345,6056.816277869249,0.21401356489104073
2732,8.541659585327494,0.6786997696263859,12.362189242322849,0.3405473105807123,15927.229549979962,0.7318073874949906,6262.560100347078,0.38546675028923205
2733,8.341123592993412,0.5672908849963408,14.838644031983236,0.9596610079958089,13639.559208148274,0.1598898020370686,6251.330282860678,0.37610856905056567
2734,7.892018195210387,0.3177878862279926,11.655268574499475,0.16381714362486866,13800.86257073989,0.2002156426849725,6712.122277913637,0.7601018982613643
2735,7.802141302507041,0.2678562791705784,12.190513612868617,0.2976284032171542,14377.364004251862,0.3443410010629655,6227.902618442431,0.3565855153686923
2736,7.798121536827514,0.26562307601528556,13.83944990566392,0.7098624764159803,15833.788210323768,0.7084470525809419,6530.496236154214,0.6087468634618446
2737,7.747931579248528,0.23773976624918225,12.109272607003811,0.27731815175095287,16947.117875316795,0.9867794688291984,5957.263484235825,0.13105290352985433
2738,7.770203885140756,0.2501132695226419,14.009502577560355,0.7523756443900889,15688.801450731999,0.6722003626829998,6794.671021663615,0.8288925180530122
2739,7.375285640786141,0.030714244881189345,14.304364523933856,0.8260911309834638,16388.91497403718,0.8472287435092944,6801.9348482660935,0.8349457068884111
2740,8.398913741544124,0.5993965230800692,12.202578506124489,0.30064462653112245,14009.370603735031,0.25234265093375774,6152.442747731965,0.2937022897766376
2741,8.88001469435407,0.866674830196706,11.047890517562987,0.011972629390746503,15544.090549437904,0.6360226373594762,5888.915777755953,0.07409648146329417
2742,8.091225645863853,0.42845869214658516,14.84795351455496,0.9619883786387402,13316.900789034235,0.07922519725855848,6631.3023769308775,0.6927519807757315
2743,7.680386543820891,0.20021474656716154,13.064431688930032,0.5161079222325078,13911.96656264149,0.22799164066037236,6673.999114603083,0.7283325955025696
2744,7.373526865070464,0.02973714726136889,12.462104927084935,0.3655262317712339,15881.084121188764,0.720271030297191,6504.202584491959,0.5868354870766324
2745,8.793170957080383,0.8184283094891018,13.79126758886371,0.6978168972159274,15071.432038559615,0.5178580096399039,5965.834939537533,0.1381957829479441
2746,8.177161081206243,0.47620060067013525,14.983123636749745,0.9957809091874364,15692.840879299452,0.6732102198248633,6429.3432491130425,0.5244527075942023
2747,7.654813140617307,0.1860073003429481,13.352122024696492,0.588030506174123,15454.081944381493,0.6135204860953731,6436.244653820433,0.5302038781836945
2748,7.360549118531355,0.022527288072974883,14.296863921400542,0.8242159803501354,16100.097595170842,0.7750243987927103,6044.993972160943,0.20416164346745214
2749,8.777548676048196,0.8097492644712205,11.47444204990951,0.11861051247737708,15948.912149038704,0.737228037259676,6610.200886230346,0.6751674051919551
2750,8.887350149667263,0.8707500831484797,11.593148707452663,0.14828717686316573,14800.059159626611,0.4500147899066529,5868.346917183575,0.05695576431964611
2751,7.935950567171671,0.34219475953981715,14.402329342321936,0.8505823355804841,14707.440735778784,0.42686018394469605,5833.925846002626,0.028271538335521207
2752,7.636906184927612,0.176058991626451,11.692848739242908,0.1732121848107271,15595.458950982662,0.6488647377456652,6255.9548913567105,0.37996240946392557
2753,8.19092154839955,0.48384530466641673,13.086880112976885,0.5217200282442214,14842.4330017164,0.4606082504290998,6624.177152880313,0.6868142940669277
2754,8.339043179038754,0.5661350994659751,11.7252759888186,0.18131899720465006,16443.26710778292,0.8608167769457309,5831.580487589326,0.026317072991104973
2755,7.986371117412007,0.3702061763400043,14.933943702267523,0.9834859255668809,15950.803133124946,0.7377007832812363,6044.542502780912,0.20378541898409375
2756,7.662299222391657,0.19016623466203164,13.055175928834668,0.5137939822086668,15260.905212421621,0.5652263031054056,6381.369678905788,0.48447473242148953
2757,8.338491020887481,0.5658283449374899,12.257964177504615,0.3144910443761537,15824.198970131654,0.7060497425329135,6429.44124038835,0.5245343669902918
2758,8.059827236510808,0.4110151313948931,13.193138416300535,0.5482846040751337,16002.447710074244,0.750611927518561,6715.810040107739,0.7631750334231158
2759,8.656818539399014,0.7426769663327858,11.936060507108637,0.2340151267771592,15144.324996660078,0.5360812491650194,6740.078895462239,0.7833990795518665
2760,8.273250051009285,0.5295833616718248,11.78271172822027,0.1956779320550679,15321.283206419625,0.5803208016049062,6575.17898374038,0.6459824864503166
2761,8.895628553115388,0.8753491961752162,14.875647120475664,0.9689117801189159,15378.532885148157,0.5946332212870393,6910.3959629282745,0.9253299691068955
2762,8.294796100468833,0.5415533891493519,11.278125192906705,0.06953129822667625,13225.344894944114,0.056336223736028423,5806.245870843027,0.005204892369189307
2763,8.694568766182424,0.7636493145457912,12.927378390709118,0.4818445976772795,13848.896534114163,0.21222413352854053,6929.546912293419,0.9412890935778495
2764,8.547374836378506,0.68187490909917,11.518540375155045,0.12963509378876126,13083.176927927863,0.020794231981965727,6108.533405132537,0.2571111709437812
2765,7.830747230827629,0.28374846157090494,14.757567514468048,0.9393918786170121,14332.614182817513,0.3331535457043785,6730.817656188091,0.7756813801567427
2766,8.480713171041582,0.6448406505786576,12.986741855599613,0.4966854638999032,15704.6116269562,0.6761529067390503,6595.518194069724,0.6629318283914365
2767,8.036520439548536,0.39806691086029755,14.644617131755112,0.911154282938778,16832.03750657537,0.958009376643842,6643.107434657782,0.702589528881485
2768,7.702007686280753,0.21222649237819602,11.88172244975641,0.22043061243910267,16733.013710956508,0.933253427739127,6845.668075668644,0.8713900630572035
2769,8.327834262478788,0.5599079235993274,12.536816080296537,0.38420402007413423,16448.510088881183,0.8621275222202955,6398.423626190389,0.49868635515865767
2770,8.09402056803001,0.43001142668333847,14.227181772902583,0.8067954432256454,13013.845506929552,0.0034613767323881106,6484.18684123008,0.570155701025067
2771,9.108476301878195,0.993597945487886,13.822695237173036,0.7056738092932591,13802.35141901161,0.20058785475290242,6993.911363303214,0.9949261360860111
2772,8.071694309942863,0.41760794996825723,12.269225903656423,0.31730647591410566,14250.071330831113,0.3125178327077781,6432.743574366281,0.527286311971901
2773,8.20590275893706,0.49216819940947787,11.175260834058761,0.04381520851469056,15688.038739825432,0.6720096849563579,5905.533791623921,0.0879448263532675
2774,8.937616182151858,0.8986756567510324,14.554481182308933,0.8886202955772331,13835.591693480103,0.20889792337002577,6528.048933839098,0.6067074448659153
2775,7.454576600100943,0.07476477783385682,13.738139845123198,0.6845349612807995,16827.175585741414,0.9567938964353534,6488.494567197787,0.573745472664822
2776,8.013584852647865,0.385324918137703,11.862151202519037,0.21553780062975914,16321.667383274422,0.8304168458186054,6844.202749439961,0.870168957866634
2777,8.65493066824908,0.7416281490272667,12.132356386770875,0.28308909669271876,13714.52821162396,0.17863205290598982,6762.146335900976,0.801788613250813
2778,8.986925656661866,0.9260698092565922,14.174132933307789,0.7935332333269474,15067.640056041733,0.5169100140104332,5996.543328486963,0.16378610707246932
2779,7.971601097033755,0.36200060946319723,11.628625277759518,0.1571563194398795,13340.60805016211,0.08515201254052773,6418.4825530765975,0.5154021275638312
2780,7.468360946027694,0.08242274779316339,12.660187444840385,0.4150468612100964,14779.253422749454,0.44481335568736347,6189.144416755937,0.3242870139632802
2781,7.96166200798641,0.35647889332578375,11.243133700322742,0.06078342508068546,14000.17509861154,0.2500437746528851,6810.96902923756,0.8424741910313003
2782,7.334652331692908,0.00814018427383778,14.599980394327499,0.8999950985818747,16144.24804402426,0.7860620110060649,6841.142913470632,0.8676190945588598
2783,8.05158027246066,0.40643348470036655,14.64825085504632,0.9120627137615803,14223.38361868482,0.30584590467120487,6217.4055730750315,0.34783797756252643
2784,8.29689954652252,0.5427219702902885,13.213358505848074,0.5533396264620185,15944.046645461509,0.7360116613653772,6922.837199564604,0.9356976663038363
2785,8.125810534774786,0.4476725193193257,13.086377589286666,0.5215943973216666,15750.735411616759,0.6876838529041899,6635.610411162646,0.6963420093022056
2786,8.346822036350066,0.5704566868611479,14.42732856999935,0.8568321424998376,15567.748880995197,0.6419372202487992,6200.572770820642,0.33381064235053526
2787,8.878004415918195,0.8655580088434416,13.184549439021309,0.5461373597553271,15870.467395104817,0.717616848776204,6960.784573677088,0.9673204780642399
2788,9.028621170894167,0.9492339838300934,11.060671260086558,0.015167815021639552,14802.910734289624,0.4507276835724061,6380.951581142949,0.48412631761912417
2789,8.396130921768425,0.5978505120935698,12.000503147426883,0.2501257868567208,16925.897755922473,0.981474438980618,6969.174998231132,0.9743124985259431
2790,8.286745055886106,0.5370805866033928,11.157427216818544,0.039356804204636164,14795.688854924676,0.44892221373116914,6256.523930766673,0.3804366089722281
2791,8.80549307285818,0.8252739293656555,12.672952096418442,0.4182380241046104,16739.76244623931,0.9349406115598279,6730.329165864695,0.7752743048872458
2792,7.709602175985727,0.21644565332540355,14.46971381347506,0.867428453368765,13736.439280152139,0.18410982003803456,6839.7201139895315,0.8664334283246098
2793,8.52387817649698,0.6688212091649895,13.607155200596631,0.6517888001491577,13247.785575942375,0.06194639398559354,6857.312984623826,0.8810941538531887
2794,7.936122425818533,0.3422902365658518,14.39488700428057,0.8487217510701424,13040.338597263451,0.010084649315862726,6481.580736212242,0.5679839468435349
2795,8.44772022725098,0.6265112373616553,11.58329646270347,0.14582411567586728,14846.126066081064,0.4615315165202658,6634.103195253718,0.6950859960447647
2796,8.70301474038038,0.7683415224335455,13.759111011158854,0.6897777527897136,15391.227829937572,0.597806957484393,5831.104350009789,0.02592029167482446
2797,7.829305287624615,0.2829473820136751,14.50260092968189,0.8756502324204722,16348.775286026223,0.8371938215065555,6121.367078005536,0.2678058983379471
2798,8.88140216754607,0.8674456486367059,12.155306614478524,0.288826653619631,15079.633966408346,0.5199084916020867,5880.328227153092,0.06694018929424295
2799,7.983849117483264,0.36880506526848,11.447458546395307,0.11186463659882673,15740.738297187367,0.6851845742968418,6725.919491727203,0.7715995764393365
2800,8.416928067088172,0.6094044817156508,12.592864628315922,0.3982161570789807,15249.145082194467,0.5622862705486167,6955.966706895921,0.9633055890799342
2801,7.9332500510241415,0.3406944727911897,14.444823912288417,0.8612059780721044,16102.709054816154,0.7756772637040384,6256.23849983762,0.3801987498646836
2802,8.724228667109369,0.7801270372829832,11.00168962869447,0.0004224071736175228,16467.380572523274,0.8668451431308187,6813.729414109981,0.8447745117583173
2803,8.616663051034207,0.7203683616856712,14.863943795048073,0.9659859487620182,14162.887037446986,0.2907217593617464,6643.750964354762,0.7031258036289684
2804,8.780041300485234,0.8111340558251297,11.974622176568207,0.2436555441420517,15690.635290563681,0.6726588226409204,6705.2282241303665,0.7543568534419721
2805,7.61053286172624,0.16140714540346635,13.646325491066033,0.6615813727665083,13867.111896386372,0.21677797409659283,6796.018324653063,0.8300152705442196
2806,8.316972117138153,0.5538733984100851,14.2512206595111,0.8128051648777749,13257.279878446778,0.06431996961169462,6718.503903784209,0.7654199198201738
2807,9.049996729820762,0.9611092943448687,11.519873601469193,0.1299684003672984,16483.616179232617,0.8709040448081543,6151.125751463898,0.2926047928865816
2808,7.730382512985509,0.22799028499194918,13.400859429966907,0.600214857491727,14577.597180267416,0.3943992950668539,6061.193255523283,0.21766104626940241
2809,8.765237561156985,0.8029097561983256,11.157581326048355,0.03939533151208896,14989.104637701652,0.4972761594254128,5993.318155819287,0.16109846318273968
2810,8.473572871588566,0.6408738175492035,12.185843699529283,0.2964609248823207,13905.08031060072,0.22627007765018037,6899.153379454479,0.9159611495453993
2811,8.882811541630804,0.8682286342393365,14.737927484749484,0.9344818711873709,14680.349213984513,0.4200873034961281,6116.269030624324,0.26355752552027
2812,8.146510771804593,0.4591726510025521,11.073008159959464,0.018252039989866242,16022.0944281574,0.7555236070393497,6727.142559638532,0.7726187996987761
2813,7.829492227868701,0.283051237704834,11.568941145840046,0.1422352864600116,15447.1636320375,0.6117909080093753,6155.525380848039,0.2962711507066995
2814,8.678030523129063,0.7544614017383683,11.604698070646485,0.15117451766162116,13532.592260844767,0.13314806521119193,6079.86306003535,0.23321921669612478
2815,7.796475593354064,0.26470866297448004,12.778757176878322,0.4446892942195806,15810.039304026786,0.7025098260066964,5971.677496810864,0.14306458067572025
2816,8.76971277286422,0.805395984924567,13.480422207198451,0.6201055517996128,13986.035564137785,0.24650889103444606,6901.187380127303,0.9176561501060857
2817,9.058433519163643,0.9657963995353572,11.803017244519252,0.2007543111298128,15372.85457598901,0.5932136439972525,6627.305061461409,0.6894208845511748
2818,7.377817034829169,0.0321205749050939,12.526488640383217,0.3816221600958044,13841.686325963392,0.210421581490848,6891.051779550941,0.9092098162924512
2819,8.63137633294855,0.7285424071936393,11.682455746907314,0.17061393672682834,15653.7449828318,0.6634362457079502,5903.241873444686,0.08603489453723812
2820,7.980099572924033,0.36672198495779584,11.74555950009498,0.18638987502374516,16402.35609302803,0.8505890232570069,5968.215329912853,0.1401794415940445
2821,9.082016628023489,0.9788981266797169,13.368973057169725,0.5922432642924311,14842.457737717254,0.4606144344293135,6103.449725027708,0.2528747708564234
2822,8.614044067674833,0.7189133709304627,13.395425730880381,0.5988564327200954,16395.151870175854,0.8487879675439638,6664.929077541207,0.7207742312843395
2823,9.113566175186373,0.9964256528813183,11.498730020959915,0.12468250523997848,13533.413484724946,0.1333533711812367,6532.551461906215,0.6104595515885127
2824,7.794050041507654,0.2633611341709189,14.192955404367348,0.798238851091837,13428.586301474128,0.107146575368532,6291.2971064219,0.40941425535158316
2825,8.40856486802634,0.6047582600146343,13.413430746089439,0.6033576865223599,15640.074154233655,0.6600185385584139,6002.960642882751,0.16913386906895944
2826,7.5833714408788255,0.1463174671549028,12.307383433345823,0.32684585833645585,16833.251363668154,0.9583128409170383,6365.28887808187,0.47107406506822525
2827,8.402743163713565,0.6015239798408697,11.602373121632827,0.15059328040820663,14719.720894381671,0.429930223595418,5899.238771609994,0.08269897634166135
2828,7.991299337552477,0.37294407641804284,14.76898919414985,0.9422472985374623,16349.305369595557,0.8373263423988891,6734.10105364522,0.7784175447043504
2829,8.450356595964182,0.6279758866467685,13.332313891251639,0.5830784728129096,13402.45175303487,0.10061293825871753,6897.484983299621,0.9145708194163509
2830,7.65736917782856,0.18742732101586657,12.580602637435941,0.3951506593589852,16509.02465087641,0.8772561627191023,6965.442787004645,0.9712023225038707
2831,7.735699162401262,0.23094397911181197,11.503629211958199,0.12590730298954989,16572.504289242406,0.8931260723106019,5853.801027455176,0.044834189545980396
2832,8.557802652048663,0.6876681400270349,12.306612144292359,0.3266530360730895,14737.319704405018,0.43432992610125454,6239.397134688195,0.36616427890682957
2833,8.27201005048103,0.528894472489462,14.575812577856695,0.8939531444641735,13913.82683151469,0.22845670787867245,6863.106772077039,0.8859223100641993
2834,7.875685667928149,0.30871425996008284,11.223048799267183,0.05576219981679564,14530.913124006207,0.38272828100155176,5975.806824732071,0.14650568727672553
2835,8.43471869124785,0.6192881618043611,11.141426300510247,0.03535657512756174,16386.94137002212,0.8467353425055302,5994.182696715475,0.16181891392956227
2836,7.55107833550084,0.1283768530560222,13.660020212802756,0.6650050532006889,14372.146664061915,0.34303666601547855,6979.685467568868,0.9830712229740567
2837,8.93856672493909,0.8992037360772722,14.962096216509622,0.9905240541274052,14451.83813584251,0.36295953396062774,6802.547503980122,0.8354562533167682
2838,8.205424438932585,0.4919024660736584,12.648788222274312,0.4121970555685781,14930.985030042235,0.4827462575105589,6820.987391795546,0.8508228264962883
2839,8.483135726895098,0.646186514941721,14.084676958714374,0.7711692396785935,15204.696607767915,0.5511741519419789,6444.403189899636,0.5370026582496966
2840,8.194728862939954,0.4859604794110859,13.569467128951182,0.6423667822377952,14956.770179577597,0.4891925448943991,6973.407211403338,0.9778393428361151
2841,8.852250806728527,0.8512504481825156,13.426211651899967,0.6065529129749917,13876.090082692204,0.21902252067305106,6015.182509823682,0.17931875818640164
2842,8.391637538993859,0.5953541883299222,14.029111816738336,0.7572779541845842,13836.758884510336,0.20918972112758405,6374.920320470934,0.47910026705911113
2843,7.524600668002771,0.11366703777931708,13.416425937364835,0.6041064843412087,15109.540526774163,0.5273851316935406,6957.959711311898,0.964966426093248
2844,8.604214429934133,0.7134524610745188,13.948438121959745,0.7371095304899361,16965.80068438798,0.9914501710969955,6496.98326517701,0.580819387647509
2845,8.532449491188402,0.6735830506602233,12.569541111973155,0.3923852779932886,16015.706539390558,0.7539266348476393,5921.6463217295595,0.1013719347746328
2846,8.19007530769559,0.48337517094199434,14.199188759058092,0.7997971897645229,15953.1593259391,0.7382898314847748,6472.857675996047,0.5607147299967055
2847,8.238946673004783,0.5105259294471016,14.129348653128044,0.7823371632820109,13136.268835783041,0.0340672089457601,6461.854696489693,0.5515455804080774
2848,8.7652288228053,0.8029049015585003,13.627494933714434,0.6568737334286087,14634.12443061257,0.4085311076531425,6037.193478783836,0.19766123231986354
2849,8.30739670198993,0.5485537233277396,14.153891484402505,0.7884728711006262,15949.609163574003,0.7374022908935007,6178.671530330766,0.31555960860897136
2850,8.451880712107375,0.6288226178374304,13.696463718932346,0.6741159297330866,16279.11677844119,0.8197791946102974,6767.091661514836,0.8059097179290298
2851,7.995520655651417,0.3752892531396761,13.529077057036663,0.6322692642591657,14773.464539492508,0.44336613487312726,6200.492819510537,0.3337440162587807
2852,8.628851587982465,0.7271397711013701,14.061024845010953,0.7652562112527383,16828.40891831381,0.9571022295784527,6967.87794088078,0.9732316174006507
2853,7.434555307943392,0.0636418377463287,12.177026472621204,0.2942566181553009,13967.050367237529,0.2417625918093821,5978.029422431824,0.1483578520265202
2854,8.338804808089842,0.5660026711610235,12.238162697562379,0.30954067439059463,13073.002267719019,0.018250566929754575,6947.951720779348,0.9566264339827897
2855,8.596827065986982,0.7093483699927683,12.864580895651919,0.46614522391297963,16078.437214231712,0.769609303557928,6002.050233069464,0.16837519422455338
2856,8.085018534721828,0.4250102970676817,14.621282956262366,0.9053207390655915,15399.157159534785,0.5997892898836965,6078.377061976444,0.23198088498036984
2857,7.379657019329902,0.0331427885166119,14.607020479565227,0.9017551198913067,16149.36713361981,0.7873417834049525,6837.609216304992,0.8646743469208265
2858,9.06389903696585,0.9688327983143621,11.96055388973804,0.24013847243451014,14109.345179113348,0.277336294778337,6875.568015736998,0.8963066797808316
2859,7.932129229806965,0.3400717943372028,12.98114774288776,0.49528693572194005,15382.355337971458,0.5955888344928641,5921.6192393002775,0.1013493660835646
2860,7.934093080718716,0.3411628226215091,13.645213640623915,0.6613034101559789,15189.549581365547,0.5473873953413869,6549.74060300394,0.6247838358366167
2861,7.421931040386243,0.0566283557701347,11.24522380620603,0.0613059515515072,16319.079824352639,0.8297699560881597,5940.573248389105,0.11714437365758779
2862,8.163162465514349,0.468423591952416,13.850342852474615,0.7125857131186538,14187.371986733746,0.2968429966834367,6612.57189589499,0.6771432465791584
2863,7.856951761956251,0.2983065344201391,13.943274412261697,0.7358186030654243,15255.705042661852,0.5639262606654631,6520.100752699418,0.6000839605828481
2864,8.477443201179899,0.6430240006554999,11.692013449456955,0.17300336236423863,16890.43857601765,0.972609644004412,6057.685923429595,0.21473826952466302
2865,8.528397016173747,0.6713316756520818,12.660164718053458,0.4150411795133645,15857.243827400745,0.7143109568501864,6542.533019535749,0.6187775162797914
2866,8.620610800193788,0.7225615556632154,12.628874066306533,0.40721851657663355,15964.625331120173,0.7411563327800433,6341.54627153947,0.4512885596162246
2867,8.928742172518456,0.8937456513991424,11.266364452450166,0.0665911131125414,13990.527114295486,0.24763177857387153,6124.503606684878,0.27041967223739805
2868,8.597652309826845,0.7098068387926915,13.826563428763503,0.7066408571908755,14419.294856493532,0.3548237141233832,5848.045848890114,0.040038207408428006
2869,9.009658956066197,0.938699420036776,13.593733726982052,0.6484334317455132,15268.830389026098,0.5672075972565245,6408.552221328082,0.5071268511067348
2870,9.089410851304761,0.9830060285026455,14.694793504049604,0.9236983760124011,13587.83610990704,0.14695902747676037,5919.365864027896,0.09947155335658053
2871,8.721582025898748,0.7786566810548604,14.330714688138471,0.8326786720346177,16513.091805159045,0.8782729512897616,5965.596342656146,0.1379969522134551
2872,7.447747035560772,0.07097057531153983,12.966378538158803,0.4915946345397011,15421.987501560154,0.6054968753900384,6377.450999518131,0.4812091662651087
2873,8.1382793025847,0.45459961254705494,12.049621657328592,0.2624054143321478,15849.366170168389,0.7123415425420974,6849.533320340387,0.8746111002836556
2874,8.358109609845352,0.5767275610251955,14.104766580597007,0.7761916451492518,15477.934435900072,0.6194836089750181,5824.636030882967,0.020530025735805646
2875,8.305220064653607,0.5473444803631154,13.250680435078813,0.5626701087697035,14949.594504887174,0.48739862622179375,6562.173664783594,0.6351447206529949
2876,8.401307166214869,0.6007262034527047,11.097156569533253,0.024289142383313145,13812.257340535627,0.20306433513390676,5940.884867010595,0.11740405584216285
2877,7.5882610481651325,0.14903391564729596,14.246154715077804,0.8115386787694511,14268.177504044124,0.31704437601103086,6821.615549302899,0.8513462910857496
2878,9.033553261323586,0.9519740340686595,11.433925371188261,0.10848134279706512,16274.219107757595,0.818554776939399,6830.7275209270265,0.858939600772522
2879,8.467570568833855,0.6375392049076976,12.092985981315968,0.27324649532899203,14812.986212255582,0.45324655306389583,6083.680445895081,0.23640037157923455
2880,8.890465302905682,0.8724807238364903,13.176790308868146,0.5441975772170362,16521.734884603342,0.8804337211508357,6393.381408084213,0.49448450673684385
2881,7.320932012738922,0.000517784854956238,11.007904649144093,0.001976162286023264,13312.778803210898,0.07819470080272473,6462.947834510644,0.55245652875887
2882,9.08533377100564,0.9807409838920231,13.847825521564355,0.7119563803910886,16526.85781777323,0.8817144544433076,6998.632068977075,0.9988600574808957
2883,8.421678827934638,0.6120437932970213,11.947935676240434,0.23698391906010863,16746.324333102402,0.9365810832756009,6153.400156937966,0.29450013078163817
2884,8.007771101192303,0.38209505621794604,13.217626366031745,0.5544065915079361,13088.61062911039,0.0221526572775973,6031.730761763897,0.19310896813658096
2885,8.48844300439156,0.6491350024397553,14.90400978519717,0.9760024462992924,13660.304495418502,0.16507612385462567,6925.380233151932,0.9378168609599433
2886,7.637772226140128,0.17654012563340438,13.073345249368959,0.5183363123422396,13291.50221918344,0.07287555479585994,6457.5953185338585,0.5479960987782155
2887,7.746058201867799,0.23669900103766572,13.251783462870474,0.5629458657176183,14405.912634665263,0.3514781586663156,6547.204633333118,0.6226705277775987
2888,8.549850799570725,0.6832504442059587,11.274853341540414,0.06871333538510327,14868.22432111865,0.4670560802796627,6105.943604479437,0.25495300373286467
2889,9.036557625073367,0.9536431250407597,14.186043377550961,0.7965108443877401,13235.108974329933,0.05877724358248326,6309.17331304663,0.4243110942055254
2890,7.741485469619335,0.23415859423296392,12.04810746134006,0.2620268653350146,15737.418994199861,0.6843547485499653,5867.990069314039,0.05665839109503279
2891,7.644395528603827,0.1802197381132371,12.28644550577324,0.32161137644330995,13695.173280349087,0.17379332008727189,6184.318377876566,0.3202653148971384
2892,8.304900757986607,0.5471670877703374,11.720314540657768,0.18007863516444178,16263.393301659773,0.8158483254149435,6097.376978627667,0.2478141488563893
2893,7.6536515237871106,0.18536195765950603,12.497265602802042,0.3743164007005102,13087.987366064235,0.02199684151605874,6207.7687667445925,0.3398073056204941
2894,8.652408219276026,0.7402267884866813,14.706503281009194,0.9266258202522988,14489.748425899079,0.3724371064747697,6937.841578928893,0.9482013157740774
2895,7.360012675767617,0.022229264315342556,13.099691702222964,0.524922925555741,14173.930334685072,0.2934825836712682,5941.134362887054,0.11761196907254468
2896,8.23003338543317,0.5055741030184285,12.182902021256929,0.29572550531423203,15555.635129994627,0.6389087824986569,5991.074875916341,0.15922906326361697
2897,7.626799084032637,0.1704439355736873,13.20909211628368,0.5522730290709198,16186.588324085333,0.7966470810213333,6971.70247255241,0.9764187271270085
2898,8.06585681114736,0.4143648950818666,14.917448998774907,0.9793622496937265,16688.672528473886,0.922168132118471,6802.225650074512,0.8351880417287594
2899,8.614759896368724,0.7193110535381805,12.441926153725326,0.3604815384313318,16531.874962706985,0.8829687406767459,6025.148810056785,0.1876240083806544
2900,9.10169063414897,0.9898281300827607,13.467121549565688,0.616780387391422,15430.891148698383,0.6077227871745959,6948.675089655945,0.957229241379954
2901,8.904555051009131,0.8803083616717398,12.953910473919334,0.48847761847983373,16470.152454301384,0.8675381135753463,6647.388550633562,0.706157125527968
2902,7.425230582028031,0.05846143446001728,13.656718203979914,0.6641795509949782,13901.945677104466,0.22548641927611668,6893.016239883069,0.9108468665692245
2903,7.680369845534179,0.20020546974121078,11.105286275261243,0.02632156881531067,13625.954700725446,0.15648867518136167,6678.367476221902,0.731972896851585
2904,7.3758164498363685,0.031009138797982394,12.588596574482793,0.3971491436206984,14166.493073237918,0.2916232683094794,5948.5283569021,0.12377363075175007
2905,7.3374833063983,0.009712947999055754,13.67266423341894,0.6681660583547352,15360.152927553496,0.5900382318883738,6558.780492108417,0.6323170767570144
2906,9.028535222059975,0.9491862344777642,11.480225038951328,0.12005625973783218,13535.963427723464,0.133990856930866,6598.74468290303,0.6656205690858579
2907,8.639950920701978,0.7333060670566546,12.472189933803232,0.36804748345080796,16619.304104797684,0.9048260261994213,5944.047625328402,0.12003968777366858
2908,8.476176061658425,0.6423200342546811,13.235008359936202,0.5587520899840505,14319.150673601445,0.32978766840036156,6414.855894688179,0.5123799122401492
2909,7.332654852404127,0.007030473557848138,14.406792926865293,0.8516982317163234,15198.448486711917,0.5496121216779793,6998.718258147044,0.9989318817892033
2910,8.466056962250398,0.6366983123613326,11.984587577117756,0.2461468942794388,14172.207726214032,0.29305193155350817,6555.32809051924,0.6294400754326998
2911,7.4585158269945815,0.07695323721921166,11.569514288668666,0.14237857216716632,16237.024446618001,0.8092561116545004,6569.586108758129,0.6413217572984405
2912,8.940665825320735,0.900369902955965,13.421734639489971,0.6054336598724929,14424.748677179241,0.3561871692948103,6484.8258852544295,0.5706882377120246
2913,7.742622999965964,0.23479055553664663,11.801575618461303,0.20039390461532602,15410.589462782365,0.6026473656955916,6206.3800124623685,0.3386500103853075
2914,8.743909426044064,0.7910607922467027,11.53269103232906,0.13317275808226503,16663.18194241005,0.9157954856025123,6014.35892375203,0.17863243646002513
2915,8.174500652005607,0.47472258444755966,11.979351942485433,0.24483798562135817,13158.667172295034,0.03966679307375831,6892.164475888793,0.9101370632406612
2916,7.734641626261069,0.2303564590339272,14.462553891382502,0.8656384728456255,13788.869547891438,0.1972173869728594,6651.475089348185,0.7095625744568208
2917,8.020788402093052,0.3893268900516955,14.485183243284684,0.8712958108211711,14030.759153349578,0.2576897883373943,6025.768729167138,0.18814060763928186
2918,8.40950495665205,0.6052805314733619,13.761917464573127,0.6904793661432816,13686.76165422011,0.1716904135550278,6421.946383785802,0.5182886531548349
2919,7.34694396839353,0.014968871329738898,14.274800624677393,0.8187001561693481,15276.429031823685,0.5691072579559211,6118.028400480214,0.26502366706684555
2920,7.337263478797918,0.00959082155439872,12.316022641387669,0.32900566034691725,14326.713725842295,0.3316784314605741,6867.996513227537,0.8899970943562815
2921,8.787304000755018,0.8151688893083433,11.850017701156093,0.21250442528902325,13137.410451883952,0.034352612970987906,6963.143913088461,0.9692865942403845
2922,8.612004908993997,0.717780504996665,13.491248012671491,0.6228120031678729,13843.762613863175,0.21094065346579394,6752.225176812408,0.7935209806770068
2923,8.683809446540408,0.7576719147446719,12.440155675765878,0.36003891894146944,14122.624642073522,0.2806561605183806,6987.169805087806,0.9893081709065052
2924,8.515481071017632,0.6641561505653516,14.764023706014477,0.9410059265036191,16595.585816200917,0.8988964540502296,5800.550113539695,0.000458427949745821
2925,7.93432834063014,0.34129352257230006,13.854024416999186,0.7135061042497965,13910.772130413923,0.22769303260348095,6580.904862798681,0.6507540523322342
2926,7.875723515165637,0.30873528620313195,12.461227489596503,0.3653068723991255,14092.854185627004,0.273213546406751,6221.03688895136,0.3508640741261334
2927,8.83975863772356,0.8443103542908673,14.946431933782604,0.986607983445651,15930.593502911199,0.7326483757277997,6553.595255637206,0.6279960463643381
2928,8.942635280304838,0.901464044613799,13.591637534139501,0.6479093835348755,14989.014544108433,0.49725363602710826,5863.924042222494,0.053270035185411624
2929,8.447852050705658,0.6265844726142545,13.130748082751156,0.532687020687789,16631.87163884371,0.9079679097109271,6966.1239332811365,0.9717699444009472
2930,9.088525281537104,0.9825140452983911,14.946915707858645,0.9867289269646614,13546.172580905077,0.13654314522626898,6409.514588271124,0.50792882355927
2931,7.472222241645938,0.08456791202552127,13.233000517614682,0.5582501294036706,15406.157867615239,0.6015394669038097,6358.784904828588,0.46565408735715663
2932,8.700746235456947,0.7670812419205262,14.947587554374316,0.986896888593579,13610.725441728713,0.15268136043217828,6672.821079755223,0.7273508997960192
2933,8.917516645151943,0.8875092473066358,13.458150127817042,0.6145375319542605,14050.186118209802,0.2625465295524506,5874.5269166026665,0.06210576383555544
2934,8.930891627796433,0.8949397932202403,11.939108629691919,0.23477715742297967,16353.147152141024,0.8382867880352558,6243.580982100703,0.3696508184172529
2935,8.815082323264475,0.8306012907024868,12.275454619249471,0.31886365481236767,13928.164120186702,0.23204103004667542,5973.988378084738,0.14499031507061444
2936,8.94697796736533,0.9038766485362945,13.673833817961832,0.6684584544904577,14170.131601722927,0.292532900430732,5836.960879186949,0.03080073265579064
2937,8.848864189466779,0.8493689941482113,11.923664584684564,0.2309161461711411,15355.513611484103,0.5888784028710258,5993.669819466932,0.16139151622244285
2938,8.092072186003708,0.4289289922242827,14.997588802759207,0.9993972006898019,15640.647756456674,0.6601619391141682,6227.431527994113,0.35619293999509405
2939,8.164857319078637,0.46936517726590943,13.0930313592952,0.5232578398238001,15754.70868775034,0.6886771719375852,6562.717661778992,0.6355980514824935
2940,8.340022870216892,0.5666793723427181,13.227710814799105,0.5569277036997763,14165.643468171047,0.29141086704276176,6258.954112298594,0.38246176024882816
2941,8.780874071357308,0.8115967063096164,11.515016722935464,0.12875418073386613,13116.333716297684,0.029083429074421074,6268.935392084572,0.39077949340381024
2942,8.11138483840766,0.43965824355981165,14.057157339066348,0.764289334766587,15935.771027610968,0.7339427569027421,5824.214792561961,0.020178993801634237
2943,7.593861196051093,0.15214510891727406,13.350597870626626,0.5876494676566564,16665.217516292207,0.9163043790730521,6829.584891871012,0.8579874098925095
2944,7.723501514805956,0.2241675082255311,13.370176348790434,0.5925440871976085,13619.254379926671,0.1548135949816677,6186.440984899642,0.3220341540830348
2945,8.886440563389389,0.8702447574385493,14.777690969756554,0.9444227424391384,13302.687092370497,0.07567177309262452,5909.7405548427905,0.09145046236899224
2946,7.966224999824206,0.35901388879122553,14.56468392958846,0.891170982397115,13286.217009726508,0.07155425243162716,6132.287244633493,0.2769060371945773
2947,7.964179119710674,0.3578772887281524,11.765269003681848,0.1913172509204617,13206.00855542752,0.05150213885687982,6484.432869709661,0.5703607247580509
2948,8.028390561033394,0.39355031168521937,14.182187931637221,0.7955469829093053,14292.587381789292,0.3231468454473231,6972.553113774953,0.9771275948124613
2949,8.43887864995481,0.6215992499748949,12.072234779574202,0.26805869489355083,14496.180010172042,0.3740450025430103,6128.178414276026,0.27348201189668886
2950,7.650359069512864,0.18353281639603558,11.240199409451552,0.06004985236288818,14156.361356898316,0.28909033922457894,6136.6969046840595,0.2805807539033831
2951,8.466667625163687,0.6370375695353819,11.352884219245794,0.08822105481144871,15406.132108769229,0.6015330271923073,6184.1282511683185,0.320106875973599
2952,9.092088361402165,0.9844935341123144,14.058041474098228,0.7645103685245572,14611.982881198383,0.40299572029959585,6020.022882213359,0.18335240184446577
2953,7.898787931476419,0.3215488508202329,12.882778567656052,0.4706946419140131,14046.35989904043,0.26158997476010737,6969.54466752197,0.9746205562683079
2954,7.54731626500383,0.12628681389101637,14.893751543523948,0.973437885880987,16299.221688581369,0.8248054221453421,6338.650820288477,0.44887568357373053
2955,7.485467984511244,0.09192665806180234,11.659165414734218,0.1647913536835547,16608.205280718037,0.9020513201795095,5908.211084515323,0.0901759037627694
2956,7.893460865970983,0.3185893699838793,13.80698357320846,0.701745893302115,16569.723175141142,0.8924307937852858,6775.39959744401,0.8128329978700087
2957,8.757189272450853,0.798438484694919,14.87869433470868,0.9696735836771697,13407.114841393195,0.10177871034829855,6418.460229459994,0.5153835245499944
2958,7.347196563912875,0.015109202173819059,13.663824313351226,0.6659560783378066,14834.17249120059,0.45854312280014753,6449.423115098282,0.5411859292485685
2959,7.734451083705242,0.23025060205846748,12.04754999746164,0.2618874993654102,14932.783484261456,0.4831958710653639,6437.184373008189,0.5309869775068242
2960,8.43173117449665,0.6176284302759166,11.256541447700863,0.06413536192521596,13971.392072815608,0.242848018203902,6373.368974499893,0.4778074787499106
2961,7.573105150467299,0.1406139724818326,13.698746218989504,0.674686554747376,14778.521599494365,0.444630399873591,6119.645483636595,0.2663712363638292
2962,8.077016377299273,0.42056465405515164,13.899459128155838,0.7248647820389597,13889.14853036642,0.22228713259160493,6192.796779172011,0.3273306493100093
2963,9.034396516743161,0.9524425093017571,14.799010444817247,0.9497526112043116,13774.836727425114,0.19370918185627872,6382.526229108969,0.48543852425747447
2964,8.430753606998774,0.6170853372215416,14.168816164611744,0.7922040411529362,16809.705729421235,0.9524264323553087,6037.961588940794,0.19830132411732837
2965,8.303511020163144,0.5463950112017468,11.60109902393963,0.1502747559849077,13122.14680818081,0.030536702045202535,6873.795824369221,0.8948298536410171
2966,8.679442526612878,0.755245848118266,11.353006545449503,0.08825163636237565,14953.752501546342,0.4884381253865855,6898.823814431484,0.9156865120262362
2967,8.181092107600646,0.4783845042225817,12.359684621351736,0.3399211553379342,16523.489959378952,0.8808724898447376,6283.448350306042,0.4028736252550348
2968,8.895825278800148,0.8754584882223047,12.841407986339707,0.46035199658492676,15456.191451570245,0.614047862892561,6116.901234972684,0.2640843624772362
2969,8.227004210153716,0.503891227863176,14.916694808927076,0.9791737022317689,15616.979480309712,0.6542448700774282,6300.788217039038,0.4173235141991982
2970,8.378846371559366,0.588247984199648,14.743678914681533,0.9359197286703832,16689.450404333897,0.922362601083474,6725.165047565,0.7709708729708337
2971,8.89034369417296,0.8724131634294227,11.833314562058588,0.20832864051464706,14618.204497898505,0.40455112447462616,6294.544317585608,0.4121202646546731
2972,7.762431447704883,0.24579524872493497,14.210155539976874,0.8025388849942184,13448.051894439499,0.11201297360987483,6623.427081370487,0.6861892344754057
2973,7.516206939172527,0.10900385509584831,13.723501681862544,0.6808754204656358,15306.367641817107,0.5765919104542769,6270.598799101198,0.39216566591766466
2974,8.298088734237135,0.5433826301317416,14.900214178617846,0.9750535446544616,15872.446443663928,0.7181116109159819,6359.86594316299,0.4665549526358256
2975,8.768548525201346,0.8047491806674149,13.422158241949822,0.6055395604874555,16115.590113364717,0.7788975283411792,6106.412609042628,0.25534384086885686
2976,8.640792414400556,0.7337735635558645,11.606534025231577,0.15163350630789407,16047.279267243119,0.7618198168107796,6907.759366696975,0.923132805580813
2977,7.625198569844526,0.169554761024737,11.690099683824702,0.17252492095617544,14872.386090244401,0.46809652256110035,6429.741140312367,0.5247842835936388
2978,8.321560380165554,0.5564224334253076,13.397407836040163,0.5993519590100405,14078.777812774122,0.26969445319353047,6262.838333255523,0.38569861104626946
2979,8.95627064489447,0.9090392471635944,11.86625124119165,0.21656281029791258,16790.826554258456,0.947706638564614,6055.191197837177,0.21265933153098104
2980,7.611976527099564,0.16220918172197984,14.08931392390807,0.7723284809770177,15312.990298728613,0.5782475746821534,5918.987293116709,0.09915607759725764
2981,7.583928278252697,0.14662682125149806,11.473867662940798,0.11846691573519941,13937.199524228454,0.23429988105711352,6971.763576783624,0.976469647319686
2982,8.390069013335525,0.5944827851864026,14.267951456304441,0.8169878640761105,13574.703651859507,0.1436759129648768,6898.696476287956,0.9155803969066302
2983,8.007555307700622,0.38197517094479017,11.634367390560197,0.1585918476400493,13231.585028435744,0.057896257108935756,6164.6872554033735,0.30390604616947803
2984,7.490910578534375,0.09495032140798565,11.66425452331394,0.16606363082848474,13320.521558360862,0.08013038959021546,6263.86467392328,0.38655389493606696
2985,8.938776968544387,0.8993205380802148,12.959024994178499,0.48975624854462463,16503.91709476153,0.8759792736903826,6375.081909887551,0.4792349249062927
2986,8.50564757893017,0.6586930994056498,11.152655202883171,0.03816380072079251,13785.277251545971,0.19631931288649285,6196.700712674887,0.3305839272290726
2987,8.289737538064339,0.5387430767024107,11.985463712246183,0.24636592806154556,15820.89777528435,0.7052244438210872,6921.633146283519,0.9346942885695988
2988,7.571109721637943,0.1395054009099682,12.259599568035878,0.3148998920089693,14467.279080069755,0.3668197700174386,6792.946515051337,0.8274554292094476
2989,8.718608024457767,0.7770044580320934,14.850577399761853,0.9626443499404631,15918.904883659583,0.729726220914896,6253.443165774561,0.37786930481213443
2990,8.966681011671504,0.9148227842619474,14.747406147463229,0.9368515368658071,16929.11071823997,0.9822776795599923,6034.152964975904,0.19512747081325343
2991,7.908222964791109,0.32679053599506025,14.65649837504072,0.9141245937601796,14413.239663482493,0.3533099158706233,6067.786369533874,0.22315530794489513
2992,9.009903715240256,0.9388353973556978,12.63556342440216,0.4088908561005402,14147.931948422029,0.2869829871055072,6925.309808194954,0.9377581734957948
2993,8.848052780237609,0.8489182112431163,13.143425231058554,0.5358563077646387,13525.391019965866,0.13134775499146645,6161.05695286595,0.3008807940549584
2994,8.815837035055628,0.8310205750309045,14.129450056889885,0.7823625142224713,14148.04408353267,0.2870110208831673,6017.860819062081,0.1815506825517338
2995,8.455004196685268,0.6305578870473716,14.343392476979318,0.8358481192448296,13264.93660646446,0.06623415161611479,6307.797074165743,0.4231642284714524
2996,7.71329137410177,0.21849520783431642,14.089601942016776,0.772400485504194,14208.777734463962,0.3021944336159904,6710.437565506906,0.7586979712557554
2997,7.754721002046557,0.24151166780364264,11.857259097960654,0.21431477449016345,16739.184736777614,0.9347961841944036,6729.214493545113,0.7743454112875946
2998,8.019298104127051,0.38849894673725105,12.974051311278224,0.49351282781955585,13219.439993669153,0.0548599984172885,5973.615370455816,0.14467947537984682
2999,8.027660717286082,0.39314484293671215,13.127626539026302,0.5319066347565755,14589.766848852087,0.3974417122130217,6139.739126715142,0.28311593892928566
3000,7.7922337834207935,0.26235210190044067,13.727512262696505,0.6818780656741265,16709.164361141993,0.9272910902854983,6554.111815835208,0.6284265131960068
3001,8.87729064838075,0.8651614713226398,12.371694712371282,0.3429236780928203,14868.997106771898,0.46724927669297467,6263.750239161497,0.38645853263458074
3002,8.323342682148184,0.5574126011934355,14.014449485143787,0.7536123712859467,13401.938583125904,0.10048464578147587,6205.338692602387,0.33778224383532207
3003,8.85256052316415,0.851422512868973,11.077200257834985,0.019300064458746213,13905.462009980816,0.22636550249520393,6101.350499982595,0.2511254166521619
3004,8.943708695993294,0.9020603866629416,13.364016670968464,0.5910041677421161,16063.97153241985,0.7659928831049624,6274.969455183042,0.39580787931920114
3005,9.085893582696881,0.981051990387157,13.633906959258022,0.6584767398145054,16911.008019525532,0.9777520048813833,6153.616961656282,0.29468080138023534
3006,8.59016077904992,0.7056448772499566,13.101463111360523,0.5253657778401307,14306.761960239808,0.3266904900599519,6159.861455675902,0.2998845463965848
3007,7.795395734029255,0.26410874112736415,13.650262789336566,0.6625656973341415,16381.2766818708,0.8453191704677003,6844.03612314146,0.8700301026178835
3008,7.871151620334406,0.3061953446302258,13.13122076843721,0.5328051921093027,14722.513241027067,0.43062831025676696,5893.138617112956,0.07761551426079694
3009,8.007052707904908,0.3816959488360605,11.773009871720134,0.19325246793003348,14414.784937475124,0.35369623436878084,6477.711170660949,0.5647593088841246
3010,8.391079207592869,0.5950440042182603,13.490716033447613,0.6226790083619035,13871.312848611773,0.21782821215294335,6139.718201392799,0.2830985011606656
3011,7.374232172280999,0.03012898460055513,11.838824900248941,0.20970622506223502,13201.522142762138,0.050380535690534356,6981.927201460154,0.9849393345501285
3012,7.436387821751541,0.06465990097307817,12.029359147472007,0.25733978686800185,14217.88359818964,0.30447089954741025,6421.9205616940435,0.518267134745036
3013,7.407272343092255,0.04848463505125267,12.65437117299949,0.4135927932498724,13875.393875159487,0.21884846878987174,6364.726691069307,0.4706055758910891
3014,8.060961387186138,0.4116452151034101,14.329964760694459,0.8324911901736148,16716.777288364377,0.9291943220910948,6834.416588267041,0.8620138235558676
3015,7.448296441012003,0.07127580056222393,14.423544441177548,0.8558861102943867,15374.279011364497,0.5935697528411243,6665.7930186922085,0.7214941822435071
3016,8.213334016911723,0.4962966760620685,13.239618064415419,0.5599045161038546,15602.031498806078,0.6505078747015195,6621.963073988705,0.6849692283239214
3017,7.5288570300039925,0.11603168333555136,12.914880172283999,0.4787200430709998,15191.129267778213,0.5477823169445533,5991.316659880598,0.15943054990049854
3018,7.663643365075807,0.1909129805976707,14.184529106559566,0.7961322766398915,14441.007988038891,0.3602519970097229,6983.163010092402,0.9859691750770019
3019,8.191426881557542,0.48412604530974523,12.920521135561197,0.4801302838902992,13095.989600164594,0.023997400041148365,6183.247947618923,0.3193732896824356
3020,8.689796214443112,0.7609978969128404,12.000341761593798,0.2500854403984496,14353.545324458037,0.3383863311145092,6142.20890439668,0.285174086997233
3021,8.088950071808915,0.42719448433828644,13.141640987777814,0.5354102469444536,15567.251847166342,0.6418129617915859,6397.465671807786,0.49788805983982143
3022,7.400453564495614,0.04469642471978574,12.785878286722951,0.44646957168073786,16650.216374065352,0.912554093516338,6881.899351445138,0.9015827928709483
3023,8.916589110678414,0.8869939503768971,11.182735596062768,0.04568389901569214,15101.38917344415,0.5253472933610372,6956.401974886336,0.9636683124052801
3024,7.453471332669637,0.07415074037202074,13.83099269857135,0.7077481746428376,13447.10265454242,0.11177566363560476,6036.2309882120235,0.1968591568433532
3025,7.809004695346658,0.2716692751925881,12.728192223287232,0.43204805582180794,16164.867466854628,0.791216866713657,6728.936821016129,0.7741140175134408
3026,7.647667935541832,0.18203774196768407,12.61572010832489,0.4039300270812223,15822.885768406857,0.7057214421017144,6848.876401579582,0.8740636679829852
3027,8.350295064353043,0.5723861468628018,11.482986710249104,0.1207466775622763,15299.102608236293,0.5747756520590732,6531.000529094992,0.6091671075791598
3028,8.590223876307007,0.7056799312816712,12.42979803599882,0.35744950899970496,15206.981750726121,0.5517454376815306,6487.522797247884,0.5729356643732366
3029,8.14645620114221,0.4591423339678945,12.502465060119114,0.3756162650297785,15941.860404191417,0.7354651010478541,6802.298183248764,0.8352484860406371
3030,7.7141461689119035,0.21897009383994626,13.987152235424038,0.7467880588560094,13262.154239609212,0.06553855990230284,6237.988700319403,0.3649905835995021
3031,8.223708735128795,0.5020604084048862,13.026226559326208,0.5065566398315519,16163.679338729353,0.7909198346823383,5970.478949217475,0.14206579101456218
3032,7.659172229979127,0.18842901665507084,12.459360303898583,0.36484007597464563,13251.112538734187,0.06277813468354687,6795.326835879871,0.8294390298998932
3033,8.910398073252027,0.8835544851400152,13.020273706166659,0.5050684265416645,15041.733239181463,0.5104333097953656,6403.111881546925,0.5025932346224379
3034,8.38866430088915,0.593702389382862,14.536921833797514,0.8842304584493783,15746.09919854963,0.6865247996374075,6030.143314136353,0.19178609511362732
3035,8.315359657162308,0.5529775873123935,11.866623491504551,0.21665587287613786,14465.873272352908,0.3664683180882272,6829.231207890432,0.8576926732420267
3036,7.600188970361365,0.15566053908964717,14.23166689079763,0.8079167226994073,13456.341810358543,0.11408545258963554,6048.967231908006,0.20747269325667173
3037,8.35411302638078,0.5745072368782108,13.476402376303136,0.6191005940757842,13073.723438722149,0.018430859680537037,6797.257122675269,0.8310476022293906
3038,8.742388424309873,0.7902157912832631,13.871088196768419,0.7177720491921046,13912.645817973194,0.22816145449329872,6861.795585471464,0.8848296545595535
3039,7.617366379545245,0.16520354419180272,14.920372851699053,0.9800932129247631,16957.318914750776,0.9893297286876939,6231.962321687754,0.35996860140646225
3040,8.04786562482712,0.40436979157062225,13.035329955492145,0.5088324888730363,15264.059718673105,0.566014929668276,6970.413321973436,0.9753444349778636
3041,8.158763842306643,0.46597991239257963,11.550139139695178,0.13753478492379445,13716.385862499717,0.17909646562492942,6761.852291404723,0.8015435761706023
3042,7.655282188277747,0.18626788237652625,14.421177249378232,0.855294312344558,14651.134917939075,0.4127837294847685,6691.684636161001,0.7430705301341678
3043,8.784776822495093,0.8137649013861629,13.12623667813755,0.5315591695343874,14991.709337513072,0.4979273343782681,6357.826775212304,0.4648556460102532
3044,8.311129634795677,0.5506275748864871,11.924138240241767,0.23103456006044187,13475.266445318548,0.11881661132963683,6589.823571024326,0.6581863091869382
3045,7.383641126559849,0.03535618142213792,13.674713551561622,0.6686783878904053,15793.728000773088,0.698432000193272,5826.75701792339,0.02229751493615817
3046,9.064514643895254,0.9691748021640312,12.834536749426785,0.4586341873566966,16745.00933239367,0.9362523330984175,5829.655953574925,0.024713294645770323
3047,7.351198104498705,0.017332280277058243,14.069426470054278,0.7673566175135696,13230.90681650552,0.0577267041263797,5934.620079626276,0.11218339968856272
3048,7.437053594861282,0.06502977492293394,13.190520847340519,0.5476302118351295,14650.151979856255,0.41253799496406396,6231.117251013171,0.35926437584430926
3049,8.35854281125367,0.5769682284742615,12.52395686867647,0.3809892171691175,16935.564952355522,0.9838912380888802,6197.617930787264,0.3313482756560536
3050,7.9526982865143525,0.35149904806352916,12.448522679565658,0.3621306698914143,15183.042013199636,0.545760503299909,6209.983410622323,0.34165284218526926
3051,8.76766068483311,0.804255936018395,12.727701600418895,0.4319254001047238,13867.471913445099,0.2168679783612748,6044.450511844086,0.20370875987007164
3052,7.51642067341643,0.10912259634246102,11.438875654922253,0.10971891373056308,14479.226229735608,0.369806557433902,6291.66675257877,0.4097222938156416
3053,7.60237675439298,0.15687597466276626,12.702760291511543,0.42569007287788596,13724.246538367604,0.18106163459190094,5838.311467728689,0.03192622310724125
3054,7.475856960886671,0.08658720049259494,13.41124207752037,0.6028105193800923,14337.760366650567,0.33444009166264177,6450.243935727308,0.5418699464394235
3055,8.612074724756596,0.717819291531442,11.235982380437633,0.05899559510940844,13994.459109137722,0.2486147772844307,6669.628450000093,0.7246903750000774
3056,8.212451571726875,0.4958064287371531,14.30390242580722,0.8259756064518049,15290.939440457969,0.5727348601144925,5980.399525728924,0.1503329381074371
3057,9.101157156992693,0.9895317538848303,11.268624375069995,0.06715609376749898,13875.920637761306,0.21898015944032667,6820.6476160006805,0.8505396800005675
3058,9.101887548106792,0.9899375267259956,13.227601843314986,0.5569004608287467,16727.07251772653,0.9317681294316326,6662.279370650409,0.7185661422086745
3059,8.173343232140653,0.474079573411474,14.615160371349358,0.9037900928373395,15944.345651827669,0.736086412956917,5899.7326622460305,0.08311055187169236
3060,8.854412606139267,0.8524514478551483,12.739283232893838,0.4348208082234595,16791.047624742794,0.947761906185699,6483.38694548985,0.5694891212415419
3061,7.808632585136904,0.2714625472982799,14.589153906232779,0.8972884765581948,16886.546019155314,0.9716365047888285,6853.131496099262,0.8776095800827183
3062,7.753131099500519,0.24062838861139912,12.680808671701886,0.4202021679254714,16583.636645785526,0.8959091614463818,6195.255064997862,0.3293792208315519
3063,7.916555819614065,0.33141989978559194,14.668622643535691,0.917155660883923,14717.363757426125,0.42934093935653117,6455.01621569577,0.5458468464131419
3064,7.993806989771912,0.374337216539951,11.133566279903832,0.033391569975957824,14360.2732654171,0.34006831635427504,5945.586101714604,0.12132175142883694
3065,8.833148914669202,0.8406382859273354,13.931554108190696,0.7328885270476737,15745.581144270422,0.6863952860676052,5971.9444123949825,0.1432870103291518
3066,7.331491098292669,0.006383943495926969,14.614652504760665,0.9036631261901663,13196.442345913862,0.049110586478465446,5837.855416685865,0.03154618057155412
3067,8.687595236104375,0.7597751311690979,13.22170351836862,0.5554258795921553,16461.525151837268,0.8653812879593166,6667.02901414908,0.722524178457566
3068,7.575182967099835,0.1417683150554635,14.945880286162941,0.9864700715407354,16994.372885527588,0.9985932213818965,5996.94825060141,0.16412354216784208
3069,8.143186904029346,0.45732605779408086,13.495511122107477,0.6238777805268689,16336.33875386876,0.8340846884671901,5900.609440774058,0.0838412006450483
3070,8.210327357710277,0.49462630983904277,11.397633859888645,0.09940846497216127,16640.965145028764,0.9102412862571909,6887.948602897641,0.906623835748034
3071,8.184650798933475,0.48036155496304167,11.653455368352546,0.16336384208813637,15708.148554574724,0.6770371386436812,6074.6262411557545,0.2288552009631285
3072,7.40929585171965,0.04960880651091626,14.066655723789388,0.7666639309473471,16302.393535406201,0.8255983838515502,6422.336112680282,0.5186134272335682
3073,7.965983015235732,0.3588794529087401,14.363953737769204,0.8409884344423012,13260.953903824298,0.06523847595607435,6218.833980590895,0.34902831715907967
3074,9.109058196299957,0.9939212201666429,14.664810406023452,0.9162026015058629,16269.539803290043,0.8173849508225108,6020.529253104418,0.18377437758701498
3075,8.645447775987023,0.7363598755483468,11.92963844776899,0.2324096119422474,16589.15903840083,0.8972897596002072,5966.860482753517,0.13905040229459775
3076,8.62172386863476,0.7231799270193109,12.400091053074895,0.3500227632687237,14074.127462684763,0.2685318656711905,6680.0953420314945,0.7334127850262452
3077,8.181478221592133,0.4785990119956295,14.096649597311913,0.7741623993279785,13008.465456649543,0.0021163641623858087,6441.257209064204,0.5343810075535036
3078,7.660548364673199,0.1891935359295548,12.887128885670275,0.4717822214175691,14851.706237122615,0.4629265592806535,6556.549257210294,0.6304577143419117
3079,7.379757520246418,0.03319862235912108,11.265948385611011,0.06648709640275297,14304.389065241208,0.3260972663103021,6618.931073228943,0.6824425610241195
3080,8.38881145194015,0.5937841399667502,14.121810500462336,0.7804526251155841,13525.192819743152,0.1312982049357877,6080.367685982161,0.23363973831846696
3081,8.816479154502545,0.8313773080569702,11.949788747614882,0.23744718690372046,13840.895320778718,0.21022383019467972,6982.837401227382,0.9856978343561517
3082,7.902031526985929,0.32335084832551597,14.880992654941611,0.970248163735403,13330.285618083632,0.08257140452090783,6878.775175006555,0.898979312505463
3083,7.8450156766321415,0.2916753759067454,14.845566802843212,0.9613917007108032,14995.792210667414,0.4989480526668536,6369.6286663925375,0.4746905553271149
3084,8.232522430788514,0.5069569059936186,12.571463697866339,0.39286592446658475,13226.200030413247,0.05655000760331186,6619.930102318795,0.6832750852656626
3085,8.239868283482842,0.5110379352682459,14.170716474275928,0.7926791185689819,15005.065964259431,0.5012664910648579,6443.536021049395,0.5362800175411622
3086,8.0175676016481,0.38753755647116694,12.48183180955813,0.3704579523895327,13180.63866178028,0.045159665445069885,6560.996822938245,0.6341640191152038
3087,9.063717704247404,0.9687320579152247,13.330707547842158,0.5826768869605395,16730.707339383032,0.9326768348457584,6296.792488659396,0.4139937405494968
3088,8.662460026886192,0.745811126047885,14.03898575296045,0.7597464382401123,15511.988655207864,0.6279971638019661,6810.819859607153,0.8423498830059611
3089,8.754541563903073,0.7969675355017077,13.872818853608997,0.7182047134022495,15676.364971031991,0.6690912427579976,6390.384726103026,0.4919872717525213
3090,7.4543711376411705,0.07465063202287225,13.570860790071364,0.6427151975178412,15098.401807005266,0.5246004517513168,6438.213358727491,0.5318444656062423
3091,8.01854604354472,0.3880811353026222,13.974570294327458,0.7436425735818646,16807.55853118078,0.9518896327951952,6513.6627026520555,0.5947189188767126
3092,8.960869425472636,0.9115941252625758,13.03376497851345,0.5084412446283625,16096.069875131187,0.7740174687827964,6184.271286218753,0.32022607184896024
3093,7.651726599311489,0.18429255517304965,12.86959051903247,0.4673976297581176,16066.75336629323,0.7666883415733075,6124.894043969343,0.27074503664111915
3094,7.397619863106847,0.04312214617047061,13.985844187196316,0.7464610467990788,16699.787961024504,0.9249469902561259,6838.072447526915,0.8650603729390959
3095,8.859005233669663,0.8550029075942577,11.950379713440402,0.23759492836010054,16379.369223158537,0.8448423057896346,5818.711814890932,0.015593179075777064
3096,8.623626954085971,0.7242371967144281,13.25129946271166,0.5628248656779149,16084.937486545368,0.7712343716363422,6926.805675167051,0.939004729305876
3097,8.266385169270974,0.5257695384838741,11.759886934465628,0.18997173361640696,14717.455591452375,0.4293638978630938,6930.714822380288,0.9422623519835734
3098,7.767416088996983,0.2485644938872127,14.56180189771806,0.8904504744295153,14859.95678882002,0.46498919720500487,5944.440876788429,0.12036739732369073
3099,8.055238877781262,0.408466043211812,14.876472997226,0.9691182493065,13739.95913681701,0.1849897842042525,5975.21016636505,0.1460084719708752
3100,7.925809439830102,0.3365607999056123,12.486775493209356,0.37169387330233894,13604.273862643922,0.15106846566098042,5800.595263466051,0.0004960528883758419
3101,9.020699078945473,0.9448328216363743,12.09169044022828,0.27292261005706997,13604.446951515196,0.15111173787879906,5840.521622707357,0.03376801892279724
3102,8.581518202830653,0.7008434460170294,11.580114320902556,0.14502858022563914,15755.231677201577,0.688807919300394,6888.497467461824,0.9070812228848534
3103,8.75208696934948,0.795603871860822,12.734579638073015,0.43364490951825363,13030.887907409704,0.007721976852426149,6435.71310494718,0.5297609207893169
3104,9.06932645923754,0.9718480329097458,12.672323067288445,0.41808076682211137,14606.498538982529,0.40162463474563226,6063.668956320958,0.2197241302674654
3105,8.608858872646705,0.7160327070259471,14.111799461731966,0.7779498654329917,16826.437408713708,0.956609352178427,6821.059595186579,0.850882995988816
3106,7.333341836114449,0.007412131174693748,14.410933588716395,0.8527333971790986,15971.331025599742,0.7428327563999357,6732.556195268943,0.7771301627241192
3107,8.1812040302411,0.4784466834672775,11.222052169577328,0.05551304239433208,15286.166222779886,0.5715415556949717,6675.968370457699,0.7299736420480827
3108,7.833811952719814,0.285451084844341,12.058311034239285,0.264577758559821,14727.100749972822,0.43177518749320554,6380.936824471713,0.4841140203930945
3109,8.29951029365571,0.5441723853642835,11.82532315474732,0.20633078868682997,15247.256317429676,0.561814079357419,6996.2554460040365,0.996879538336697
3110,9.03377685394895,0.9520982521938616,12.919054639274147,0.47976365981853664,14239.89306918738,0.30997326729684505,5943.3799550247995,0.11948329585399964
3111,7.837101443187285,0.28727857954849134,14.415667056695241,0.8539167641738103,16800.78854260117,0.9501971356502923,6268.779996860356,0.3906499973836295
3112,8.070898589622262,0.4171658831234787,11.098477495155977,0.02461937378899426,14309.865035188708,0.3274662587971773,6887.36847983858,0.9061403998654833
3113,8.750675975397476,0.7948199863319316,12.187676779900212,0.29691919497505315,14609.094280570682,0.4022735701426703,5848.364472037944,0.04030372669828697
3114,7.444885487184937,0.069380826213854,12.354193584036025,0.33854839600900644,13359.834359683975,0.08995858992099393,6349.6253963446225,0.4580211636205187
3115,7.786217226957961,0.25900957053220053,11.185503165409166,0.04637579135229164,13350.859256230433,0.08771481405760839,6655.543157689022,0.7129526314075187
3116,7.594806942450958,0.15267052358386546,13.146970963665858,0.5367427409164642,15144.714336673267,0.536178584168317,6764.138875763228,0.803449063136023
3117,8.419944490295084,0.611080272386158,13.778982412469244,0.6947456031173112,15009.90239450732,0.5024755986268303,6862.376589954602,0.8853138249621686
3118,8.689564249666699,0.7608690275926103,13.335773006265455,0.5839432515663637,13523.975219789512,0.1309938049473781,6626.153068443353,0.6884608903694606
3119,9.100742959868981,0.9893016443716569,14.456294965366517,0.8640737413416291,13277.564318921364,0.06939107973034098,6973.226070882288,0.9776883924019065
3120,8.694314916455667,0.7635082869198153,13.419917221932677,0.6049793054831691,16039.029369341435,0.7597573423353589,5858.972394095628,0.0491436617463572
3121,7.834723833432336,0.2859576852401865,12.89980878668239,0.4749521966705976,13380.707504693473,0.09517687617336812,6181.231094791056,0.3176925789925473
3122,8.388135682356374,0.5934087124202084,11.610451572994585,0.15261289324864602,16422.745721733532,0.855686430433383,6084.856117436294,0.23738009786357805
3123,8.198222804262302,0.48790155792350165,12.835916175662772,0.4589790439156931,15510.845415004962,0.6277113537512403,6083.052805464895,0.23587733788741239
3124,8.865303928221149,0.8585021823450826,12.839483180022281,0.45987079500557015,16787.264988696345,0.946816247174086,5960.583285968079,0.13381940497339884
3125,7.937428536027037,0.3430158533483535,13.281614146529435,0.5704035366323588,15571.20442319452,0.6428011057986301,6901.638403135183,0.918032002612652
3126,8.934534539827188,0.8969636332373271,13.58344988192608,0.64586247048152,14197.470987454304,0.2993677468635759,6976.505684573209,0.9804214038110077
3127,8.724972300432205,0.7805401669067811,11.85383827205873,0.2134595680146827,15485.340800527549,0.6213352001318871,6360.540177993264,0.46711681499438606
3128,7.965569979900201,0.35864998883344534,12.39043423853586,0.3476085596339652,15356.805850891393,0.5892014627228485,6099.855053076452,0.24987921089704357
3129,8.736164839084559,0.7867582439358668,13.655203841455831,0.6638009603639579,15780.940132260368,0.695235033065092,5847.179349636916,0.03931612469743051
3130,8.02284025158026,0.3904668064334773,13.94291790364876,0.7357294759121903,14959.328402985213,0.4898321007463031,5812.595381999299,0.01049615166608242
3131,7.877277992430558,0.30959888468364305,14.99523131581293,0.9988078289532323,14050.203625405566,0.26255090635139156,5904.507770115259,0.0870898084293823
3132,9.004920755888943,0.9360670866049685,11.740622709508424,0.18515567737710592,14535.710194715562,0.3839275486788908,6299.058622508255,0.41588218542354627
3133,8.787687547610268,0.8153819708945934,11.980364117660203,0.2450910294150508,16395.06213123551,0.8487655328088773,6350.147054399881,0.4584558786665679
3134,8.645304655177132,0.736280363987296,13.265939430474885,0.5664848576187212,15039.840016633645,0.5099600041584113,5999.233245693439,0.16602770474453288
3135,8.642601815262196,0.7347787862567761,14.366581538448148,0.8416453846120372,13143.54863745391,0.03588715936347764,6263.386143784335,0.3861551198202796
3136,7.533363895621642,0.11853549756757875,13.0990072249126,0.5247518062281501,13309.050918972223,0.0772627297430557,6290.257227659051,0.40854768971587563
3137,7.410402843080148,0.05022380171119323,12.520114155313586,0.38002853882839616,14747.280217672307,0.4368200544180768,5870.904507445516,0.05908708953793007
3138,7.3992216910250255,0.04401205056945823,13.439022047119629,0.6097555117799073,15404.933560678435,0.6012333901696088,6048.813549422812,0.20734462451900992
3139,7.366946056288429,0.026081142382459954,13.161582790018253,0.5403956975045633,13948.507518631499,0.2371268796578746,6945.304155509265,0.9544201295910543
3140,7.685787172464904,0.20321509581383557,11.357946091396686,0.08948652284917158,13136.278565593388,0.03406964139834667,6106.4305876798435,0.25535882306653657
3141,8.82776009464811,0.8376444970267274,11.833424169122363,0.2083560422805908,13247.615280507733,0.061903820126933184,6580.009859007499,0.6500082158395819
3142,7.851022143831735,0.2950123021287421,13.06522465545974,0.516306163864935,13936.175252423878,0.23404381310596967,6049.557905268635,0.2079649210571961
3143,8.255643958088442,0.5198021989380232,12.479533877770546,0.3698834694426365,13323.176838315992,0.08079420957899819,6044.570823934018,0.203809019945015
3144,7.692113566603864,0.2067297592243691,12.36068490437058,0.34017122609264483,14273.73877297349,0.31843469324337237,5810.898357016166,0.009081964180138513
3145,8.456687867472567,0.631493259706982,12.489154793865715,0.37228869846642887,13746.540817858931,0.18663520446473292,6837.524603657502,0.8646038363812517
3146,8.376582312569417,0.5869901736496763,13.167049254586342,0.5417623136465857,14601.015205031435,0.4002538012578587,6259.223588018836,0.3826863233490305
3147,9.047749685977287,0.9598609366540486,12.665216575088415,0.4163041437721037,14000.481689963486,0.25012042249087163,6570.050985253395,0.6417091543778293
3148,7.46722841200994,0.08179356222774437,13.093850900405283,0.5234627251013206,14540.418059555892,0.3851045148889731,6530.069763952192,0.6083914699601602
3149,8.89112101931115,0.872845010728417,14.443470703042328,0.8608676757605821,15044.5414776595,0.5111353694148751,6479.6348193181075,0.5663623494317562
3150,7.623879488987619,0.16882193832645498,12.163629097630626,0.2909072744076562,14643.088843763726,0.4107722109409313,6636.226989205617,0.6968558243380143
3151,7.5476410424878475,0.12646724582658198,14.841550265491886,0.9603875663729715,16530.566499735804,0.8826416249339508,6434.803712337248,0.5290030936143733
3152,7.829326297311202,0.2829590540617791,12.223008515932905,0.30575212898322623,16412.31492094597,0.8530787302364928,6268.41730626288,0.3903477552190666
3153,7.875185526006606,0.3084364033370036,13.218866838103725,0.5547167095259311,13328.354996219006,0.08208874905475161,6091.647680807429,0.24303973400619083
3154,7.337264739362332,0.009591521867961639,12.691853591173647,0.42296339779341174,15729.627200641764,0.6824068001604412,6223.530044954528,0.352941704128774
3155,8.756484475496778,0.7980469308315437,13.69205050564588,0.6730126264114701,16360.037741302418,0.8400094353256042,6130.693169816477,0.2755776415137309
3156,8.541763162195839,0.6787573123310212,13.185863893046218,0.5464659732615542,13321.361757057908,0.08034043926447698,6015.374470347836,0.17947872528986353
3157,7.609474744005156,0.16081930222508667,11.591751907072776,0.14793797676819387,14616.329120348773,0.40408228008719316,5881.493287230946,0.06791107269245533
3158,7.538336230155595,0.12129790564199738,14.497936580600246,0.8744841451500617,15556.53653901076,0.6391341347526899,6843.995924772643,0.8699966039772025
3159,8.972881087959149,0.9182672710884165,11.785676473295062,0.19641911832376568,13261.942636131453,0.06548565903286296,6352.628319377847,0.4605235994815391
3160,8.05230105848782,0.40683392138212304,11.40120403144156,0.10030100786038998,13735.914442618701,0.18397861065467547,6254.160698662011,0.3784672488850094
3161,7.3624414647109075,0.023578591506059454,11.909969054893592,0.22749226372339793,14594.65732013283,0.39866433003320745,5856.864806003569,0.04738733833630815
3162,7.550631278047366,0.1281284878040918,13.502271351614924,0.6255678379037309,15929.59587650666,0.7323989691266651,6324.802320407274,0.4373352670060622
3163,8.745525227659487,0.791958459810826,14.843071069122805,0.9607677672807013,13347.269489494705,0.08681737237367615,6113.7251561083285,0.26143763009027343
3164,8.503635273591666,0.6575751519953702,11.400243369323963,0.10006084233099066,14113.745571237963,0.27843639280949084,6434.992181345164,0.5291601511209698
3165,8.787865870896503,0.8154810393869468,13.729209195048917,0.6823022987622289,16563.60161600606,0.8909004040015152,5894.824236263639,0.0790201968863663
3166,8.08401503824633,0.4244527990257385,14.910457205832122,0.9776143014580305,14265.841753612276,0.3164604384030688,6061.647125536383,0.21803927128031952
3167,7.982188957153066,0.36788275397392545,13.58267198852797,0.6456679971319924,13549.974412594256,0.13749360314856407,6513.127411120167,0.5942728426001391
3168,7.530633124258346,0.11701840236574756,14.007990287251273,0.7519975718128183,16093.894044147079,0.7734735110367698,6569.113122074696,0.6409276017289126
3169,8.655383266916868,0.741879592731594,13.549421817670103,0.6373554544175256,13297.18534842466,0.07429633710616523,6558.636475341033,0.6321970627841941
3170,7.974831626868022,0.3637953482600126,14.480113792722285,0.8700284481805715,13141.657177148663,0.035414294287165915,6082.307192863429,0.2352559940528578
3171,8.816823337032432,0.8315685205735733,13.188627769877757,0.5471569424694392,14916.684419045185,0.4791711047612961,6936.102776183612,0.9467523134863434
3172,8.231530100457196,0.5064056113651085,14.212486415181665,0.8031216037954162,13116.531353723312,0.029132838430828145,5884.223415796479,0.07018617983039876
3173,7.379663566996434,0.033146426109129656,11.879564019689928,0.21989100492248193,16258.395596307917,0.8145988990769791,6675.154964820176,0.7292958040168134
3174,8.691684697517866,0.7620470541765922,11.87880395457058,0.2197009886426452,16120.323636971938,0.7800809092429845,6613.468752890274,0.6778906274085619
3175,8.255305230323609,0.51961401684645,12.32435585689909,0.3310889642247723,15221.474336402207,0.5553685841005517,6783.7185025148865,0.8197654187624055
3176,8.057243776113765,0.4095798756187583,13.421091343069655,0.6052728357674136,15450.157052827964,0.6125392632069913,6913.0639577539205,0.9275532981282668
3177,8.633072816331744,0.7294848979620797,13.322344550440638,0.5805861376101594,15811.719255587652,0.7029298138969131,6317.20059072851,0.4310004922737586
3178,8.136204908957446,0.45344717164302506,11.996872786358626,0.24921819658965627,15468.275577650575,0.6170688944126436,6477.873371804422,0.5648944765036849
3179,8.914259260446348,0.8856995891368604,11.11845366946039,0.029613417365097483,15179.56123088382,0.5448903077209551,6757.0240644641335,0.7975200537201111
3180,7.994603344632772,0.37477963590709573,11.57943828118575,0.1448595702964376,14384.641659379382,0.3461604148448455,5852.834531948405,0.04402877662367077
3181,7.451957935123305,0.07330996395739153,11.057595744358817,0.014398936089704217,16764.298954179074,0.941074738544768,6374.936576300802,0.47911381358400174
3182,8.231302737287498,0.5062792984930542,11.108818825839045,0.027204706459761252,16416.260175490148,0.8540650438725375,6653.580096135147,0.7113167467792889
3183,9.023172953520579,0.9462071964003221,11.67415567683255,0.16853891920813757,15673.760042702601,0.6684400106756503,6267.8184038918,0.38984866990983347
3184,7.920580935889814,0.33365607549434095,13.828067888541783,0.7070169721354459,13670.65824804207,0.1676645620105175,6063.1587448781665,0.21929895406513888
3185,7.435982569017901,0.06443476056550079,13.859413822560342,0.7148534556400854,14826.888319411926,0.4567220798529813,6948.687474879406,0.9572395623995051
3186,7.949210779538929,0.3495615441882941,13.086986810309494,0.5217467025773734,16419.062759695884,0.8547656899239712,6634.124462035829,0.6951037183631912
3187,7.524559702452872,0.11364427914048436,11.3376680025942,0.08441700064854962,13184.367983243144,0.046091995810786046,6450.8714754469365,0.5423928962057804
3188,8.468237908495507,0.6379099491641709,11.528566026704954,0.13214150667623836,15983.789954985969,0.7459474887464919,6592.617360935347,0.6605144674461226
3189,7.497604112821351,0.0986689515674175,12.695128912362568,0.42378222809064214,16021.59519348103,0.7553987983702574,6162.865018609421,0.3023875155078506
3190,7.3568910442759785,0.020495024597765754,14.411162423573604,0.852790605893401,13549.082547486012,0.1372706368715031,6949.676641632828,0.9580638680273564
3191,7.965267872667308,0.3584821514818376,13.226491598014835,0.5566228995037086,16447.906503819704,0.8619766259549256,6291.793886104602,0.40982823842050176
3192,8.174353832581378,0.474641018100766,14.282877161165066,0.8207192902912666,16208.481831847965,0.8021204579619912,5949.8795101564,0.12489959179699972
3193,8.378696407234035,0.5881646706855755,11.643785702443827,0.16094642561095662,13495.30027129822,0.12382506782455494,6379.979233252137,0.48331602771011417
3194,8.683801990322046,0.7576677724011371,12.337192247923609,0.3342980619809023,16683.13372491688,0.9207834312292199,6638.766444202101,0.6989720368350842
3195,7.444696276517807,0.06927570917655956,12.444408859010382,0.36110221475259563,15669.926457721951,0.6674816144304875,6590.582060675486,0.6588183838962386
3196,7.387238902248133,0.03735494569340714,13.34409917221962,0.5860247930549051,16876.769756334845,0.9691924390837116,5927.22130603132,0.10601775502610011
3197,7.334868809591488,0.00826044977304885,14.135708258591546,0.7839270646478865,13705.755876671812,0.17643896916795287,6301.0118206819525,0.41750985056829404
3198,8.373796957134505,0.5854427539636142,12.096999110419066,0.27424977760476665,15239.249916621,0.5598124791552498,6566.794127582574,0.6389951063188121
3199,8.746983624821407,0.792768680456338,11.348422420559988,0.08710560513999688,14556.779204073304,0.38919480101832604,6698.2869926586745,0.7485724938822285
3200,8.140602549822562,0.45589030545697906,14.25675861014822,0.8141896525370548,14449.293863062743,0.36232346576568586,6307.778398306749,0.4231486652556241
3201,8.870937149055022,0.8616317494750125,11.489053390535183,0.12226334763379598,16918.354096639643,0.9795885241599104,6549.023477209371,0.6241862310078088
3202,7.704501872010193,0.21361215111677423,14.417601387841902,0.8544003469604756,15937.24259935824,0.7343106498395601,6620.698436360881,0.6839153636340672
3203,8.400175039822258,0.6000972443456988,12.763007525792684,0.44075188144817123,15718.986284801162,0.6797465712002905,6435.482469938794,0.5295687249489945
3204,8.926004063310385,0.8922244796168814,11.540827457852751,0.13520686446318797,16737.838082916856,0.9344595207292142,6136.074586005367,0.2800621550044724
3205,7.3311424322751995,0.006190240152888493,14.669303781037762,0.9173259452594406,16117.926008796141,0.7794815021990352,6591.92473938169,0.6599372828180754
3206,7.755073228511633,0.24170734917312964,11.784211246638014,0.1960528116595035,14003.165151207226,0.2507912878018066,6985.143717323347,0.9876197644361226
3207,7.866792887030772,0.3037738261282067,13.724291347245305,0.6810728368113264,14796.036885353384,0.4490092213383461,6733.473369676356,0.7778944747302964
3208,8.063992753038278,0.4133293072434878,14.226649081859682,0.8066622704649205,15481.158112591613,0.6202895281479034,5919.572534387523,0.09964377865626872
3209,8.863892236141702,0.8577179089676129,12.890363767191822,0.47259094179795524,15818.965792446406,0.7047414481116017,6132.942251953931,0.27745187662827575
3210,7.954066173823079,0.35225898545726597,11.32047360054032,0.08011840013507987,15438.861885715163,0.609715471428791,6873.513692751278,0.8945947439593982
3211,9.028241188264905,0.9490228823693919,13.818124068555354,0.7045310171388386,13296.166790566183,0.07404169764154567,6182.725504326373,0.3189379202719774
3212,9.040577477461495,0.9558763763674976,11.599886339328064,0.1499715848320161,13948.01722595027,0.23700430648756776,5805.407422358827,0.004506185299022469
3213,7.905855693697747,0.3254753853876372,12.820662083854202,0.4551655209635507,15474.121906148683,0.6185304765371705,5934.016675995928,0.11168056332994003
3214,7.939020053555556,0.34390002975308653,12.586499480912646,0.3966248702281616,15065.557757486911,0.5163894393717277,6548.001166479121,0.6233343053992673
3215,7.527435487147993,0.11524193730444021,14.415789869706698,0.8539474674266746,16276.00884092364,0.81900221023091,6740.2663221889115,0.7835552684907596
3216,8.133607334623035,0.4520040747905748,11.513523442369216,0.12838086059230402,15774.413208659891,0.693603302164973,6753.559234980736,0.7946326958172794
3217,8.483763054901939,0.6465350305010772,14.571762529920356,0.892940632480089,13902.59598553807,0.22564899638451752,5930.8344414868425,0.10902870123903563
3218,8.838334518510791,0.84351917695044,13.457442875245274,0.6143607188113187,15610.454718544599,0.6526136796361499,5956.462846223905,0.13038570518658732
3219,8.735350697813834,0.7863059432299082,13.164912219085704,0.5412280547714258,13947.073111818194,0.23676827795454858,6469.021167177654,0.5575176393147118
3220,7.581738089988706,0.14541004999372564,14.369028320824127,0.8422570802060315,14108.381333801204,0.27709533345030124,5814.26187957181,0.01188489964317474
3221,7.708311617743312,0.21572867652406202,14.776631634774489,0.9441579086936224,15573.124275386932,0.6432810688467329,6941.041912381566,0.9508682603179718
3222,7.6956612268021845,0.20870068155676902,14.46138852188348,0.8653471304708699,16433.993671735094,0.8584984179337736,6101.12728666836,0.25093940555696714
3223,7.805973876527537,0.26998548695974245,12.47593191675482,0.36898297918870493,15460.3005385723,0.6150751346430751,6071.708336785749,0.22642361398812438
3224,8.101589135328842,0.43421618629380143,12.41546286146329,0.3538657153658227,15068.424974748634,0.5171062436871585,5837.6866188055665,0.03140551567130567
3225,8.573628398262032,0.696460221256685,12.827077834481113,0.45676945862027807,13636.857680260695,0.15921442006517372,6985.6611496225,0.9880509580187493
3226,8.094027971491903,0.43001553971772377,13.233310630609191,0.5583276576522977,13521.64336261407,0.1304108406535175,6410.183545113025,0.5084862875941871
3227,9.044308101827278,0.9579489454595997,13.457446801921012,0.614361700480253,15465.277885579913,0.6163194713949782,5845.631121487862,0.03802593457321901
3228,7.5140351478605405,0.10779730436696677,13.690252084950671,0.672563021237668,16406.717803544692,0.851679450886173,6753.65322954512,0.7947110246209331
3229,7.953564082371187,0.35198004576177067,13.776476955948578,0.6941192389871443,16695.961823481037,0.9239904558702589,6389.6433860004345,0.49136948833369576
3230,8.513408184957212,0.6630045471984516,12.741222605944955,0.4353056514862389,16875.40367582676,0.9688509189566907,6423.594958682037,0.5196624655683638
3231,8.14609167433654,0.4589398190758561,12.80102492804985,0.4502562320124627,13047.17983446541,0.011794958616352824,6806.01787815982,0.8383482317998501
3232,8.763864864629747,0.8021471470165269,11.536620116333047,0.13415502908326182,16154.058547411414,0.7885146368528536,5975.066893510187,0.14588907792515526
3233,7.993233241187422,0.3740184673263459,12.83301251378489,0.45825312844622257,13838.64504521499,0.2096612613037474,5914.996851780843,0.09583070981736941
3234,8.939542589140698,0.8997458828559435,14.263727433548274,0.8159318583870685,14263.21217029064,0.31580304257266023,6445.883170600086,0.5382359755000711
3235,7.9915616739291115,0.3730898188495063,14.228282906792703,0.8070707266981759,16008.595218000031,0.7521488045000078,5840.466979233592,0.03372248269465983
3236,7.530389545966689,0.11688308109260481,11.922326216559911,0.23058155413997772,16964.365840397586,0.991091460099397,6440.766611382355,0.5339721761519625
3237,8.974718926827194,0.9192882926817751,12.144927290774357,0.28623182269358904,14761.753181147455,0.4404382952868636,6735.258983175062,0.7793824859792184
3238,7.807468825109647,0.27081601394980415,12.09049472566884,0.27262368141721005,13832.1541357495,0.20803853393737504,6709.903464690202,0.7582528872418349
3239,8.370422756398579,0.5835681979992112,13.470493157692395,0.617623289423099,15028.052899347676,0.507013224836919,6233.880940636012,0.3615674505300106
3240,8.923489625271332,0.8908275695951847,11.400351426801484,0.1000878567003709,13780.890622435722,0.19522265560893048,6104.897802491673,0.25408150207639435
3241,8.404688730018329,0.602604850010183,11.585525888157257,0.14638147203931395,14585.394154885265,0.39634853872131626,6714.260031688667,0.761883359740556
3242,8.153638701387976,0.46313261188220944,11.732120189531495,0.18303004738287376,14898.696689875207,0.4746741724688016,6824.266774128296,0.8535556451069131
3243,8.13542174236932,0.45301207909406693,14.455770854941807,0.8639427137354516,14327.069122208526,0.33176728055213156,6909.371364236189,0.9244761368634907
3244,7.412530892473053,0.05140605137391818,14.407963006495763,0.8519907516239407,14181.345081099156,0.29533627027478915,6228.795357294375,0.3573294644119791
3245,8.288489494919109,0.5380497193995051,12.976601100898979,0.4941502752247444,15505.631542616076,0.6264078856540193,6649.021982769907,0.7075183189749223
3246,7.704571404969164,0.21365078053842435,13.9311991595407,0.7327997898851749,13229.002798796426,0.05725069969910668,6472.626393628445,0.5605219946903708
3247,7.566667049767579,0.1370372498708775,13.572086768691603,0.6430216921729007,14359.956470922936,0.33998911773073404,6503.369168826272,0.5861409740218928
3248,8.822347211503793,0.8346373397243293,14.758942808475112,0.939735702118778,14007.068605977789,0.2517671514944474,6828.229441907008,0.8568578682558399
3249,9.041323965848157,0.9562910921378655,11.869799200025259,0.21744980000631453,14018.46809955685,0.25461702488921245,6825.998310705059,0.8549985922542158
3250,8.49482164034106,0.6526786890783673,11.44978258285802,0.112445645714505,15667.259020525962,0.6668147551314906,5938.298116346238,0.11524843028853171
3251,7.770131337403883,0.2500729652243794,13.380529468270467,0.5951323670676166,16832.238295973057,0.9580595739932645,6275.321813675593,0.3961015113963273
3252,7.5097445207874856,0.10541362265971421,12.741062548116453,0.43526563702911336,13621.219566333915,0.1553048915834787,5913.971926371676,0.09497660530972984
3253,7.685253269123265,0.20291848284625824,14.13171602989142,0.7829290074728549,16318.594699040055,0.829648674760014,6633.81305254432,0.6948442104536003
3254,8.54389370575531,0.67994094764184,14.894197933613242,0.9735494834033105,13709.299124179352,0.17732478104483773,6037.9911601666645,0.1983259668055537
3255,8.630191108713484,0.7278839492852697,14.256134474466268,0.8140336186165671,16415.74122676243,0.8539353066906077,6516.570259829056,0.59714188319088
3256,7.567312178239185,0.13739565457732472,14.46329611288592,0.8658240282214803,16658.63146244905,0.9146578656122625,5969.621880534477,0.14135156711206442
3257,8.128862327187399,0.4493679595485548,13.389792418133478,0.5974481045333694,15279.880869054188,0.5699702172635468,6942.948186797354,0.9524568223311277
3258,7.644964073195196,0.18053559621955362,12.621736433626927,0.40543410840673155,15489.678145871672,0.6224195364679181,6612.989720197707,0.6774914334980893
3259,8.17291267318604,0.4738403739922443,13.67543732294185,0.6688593307354626,13842.126207432024,0.21053155185800598,5957.966745355958,0.13163895446329843
3260,8.80368002059078,0.8242666781059899,14.334133496688628,0.833533374172157,16169.752068337966,0.7924380170844918,6264.467042349539,0.3870558686246155
3261,8.958636387850609,0.910353548805894,12.904346278661784,0.4760865696654457,15859.02803708866,0.714757009272165,6073.72652436982,0.22810543697485008
3262,8.955548034874742,0.9086377971526344,14.187622758663318,0.7969056896658295,15152.0364854265,0.5380091213566253,6472.370861738264,0.5603090514485533
3263,8.367618926405887,0.5820105146699374,14.292043008395218,0.8230107520988045,14981.224767491942,0.4953061918729853,6480.152193493517,0.5667934945779308
3264,7.768165194567725,0.24898066364873617,12.353664779857429,0.33841619496435704,14308.233290088445,0.3270583225221112,6880.2514586682855,0.900209548890238
3265,8.158588724948366,0.4658826249713143,12.522471204193465,0.3806178010483665,14793.80975799279,0.4484524394981978,6335.532587741824,0.44627715645151955
3266,8.159879976492412,0.466599986940229,13.182644804562782,0.5456612011406955,13090.71867321997,0.022679668304992462,6801.112929801443,0.8342607748345358
3267,7.7310528686512345,0.22836270480624155,11.85142483807728,0.21285620951932016,14298.440433113912,0.324610108278478,6112.397286839133,0.26033107236594377
3268,7.411532338567369,0.050851299204093925,14.906477891693623,0.9766194729234059,13160.569789446523,0.04014244736163053,6637.695306650807,0.6980794222090054
3269,8.925181438590197,0.8917674658834436,13.667263251170231,0.666815812792558,16495.29972297121,0.8738249307428021,6952.928345220383,0.9607736210169856
3270,8.97383586496996,0.9187977027610891,14.065367610662502,0.7663419026656257,15660.679503355668,0.6651698758389171,6328.925186161845,0.4407709884682045
3271,8.687862341087436,0.7599235228263542,12.300242398256076,0.325060599564019,15411.016533759943,0.6027541334399855,5853.74549060714,0.044787908839282964
3272,8.571876332583983,0.6954868514355467,14.697223354594716,0.9243058386486791,16834.22310660257,0.9585557766506422,6705.722488671459,0.7547687405595491
3273,7.9055768553769035,0.32532047520939067,11.541751945324044,0.13543798633101123,16186.607569208498,0.7966518923021245,6276.039972885699,0.3966999774047496
3274,7.740279928812084,0.23348884934004654,12.013844892954921,0.25346122323873044,16262.576008581598,0.8156440021453997,6756.079915556741,0.7967332629639508
3275,8.098117201136638,0.4322873339647989,11.41239825460752,0.10309956365188022,14590.962516817774,0.3977406292044433,6650.072797144874,0.7083939976207287
3276,8.544750019365415,0.6804166774252307,11.985461012369623,0.24636525309240553,14117.622408180887,0.2794056020452217,6519.807927832114,0.5998399398600947
3277,7.568870312309874,0.13826128461659692,11.827030641692549,0.20675766042313737,16293.536940422477,0.823384235105619,6132.222200896421,0.27685183408035063
3278,8.877311494272083,0.8651730523733798,14.43458769222968,0.8586469230574203,15733.03181902611,0.6832579547565273,6277.9770653861415,0.39831422115511816
3279,7.749404294427933,0.23855794134885155,14.096474321918326,0.7741185804795815,13094.529238377683,0.023632309594420753,6693.250232938333,0.7443751941152777
3280,8.420434635673448,0.6113525753741385,11.114644605817116,0.028661151454278944,13233.231088692775,0.05830777217319372,6828.997941905442,0.857498284921201
3281,8.054532641777357,0.4080736898763089,13.178629393646254,0.5446573484115638,15685.059965713865,0.6712649914284662,6544.895914339997,0.6207465952833306
3282,8.840918900562805,0.8449549447571145,14.26894567950548,0.8172364198763699,16605.19726559928,0.9012993163998195,6600.698754585843,0.6672489621548693
3283,8.41645903519494,0.6091439084416331,12.543162997790052,0.38579074944751324,16122.716854960558,0.7806792137401395,6333.052503626658,0.444210419688882
3284,7.719458466437158,0.22192137024286518,12.259525393135323,0.31488134828383074,13327.394562649124,0.08184864066228081,6967.481656247683,0.9729013802064023
3285,8.789919599670716,0.8166219998170644,13.035721229352848,0.508930307338212,16440.689734549032,0.8601724336372583,5963.842301981099,0.13653525165091573
3286,8.562084989254286,0.6900472162523812,11.206648068174642,0.05166201704366047,13766.696745978536,0.19167418649463408,6180.34044189325,0.3169503682443747
3287,7.7864111424922395,0.25911730138457734,14.961469093555815,0.9903672733889537,13781.32667527388,0.1953316688184702,5818.815683743715,0.01567973645309606
3288,8.886610589339966,0.8703392162999821,11.82749895371285,0.20687473842821236,13574.738096902965,0.1436845242257413,6299.659626502311,0.41638302208525924
3289,8.357119653646427,0.576177585359126,14.230126230827068,0.8075315577067672,16344.225345977411,0.836056336494353,6143.4602263084535,0.2862168552570443
3290,7.5920438609078635,0.15113547828214635,11.714446099449606,0.17861152486240184,16809.55803508332,0.9523895087708298,5929.259791011025,0.10771649250918813
3291,9.055075348334269,0.963930749074594,14.163004267481735,0.7907510668704336,13563.229594996334,0.1408073987490832,6957.174996148309,0.9643124967902573
3292,7.589037438405383,0.1494652435585464,12.30299331087511,0.3257483277187775,16111.66947951388,0.7779173698784698,6912.716966381419,0.9272641386511826
3293,7.41542318527799,0.053012880709994104,13.998592203826771,0.749648050956693,14008.122927255952,0.25203073181398805,6352.805328269258,0.4606711068910486
3294,8.778431757851942,0.8102398654733016,11.226203172471669,0.05655079311791722,15276.745583882526,0.5691863959706316,6392.396050439005,0.49366337536583804
3295,7.645977395971709,0.18109855331761593,12.246620020188628,0.31165500504715704,13899.752858122603,0.22493821453065088,6099.075237761308,0.24922936480109015
3296,7.367847135203785,0.02658174177988082,13.096047400257747,0.524011850064437,16445.833704000725,0.8614584260001813,5984.8312424597325,0.1540260353831101
3297,9.090311060402847,0.9835061446682491,11.060454587581638,0.015113646895409394,14133.25925277836,0.28331481319459006,6930.848613700466,0.9423738447503878
3298,8.18324068755871,0.4795781597548392,14.09796008950931,0.7744900223773277,13116.224354523592,0.029056088630898036,5889.08011308302,0.07423342756918305
3299,7.691336288398388,0.20629793799910434,11.271104303252539,0.06777607581313483,16314.782613916956,0.828695653479239,6343.759231940458,0.4531326932837155
3300,8.05515376636923,0.4084187590940168,13.89379641243903,0.7234491031097577,13678.623516730753,0.1696558791826882,6807.249115947526,0.8393742632896047
3301,8.256358934305617,0.5201994079475644,14.331268798214953,0.8328171995537383,13804.967858306662,0.2012419645766652,6972.376152954537,0.9769801274621139
3302,9.099984065975303,0.9888800366529461,14.165502722656386,0.7913756806640965,16642.263849514937,0.9105659623787341,5903.378904380842,0.086149086984035
3303,8.424084443792937,0.6133802465516318,11.7594064523261,0.1898516130815252,13744.43943705195,0.1861098592629873,6144.1882539834105,0.28682354498617546
3304,8.947437932953536,0.904132184974187,14.308067583190356,0.827016895797589,13683.323795990515,0.17083094899762874,6922.513106216753,0.9354275885139604
3305,7.49764404660871,0.09869113700483878,14.624244012568779,0.9060610031421946,16171.80358408928,0.7929508960223204,5940.642242847817,0.11720186903984786
3306,7.411019892819574,0.050566607121985574,11.075262602989422,0.018815650747355583,14932.907226514357,0.4832268066285892,5817.221827742208,0.014351523118506404
3307,9.092750638661204,0.9848614659228918,11.192021161889139,0.048005290472284745,14198.181350466333,0.2995453376165832,6642.614648381894,0.702178873651578
3308,8.35646888288128,0.5758160460451557,12.11592578249455,0.27898144562363736,14160.880757629817,0.2902201894074543,6830.599593373556,0.8588329944779634
3309,8.864591106485298,0.8581061702696099,14.17698855626613,0.7942471390665325,14110.371771025091,0.27759294275627266,6031.981736269618,0.19331811355801465
3310,8.340419690619559,0.5668998281219768,11.226739254184814,0.056684813546203694,15279.679021404918,0.5699197553512297,6054.421896669243,0.21201824722436935
3311,8.891866561474659,0.873259200819255,12.851261167373488,0.4628152918433721,15630.539114486488,0.6576347786216219,6561.435088232131,0.6345292401934428
3312,8.186408138477775,0.4813378547098749,12.23990767789671,0.3099769194741774,16786.74528149508,0.9466863203737703,6509.4600477474405,0.5912167064562003
3313,9.04478340708369,0.9582130039353842,13.78800242293453,0.6970006057336326,15779.395389023997,0.6948488472559993,6117.584806055644,0.2646540050463696
3314,8.646874810831527,0.7371526726841819,11.795982947058771,0.19899573676469295,13040.924882902995,0.010231220725748558,6034.273605114931,0.19522800426244302
3315,8.245323916653488,0.5140688425852717,13.401526507379451,0.6003816268448627,16329.313453528826,0.8323283633822065,6632.1899360721645,0.6934916133934704
3316,8.407709440430953,0.6042830224616408,13.85669083368549,0.7141727084213727,13189.090286788547,0.047272571697136945,5925.355846552954,0.10446320546079535
3317,8.316065068880448,0.5533694827113607,14.062201575468638,0.7655503938671595,13552.012553210492,0.13800313830262323,6660.946982780968,0.7174558189841401
3318,9.096776147930473,0.9870978599613748,11.107952133779335,0.026988033444833692,16378.70120547805,0.8446753013695123,6321.35024828114,0.4344585402342832
3319,7.887877055443599,0.3154872530242214,12.52811844276462,0.38202961069115515,16956.182721338613,0.9890456803346537,6409.075160227975,0.5075626335233124
3320,7.904364029227854,0.3246466829043636,12.129410355526554,0.2823525888816384,14889.014674493365,0.47225366862334106,6770.176286221331,0.8084802385177755
3321,8.459002512374171,0.6327791735412064,11.326712934340353,0.08167823358508808,14627.422742933011,0.4068556857332528,6430.393095829443,0.5253275798578693
3322,7.924077067622412,0.33559837090134026,13.613958215814549,0.653489553953637,14913.266374862564,0.4783165937156407,6014.534694705325,0.17877891225443754
3323,8.065526084323256,0.4141811579573643,14.333930962449177,0.8334827406122941,14219.556893759662,0.3048892234399152,6141.941685149908,0.2849514042915905
3324,7.762523699873689,0.245846499929827,11.929977276138686,0.23249431903467144,13575.23813396036,0.14380953349009018,5929.9029428815,0.10825245240125003
3325,8.77596407869131,0.808868932606283,11.506882874809214,0.12672071870230373,14621.372018973125,0.4053430047432811,5915.743148801133,0.09645262400094434
3326,7.946656556939038,0.34814253163279896,11.907256382945825,0.22681409573645617,14250.419597304739,0.3126048993261845,6597.188969375003,0.6643241411458354
3327,8.074803903529592,0.4193355019608844,13.845757439624466,0.7114393599061165,14220.323934926208,0.3050809837315521,6729.377131221473,0.7744809426845606
3328,7.4639109621255955,0.07995053451421952,12.172221901701171,0.293055475425293,14704.183377963724,0.42604584449093097,6655.13282702664,0.7126106891888672
3329,8.611674795598953,0.7175971086660851,12.452512639733499,0.36312815993337455,15026.217510290451,0.5065543775726127,6987.0810778284185,0.9892342315236822
3330,8.4181313054218,0.610072947456556,13.360102759278517,0.5900256898196293,14489.10160138071,0.3722754003451775,6883.371794479248,0.9028098287327063
3331,7.457545362102576,0.07641409005698652,12.869797483817589,0.467449370954397,14230.18012939618,0.3075450323490452,6644.511313829459,0.7037594281912158
3332,7.50386657511238,0.10214809728465557,13.198134832884458,0.5495337082211146,14724.438209621741,0.43110955240543514,6138.417134165059,0.2820142784708828
3333,8.775343868356607,0.8085243713092263,14.19737426063591,0.7993435651589773,15258.622007972172,0.5646555019930427,5987.497192872505,0.15624766072708796
3334,8.956715980626157,0.909286655903421,13.000338444015002,0.5000846110037506,13857.139745613867,0.21428493640346702,6752.407432613876,0.7936728605115637
3335,7.384936971331956,0.0360760951844199,12.424799898620883,0.35619997465522046,14620.555334569155,0.405138833642289,6332.829287736232,0.4440244064468597
3336,7.6075114982915055,0.15972861016194728,11.155865319686104,0.03896632992152582,15595.644544503983,0.6489111361259957,5931.854155020842,0.10987846251736855
3337,8.32474160181084,0.5581897787838005,14.815379777574556,0.9538449443936392,14474.450224291459,0.3686125560728648,6230.634506379531,0.3588620886496088
3338,8.079551125277662,0.42197284737647944,12.952646033643138,0.4881615084107843,13842.662903550516,0.21066572588762877,6745.476230429675,0.7878968586913958
3339,8.821480705861415,0.8341559477007866,13.79337756128313,0.6983443903207825,13207.37944304015,0.05184486076003747,6810.258224335909,0.8418818536132575
3340,8.184073165395255,0.4800406474418082,11.684777937784956,0.17119448444623897,14718.362958487704,0.42959073962192573,6703.906335371161,0.7532552794759676
3341,7.572540713082068,0.14030039615670442,12.043877574492777,0.2609693936231944,13303.864338128169,0.07596608453204212,6855.431185590187,0.8795259879918226
3342,8.370501715571573,0.5836120642064291,11.98564206626305,0.24641051656576252,13500.85410049537,0.12521352512384243,6535.141889553356,0.6126182412944633
3343,7.663658042677827,0.19092113482101536,12.112312600474851,0.27807815011871306,16188.771418908826,0.7971928547272065,6726.026357924037,0.7716886316033645
3344,8.87963155227506,0.8664619734861446,12.57544399075614,0.39386099768903515,13666.108529756051,0.16652713243901285,6352.8945533209935,0.4607454611008279
3345,8.043560146711712,0.4019778592842851,14.063086153825308,0.7657715384563272,15195.153568603266,0.5487883921508165,6796.908865197683,0.8307573876647353
3346,7.77718549841948,0.25399194356637766,14.104508705902807,0.7761271764757018,13900.068596392268,0.22501714909806703,6527.239072152713,0.6060325601272605
3347,7.510636254146904,0.10590903008161334,12.663958478948937,0.41598961973723425,14920.06834861538,0.48001708715384495,6750.018843909588,0.7916823699246568
3348,8.534184084869173,0.6745467138162076,11.956182066421068,0.23904551660526707,13883.03013724337,0.22075753431084222,6720.179742086825,0.766816451739021
3349,8.021232694020762,0.3895737189004239,13.446589270716721,0.6116473176791801,14858.352612702842,0.46458815317571056,6030.945640746576,0.19245470062214676
3350,8.795519866396129,0.8197332591089611,11.643241228942731,0.16081030723568257,13737.226075748153,0.1843065189370383,6403.889452590876,0.5032412104923969
3351,8.227923374465997,0.5044018747033319,14.49784615038671,0.8744615375966778,13915.322135639542,0.22883053390988572,5813.548600829959,0.011290500691631844
3352,7.655794026169152,0.18655223676064037,11.379850021579722,0.09496250539493045,13695.381132469722,0.1738452831174303,6388.826328438584,0.49068860703215345
3353,7.795023627667757,0.26390201537097613,11.25629899286043,0.06407474821510739,15265.034258610614,0.5662585646526537,6429.076101552848,0.5242300846273732
3354,8.093660732800798,0.42981151822266506,14.10077451794853,0.7751936294871326,15173.823921039866,0.5434559802599667,5978.020808196686,0.1483506734972383
3355,8.89794908578711,0.8766383809928391,14.702591777606596,0.9256479444016488,16255.28348939083,0.8138208723477072,5849.373000771319,0.0411441673094326
3356,7.783092068447147,0.2572733713595263,12.493611529908268,0.3734028824770669,15610.731457852797,0.6526828644631992,6004.09977957159,0.17008314964299176
3357,8.35556659127234,0.5753147729290775,13.022092942751247,0.5055232356878119,13323.07101812849,0.0807677545321226,6300.586221682062,0.41715518473505186
3358,7.564908732703829,0.13606040705768263,14.518590783494504,0.8796476958736262,13296.335396824292,0.07408384920607314,6790.8127213455655,0.825677267787971
3359,7.843166985011176,0.29064832500620874,11.567847013578758,0.14196175339468942,15520.192289764322,0.6300480724410805,6723.571108212182,0.7696425901768179
3360,7.516454087543064,0.10914115974614658,13.24186299010228,0.56046574752557,13600.878246094107,0.15021956152352678,6142.868769166644,0.28572397430553664
3361,7.858712123280927,0.2992845129338484,14.336345971838815,0.8340864929597037,15264.802234840305,0.5662005587100762,6775.8248827615325,0.8131874023012768
3362,7.69192934829135,0.20662741571741694,12.2562563825629,0.31406409564072457,15930.78593708359,0.7326964842708975,6279.373862195096,0.3994782184959135
3363,7.474774348462696,0.08598574914594215,11.040672189394975,0.01016804734874377,13873.09577279273,0.2182739431981825,6269.883644942786,0.3915697041189886
3364,9.09897277613903,0.9883182089661285,13.575527031529743,0.6438817578824357,14173.218742388428,0.293304685597107,6295.0445921249975,0.41253716010416497
3365,8.759939205667514,0.7999662253708412,12.981733697481875,0.49543342437046856,14807.269025100442,0.4518172562751107,6250.430405033664,0.3753586708613864
3366,8.871736329710819,0.8620757387282335,14.711482331975871,0.9278705829939679,16803.125712570247,0.9507814281425618,6561.458658379466,0.6345488819828883
3367,8.582496932793504,0.7013871848852796,12.023567725136644,0.2558919312841611,14033.243314521435,0.2583108286303588,6077.519721461432,0.2312664345511931
3368,8.949610371667879,0.9053390953710436,14.394798114970879,0.8486995287427198,13692.380978326122,0.1730952445815307,6406.4608448101135,0.5053840373417611
3369,8.391700641895092,0.5953892454972733,14.14488847373459,0.7862221184336475,13022.662706304502,0.0056656765761256,6110.719505346156,0.25893292112179667
3370,8.442771940100444,0.6237621889446913,12.810966865286739,0.4527417163216847,14915.355320944847,0.4788388302362119,6907.313486652439,0.9227612388770323
3371,9.04932636956009,0.9607368719778282,12.726945089255683,0.43173627231392064,15372.406946538003,0.5931017366345008,6505.137704651892,0.5876147538765767
3372,8.546333138840042,0.681296188244468,12.439250215481495,0.3598125538703739,16553.387088172974,0.8883467720432436,6948.877206189778,0.957397671824815
3373,8.90644551314579,0.8813586184143287,11.609319584911477,0.1523298962278693,13297.303734772097,0.0743259336930242,6403.289748508365,0.502741457090304
3374,8.73162565823163,0.7842364767953501,14.212613016855691,0.8031532542139226,13189.662961255286,0.047415740313821564,6632.900168139881,0.6940834734499008
3375,7.470639442082486,0.08368857893471449,11.642817112372601,0.16070427809315002,16019.706583620806,0.7549266459052013,6581.436774610313,0.6511973121752602
3376,8.80983540250176,0.8276863347232003,12.876896627971956,0.4692241569929888,14515.968093436468,0.37899202335911686,6731.098153390356,0.7759151278252969
3377,7.615231685378257,0.16401760298792045,14.084755957925935,0.7711889894814836,13364.466558956454,0.09111663973911333,5899.888487672705,0.08324040639392127
3378,7.9894754702568225,0.3719308168093458,14.315591130857793,0.8288977827144483,14655.021542243721,0.41375538556093017,6645.064350545874,0.7042202921215611
3379,8.174038594363282,0.47446588575737914,13.15336068790371,0.5383401719759278,15743.574738042757,0.6858936845106892,6622.621241161804,0.6855177009681703
3380,7.4194638664183685,0.055257703565759986,11.387233687980256,0.09680842199506401,15579.08336925154,0.644770842312885,6618.983273047126,0.6824860608726048
3381,7.50173563906137,0.1009642439229832,13.409671362064913,0.6024178405162284,16996.87051525578,0.9992176288139458,5989.48650491455,0.15790542076212544
3382,7.849203278746743,0.29400182152596854,14.494803505063215,0.8737008762658037,13157.56740308531,0.03939185077132734,6292.326799354535,0.4102723327954457
3383,8.168744153683575,0.4715245298242082,13.850260411401383,0.7125651028503457,14683.459257664277,0.4208648144160695,6944.359246899731,0.9536327057497762
3384,7.789927153307072,0.2610706407261514,13.48791829864879,0.6219795746621974,15068.63236618949,0.5171580915473722,6264.531912530548,0.38710992710878944
3385,8.188011603325958,0.48222866851442114,14.362677955382003,0.8406694888455005,16907.113368377482,0.9767783420943706,5944.58422139858,0.12048685116548308
3386,7.524089626498238,0.11338312583235444,14.97660663887206,0.994151659718015,15208.19797443103,0.5520494936077576,5808.973168742115,0.007477640618429593
3387,7.510013592809451,0.10556310711636141,13.314387064305063,0.5785967660762656,15947.4312073436,0.7368578018359,6935.635223350145,0.9463626861251206
3388,7.671409654349995,0.19522758574999743,12.543763385228235,0.38594084630705894,16914.947089291763,0.9787367723229405,6848.832641272609,0.8740272010605074
3389,8.737322472989357,0.7874013738829763,12.88378636613863,0.47094659153465723,14311.454051260573,0.32786351281514303,6551.543523797909,0.6262862698315909
3390,8.893482045900143,0.8741566921667461,11.444973963553142,0.11124349088828533,14561.628739037971,0.39040718475949265,6562.233944438451,0.6351949536987089
3391,7.956236863444017,0.3534649241355652,11.265061825663658,0.06626545641591453,16783.18171401638,0.9457954285040949,6351.06241960019,0.45921868300015833
3392,8.331437442020126,0.5619096900111814,14.956802502333357,0.9892006255833393,16373.51235901248,0.84337808975312,5869.542047734563,0.05795170644546932
3393,7.814342891468524,0.2746349397047354,13.784068195432928,0.6960170488582321,16325.723148430354,0.8314307871075886,6661.746157018751,0.7181217975156258
3394,8.845699748878282,0.8476109715990461,11.579875320880241,0.14496883022006013,14326.965549759596,0.3317413874398989,6834.28900543454,0.8619075045287834
3395,8.638274460303421,0.7323747001685678,11.45224565047656,0.1130614126191396,14518.449909429068,0.3796124773572669,5881.894680410219,0.06824556700851558
3396,7.5052594413871825,0.1029219118817678,13.355609045837674,0.5889022614594187,16060.825229470287,0.7652063073675717,6428.025356089744,0.5233544634081198
3397,9.114117884951723,0.9967321583065128,12.920666839689396,0.4801667099223488,16745.114442337715,0.9362786105844286,5946.733820409051,0.1222781836742095
3398,8.877848650453133,0.8654714724739629,14.811196891743155,0.9527992229357889,15261.819100845212,0.5654547752113033,6161.084147097126,0.3009034559142718
3399,7.805406509278712,0.26967028293261774,11.378348343622118,0.09458708590552956,13011.348467249665,0.002837116812416496,6508.016326817958,0.5900136056816311
3400,8.79998359453415,0.8222131080745279,11.582680540585912,0.14567013514647775,13553.096552252515,0.13827413806312883,6113.645608418357,0.26137134034863096
3401,8.226332902391789,0.5035182791065493,12.796876499003037,0.4492191247507592,13602.42064390011,0.1506051609750274,6546.626393256231,0.6221886610468591
3402,8.894236162021098,0.8745756455672766,14.386312526928217,0.8465781317320541,15865.61918602791,0.7164047965069776,6004.532443239782,0.170443702699818
3403,8.593949567576532,0.7077497597647401,14.689356064059625,0.9223390160149062,15085.137882329787,0.5212844705824468,6508.087468619222,0.5900728905160179
3404,9.069298121375006,0.9718322896527819,11.857272887973224,0.21431822199330597,14620.183349709763,0.4050458374274408,6367.167606360663,0.472639671967219
3405,8.766686601043553,0.8037147783575295,14.25374298098901,0.8134357452472523,13106.209789943092,0.026552447485773123,5999.624713207205,0.16635392767267054
3406,7.999533221602655,0.37751845644591964,13.701401083142823,0.6753502707857058,16570.325105659107,0.8925812764147766,6771.144840043818,0.8092873667031814
3407,8.753629899085304,0.7964610550473915,12.249068066312017,0.31226701657800415,14540.016428424178,0.3850041071060445,6677.491300299789,0.7312427502498245
3408,8.500364660178606,0.6557581445436708,13.755619018138649,0.6889047545346623,15520.388121620677,0.6300970304051694,6097.970726264723,0.2483089385539362
3409,8.762597122286365,0.8014428457146476,12.083612182522565,0.2709030456306414,15036.402990660039,0.5091007476650099,6090.083697339473,0.24173641444956084
3410,7.5134910782881805,0.10749504349343342,12.556970218317652,0.3892425545794127,14966.706657546272,0.4916766643865681,6746.16905476741,0.7884742123061746
3411,8.580959763075398,0.7005332017085547,13.876221127275517,0.7190552818188796,13535.116947721222,0.13377923693030547,6908.292228844901,0.9235768573707507
3412,7.529140137633749,0.11618896535208267,11.66148218625203,0.16537054656300743,13999.604418353383,0.2499011045883459,6045.784380344656,0.20482031695388014
3413,8.632712692170912,0.729284828983841,13.069735175771369,0.5174337939428421,13613.419675543233,0.1533549188858081,6676.267275446886,0.7302227295390717
3414,7.688794997586593,0.2048861097703294,11.580112286191962,0.14502807154799047,15067.174036792636,0.5167935091981587,6972.168062048949,0.9768067183741237
3415,7.662793690894448,0.1904409393858043,12.381864376107421,0.34546609402685513,16121.313952956418,0.7803284882391044,6138.726553841457,0.28227212820121383
3416,7.334531776889846,0.008073209383247626,11.04513056827005,0.011282642067512394,14240.504152928981,0.3101260382322455,5851.746849760871,0.04312237480072567
3417,7.861761992495124,0.3009788847195134,12.565324514085942,0.39133112852148555,13614.115354711841,0.1535288386779603,6464.637580763405,0.5538646506361712
3418,8.028415268107594,0.3935640378375521,13.914335085155372,0.7285837712888432,13893.777225685832,0.22344430642145807,6747.374948536271,0.7894791237802266
3419,9.08741968799997,0.9818998266666507,14.288801079889073,0.8222002699722679,13204.720569836905,0.05118014245922653,6741.776077930171,0.784813398275142
3420,7.4961810002651585,0.09787833348064345,12.612005130956616,0.4030012827391539,15275.459204058101,0.5688648010145252,6868.926905456702,0.8907724212139185
3421,7.797626373804282,0.26534798544682336,13.967291644520875,0.7418229111302187,16423.89981589359,0.8559749539733973,6623.16082852529,0.6859673571044077
3422,8.031148951284152,0.39508275071341814,11.60565466632965,0.1514136665824125,16113.167420836688,0.7782918552091719,6976.173887413341,0.9801449061777835
3423,9.00101157522422,0.9338953195690113,12.433287470051889,0.3583218675129721,14035.04681907705,0.25876170476926263,6096.453826952674,0.2470448557938949
3424,8.632575178520847,0.7292084325115816,14.466760066973267,0.8666900167433166,14955.402819474506,0.4888507048686265,5940.053168039531,0.11671097336627534
3425,8.709737767131843,0.772076537295469,12.620242198361707,0.4050605495904267,16970.733875314552,0.992683468828638,6000.703004727473,0.1672525039395606
3426,9.107246487008354,0.9929147150046411,12.704786244968858,0.4261965612422145,13081.828804259492,0.020457201064873032,6234.442688779886,0.3620355739832384
3427,8.81249571898398,0.829164288324434,11.889688903513797,0.22242222587844895,13649.698602934088,0.16242465073352186,6828.179291055316,0.85681607587943
3428,7.804367164728809,0.26909286929378307,12.801518716116057,0.4503796790290143,14828.973090213623,0.4572432725534058,6520.872426940471,0.6007270224503928
3429,7.857972070281254,0.2988733723784742,11.222510653220661,0.05562766330516544,14946.653133889564,0.4866632834723911,6286.299498083363,0.405249581736136
3430,8.945553153525474,0.9030850852919303,12.110175343323395,0.2775438358308485,13229.470306709922,0.05736757667748038,6279.531911852653,0.3996099265438773
3431,7.371956561426706,0.028864756348169762,12.435512162145278,0.35887804053631944,13304.328571928767,0.07608214298219163,6171.648051379745,0.3097067094831205
3432,8.92233259535228,0.8901847751957114,11.53926999940275,0.13481749985068736,14839.257624543141,0.45981440613578506,6301.840615669142,0.41820051305761785
3433,7.7579985218738035,0.24333251215211327,11.277344735654395,0.06933618391359897,15758.44866191368,0.68961216547842,6543.532104877768,0.6196100873981399
3434,9.030595646323412,0.9503309146241183,14.705000560265475,0.9262501400663685,13275.242944492691,0.06881073612317268,5963.968046154848,0.13664003846237294
3435,8.672253046483931,0.7512516924910735,12.089324945988656,0.27233123649716395,14394.849274904514,0.3487123187261284,6624.974297550521,0.6874785812921008
3436,8.70175429520322,0.7676412751128999,14.628172872633176,0.907043218158294,13111.739587536504,0.02793489688412576,6332.268239511766,0.4435568662598055
3437,7.839689161176537,0.28871620065363157,14.07743735434993,0.7693593385874827,16244.002057061822,0.8110005142654552,5850.124855421689,0.041770712851407654
3438,8.101160757358324,0.43397819853240194,13.365600891581005,0.5914002228952514,13944.963220692473,0.2362408051731183,6413.961463233059,0.5116345526942154
3439,7.538434815365918,0.12135267520328774,13.25872832590139,0.5646820814753476,13287.57671365272,0.07189417841317969,6804.054855555903,0.836712379629919
3440,8.747828127356522,0.793237848531401,14.572748994154265,0.8931872485385662,14592.966354813141,0.3982415887032853,6201.3312113679385,0.3344426761399488
3441,8.493356328867817,0.6518646271487875,12.71440289920692,0.42860072480173017,14111.832365824064,0.2779580914560159,6416.2294646389055,0.5135245538657544
3442,8.231925481859806,0.5066252676998926,12.17556145904814,0.2938903647620348,14126.25502831956,0.28156375707989,6007.024945063833,0.1725207875531941
3443,8.605925655736844,0.7144031420760241,13.670824176137447,0.6677060440343618,13995.632632903946,0.24890815822598622,5842.902047051127,0.03575170587593912
3444,8.26588427969354,0.5254912664964104,11.155958430264244,0.03898960756606107,13277.322345119137,0.06933058627978428,6469.4027545810095,0.557835628817508
3445,8.110562661271453,0.43920147848414126,13.066072683743858,0.5165181709359645,14736.855144288971,0.4342137860722429,5993.473450009101,0.16122787500758384
3446,7.618448174035324,0.1658045411307355,13.963748456943927,0.7409371142359817,16317.535910205823,0.8293839775514558,6821.699996695454,0.851416663912878
3447,7.914534234238674,0.3302967967992634,12.773852795158035,0.4434631987895086,14193.229656439335,0.29830741410983364,6773.317496889656,0.811097914074713
3448,9.087552977720277,0.9819738765112653,11.652722553807878,0.16318063845196973,16593.48819166755,0.8983720479168881,6737.093246921522,0.7809110391012684
3449,7.4176893895908655,0.05427188310603648,12.850069666338666,0.4625174165846665,15391.065856782447,0.5977664641956116,6248.807469152869,0.37400622429405783
3450,7.8531619848048875,0.29620110266938204,12.29037514569874,0.32259378642468495,13599.614338045767,0.1499035845114418,6364.9151460631065,0.4707626217192552
3451,8.613740649455107,0.7187448052528376,11.293954365156711,0.07348859128917773,14931.23168033709,0.48280792008427265,6435.787963302088,0.5298233027517402
3452,8.13510663182168,0.4528370176787113,13.390032969378549,0.5975082423446374,13848.00822768203,0.21200205692050755,6993.164440677563,0.9943037005646359
3453,8.76561876091734,0.803121533842967,14.559143787976716,0.8897859469941791,15600.360933117616,0.6500902332794042,6577.231701749572,0.64769308479131
3454,8.120397107661196,0.44466505981177584,14.394956004753618,0.8487390011884047,14451.277876452898,0.36281946911322427,6389.448912498602,0.49120742708216814
3455,9.016324927518003,0.9424027375100025,12.287664194325917,0.3219160485814794,16432.773201507967,0.8581933003769922,6055.872555332524,0.2132271294437703
3456,7.529590675138552,0.1164392639658619,11.684982767265431,0.17124569181635807,15200.328953097105,0.550082238274276,6931.773872081756,0.943144893401463
3457,7.707778089577752,0.2154322719876396,12.591420607758765,0.39785515193969145,13422.849433555719,0.10571235838892978,6341.734600156611,0.4514455001305089
3458,8.492532564551746,0.6514069803065263,14.374391990467547,0.8435979976168867,16248.878860310084,0.8122197150775211,5941.350165717381,0.11779180476448403
3459,9.113196991811353,0.996220551006308,11.840993655346136,0.21024841383653392,13879.646425242861,0.21991160631071527,6505.182365551293,0.5876519712927436
3460,8.377719268330399,0.5876218157391105,12.531871519291284,0.3829678798228211,15856.525549813852,0.7141313874534629,6921.103568572592,0.9342529738104931
3461,8.283872821401852,0.5354849007788071,14.858494445701341,0.9646236114253353,14096.090780744513,0.2740226951861283,6434.4357731607015,0.5286964776339179
3462,8.255831403267987,0.5199063351488814,14.985242420097261,0.9963106050243151,15237.343339180232,0.5593358347950582,6570.8523479399955,0.6423769566166627
3463,8.429592173590345,0.6164400964390812,11.4330634757851,0.10826586894627532,13260.216217441422,0.0650540543603556,6420.24930624126,0.5168744218677167
3464,8.284051627274646,0.5355842373748038,12.806717171715928,0.4516792929289819,16809.370218413416,0.9523425546033543,6924.6470125222695,0.9372058437685583
3465,8.827912120869136,0.8377289560384097,11.401542861728702,0.10038571543217545,13485.054053256723,0.12126351331418084,6852.853378702934,0.8773778155857779
3466,8.558844905155789,0.6882471695309946,13.284877908902164,0.5712194772255408,15138.134488071419,0.5345336220178548,6784.366805322701,0.8203056711022512
3467,8.27984879294029,0.5332493294112725,14.563498133046934,0.8908745332617336,14306.518367278357,0.32662959181958917,6665.28000791434,0.7210666732619498
3468,7.390946759047721,0.03941486613762257,14.171339133591182,0.7928347833977953,15242.248199617645,0.5605620499044112,6622.821015227661,0.6856841793563835
3469,7.463866072522058,0.07992559584558756,13.744603491269427,0.6861508728173565,14999.148683581674,0.4997871708954186,6495.949958682682,0.5799582989022353
3470,7.511284614059887,0.10626923003327071,12.10238132455346,0.2755953311383653,16795.692794788512,0.9489231986971284,6446.985798671421,0.5391548322261843
3471,8.452230475650182,0.629016930916768,11.827081089181187,0.20677027229529665,15486.494908192446,0.6216237270481118,6249.312406708786,0.3744270055906549
3472,8.599379758845508,0.7107665326919493,13.301610722706151,0.5754026806765378,14632.82482699171,0.4082062067479273,5971.023404648162,0.14251950387346823
3473,8.936682235768533,0.8981567976491851,14.425572140318444,0.8563930350796108,16580.636239962587,0.8951590599906467,5866.599886618813,0.055499905515677184
3474,8.334362253231479,0.5635345851286,11.078417345495033,0.01960433637375858,15233.729052106844,0.5584322630267111,6701.278969910003,0.7510658082583358
3475,8.258173674674646,0.5212075970414699,12.429869376193876,0.3574673440484689,15088.510214981472,0.5221275537453681,6216.36794189576,0.3469732849131335
3476,7.858831873036079,0.2993510405755997,12.111164085667344,0.27779102141683587,13781.238171246749,0.195309542811687,6656.784469731803,0.7139870581098363
3477,7.426189035069462,0.05899390837192309,14.040358154127174,0.7600895385317936,13446.548217082094,0.11163705427052362,6323.566937121877,0.4363057809348978
3478,7.431468253541762,0.06192680752320101,14.092652757788718,0.7731631894471795,15302.004138216158,0.5755010345540396,6301.133037109104,0.417610864257587
3479,8.812517477385963,0.8291763763255351,11.35318411852518,0.08829602963129501,16203.240837037734,0.8008102092594334,6006.90190705786,0.17241825588154946
3480,8.123905993543323,0.44661444085740154,12.811285849717798,0.45282146242944965,14262.009478546426,0.3155023696366067,6094.3108210594555,0.2452590175495465
3481,7.587782677281572,0.14876815404531774,14.981979566776603,0.9954948916941508,14496.772302098636,0.3741930755246591,6706.005635787959,0.7550046964899663
3482,8.057872458163104,0.40992914342394604,11.461387069820923,0.11534676745523087,14191.818567220596,0.2979546418051492,5842.0864016145815,0.035072001345484716
3483,7.847662475848913,0.2931458199160628,11.484392542691175,0.12109813567279393,15392.66234978674,0.5981655874466852,6301.924414670817,0.418270345559014
3484,8.627481386212079,0.7263785478955992,12.827876331516356,0.4569690828790888,16898.6916016257,0.9746729004064247,5958.539444000542,0.13211620333378526
3485,8.62240345912923,0.7235574772940169,11.673434675113576,0.16835866877839423,13314.700978566616,0.07867524464165421,6337.1677785847705,0.44763981548730847
3486,7.716866288266749,0.22048127125930483,13.70682312226343,0.6767057805658573,16793.024661481493,0.948256165370373,6803.695791395393,0.8364131594961609
3487,8.603178029990204,0.7128766833278914,12.556316903422506,0.38907922585562615,16133.216036772556,0.7833040091931388,6841.024331440558,0.8675202762004648
3488,8.250268082803908,0.5168156015577271,12.988253775582908,0.4970634438957269,15581.590258972741,0.6453975647431854,6288.992385817618,0.4074936548480147
3489,8.495172191712982,0.6528734398405455,12.257625579131146,0.3144063947827863,15450.706491096265,0.6126766227740664,5999.064010734124,0.16588667561177006
3490,8.167250011905747,0.4706944510587484,11.132863881301454,0.033215970325363386,13657.570183194886,0.16439254579872176,6890.3816249467645,0.908651354122304
3491,8.660937446662686,0.7449652481459372,12.513735118465164,0.37843377961629066,15243.643830893996,0.5609109577234991,6354.517698656985,0.46209808221415394
3492,8.661475576455391,0.7452642091418848,11.830759219918834,0.20768980497970857,15992.076017234393,0.7480190043085981,5996.625812286328,0.16385484357194013
3493,8.079780752799108,0.4221004182217267,14.966663386436432,0.9916658466091078,16888.234361934152,0.9720585904835376,5923.3969731169345,0.10283081093077895
3494,9.11883090672577,0.9993505037365384,11.270512921196358,0.0676282302990896,13113.851141806232,0.028462785451557893,5845.510720300448,0.03792560025037384
3495,8.96207638757092,0.9122646597616231,14.811437623219849,0.9528594058049623,13856.484824098588,0.2141212060246469,6089.115195282398,0.24092932940199885
3496,8.675741996571707,0.7531899980953934,14.490916795352694,0.8727291988381737,16740.5876994007,0.9351469248501757,6583.362804070792,0.6528023367256596
3497,8.081968421952967,0.42331578997387087,12.040894061268055,0.26022351531701404,15142.063068813863,0.5355157672034656,6142.688181160806,0.2855734843006723
3498,7.457658407558593,0.07647689308810746,12.575706679794031,0.39392666994850756,14125.873044643617,0.2814682611609044,5954.949511405163,0.12912459283763578
3499,7.435507286246432,0.06417071458135126,14.720417074541734,0.9301042686354335,15320.019609300562,0.5800049023251401,5995.080379848336,0.1625669832069463
3500,8.797492339219183,0.8208290773439906,14.498910575395493,0.8747276438488734,13513.968711462378,0.1284921778655943,6466.42375231898,0.5553531269324841
3501,7.853291483106114,0.2962730461700631,11.122231564611798,0.030557891152949823,14770.543611308727,0.44263590282718157,6638.011741635374,0.6983431180294782
3502,7.662724440441736,0.19040246691207552,14.710234503200603,0.9275586258001506,13939.628048811956,0.23490701220298882,5943.266962335432,0.11938913527952655
3503,8.236839344394474,0.5093551913302629,14.008641365018253,0.7521603412545631,15615.619409259029,0.653904852314757,6686.631971912574,0.7388599765938114
3504,8.28610235466374,0.5367235303687443,13.328064671651312,0.5820161679128282,13689.61916168505,0.17240479042126255,6365.992861308776,0.4716607177573131
3505,8.056916370651743,0.409397983695413,11.434771625671186,0.1086929064177965,16655.13429642634,0.9137835741065847,6847.079036319419,0.8725658635995159
3506,7.597511698111141,0.15417316561730077,11.40740549241108,0.10185137310277004,16570.839257304702,0.8927098143261758,6103.045815271813,0.2525381793931778
3507,8.96189582908688,0.9121643494927112,14.802570401618238,0.9506426004045596,14860.477827996594,0.46511945699914836,5937.992460874378,0.11499371739531439
3508,8.692799523071553,0.7626664017064189,11.187505045036138,0.046876261259034435,16464.99868372532,0.8662496709313299,6767.214318258215,0.8060119318818456
3509,8.38287462516394,0.5904859028688558,12.311346018556602,0.3278365046391504,15906.495417904427,0.7266238544761067,6234.939099849495,0.36244924987457905
3510,8.1252012796035,0.4473340442241668,11.06456170746966,0.016140426867414792,14292.669945420657,0.3231674863551641,6799.7718872703135,0.8331432393919282
3511,7.655511381883082,0.18639521215726773,11.426490447260415,0.1066226118151038,14832.79629180501,0.45819907295125284,6412.492311290193,0.5104102594084944
3512,7.589318868901809,0.14962159383433815,13.548560140594967,0.6371400351487416,15151.89324623176,0.5379733115579399,6490.703920505761,0.5755866004214675
3513,8.904793292394954,0.8804407179971974,12.212498859401915,0.30312471485047887,14597.822764314842,0.3994556910787106,6002.825297177067,0.16902108098088908
3514,8.893957305747387,0.8744207254152153,14.071886516069323,0.7679716290173307,16294.630477795308,0.8236576194488269,6280.1089687381045,0.4000908072817536
3515,7.515708581160355,0.10872698953353,13.2127846642726,0.55319616606815,16122.738685654014,0.7806846714135035,6912.268295512672,0.9268902462605602
3516,7.973313922596765,0.3629521792204252,11.712103013320302,0.1780257533300753,16311.525911640692,0.8278814779101729,6874.76646782526,0.8956387231877169
3517,8.981624170016518,0.9231245388980657,11.290589722812781,0.07264743070319535,13199.726697689237,0.04993167442230917,6623.37424434933,0.6861452036244418
3518,7.922835337137086,0.33490852063171483,13.148927699696191,0.5372319249240479,16249.434585112856,0.812358646278214,6185.482737649118,0.3212356147075983
3519,7.817172563402165,0.27620697966786956,14.558354092353673,0.8895885230884183,16460.76947365013,0.8651923684125323,5909.6242298666975,0.0913535248889148
3520,8.583774730612157,0.70209707256231,11.131859387426843,0.03296484685671097,16944.46630095694,0.9861165752392355,6583.621976985168,0.6530183141543067
3521,8.416896350954234,0.6093868616412412,13.657148604814576,0.6642871512036441,16317.370115058227,0.8293425287645566,6106.280343663715,0.2552336197197629
3522,8.944189920479896,0.9023277335999433,14.652121694222117,0.9130304235555292,14441.364152820499,0.36034103820512464,6877.794683020379,0.898162235850316
3523,8.58350828075778,0.7019490448654335,13.636080954079631,0.659020238519908,13384.458510087225,0.0961146275218061,6142.062267633898,0.28505188969491524
3524,8.564297823910309,0.6912765688390606,13.765852069082005,0.6914630172705012,16322.888853531067,0.8307222133827666,6264.919710622763,0.3874330921856357
3525,7.992244995520625,0.3734694419559028,11.424720151310515,0.10618003782762875,14902.740480299319,0.47568512007482977,5810.440995009437,0.008700829174530855
3526,7.891545697219183,0.3175253873439904,12.083969700986888,0.27099242524672185,16673.65403697417,0.918413509243543,6732.189357818951,0.776824464849126
3527,8.875087570852443,0.8639375393624686,12.96804287397902,0.49201071849475475,13205.43147455184,0.0513578686379601,6796.675229967397,0.8305626916394974
3528,8.506144885643783,0.6589693809132133,11.268109984005944,0.06702749600148605,14688.366151562952,0.42209153789073806,6924.847402829949,0.9373728356916242
3529,7.741420656532665,0.23412258696259203,14.009445655601178,0.7523614139002947,13951.940862234269,0.23798521555856722,5906.27490574132,0.08856242145110038
3530,8.824854917869091,0.836030509927273,11.196582498789004,0.049145624697251145,13703.822273626996,0.17595556840674886,6356.691378965653,0.4639094824713773
3531,7.957568250392279,0.35420458355126616,12.198298570483718,0.2995746426209296,15676.248153729972,0.6690620384324928,6399.8886815770975,0.499907234647581
3532,7.643400776226839,0.17966709790379953,13.116505285939109,0.529126321484777,16877.97837856178,0.9694945946404449,6633.811478119538,0.6948428984329486
3533,8.660375586185445,0.7446531034363589,14.486386683456162,0.8715966708640405,14741.347186653662,0.4353367966634155,6175.206578465312,0.3126721487210935
3534,9.086883672763726,0.9816020404242927,13.481351583545017,0.6203378958862544,13625.00059272251,0.15625014818062777,5812.072343367917,0.01006028613993093
3535,7.5230216055035175,0.11278978083528735,13.878474042003363,0.7196185105008407,16029.518757149839,0.75737968928746,6455.383090176027,0.5461525751466892
3536,8.56074726234125,0.6893040346340278,14.966115377576873,0.9915288443942181,13706.638839314792,0.17665970982869794,6457.569783904601,0.5479748199205008
3537,7.350812678784753,0.017118154880418235,11.900416798066022,0.2251041995165054,16151.544983865155,0.7878862459662884,6399.432585479872,0.49952715456655983
3538,7.427990682568364,0.059994823649091145,12.47548686695213,0.36887171673803254,13689.600066500925,0.1724000166252314,6815.461978237169,0.8462183151976409
3539,7.375657501252188,0.030920834028992816,12.07891408556435,0.2697285213910873,14035.062921866946,0.25876573046673645,5876.637279047913,0.06386439920659404
3540,8.486026623376594,0.6477925685425521,13.275157843146413,0.5687894607866031,14414.226210966457,0.35355655274161424,6653.5317246197255,0.7112764371831045
3541,8.500097631555494,0.6556097953086077,13.582547566423086,0.6456368916057716,13546.433468843377,0.13660836721084457,5894.6110031711605,0.07884250264263348
3542,7.497607093771378,0.09867060765076519,11.66404724941988,0.1660118123549702,13143.468596634095,0.03586714915852374,6821.752009686265,0.8514600080718877
3543,8.497026886785523,0.6539038259919573,11.087490354168622,0.02187258854215557,14661.43039613327,0.4153575990333177,6167.300235164965,0.3060835293041373
3544,8.167791405706408,0.47099522539244953,11.824874647933392,0.20621866198334782,13121.488324547787,0.03037208113694656,6745.543717012591,0.7879530975104925
3545,8.957568917524739,0.9097605097359662,12.116516199061323,0.2791290497653309,13839.70685282138,0.20992671320534517,6534.710872854937,0.6122590607124476
3546,7.417826026594089,0.054347792552271956,11.511471328480035,0.12786783212000874,13337.58635026772,0.08439658756692991,6192.8318983186755,0.32735991526556274
3547,8.032481807277643,0.3958232262653576,14.298002079765581,0.8245005199413955,15934.261587561297,0.7335653968903241,6222.184937526933,0.351820781272444
3548,7.515319343447643,0.1085107463598014,13.227623377059725,0.5569058442649312,15399.674171006982,0.5999185427517454,5968.686419197958,0.14057201599829783
3549,7.473725473417769,0.08540304078764949,14.151950653748074,0.7879876634370183,15916.213895418,0.7290534738545,6848.414422198821,0.8736786851656839
3550,7.344481961228157,0.0136010895711981,13.154164334501079,0.5385410836252696,15105.866642988572,0.5264666607471431,6046.606120657564,0.20550510054797044
3551,8.116740022569049,0.4426333458716939,14.142745101311403,0.785686275327851,16028.114775486252,0.7570286938715631,6116.3706596886295,0.2636422164071911
3552,7.476655054990247,0.08703058610569292,12.992422873484653,0.49810571837116313,15221.637078861404,0.555409269715351,6222.35691243853,0.35196409369877535
3553,7.824755548000579,0.2804197488892103,12.793550785560548,0.44838769639013687,13170.079442774431,0.042519860693607914,6953.310917030464,0.9610924308587201
3554,8.438615081485493,0.6214528230474965,12.79140470012201,0.4478511750305024,16754.02823003005,0.9385070575075124,6696.100987579068,0.7467508229825568
3555,8.73862068658786,0.7881226036599219,11.058486539269119,0.014621634817279405,16571.22195327833,0.8928054883195825,5976.422710657564,0.14701892554797003
3556,7.762284280766403,0.2457134893146683,12.905575535458654,0.47639388386466364,14967.965041974538,0.4919912604936343,6639.079406604782,0.6992328388373186
3557,8.304174604153147,0.546763668973971,11.829901200713934,0.20747530017848348,13672.720656601423,0.16818016415035564,6333.941934621192,0.4449516121843262
3558,8.192779609062889,0.4848775605904936,11.696395966020745,0.17409899150518604,15203.70656757711,0.5509266418942774,6870.751536715175,0.8922929472626455
3559,8.28181095578822,0.5343394198823452,13.807943199195535,0.7019857997988839,13468.310669680608,0.11707766742015191,6375.08672362994,0.47923893635828296
3560,7.87326605647051,0.3073700313725056,11.862365379346606,0.21559134483665154,16660.03872831794,0.9150096820794852,6940.21541770387,0.9501795147532253
3561,7.417968343252305,0.05442685736239161,11.78297235815377,0.19574308953844244,16668.877105578904,0.9172192763947257,6785.747184783064,0.8214559873192196
3562,7.797924083756788,0.2655133798648821,11.378617861471353,0.09465446536783817,13876.972415476448,0.21924310386911217,6245.537758070514,0.37128146505876214
3563,8.30150415539991,0.5452800863332833,14.583256870735532,0.8958142176838833,14148.907450524262,0.28722686263106556,6192.217389493327,0.3268478245777723
3564,8.602622894548336,0.7125682747490755,11.758668570428469,0.18966714260711737,15339.251342772955,0.5848128356932387,6134.496465712436,0.27874705476036266
3565,8.893547447224842,0.8741930262360238,11.684204048559277,0.17105101213981944,16154.68088961431,0.7886702224035776,6274.70569604825,0.3955880800402082
3566,8.504840323046794,0.6582446239148864,14.101663169297352,0.7754157923243379,15246.52384564154,0.5616309614103852,6047.076843614013,0.2058973696783446
3567,7.923543796319147,0.33530210906619295,11.021886971872897,0.00547174296822428,16447.31190076308,0.8618279751907704,6046.930440436822,0.20577536703068522
3568,8.759395237414845,0.7996640207860249,12.906869233764684,0.4767173084411709,16083.627612489852,0.770906903122463,6867.379191262877,0.8894826593857302
3569,7.326985843918606,0.00388102439922533,12.550153756347989,0.3875384390869969,14880.672199024302,0.4701680497560756,6106.81550260446,0.25567958550371606
3570,9.019674388841432,0.9442635493563518,14.728038761742884,0.932009690435721,15169.298990902917,0.5423247477257289,6595.9358240483625,0.6632798533736352
3571,8.605826164663657,0.7143478692575876,13.725271149285444,0.6813177873213607,14698.40283339004,0.4246007083475103,6660.791039444033,0.717325866203361
3572,8.836191659282623,0.8423286996014578,11.112324467694716,0.028081116923678873,14370.759900594909,0.34268997514872734,6459.357449864788,0.5494645415539898
3573,7.677639871859901,0.19868881769994495,12.435461590693476,0.3588653976733692,14032.040101157803,0.2580100252894507,6258.175161821907,0.3818126348515888
3574,9.014727935361455,0.9415155196452532,12.016367195664925,0.25409179891623124,13166.092849653927,0.04152321241348189,6184.592656789393,0.32049388065782747
3575,9.056332295526188,0.9646290530701049,13.086208680999803,0.5215521702499508,14178.000437860657,0.29450010946516436,6512.22713119442,0.5935226093286832
3576,8.434318345963225,0.6190657477573479,14.262325698993305,0.815581424748326,16565.972451035945,0.8914931127589866,5916.2986101387205,0.09691550844893349
3577,7.761310689001759,0.24517260500097682,11.663973149797412,0.16599328744935304,14498.198028685805,0.3745495071714514,6281.814027911876,0.40151168992656316
3578,7.327114307445328,0.003952393025181911,13.357672898261352,0.5894182245653383,16811.137970198237,0.9527844925495591,5833.465730161637,0.027888108468030803
3579,7.761667186513638,0.24537065917424372,11.367803285552434,0.09195082138810828,15461.486392783365,0.615371598195841,6352.778637567327,0.46064886463943877
3580,7.6821285890341615,0.20118254946342295,14.770588533808624,0.9426471334521559,13877.978107996087,0.2194945269990216,6866.866801089976,0.8890556675749807
3581,7.49416109326485,0.0967561629249164,11.818082705167413,0.20452067629185322,13686.163469701298,0.17154086742532426,6127.5219768910465,0.2729349807425391
3582,7.892526233307557,0.31807012961530967,12.197277771908137,0.2993194429770343,16931.982035510624,0.9829955088776557,6839.209537548933,0.8660079479574444
3583,7.81524015395596,0.27513341886442255,11.361126442934896,0.09028161073372387,13641.495925619913,0.16037398140497805,6173.478250366339,0.31123187530528285
3584,8.560761671194468,0.6893120395524822,13.923313126879414,0.7308282817198534,16468.81808306517,0.8672045207662922,6075.842110166218,0.2298684251385147
3585,7.903121260314209,0.323956255730116,13.157998331260965,0.539499582815241,16592.967823338495,0.8982419558346236,6795.556306692079,0.8296302555767321
3586,8.027228626373383,0.3929047924296566,14.599473032519942,0.8998682581299854,16738.92484615963,0.9347312115399068,6739.0131569299865,0.7825109641083221
3587,8.090444962730203,0.4280249792945574,11.905083331301636,0.22627083282540927,13427.668456134223,0.10691711403355553,6161.306801358493,0.3010890011320777
3588,7.495077842388943,0.09726546799385694,14.860069486738004,0.9650173716845009,14784.61787281918,0.44615446820479543,6787.841849841823,0.8232015415348525
3589,8.898420026065557,0.8769000144808647,13.069342369808941,0.5173355924522355,15301.301614346574,0.5753254035866435,6428.34787691319,0.5236232307609914
3590,7.923269601369404,0.335149778538558,13.088402942792028,0.5221007356980071,15771.442623188135,0.6928606557970338,6812.5157032145635,0.8437630860121359
3591,8.143400241857243,0.4574445788095801,13.76541904064904,0.6913547601622599,13281.533547319263,0.07038338682981549,6266.099880744198,0.38841656728683205
3592,8.504862569510038,0.6582569830611327,12.830803569176584,0.45770089229414623,13401.257955927635,0.10031448898190853,6524.369795651902,0.6036414963765849
3593,8.341704774508424,0.5676137636157907,14.845858154079156,0.961464538519789,16274.89307866044,0.8187232696651101,6213.727116745447,0.3447725972878726
3594,7.97674206961662,0.36485670534256687,11.20764549232111,0.05191137308027749,15948.236448781887,0.7370591121954717,6215.986747797733,0.3466556231647774
3595,7.577090681218055,0.14282815623225276,14.94420994125037,0.9860524853125926,13904.649923646783,0.22616248091169555,6534.539165733961,0.6121159714449679
3596,7.790786941616295,0.26154830089794145,11.413373203571602,0.10334330089290034,13695.71978781896,0.17392994695474007,6541.09797023598,0.6175816418633171
3597,7.445886477923334,0.0699369321796296,13.482652781882269,0.620663195470567,14333.455022299968,0.333363755574992,6745.227991634674,0.7876899930288955
3598,7.520304372126567,0.11128020673698169,14.932269800736348,0.9830674501840871,14040.604939007644,0.26015123475191104,6312.496809995946,0.4270806749966215
3599,8.765810491596127,0.8032280508867373,11.677617672848596,0.16940441821214902,16489.83997870357,0.8724599946758925,6822.85558227429,0.852379651895242
3600,7.934071348937993,0.3411507494099958,14.37371285617186,0.8434282140429648,13907.557439503593,0.2268893598758982,6129.014903991797,0.27417908665983104
3601,7.954132341960644,0.35229574553369136,14.242730143629812,0.8106825359074529,13562.14857059767,0.14053714264941752,6207.329735419666,0.33944144618305494
3602,9.06039688365638,0.9668871575868784,13.838944359754475,0.7097360899386188,15514.044860608692,0.628511215152173,6497.0832837749485,0.5809027364791236
3603,7.534051074129642,0.11891726340535669,13.160651122714386,0.5401627806785966,14078.342517616038,0.26958562940400954,6189.918525377684,0.3249321044814032
3604,8.122613796223613,0.4458965534575626,12.971828454628815,0.49295711365720385,14739.78410612381,0.4349460265309524,6502.371140631521,0.5853092838596007
3605,7.7723656779519885,0.25131426552888236,14.671646601839598,0.9179116504598996,15581.686744219685,0.6454216860549212,6232.6050541336,0.36050421177799974
3606,7.39442826302382,0.04134903501323339,14.677302532590314,0.9193256331475786,14437.035423601808,0.35925885590045203,6018.4198071860055,0.18201650598833818
3607,8.846436574363738,0.8480203190909654,13.777165226996715,0.6942913067491789,15429.90388081971,0.6074759702049272,5914.837225411331,0.09569768784277621
3608,7.950556250916068,0.3503090282867044,14.283127560571163,0.8207818901427909,14032.073854356338,0.25801846358908476,6914.220497759097,0.9285170814659148
3609,8.712582357399535,0.7736568652219644,13.700396990450482,0.6750992476126205,14713.809722628197,0.4284524306570491,6456.923198745042,0.5474359989542014
3610,8.024381291396175,0.39132293966454124,13.303837971506589,0.5759594928766473,13240.979787546605,0.06024494688665116,6016.94128615514,0.1807844051292835
3611,7.683188734940699,0.20177151941149918,11.844432055269497,0.2111080138173742,15407.444914205425,0.6018612285513563,6849.661616321438,0.8747180136011982
3612,8.063252921281213,0.4129182896006741,11.576921878081038,0.1442304695202593,14591.607713823287,0.39790192845582184,6234.6326332787,0.36219386106558327
3613,8.402309356836875,0.6012829760204869,14.303402982277046,0.8258507455692615,16366.288491877338,0.8415721229693345,6934.320685213433,0.9452672376778603
3614,8.251494709849311,0.5174970610273952,14.274658891661508,0.8186647229153771,14636.073392699824,0.40901834817495586,6797.41827699384,0.8311818974948668
3615,7.4359382167738355,0.06441012042990846,14.54904521539353,0.8872613038483825,14865.428416329045,0.46635710408226105,6683.033636549624,0.7358613637913534
3616,7.8820782418069495,0.3122656898927496,14.58141415620128,0.8953535390503199,14921.870137317546,0.4804675343293868,6886.054595187817,0.9050454959898473
3617,7.617915664875894,0.1655087027088299,13.413306753606205,0.6033266884015515,13489.083002919215,0.12227075072980353,6517.209534215227,0.5976746118460228
3618,8.516995981140399,0.6649977673002216,12.941569232927945,0.4853923082319862,13595.458108102268,0.14886452702556718,6722.613988927691,0.7688449907730756
3619,7.754821636108099,0.2415675756156106,12.265429326998639,0.31635733174965974,13872.156570058849,0.21803914251471235,6931.530022517153,0.9429416854309607
3620,7.66664419874988,0.19258011041659995,12.876588246880042,0.4691470617200104,15224.963968038877,0.5562409920097193,6012.08115000791,0.17673429167325827
3621,8.201418367259343,0.4896768706996354,11.835631593506793,0.2089078983766981,14308.793373345856,0.32719834333646414,6326.780925926552,0.43898410493879336
3622,9.061073938552333,0.9672632991957409,13.835590539531182,0.7088976348827954,16678.80615849516,0.9197015396237905,6350.191351727304,0.45849279310608704
3623,8.611695962515263,0.7176088680640359,14.975416936156421,0.9938542340391053,14848.299554498608,0.46207488862465185,6244.924754184971,0.37077062848747555
3624,7.799925901010667,0.2666255005614816,11.720889035654052,0.18022225891351307,13408.513228297881,0.10212830707447051,6541.554762424056,0.6179623020200469
3625,7.976247943577582,0.3645821908764344,14.62643063200614,0.906607658001535,16565.926175727822,0.8914815439319553,6783.550122301839,0.819625101918199
3626,7.809481367695217,0.2719340931640096,14.275276620672322,0.8188191551680806,16511.008180047414,0.8777520450118532,6172.417681068831,0.31034806755735944
3627,8.851111951441945,0.850617750801081,14.549574771778822,0.8873936929447054,15173.975711557774,0.5434939278894435,6970.683305242465,0.975569421035388
3628,9.002568361265814,0.9347602007032304,13.581439633012778,0.6453599082531946,15365.035522184864,0.5912588805462161,6124.510402063442,0.27042533505286803
3629,8.724424791842534,0.7802359954680741,12.28987700090974,0.3224692502274352,15709.544012482731,0.6773860031206826,6120.982625195848,0.26748552099654066
3630,7.730268127925252,0.22792673773625127,12.84196330720057,0.46049082680014275,16887.00837163877,0.9717520929096929,6217.549019210247,0.34795751600853897
3631,7.384718546054694,0.035954747808163434,11.902451367116164,0.22561284177904106,13111.61769393261,0.027904423483152585,6023.306540463217,0.1860887837193479
3632,8.281123554549264,0.5339575303051466,14.351715721080303,0.837928930270076,14086.494120615082,0.2716235301537705,6103.559209664594,0.25296600805382863
3633,8.862424248888631,0.8569023604936843,11.125277074702899,0.031319268675724654,16556.80613591384,0.8892015339784606,5851.648221859556,0.04304018488296313
3634,8.742060848010833,0.7900338044504631,12.847226938412627,0.4618067346031566,13065.78762262249,0.016446905655622457,6163.006188761543,0.3025051573012856
3635,8.551028793747252,0.6839048854151403,11.382703911563977,0.09567597789099425,16148.857576340302,0.7872143940850755,5890.784545916314,0.07565378826359437
3636,7.840518742205829,0.2891770790032382,13.66450888390086,0.666127220975215,16379.387453753105,0.8448468634382761,6277.3208289821505,0.3977673574851255
3637,7.869016831962967,0.3050093510905375,12.81522103969607,0.45380525992401743,14560.38957178339,0.3900973929458472,5924.014410366729,0.1033453419722743
3638,7.915808272963025,0.3310045960905694,11.91806968842953,0.22951742210738235,16184.501939075617,0.7961254847689042,6362.0005395161925,0.46833378293016037
3639,8.147558294440932,0.45975460802274004,12.29851545622735,0.32462886405683744,14498.56229496538,0.3746405737413454,6680.182223118529,0.7334851859321072
3640,7.547914180614614,0.12661898923034143,14.413415483289613,0.8533538708224032,16958.60969144932,0.9896524228623299,6065.332154123993,0.2211101284366611
3641,9.053173049982252,0.9628739166568075,12.79092193782386,0.4477304844559652,16829.681309898722,0.9574203274746805,5854.510971559322,0.0454258096327681
3642,8.509237339800475,0.6606874110002642,11.249324056015476,0.0623310140038692,13590.214343635584,0.1475535859088959,6976.390487830547,0.9803254065254553
3643,8.5666565798685,0.6925869888158337,14.315821652121056,0.8289554130302641,14993.331241011032,0.4983328102527579,6709.624846417602,0.7580207053480023
3644,7.5811316397034805,0.14507313316860004,11.315770087574004,0.07894252189350093,16895.500391980648,0.9738750979951618,6597.825362705602,0.6648544689213354
3645,8.001563554435057,0.3786464191305875,12.994292854616456,0.498573213654114,15388.622383030128,0.5971555957575321,6150.83745437403,0.292364545311692
3646,8.220614894043354,0.5003416078018641,13.199614957804647,0.5499037394511617,13185.639165432003,0.04640979135800072,6969.728191191987,0.9747734926599896
3647,9.006908598320026,0.9371714435111256,14.150463859052714,0.7876159647631784,13925.1812493256,0.2312953123314,6264.82148309279,0.3873512359106587
3648,8.863239949049001,0.8573555272494455,12.337156727557002,0.3342891818892505,15192.166019737102,0.5480415049342757,6447.291243779527,0.5394093698162724
3649,7.659911000015677,0.18883944445315382,12.428837639055878,0.35720940976396953,16191.856844761844,0.7979642111904609,5983.761614972515,0.15313467914376278
3650,8.377327196312281,0.5874039979512679,13.416538854524864,0.6041347136312162,15260.995999621398,0.5652489999053494,6689.971448530801,0.7416428737756678
3651,7.89080662855852,0.3171147936436226,13.072467197519522,0.5181167993798803,14125.017144706613,0.28125428617665327,6230.2229721116155,0.35851914342634594
3652,8.40477401112529,0.6026522284029399,11.078135735706603,0.019533933926650593,14851.245974652415,0.4628114936631038,6082.322920136297,0.23526910011358115
3653,8.813559895899369,0.8297554977218716,13.468978586835977,0.6172446467089945,13332.407813292852,0.08310195332321269,6796.750833105499,0.830625694254582
3654,7.546857734123277,0.1260320745129314,13.007058938181999,0.5017647345454997,15334.614519931793,0.5836536299829482,5838.051499558556,0.03170958296546322
3655,8.48560275389716,0.6475570854984225,14.49314358829368,0.8732858970734203,13186.468508113623,0.046617127028405925,6039.530196598902,0.1996084971657518
3656,7.841707060514295,0.2898372558412754,11.255148224814183,0.06378705620354574,13007.970341518458,0.001992585379614331,5882.440693650365,0.06870057804197072
3657,8.24825685854712,0.5156982547483996,12.403141649159956,0.35078541228998894,13473.662245735806,0.11841556143395149,6605.21444144351,0.6710120345362577
3658,7.998674802888166,0.377041557160092,14.338193652918354,0.8345484132295887,15665.103398257916,0.666275849564479,6211.951622611162,0.34329301884263463
3659,8.735085128025966,0.7861584044588704,11.757063503078987,0.18926587576974663,15662.00031348779,0.6655000783719475,6957.246503713886,0.9643720864282384
3660,8.352573541998781,0.5736519677771013,12.16497223371005,0.2912430584275122,15282.996292889724,0.5707490732224311,6644.839165284777,0.7040326377373137
3661,7.843503842619032,0.2908354681216848,11.875589386847837,0.21889734671195915,15751.42548163799,0.6878563704094975,6221.807552039363,0.35150629336613626
3662,8.31741261783359,0.5541181210186606,13.559473944755721,0.6398684861889304,13484.929647302863,0.12123241182571576,6918.222587446057,0.9318521562050478
3663,7.4230612625493135,0.05725625697184078,11.5914700116832,0.14786750292079986,16139.96952097912,0.7849923802447804,6800.274937522444,0.8335624479353698
3664,7.3799842164659095,0.03332456470328293,11.19813581433472,0.04953395358367996,16714.431686917273,0.9286079217293178,6564.536788827079,0.637113990689233
3665,8.14955663750755,0.46086479861530527,11.219645035226332,0.054911258806583096,16939.077583519702,0.9847693958799254,5944.938735449175,0.12078227954097853
3666,8.038185873067766,0.39899215170431446,12.759629377878564,0.43990734446964086,13220.985043753542,0.05524626093838547,6435.6864715032025,0.5297387262526689
3667,8.081264789506154,0.42292488305897447,11.14170953141037,0.03542738285259239,15032.413224997277,0.5081033062493194,6881.627313962847,0.9013560949690396
3668,8.010438568864094,0.38357698270227447,12.029990512146682,0.2574976280366704,16473.507668618568,0.8683769171546417,6957.5533538149775,0.9646277948458144
3669,7.680666642327437,0.20037035684857607,12.035418042498716,0.2588545106246787,13133.271129684934,0.03331778242123362,6386.058448697468,0.48838204058122336
3670,7.406118827108029,0.04784379283779394,12.146559079016889,0.28663976975422245,14013.989915217597,0.253497478804399,6977.878368539369,0.9815653071161408
3671,8.540028110953795,0.6777933949743311,11.4309388077131,0.10773470192827495,15583.449046944692,0.6458622617361731,6525.414739021408,0.6045122825178404
3672,9.076332310106844,0.9757401722815805,11.250456004053552,0.0626140010133881,14353.757495894723,0.33843937397368085,6859.928364695449,0.8832736372462076
3673,8.846123889014073,0.8478466050078192,12.161284754149069,0.2903211885372672,13529.442781899204,0.13236069547480134,6392.890687569283,0.4940755729744025
3674,8.278723648070368,0.5326242489279824,13.426689869486049,0.6066724673715121,14286.668515876467,0.32166712896911653,5822.499570889114,0.018749642407595135
3675,7.826727288703512,0.28151516039084,14.931779909283225,0.9829449773208061,15616.405048599278,0.6541012621498196,6726.931918347059,0.7724432652892156
3676,8.488834966808364,0.6493527593379805,13.581000673269633,0.6452501683174084,15744.897500293591,0.6862243750733981,6734.037702238254,0.7783647518652111
3677,8.185946091043126,0.4810811616906262,12.412935159556023,0.35323378988900556,14076.880160613531,0.26922004015338263,6117.53303472058,0.26461086226715014
3678,7.6654648380766925,0.19192491004260703,11.880540132956039,0.22013503323900951,13631.829307418719,0.15795732685467956,6070.54428822202,0.2254535735183506
3679,9.019108713824801,0.9439492854582237,11.710027441470547,0.17750686036763674,13648.516112886655,0.16212902822166375,6043.903909107395,0.20325325758949586
3680,7.528978012491576,0.11609889582865318,11.039143767047943,0.00978594176198555,13700.802036810148,0.17520050920253705,6986.3557332222645,0.9886297776852201
3681,7.515171059278853,0.10842836626602947,11.7181635145418,0.17954087863544976,15781.6821338793,0.6954205334698249,6098.050289383838,0.24837524115319853
3682,7.861906793925813,0.30105932995878515,12.702882690150165,0.4257206725375413,15751.575182622419,0.6878937956556049,6477.065491900032,0.5642212432500265
3683,8.66257509721012,0.745875054005622,14.387003015267366,0.8467507538168414,16167.049807434372,0.791762451858593,6986.241550492359,0.9885346254102996
3684,7.506876109735893,0.10382006096438501,11.808797981750677,0.20219949543766935,13124.420053447193,0.031105013361798273,6094.586155525321,0.24548846293776816
3685,7.657055546667799,0.1872530814821104,13.261871682944088,0.565467920736022,13476.8838677737,0.11922096694342521,6327.227076743199,0.4393558972859991
3686,8.32254001668574,0.5569666759365226,11.074711900135297,0.01867797503382418,14330.14030304164,0.3325350757604103,6266.591942731876,0.3888266189432299
3687,8.33371509987632,0.5631750554868452,14.88446459022298,0.9711161475557446,13141.362262961786,0.035340565740446306,6099.468928471339,0.24955744039278216
3688,7.479952919570562,0.08886273309475656,12.33341098621869,0.3333527465546725,14723.80584393468,0.4309514609836702,6662.6257280494865,0.7188547733745723
3689,8.814173421316475,0.8300963451758203,14.886869627560142,0.9717174068900355,14241.738041299684,0.3104345103249213,6917.67514960599,0.9313959580049915
3690,8.65278316050896,0.7404350891716449,14.78493670954971,0.9462341773874275,14362.319909974163,0.34057997749354063,6526.919609582982,0.6057663413191517
3691,7.539576317695684,0.12198684316426889,11.666787869697963,0.1666969674244907,16270.3487678778,0.8175871919694503,6101.6776749052215,0.2513980624210176
3692,7.507256405599935,0.10403133644440798,12.419278883348506,0.35481972083712643,13156.86556522354,0.03921639130588461,6615.708513586559,0.6797570946554662
3693,8.727912635328924,0.7821736862938471,13.339331884992706,0.5848329712481768,15811.074520396736,0.702768630099184,6496.850956467756,0.5807091303897967
3694,8.576228610058,0.6979047833655552,14.054753156173385,0.7636882890433462,13948.43939086845,0.23710984771711274,5864.6908639872245,0.053909053322686695
3695,8.962816667625741,0.9126759264587456,14.957318958503462,0.9893297396258656,14224.272659087785,0.3060681647719461,6822.441328385968,0.8520344403216398
3696,7.362754134375711,0.02375229687539493,11.296539815833368,0.07413495395834202,15797.234592798035,0.6993086481995087,6394.9759701913745,0.4958133084928118
3697,8.308053070290665,0.5489183723837031,12.864354419802213,0.4660886049505534,13278.27450878607,0.06956862719651735,6838.554233272696,0.8654618610605807
3698,8.066741112269476,0.4148561734830425,14.251099999569607,0.8127749998924019,13602.938063291176,0.15073451582279385,6158.423382247029,0.298686151872524
3699,7.37190070289398,0.028833723829988278,14.34903105465353,0.8372577636633822,16259.919292316044,0.8149798230790113,6927.819556208818,0.9398496301740149
3700,8.10573905666451,0.43652169814694997,11.289091710372123,0.07227292759303083,16873.212118940155,0.9683030297350389,6773.332288957927,0.8111102407982719
3701,7.485229877564299,0.0917943764246103,14.92926230229146,0.9823155755728653,13623.235216481427,0.15580880412035703,5904.297563489112,0.08691463624092632
3702,8.367721764535952,0.5820676469644184,13.053157769844587,0.5132894424611467,16506.741065362618,0.876685266340654,6017.813097594007,0.18151091466167224
3703,8.397065085385968,0.5983694918810938,11.336176755264674,0.08404418881616826,15563.83970474806,0.6409599261870149,6962.692192891934,0.9689101607432778
3704,8.842279268725706,0.8457107048476151,12.452309854660715,0.3630774636651788,15556.605626729024,0.639151406682256,6754.204557374561,0.7951704644788008
3705,8.975129420204098,0.9195163445578328,13.403868677574525,0.6009671693936312,15249.235470100677,0.5623088675251691,6793.063074610226,0.8275525621751884
3706,7.863163955687221,0.3017577531595672,13.180178935191835,0.5450447337979586,13310.711494700516,0.07767787367512902,6798.287459551019,0.8319062162925158
3707,8.725073467776097,0.7805963709867206,11.780465772409162,0.19511644310229026,16241.381710098147,0.8103454275245366,6835.090360780368,0.8625753006503069
3708,8.956041086149742,0.9089117145276353,11.37594767895875,0.09398691973968776,15080.048319883,0.52001207997075,6793.486288490949,0.8279052404091243
3709,9.051160776815516,0.961755987119732,12.114818297871402,0.27870457446785024,16853.218817742512,0.9633047044356277,6089.967208220675,0.2416393401838961
3710,8.944265447402884,0.9023696930016031,12.864553275388,0.46613831884699997,13089.024158295917,0.022256039573979147,6841.679029793668,0.8680658581613896
3711,7.778681575268006,0.25482309737111475,13.261086587963314,0.5652716469908284,15030.349180230027,0.5075872950575068,6018.699457374391,0.18224954781199298
3712,8.666959153198123,0.7483106406656244,13.394402860681057,0.5986007151702643,15460.334264505329,0.6150835661263322,5850.35703902744,0.04196419918953298
3713,7.838139166175669,0.2878550923198161,12.488994156704383,0.37224853917609557,14435.336055947622,0.3588340139869056,6968.000306336401,0.9733335886136678
3714,7.735433234114906,0.23079624117494746,13.871182570796583,0.7177956426991458,14688.785808659528,0.4221964521648821,6367.669287450752,0.4730577395422927
3715,8.510262595822883,0.6612569976793803,14.050857065352233,0.7627142663380581,13574.071236641064,0.14351780916026613,6637.7691610292,0.6981409675243333
3716,7.5445970786938705,0.1247761548299281,14.765059957142842,0.9412649892857108,16965.25487780897,0.9913137194522428,6818.02427913095,0.8483535659424583
3717,7.867233342600897,0.30401852366716475,14.722364694896399,0.9305911737240998,16053.955107926946,0.7634887769817366,6335.695375941627,0.44641281328468974
3718,7.562349254237008,0.13463847457611522,12.134637397947035,0.28365934948675886,14610.249476665018,0.40256236916625443,6760.885628949063,0.8007380241242197
3719,8.574066230817019,0.696703461565011,13.10323117437754,0.5258077935943848,13231.119651520712,0.05777991288017803,6401.245691572339,0.5010380763102822
3720,9.019209305271497,0.9440051695952761,12.52353836555886,0.38088459138971476,14584.18322246218,0.3960458056155448,6450.529988881706,0.5421083240680887
3721,8.861452492831923,0.8563624960177354,11.832062433938567,0.20801560848464185,14327.04178266801,0.33176044566700247,5946.422197974163,0.12201849831180245
3722,7.494264396377913,0.09681355354328502,14.889731514686009,0.9724328786715022,14630.792534336553,0.4076981335841381,5804.7713156440805,0.003976096370066795
3723,7.7396777161145485,0.2331542867303048,12.292565167745728,0.32314129193643226,14384.062204510816,0.3460155511277039,6190.6403095249,0.32553359127075
3724,8.321380738546294,0.5563226325257191,12.774472864399252,0.443618216099813,15802.826029990432,0.7007065074976079,6151.573078727419,0.2929775656061826
3725,8.847649694243731,0.8486942745798515,14.192390422131421,0.7980976055328552,15778.824565662671,0.694706141415668,6271.591039027009,0.3929925325225073
3726,8.591365048216979,0.7063139156760989,12.449368533295267,0.3623421333238167,14319.12062458513,0.32978015614628264,6249.631205142274,0.3746926709518946
3727,7.804292943779877,0.2690516354332647,11.272787072629317,0.06819676815732911,16940.456782456557,0.9851141956141395,6206.413428959142,0.3386778574659516
3728,7.486381166294537,0.09243398127474267,14.14491550468065,0.7862288761701627,13455.249190389073,0.11381229759726808,6461.8576486617085,0.5515480405514239
3729,8.261452462763064,0.5230291459794798,14.442442137433094,0.8606105343582735,13096.501420345909,0.02412535508647695,6628.55950655466,0.6904662554622173
3730,7.414816862238728,0.05267603457707082,11.593807304845672,0.14845182621141795,16444.594529802987,0.8611486324507469,6403.225626767397,0.5026880223061646
3731,8.772083018347033,0.8067127879705744,13.396554349398372,0.5991385873495927,16210.69101622592,0.8026727540564796,6242.239162059226,0.3685326350493554
3732,8.258545968612257,0.5214144270068091,11.334743025245315,0.08368575631132869,14418.287069689366,0.35457176742234164,6554.217414134091,0.6285145117784096
3733,7.633776841553412,0.17432046752967345,12.505450943756646,0.3763627359391615,14979.392900824654,0.49484822520616367,6672.695011033702,0.7272458425280854
3734,9.050517492640482,0.9613986070224904,12.850951918473012,0.4627379796182528,13620.573276741237,0.15514331918530933,6548.487424542502,0.6237395204520847
3735,8.244050135135751,0.5133611861865283,12.090913232040764,0.272728308010191,13759.249389494831,0.189812347373708,6425.186301165193,0.5209885843043275
3736,7.934048616210181,0.3411381201167676,12.008009311441265,0.2520023278603162,16486.98434301988,0.8717460857549699,6957.864182356029,0.9648868186300246
3737,8.534943063266553,0.6749683684814188,13.854527341097882,0.7136318352744706,16134.204691845316,0.7835511729613289,6765.177091107464,0.8043142425895528
3738,8.128865097358368,0.4493694985324266,14.53421013023669,0.8835525325591724,15071.037011275039,0.5177592528187598,6102.54913128404,0.25212427607003374
3739,7.520094709758116,0.11116372764339744,12.126218605176529,0.2815546512941324,16025.095363556837,0.7562738408892091,5946.529515860755,0.12210792988396224
3740,8.819778136989028,0.8332100761050157,12.031803004060947,0.2579507510152368,16773.14406927799,0.9432860173194973,6350.296607708333,0.4585805064236108
3741,8.477548268604268,0.6430823714468161,11.471796297601747,0.11794907440043667,13487.89226146607,0.12197306536651742,6137.1721743943235,0.28097681199526925
3742,8.36658942222919,0.5814385679051055,13.669850717288224,0.667462679322056,13797.958882212151,0.19948972055303782,6770.9867373293455,0.8091556144411214
3743,7.874672019774303,0.3081511220968354,12.106181414286022,0.27654535357150534,15690.511095471442,0.6726277738678605,6056.912245477034,0.21409353789752872
3744,8.524397520245051,0.669109733469473,11.942383316194697,0.23559582904867393,13343.684196666347,0.08592104916658683,5961.922080880573,0.13493506740047778
3745,7.724365584889911,0.2246475471610616,13.307302876203025,0.5768257190507563,15516.69314604376,0.6291732865109402,6740.9183536917935,0.7840986280764948
3746,8.594170533906796,0.7078725188371094,12.566218581964977,0.3915546454912441,14258.980507820663,0.3147451269551659,6403.60249680527,0.5030020806710583
3747,8.968500221366815,0.9158334563148978,12.564013503676366,0.3910033759190914,16827.71931025192,0.9569298275629801,6941.2570789524725,0.9510475657937271
3748,7.998941980496789,0.37718998916488267,11.496033518186636,0.12400837954665911,14099.218723905793,0.2748046809764484,5926.769561876259,0.10564130156354923
3749,8.545284162965963,0.6807134238699792,11.371047620012792,0.09276190500319781,14255.27513013167,0.3138187825329172,6823.385938069907,0.8528216150582559
3750,7.669475042052511,0.194152801140284,12.72904687572933,0.43226171893233234,13663.339382733102,0.16583484568327567,6618.672055002199,0.6822267125018329
3751,8.053929280801354,0.4077384893340854,11.868321327277187,0.21708033181929642,14078.052943333307,0.26951323583332687,6541.217102298306,0.6176809185819212
3752,7.508448748308955,0.10469374906053053,11.746742097447346,0.18668552436183639,16908.072023328816,0.9770180058322037,6030.784064224248,0.19232005352020642
3753,7.353299592119858,0.018499773399920927,13.417093906583322,0.6042734766458306,13713.716464421657,0.17842911610541423,5922.468816828728,0.10205734735727401
3754,8.848971107631993,0.8494283931288849,13.671647903457723,0.6679119758644307,13766.12003716227,0.19153000929056763,6633.902227732777,0.6949185231106473
3755,7.698162482871878,0.2100902682621546,13.672797368502518,0.6681993421256298,13119.176928198667,0.029794232049666802,6204.5446529808505,0.33712054415070913
3756,8.17171678350415,0.4731759908356393,14.35647983967515,0.8391199599187871,14709.393630948556,0.4273484077371389,6775.805969778658,0.8131716414822157
3757,8.653188078241808,0.7406600434676709,12.341264776311517,0.33531619407787916,16242.722831080784,0.8106807077701959,6119.619430089487,0.26634952507457244
3758,8.282561865989074,0.5347565922161525,14.282937685118865,0.8207344212797164,14456.57571430165,0.3641439285754129,6357.970124277244,0.46497510356437044
3759,9.06722846223804,0.9706824790211334,14.66745179511464,0.9168629487786601,13458.696511369544,0.11467412784238584,6095.881093811242,0.24656757817603459
3760,7.9016208097734495,0.3231226720963607,13.865866248132232,0.7164665620330579,16955.64642991229,0.9889116074780725,6697.196894772334,0.7476640789769452
3761,7.659154166321698,0.18841898128983225,14.362190723684582,0.8405476809211456,14336.329114223341,0.33408227855583517,6529.044050185416,0.6075367084878467
3762,7.597649790611367,0.15424988367298142,12.981980001813628,0.49549500045340733,13602.335483331728,0.1505838708329319,6186.912513726079,0.32242709477173215
3763,7.767973920966804,0.2488744005371133,13.517695528540049,0.6294238821350123,13926.592423805356,0.2316481059513389,6484.298797472261,0.5702489978935505
3764,7.6644099771247785,0.19133887618043255,14.535493419728102,0.8838733549320253,16624.626967735796,0.906156741933949,6545.494305568213,0.6212452546401779
3765,8.891199756637587,0.8728887536875481,14.689014544392961,0.9222536360982404,13236.425742512065,0.05910643562801621,6551.841419994003,0.6265345166616698
3766,7.672075006501066,0.19559722583392525,11.516876765510236,0.12921919137755933,15887.177619724484,0.7217944049311211,6662.333962474831,0.718611635395693
3767,9.007132957900932,0.9372960877227402,11.43383508911383,0.10845877227845746,15285.347285353955,0.571336821338489,6234.688801172932,0.36224066764410945
3768,8.154356981520296,0.46353165640016425,13.219854676981646,0.5549636692454114,13445.312954733647,0.11132823868341168,6033.441792910419,0.19453482742534967
3769,8.867317757358663,0.8596209763103689,13.668978695283094,0.6672446738207735,13994.475436171577,0.24861885904289438,6676.507592174366,0.730422993478639
3770,8.598733254879983,0.7104073638222134,13.896513916649708,0.7241284791624268,16067.546291392176,0.7668865728480441,6885.390230218488,0.9044918585154065
3771,8.859315170344432,0.8551750946357961,14.114546649690155,0.7786366624225386,15018.720160265062,0.5046800400662655,6392.62484508488,0.49385403757073343
3772,8.18937413276053,0.4829856293114063,13.588246039443831,0.6470615098609579,15952.533918801995,0.7381334797004987,6203.453995645288,0.3362116630377403
3773,7.354907964100323,0.019393313389068134,13.95206684386325,0.7380167109658126,16511.41152469978,0.8778528811749451,6831.978957838537,0.8599824648654473
3774,8.706841837202367,0.7704676873346488,13.913571904819586,0.7283929762048965,14692.874338241612,0.4232185845604032,6789.8775083467235,0.8248979236222697
3775,8.68708840805746,0.7594935600319226,13.316020718187342,0.5790051795468354,13786.651369046922,0.19666284226173059,6538.20947508156,0.6151745625679672
3776,7.96758676603811,0.35977042557672767,11.597094876712065,0.14927371917801635,13130.900957440248,0.032725239360061775,6564.466676021058,0.6370555633508819
3777,7.423809799493173,0.057672110829540824,14.318901288886716,0.8297253222216789,14237.8616397672,0.30946540994179994,6440.030095149631,0.5333584126246929
3778,8.102482421290073,0.4347124562722626,13.154409795802803,0.5386024489507004,15418.091332146583,0.6045228330366458,6290.778185765683,0.4089818214714027
3779,8.244289481408945,0.5134941563383028,13.66097935069147,0.6652448376728674,13279.947528760402,0.06998688219010063,5805.022102118768,0.004185085098973529
3780,9.095275954104348,0.9862644189468606,11.091826723991634,0.022956680997908485,13766.806766503483,0.1917016916258708,5962.768584227027,0.13564048685585528
3781,8.711536159223861,0.7730756440132562,12.122752398318267,0.28068809957956675,14498.850760155234,0.37471269003880847,6852.08960448488,0.8767413370707328
3782,8.312054768806027,0.5511415382255702,14.956925761569426,0.9892314403923568,13558.171953598203,0.1395429883995507,6990.197566195988,0.9918313051633229
3783,9.016330723450155,0.9424059574723083,11.34040371710571,0.08510092927642754,13236.06774628022,0.0590169365700548,6907.096834236465,0.9225806951970544
3784,7.336721871837027,0.009289928798348446,12.903868504427264,0.4759671261068158,13992.369632830147,0.24809240820753664,6827.7305919694645,0.8564421599745539
3785,8.926346345847858,0.8924146365821429,11.06655112970752,0.016637782426879744,16311.076158492559,0.8277690396231395,6507.788399725804,0.5898236664381699
3786,7.944941271635942,0.3471895953533015,11.616848865078543,0.15421221626963566,13342.507582755823,0.08562689568895554,6872.281076133784,0.89356756344482
3787,8.780748193520303,0.8115267741779462,14.9444431611919,0.986110790297975,15169.575672751156,0.5423939181877891,6511.8129587094045,0.5931774655911702
3788,8.465037589098294,0.6361319939434971,13.832651561684656,0.708162890421164,16045.716305903097,0.7614290764757744,6090.166466633213,0.24180538886101055
3789,8.044624881927543,0.402569378848635,14.34042211990839,0.8351055299770973,16425.683128581786,0.8564207821454468,6884.370901479109,0.9036424178992579
3790,8.419288138575006,0.6107156325416698,11.127895314616508,0.0319738286541269,13377.294013505487,0.09432350337637163,6972.89494791308,0.9774124565942334
3791,9.029996633882227,0.9499981299345717,13.709072020044479,0.6772680050111197,13565.662928782074,0.1414157321955185,6446.817564184212,0.539014636820176
3792,7.9293640944080455,0.3385356080044697,14.00116330407728,0.7502908260193204,13470.315828364968,0.11757895709124189,5916.071452757262,0.09672621063105113
3793,7.84938538110871,0.2941029895048388,12.780011862991799,0.4450029657479495,16135.818317048186,0.7839545792620464,5858.194206690251,0.04849517224187616
3794,8.158802615857502,0.46600145325416786,14.820610508733498,0.9551526271833745,13157.85343492734,0.03946335873183482,6913.5029982742735,0.9279191652285613
3795,9.084261906048402,0.9801455033602241,12.719796664080732,0.4299491660201833,15985.165390926419,0.7462913477316047,6560.4191764715015,0.6336826470595848
3796,8.199619129269427,0.48867729403857085,13.75065900614129,0.6876647515353225,16801.28414955416,0.9503210373885403,5840.668659230544,0.03389054935878677
3797,8.564467829291019,0.6913710162727886,11.54694158420272,0.13673539605068008,16060.738684520062,0.7651846711300155,6916.91369218305,0.9307614101525417
3798,8.23623047831389,0.5090169323966063,14.928077151736822,0.9820192879342055,16230.59304888118,0.8076482622202951,5843.213363648494,0.03601113637374498
3799,7.839348079854052,0.2885267110300286,11.535199679841142,0.13379991996028562,15709.883238795781,0.6774708096989455,5884.976008767992,0.07081334063999367
3800,8.693102751758481,0.7628348620880453,12.05596019215489,0.2639900480387226,15632.86309903914,0.6582157747597847,6759.668355811901,0.7997236298432512
3801,8.751744974785968,0.7954138748810936,13.294130309874745,0.5735325774686865,15138.441182429173,0.5346102956072931,5849.3612098747435,0.041134341562286125
3802,8.858656733472323,0.8548092963735126,11.368611385469839,0.0921528463674598,13875.305004893196,0.2188262512232989,6039.717851329308,0.19976487610775717
3803,9.063525416015231,0.9686252311195738,11.40760532012787,0.10190133003196722,14501.19692454625,0.3752992311365624,6839.1723103354,0.8659769252794994
3804,7.330365341185912,0.005758522881062045,12.042295538131674,0.2605738845329184,13693.360647413994,0.17334016185349843,6958.9032744860815,0.9657527287384012
3805,8.029299915888226,0.3940555088267921,14.230797157999078,0.8076992894997693,14507.873289790889,0.37696832244772216,6820.972784851161,0.8508106540426346
3806,8.96547672364719,0.9141537353595508,11.33107979125543,0.08276994781385749,13347.409437096976,0.08685235927424406,6945.266621283582,0.9543888510696519
3807,8.451092587474484,0.6283847708191581,13.435411802757944,0.6088529506894862,16212.987229119251,0.8032468072798131,6418.749897142329,0.5156249142852743
3808,7.864208679807277,0.3023381554484871,13.566851840549814,0.6417129601374537,16419.65528400725,0.8549138210018126,6446.557385710697,0.5387978214255812
3809,7.385470212541696,0.03637234030094205,13.791769376282556,0.6979423440706392,16109.308161905983,0.7773270404764958,6522.289801528686,0.6019081679405717
3810,7.64592776961894,0.18107098312163317,12.007354757109436,0.251838689277359,15193.48737104984,0.54837184276246,6294.198037110719,0.41183169759226634
3811,8.633949745396507,0.7299720807758375,13.006569285646169,0.501642321411542,16827.961077146265,0.9569902692865664,5937.402841930015,0.11450236827501215
3812,9.04257031595643,0.9569835088646843,13.551595201300199,0.6378988003250494,15072.443893481612,0.518110973370403,6186.502058674932,0.3220850488957768
3813,7.694213621807339,0.20789645655963296,11.631514499917685,0.1578786249794213,15140.95010001036,0.53523752500259,6237.93623956406,0.3649468663033836
3814,8.9405203649305,0.9002890916280553,13.601901079635569,0.6504752699088924,15925.494859207263,0.7313737148018159,6889.438944728145,0.9078657872734537
3815,7.550450189523603,0.1280278830686682,11.390962485299951,0.09774062132498773,16894.957659362215,0.9737394148405538,6763.78487131105,0.8031540594258749
3816,8.15089701748632,0.46160945415906685,14.050800376378032,0.7627000940945077,16618.46178604719,0.9046154465117978,6444.6505319368025,0.5372087766140025
3817,8.087638411169655,0.4264657839831415,14.570664175752768,0.8926660439381919,13442.374968408532,0.11059374210213324,6581.6075691879205,0.6513396409899335
3818,7.479899196252849,0.0888328868071383,14.314469131572524,0.8286172828931312,14318.621790055726,0.3296554475139315,6522.543865547012,0.6021198879558426
3819,9.068571347785332,0.9714285265474066,12.0608798349179,0.2652199587294749,13316.484681019683,0.07912117025492083,5860.860917862404,0.050717431552003256
3820,8.92428888172038,0.8912716009557661,13.074474782615898,0.5186186956539747,15718.505652963862,0.6796264132409656,6283.078662055446,0.40256555171287234
3821,7.640561148893029,0.17808952716279414,13.65425268466025,0.6635631711650625,14636.805911719373,0.4092014779298433,5983.30859563955,0.15275716303295783
3822,8.883744490395038,0.8687469391083547,11.028778005567897,0.007194501391974306,14686.95422500948,0.42173855625237,6079.97360098723,0.23331133415602567
3823,8.879449642826643,0.8663609126814689,14.013144852899108,0.7532862132247771,15596.48936342285,0.6491223408557127,6994.825587134618,0.9956879892788485
3824,8.841599670049249,0.8453331500273606,13.673039108944238,0.6682597772360597,13067.975276255944,0.016993819063985782,5885.876947541821,0.07156412295151804
3825,9.111776131817445,0.9954311843430249,13.120545739924005,0.530136434981001,15605.120747899513,0.651280186974878,6900.236956380276,0.9168641303168965
3826,7.328965786100728,0.004980992278181939,11.833687494121005,0.2084218735302512,14588.946457969576,0.397236614492394,6905.626352809825,0.9213552940081877
3827,8.564462999460012,0.69136833303334,13.473952732245058,0.6184881830612644,13989.540340259673,0.2473850850649183,6375.105982808495,0.479254985673746
3828,9.038989434099337,0.9549941300551879,11.649224988311023,0.16230624707775554,15427.719128679948,0.606929782169987,6933.058537219798,0.9442154476831657
3829,8.679785722771081,0.7554365126506007,12.755547023157927,0.43888675578948166,13952.379809368951,0.23809495234223776,6457.112475497708,0.5475937295814233
3830,8.22760820181368,0.5042267787853778,12.772991652167907,0.4432479130419764,13290.222964788867,0.07255574119721686,6429.184509926036,0.5243204249383633
3831,8.687213482066607,0.7595630455925592,11.872473382706072,0.21811834567651833,13854.175273111276,0.21354381827781876,6430.244485119456,0.5252037375995463
3832,8.165068704734423,0.4694826137413468,14.456607478987408,0.8641518697468522,13721.9608124656,0.18049020311640007,6983.287156402537,0.9860726303354481
3833,7.518694535431193,0.1103858530173294,11.853322101713738,0.21333052542843467,15992.812656057993,0.7482031640144984,6481.711699884941,0.5680930832374506
3834,8.55612966921565,0.6867387051198063,14.548562250969974,0.8871405627424934,16504.850567158686,0.8762126417896716,6884.726973587545,0.9039391446562874
3835,8.146253632903095,0.45902979605727556,13.901372959900677,0.7253432399751691,16282.833783349486,0.8207084458373717,6891.05967934988,0.909216399458233
3836,7.990778718242013,0.3726548434677852,14.131162996876226,0.7827907492190564,13704.648313480882,0.17616207837022047,6830.3937782839575,0.8586614819032977
3837,7.773507743549484,0.25194874641637965,12.890106901593567,0.4725267253983917,16938.90741905803,0.9847268547645067,6479.38701507452,0.5661558458954329
3838,7.882202593614551,0.31233477423030587,12.78407830240849,0.44601957560212246,15450.13020698577,0.6125325517464424,5832.77212031676,0.027310100263967074
3839,8.879873139025515,0.8665961883475086,13.449464639764397,0.6123661599410994,14785.993559467728,0.446498389866932,6402.476408964594,0.5020636741371621
3840,8.213297420913104,0.49627634495172446,14.267841551332339,0.8169603878330849,13156.223334230837,0.03905583355770914,6009.879335993064,0.17489944666088697
3841,8.404182819480184,0.6023237886001018,12.631051740810605,0.40776293520265106,16238.568627836556,0.8096421569591388,6808.770817202791,0.840642347668992
3842,7.705386780472461,0.21410376692914468,13.499282515733942,0.6248206289334856,15283.918573770048,0.5709796434425122,6270.951504627996,0.39245958718999674
3843,8.676442368786192,0.7535790937701076,12.710077779224921,0.42751944480623005,16279.290659556482,0.8198226648891207,6877.4671354726,0.8978892795604997
3844,8.125259585184589,0.44736643621366046,13.176597622054928,0.5441494055137319,16745.318623098014,0.9363296557745036,6617.649689077369,0.6813747408978075
3845,7.53798368087535,0.12110204493075016,13.933376072149247,0.7333440180373118,15873.641587306724,0.7184103968266811,6286.287353310107,0.40523946109175624
3846,7.903265658277606,0.324036476820892,14.189129783927557,0.7972824459818894,13800.308606031203,0.2000771515078008,6190.87090079785,0.32572575066487486
3847,8.435090937807788,0.6194949654487708,14.697716714616615,0.9244291786541536,14708.888586490895,0.42722214662272384,5912.596229508513,0.09383019125709391
3848,7.559694587629127,0.1331636597939594,13.13090133707743,0.5327253342693575,15284.497044866122,0.5711242612165305,6704.86150556947,0.7540512546412254
3849,7.9715520013028165,0.3619733340571204,14.11718210271427,0.7792955256785677,15719.32607981213,0.6798315199530323,6842.091637916417,0.8684096982636812
3850,8.358209099725947,0.5767828331810816,13.685622892329452,0.671405723082363,15724.76976212587,0.6811924405314677,6191.255525526812,0.326046271272343
3851,7.432032804025394,0.06224044668077455,14.718104181693093,0.929526045423273,16899.015288192608,0.9747538220481516,6095.450127946424,0.24620843995535335
3852,7.3858223376410805,0.03656796535615581,12.832595596638036,0.45814889915950907,16425.168044185968,0.8562920110464919,6949.086575115751,0.9575721459297922
3853,7.758102932771409,0.24339051820633817,11.705004113988021,0.17625102849700536,15949.438209377846,0.7373595523444614,6233.480775028576,0.36123397919047995
3854,8.317363801174732,0.5540910006526287,13.79072892902383,0.6976822322559576,16788.638191940554,0.9471595479851382,5971.871502782576,0.14322625231881314
3855,7.481280121923993,0.08960006773555129,13.811796191561172,0.7029490478902929,15713.106864510635,0.6782767161276587,5827.851244236777,0.023209370197314172
3856,8.055526796123782,0.4086259978465462,12.237330922522949,0.3093327306307371,15072.287318398465,0.5180718295996163,6848.178163042044,0.8734818025350365
3857,7.925733004679879,0.33651833593326597,12.400279633930822,0.35006990848270525,14508.469288384626,0.37711732209615634,6957.638065311727,0.9646983877597719
3858,7.988116009247841,0.3711755606932453,14.04275271793196,0.76068817948299,15161.278111498421,0.540319527874605,5884.618289330671,0.07051524110889273
3859,7.5869862894189,0.14832571634383318,11.033616408536142,0.00840410213403564,16050.242364244912,0.7625605910612281,5820.464821219085,0.017054017682570755
3860,8.203123685440168,0.49062426968898265,14.456403033833986,0.8641007584584964,16617.472674433993,0.904368168608498,6275.86788271295,0.3965565689274584
3861,8.786612800836409,0.8147848893535612,12.944245530030074,0.4860613825075183,16685.80877983907,0.9214521949597674,6576.413021605864,0.6470108513382199
3862,9.08879717562778,0.9826650975709896,13.489891824393661,0.6224729560984154,14847.606217378641,0.4619015543446605,6230.90419716236,0.35908683096863314
3863,8.598109010484153,0.7100605613800854,11.94729952765885,0.2368248819147123,14955.754144233826,0.4889385360584566,5871.340848409906,0.059450707008255166
3864,8.448638835305541,0.6270215751697454,13.055814198452834,0.5139535496132087,16436.267683885388,0.8590669209713474,5831.681670478327,0.026401392065272478
3865,8.546784410764097,0.6815468948689429,12.622504341807707,0.4056260854519267,13439.423575083809,0.10985589377095206,6203.954885468502,0.33662907122375174
3866,8.644029731825459,0.7355720732363665,11.158273470349549,0.03956836758738702,15547.577334234222,0.6368943335585555,6664.831672718807,0.7206930605990054
3867,7.419514198795861,0.05528566599770057,12.65633538233763,0.4140838455844078,13971.876284553273,0.242969071138318,6948.9442929100005,0.9574535774250004
3868,7.532486165954441,0.11804786997468919,12.281232750930728,0.320308187732682,14930.6700220632,0.48266750551579995,6500.565465252656,0.5838045543772137
3869,7.869140206849377,0.30507789269409846,14.783860461003103,0.9459651152507756,13775.604055496653,0.19390101387416314,6619.435689134971,0.6828630742791423
3870,7.903817561424828,0.3243430896804598,11.775786406230651,0.19394660155766275,13388.469295604724,0.097117323901181,6329.209686698992,0.44100807224915983
3871,8.772587019210535,0.8069927884502973,11.674429820492788,0.1686074551231972,13452.455667156652,0.11311391678916272,6503.250429320444,0.5860420244337036
3872,7.660431462355381,0.18912859019743378,12.437282312133828,0.35932057803345696,15417.140575889378,0.6042851439723446,6196.368514722577,0.33030709560214755
3873,8.16174494662603,0.4676360814589059,11.327181474368441,0.08179536859211001,13780.225110122003,0.1950562775305006,5819.411532702467,0.016176277252055837
3874,8.292830878273936,0.5404615990410756,14.523556434564076,0.8808891086410191,13868.184047730096,0.21704601193252404,6581.8415325928445,0.6515346104940368
3875,7.90711613704067,0.3261756316892609,14.890494238812012,0.9726235597030032,13786.636037861888,0.1966590094654721,6267.804790438956,0.38983732536579696
3876,8.522711134646523,0.6681728525814016,11.734666034358678,0.18366650858966949,13661.739034039063,0.16543475850976586,6399.944608685329,0.4999538405711069
3877,7.481317161435826,0.08962064524212576,14.468304702594882,0.8670761756487202,13458.32784035823,0.11458196008955746,6843.463727649166,0.8695531063743047
3878,7.610107642490427,0.16117091249468185,14.768125470321719,0.9420313675804297,16280.981959843717,0.8202454899609293,6699.731684322333,0.7497764036019442
3879,7.551721989048344,0.12873443836019127,14.352165621856352,0.8380414054640882,14555.009397941349,0.3887523494853372,6259.823109404371,0.3831859245036424
3880,7.630852289058426,0.17269571614357004,14.412768703118989,0.8531921757797472,14189.650861313998,0.2974127153284992,6446.574469515321,0.5388120579294335
3881,8.036566569315287,0.398092538508493,11.434658587085805,0.10866464677145105,14972.413929594803,0.4931034823987005,6582.636797606906,0.652197331339088
3882,7.746357433795266,0.23686524099737005,14.556291163509218,0.8890727908773044,16181.513875358149,0.7953784688395374,6514.224664107056,0.5951872200892131
3883,7.593283385052485,0.1518241028069358,12.665317903872852,0.4163294759682131,16378.846510458461,0.8447116276146154,6408.647139744383,0.507205949786986
3884,7.751537883680005,0.23974326871111384,14.580566150480504,0.8951415376201259,14533.687670661597,0.383421917665399,6768.222838041834,0.8068523650348615
3885,8.873285745443207,0.8629365252462268,12.114116983382731,0.2785292458456827,15442.9191103337,0.6107297775834247,6607.870519905617,0.6732254332546803
3886,8.58602199477713,0.703345552653962,14.100477358367307,0.775119339591827,13554.623111121373,0.1386557777803431,6115.578871539275,0.2629823929493954
3887,8.595205158748598,0.7084473104158886,14.682347692832536,0.9205869232081338,15021.155453278809,0.5052888633197021,6989.498665421101,0.9912488878509171
3888,9.018829473683926,0.9437941520466265,13.02155697710253,0.5053892442756326,15179.679634012726,0.5449199085031814,6940.114357544753,0.9500952979539606
3889,8.199942947587797,0.48885719310433173,14.92814323206705,0.9820358080167627,15462.429026374095,0.6156072565935237,5968.754471394348,0.14062872616195665
3890,8.850857935882587,0.8504766310458818,12.33490632454803,0.3337265811370076,16643.557576585627,0.9108893941464067,5919.057125140545,0.09921427095045476
3891,7.889440890662504,0.31635605036805803,12.467146081498719,0.36678652037467985,15153.833349859491,0.5384583374648729,6554.937608126081,0.6291146734384009
3892,7.386704890710037,0.03705827261668737,14.370474372614312,0.842618593153578,16273.806236406721,0.8184515591016801,6764.807091034749,0.8040059091956239
3893,9.013847116418887,0.9410261757882714,12.35407119756449,0.3385177993911227,14206.91986294384,0.30172996573596,6350.324039351786,0.45860336612648833
3894,9.051044625922199,0.9616914588456665,14.491358830001602,0.8728397075004005,15923.38623049874,0.7308465576246849,6605.980397499138,0.6716503312492821
3895,8.719496091374474,0.7774978285413751,11.619117162332262,0.15477929058306572,14975.074561083025,0.4937686402707565,6546.836602647773,0.6223638355398111
3896,7.6583767167308245,0.1879870648504578,12.727380484078736,0.431845121019684,16823.78316448405,0.9559457911210126,6016.172861803326,0.18014405150277168
3897,8.132152896436786,0.4511960535759917,13.991425045271445,0.7478562613178611,16238.425067823306,0.8096062669558264,6001.41184297224,0.16784320247686713
3898,8.684131062424798,0.7578505902359995,13.440952593235519,0.6102381483088799,15575.527798899106,0.6438819497247764,6060.846306641008,0.21737192220083956
3899,7.686591356752643,0.20366186486257942,13.014888115294468,0.5037220288236173,14520.22099541024,0.38005524885256003,6507.6683531794315,0.5897236276495263
3900,8.196639234986757,0.48702179721486527,12.725473550592076,0.431368387648019,16541.937272177332,0.8854843180443328,6531.288588858997,0.6094071573824978
3901,7.99744992588284,0.3763610699349115,14.220787106874281,0.8051967767185704,14587.865357796858,0.39696633944921433,6253.136822822558,0.3776140190187982
3902,7.449699322106192,0.07205517894788449,13.049372571128004,0.5123431427820009,14053.723224172712,0.26343080604317826,6809.261607044912,0.8410513392040934
3903,8.150372841269848,0.4613182451499156,12.006034228442648,0.2515085571106619,13404.858003574927,0.10121450089373185,6379.153238386011,0.4826276986550093
3904,8.291257808827925,0.5395876715710695,14.824563925711884,0.9561409814279709,16486.54976075162,0.8716374401879045,6363.975365383527,0.4699794711529389
3905,7.437508141429154,0.06528230079397424,11.101014563623362,0.02525364090584048,14582.047571051446,0.39551189276286125,6711.880365203999,0.7599003043366658
3906,8.675296893355755,0.7529427185309756,13.299222791530818,0.5748056978827046,13218.76013623695,0.05469003405923756,6670.126116802171,0.7251050973351426
3907,8.711517176442419,0.7730650980235665,12.60296390015349,0.4007409750383727,15292.092574993207,0.5730231437483014,6697.167596934145,0.7476396641117872
3908,8.426965004760202,0.614980558200113,14.046908694505069,0.7617271736262672,13247.262636458438,0.06181565911460951,6663.410712947884,0.7195089274565706
3909,8.546565651879524,0.6814253621552916,11.055965333685682,0.01399133342142056,16506.43791145421,0.8766094778635524,6823.690829587061,0.8530756913225503
3910,7.985448938974744,0.36969385498596896,12.269555098923082,0.31738877473077054,15304.483533296101,0.5761208833240253,6031.175282678084,0.1926460688984033
3911,8.390090109763348,0.594494505424082,14.833215572520539,0.9583038931301348,16814.82902897043,0.953707257242608,6783.362207830726,0.819468506525605
3912,8.39753906299379,0.5986328127743279,11.859635474344625,0.21490886858615632,14255.08478365375,0.3137711959134377,6205.235665341933,0.3376963877849438
3913,8.595515711899306,0.708619839944059,13.929104159248844,0.7322760398122112,13604.18036729555,0.1510450918238877,6301.945523358666,0.4182879361322218
3914,8.699133918269645,0.7661855101498025,14.984073022165365,0.996018255541341,14016.157350902638,0.25403933772565945,6664.057256619885,0.7200477138499043
3915,8.791461606186212,0.8174786701034518,14.517800800160632,0.8794502000401581,13475.161057815229,0.11879026445380692,6836.69857017841,0.8639154751486748
3916,8.215704933134287,0.49761385174127093,11.747595748941722,0.18689893723543038,15291.31535869194,0.5728288396729849,6471.541911013983,0.5596182591783194
3917,7.462424389217145,0.0791246606761914,11.563451366375366,0.14086284159384166,15390.022968827077,0.5975057422067696,6861.81095926748,0.8848424660562336
3918,7.596200774909311,0.153444874949617,14.092712066860605,0.7731780167151512,15143.977105199956,0.5359942762999887,6982.1409353016215,0.9851174460846845
3919,8.401257141694696,0.6006984120526095,12.462324125693545,0.36558103142338627,16606.628690910038,0.9016571727275097,6195.989470855143,0.3299912257126191
3920,7.668256514292559,0.19347584127364392,11.379985840621131,0.09499646015528307,14450.38202228805,0.3625955055720125,6075.320283705532,0.2294335697546106
3921,8.66352779128923,0.7464043284940172,11.470723399922589,0.1176808499806472,16077.92253326683,0.7694806333167075,6920.366054362411,0.9336383786353426
3922,8.618943056104184,0.7216350311689914,14.849553130885138,0.9623882827212845,15473.01456277535,0.6182536406938374,5965.347051720356,0.13778920976696318
3923,8.831436459024776,0.8396869216804315,12.210264130802264,0.3025660327005659,14485.860317791123,0.3714650794477805,6615.552386623888,0.6796269888532402
3924,8.264537616574348,0.5247431203190827,13.084949029523774,0.5212372573809434,15636.314860541632,0.6590787151354077,5859.56211976568,0.04963509980473346
3925,8.049547844503248,0.40530435805736,12.881653983455127,0.4704134958637818,15799.507229581022,0.6998768073952555,6048.896435897457,0.20741369658121434
3926,9.060189602513422,0.9667720013963459,13.791151261914612,0.697787815478653,15511.457014038897,0.6278642535097242,6197.514539432386,0.33126211619365553
3927,8.726975849688369,0.7816532498268723,12.328571305874842,0.3321428264687104,13606.489937105944,0.15162248427648606,6212.638695051468,0.34386557920955696
3928,8.184807056520063,0.48044836473336816,12.728827860640042,0.43220696516001067,13222.232909813954,0.05555822745348871,6294.263299441397,0.41188608286783124
3929,8.551683789411031,0.6842687718950173,14.755424494513218,0.9388561236283045,13473.798563378637,0.11844964084465959,6971.559566306416,0.97629963858868
3930,8.158763471211726,0.4659797062287365,14.872791028231306,0.9681977570578265,15923.472439472296,0.730868109868074,5921.788351369898,0.10149029280824817
3931,8.818571581175645,0.8325397673198034,13.256392795336254,0.5640981988340633,14141.846521837917,0.28546163045947903,6066.4790371224835,0.22206586426873642
3932,7.876739840279642,0.30929991126646794,11.80578672989581,0.20144668247395292,15292.960520680695,0.5732401301701736,5904.832228273652,0.0873601902280432
3933,7.779301240750579,0.2551673559725436,11.111370548128825,0.02784263703220624,14055.64713218059,0.2639117830451474,6180.5369283997225,0.31711410699976894
3934,7.4191719388955075,0.05509552160861508,13.173388053658773,0.5433470134146932,16296.865014244097,0.8242162535610241,6948.260779876071,0.9568839832300595
3935,7.8041083896206125,0.2689491053447848,11.802582903781921,0.20064572594548036,13898.233785265815,0.2245584463164535,6247.039185429423,0.3725326545245192
3936,8.549500095094324,0.6830556083857356,14.40626212504907,0.8515655312622675,16281.894434290876,0.820473608572719,6999.3630604257105,0.9994692170214258
3937,8.446442645092592,0.6258014694958842,14.534460734197566,0.8836151835493917,15871.324945435128,0.7178312363587821,6187.447949751046,0.32287329145920496
3938,8.34098016287817,0.5672112015989836,13.992889387373303,0.7482223468433256,13492.140125037995,0.12303503125949888,6278.986127805916,0.39915510650493025
3939,8.690142489403298,0.7611902718907219,14.90761371498582,0.9769034287464547,16759.307141572805,0.9398267853932016,6265.743604980679,0.38811967081723286
3940,8.10438044655119,0.43576691475066065,13.35665365619742,0.5891634140493548,15965.442336583485,0.7413605841458712,6034.253181447943,0.19521098453995223
3941,7.51034773145551,0.10574873969750542,12.758598028435397,0.4396495071088494,16284.977796643305,0.8212444491608262,5819.249948828365,0.016041624023637402
3942,8.895646208916162,0.8753590049534231,11.655948025354892,0.16398700633872276,16798.14038149936,0.9495350953748406,6126.373864112114,0.27197822009342765
3943,7.848654983710371,0.29369721317242836,12.263320655141365,0.31583016378534123,14081.092090221557,0.2702730225553891,6835.793967635098,0.8631616396959154
3944,8.949919233748563,0.9055106854158684,13.091175176588935,0.5227937941472337,14087.935071000376,0.27198376775009425,6778.772188454878,0.8156434903790653
3945,7.330066394693476,0.005592441496375389,14.202685405014766,0.8006713512536913,16950.706798400683,0.9876766996001703,6179.578352759953,0.3163152939666277
3946,9.086127556782687,0.981181975990382,12.69085545425159,0.42271386356289753,15393.396479168185,0.5983491197920461,6484.797638497624,0.5706646987480198
3947,8.924715666186549,0.8915087034369716,11.618168740156605,0.1545421850391514,15596.848630526303,0.6492121576315757,6732.799541716973,0.777332951430811
3948,8.024551333031585,0.3914174072397699,12.886715558562562,0.4716788896406404,13860.279049952976,0.21506976248824394,6926.863636541999,0.9390530304516654
3949,8.112294413964992,0.44016356331388495,14.068515670812445,0.7671289177031114,14169.829980912771,0.29245749522819264,6238.868643801322,0.36572386983443494
3950,9.105313755037365,0.9918409750207583,14.26213656409572,0.81553414102393,16777.326586025854,0.9443316465064635,6848.623787128183,0.8738531559401527
3951,8.885603614444507,0.8697797858025041,12.211428166748505,0.3028570416871259,14087.751269748125,0.27193781743703127,6503.673721912752,0.5863947682606263
3952,9.118930930013462,0.999406072229702,12.78153166015613,0.4453829150390326,14939.06319212739,0.4847657980318476,6244.476376835772,0.3703969806964763
3953,7.740596914754501,0.23366495264138942,12.557734173221979,0.38943354330549473,13823.951795953546,0.20598794898838635,6506.285584180853,0.588571320150711
3954,8.991903660712582,0.928835367062546,11.80658841685895,0.20164710421473753,13876.361033525658,0.2190902583814145,5885.824890052304,0.07152074171025369
3955,8.260962172403435,0.5227567624463532,13.102433614168454,0.5256084035421138,14553.287268700726,0.38832181717518155,6451.966135933558,0.5433051132779646
3956,7.354021109733888,0.018900616518826685,11.839062407240453,0.2097656018101134,14868.446816789434,0.4671117041973586,5857.021860771176,0.04751821730931316
3957,8.890708748204627,0.8726159712247933,13.987553258664018,0.7468883146660047,13280.708302879128,0.07017707571978193,6798.748418840062,0.8322903490333853
3958,8.905194048766152,0.8806633604256398,14.222626609409026,0.8056566523522565,15313.584173694275,0.5783960434235684,6617.880563388414,0.6815671361570118
3959,8.871255733954131,0.8618087410856285,11.12614497279195,0.031536243197987646,16834.250115271294,0.9585625288178237,6240.7524155230885,0.36729367960257364
3960,8.18885845032824,0.48269913907124495,12.084087955698697,0.27102198892467433,14793.93049984361,0.4484826249609022,6751.430539844417,0.7928587832036804
3961,7.4060987817993835,0.04783265655521274,14.726154222068816,0.9315385555172039,16454.854670697852,0.8637136676744628,5955.450010654334,0.1295416755452784
3962,8.896432239548487,0.8757956886380484,13.604297899441338,0.6510744748603348,15368.967302522957,0.5922418256307391,6058.201843579771,0.215168202983142
3963,8.943615596984781,0.9020086649915451,11.545991578433451,0.1364978946083628,15302.389188663,0.5755972971657499,5962.341233863729,0.1352843615531072
3964,9.088958021247254,0.9827544562484753,12.57017154466153,0.39254288616538247,13978.746039227339,0.2446865098068346,6016.8815089331965,0.18073459077766352
3965,7.520650015891766,0.11147223105098114,12.163869433418414,0.2909673583546034,16816.714998478707,0.9541787496196764,6051.7316405016745,0.2097763670847289
3966,8.610225149965265,0.7167917499807032,13.630290995419124,0.6575727488547809,15214.174316438355,0.5535435791095888,6209.214866813685,0.3410123890114045
3967,7.921268474021096,0.334038041122831,13.495345697796125,0.6238364244490312,15573.632406910787,0.6434081017276965,6500.11556556107,0.5834296379675586
3968,9.119655712517876,0.9998087291765981,13.60584115566885,0.6514602889172124,14880.371952447957,0.47009298811198896,6017.709807660284,0.1814248397169036
3969,8.037975770950258,0.398875428305699,11.83546583108503,0.20886645777125723,13900.409722177645,0.22510243054441104,6463.3182829812495,0.552765235817708
3970,8.784885181804905,0.8138251010027248,14.770759475027008,0.9426898687567519,13655.154505069835,0.16378862626745871,6693.598874402043,0.7446657286683698
3971,8.076485079043715,0.42026948835761957,13.546198444822924,0.6365496112057308,14644.107106725778,0.4110267766814446,6656.367777806356,0.7136398148386298
3972,8.1073706268668,0.4374281260371109,12.751962428380004,0.43799060709500104,15967.725204705614,0.7419313011764036,5891.573521847587,0.07631126820632239
3973,8.12585941961997,0.4476996775666495,14.217792801822121,0.8044482004555302,16219.863552539176,0.804965888134794,6428.185411861677,0.5234878432180641
3974,8.33550719661753,0.5641706647875165,13.401530552194735,0.6003826380486841,13655.87249817558,0.1639681245438952,6135.633019797585,0.27969418316465433
3975,8.504532035745838,0.6580733531921324,12.950446444348412,0.48761161108710316,14322.873512296006,0.3307183780740016,6322.0287083146795,0.4350239235955665
3976,7.407462189456581,0.0485901052536557,12.946519105886567,0.48662977647164185,15840.426359589464,0.7101065898973662,6235.057454652295,0.3625478788769123
3977,8.90710723484542,0.8817262415807889,13.459165060892952,0.6147912652232378,15781.132988172863,0.6952832470432156,5988.0172233097655,0.1566810194248046
3978,7.498426638036541,0.09912591002030036,13.497860830655434,0.6244652076638585,14311.070106772166,0.3277675266930413,6463.8159190473525,0.5531799325394607
3979,7.57884853077392,0.1438047393188444,13.106439784613173,0.526609946153293,15606.666157537788,0.6516665393844469,6003.603305007448,0.1696694208395405
3980,7.516425423730448,0.10912523540580432,11.053123520890317,0.013280880222579339,13535.671295186212,0.13391782379655304,5992.606131700074,0.16050510975006138
3981,8.231702207212933,0.5065012262294077,14.258829159268515,0.8147072898171289,16494.777865625154,0.8736944664062887,6272.271511693634,0.3935595930780287
3982,8.195345166732336,0.48630287040685305,13.302592104558812,0.5756480261397029,13473.93786247991,0.11848446561997772,6209.140675922205,0.34095056326850437
3983,7.991171606740745,0.37287311485596963,11.890440161125328,0.2226100402813319,16761.301670858586,0.9403254177146468,6832.068168772917,0.8600568073107638
3984,8.575595682151569,0.6975531567508721,13.794830156001705,0.698707539000426,16513.92411683303,0.8784810292082572,6846.333602244002,0.8719446685366683
3985,8.095138497773501,0.43063249876305654,11.593164321004563,0.1482910802511408,13988.25174066448,0.2470629351661201,5877.258592509269,0.06438216042439115
3986,8.566554652245705,0.6925303623587252,14.77551629924583,0.9438790748114572,13110.673762116012,0.02766844052900297,5959.064132244294,0.13255344353691223
3987,9.085344828622448,0.9807471270124719,14.377290890088766,0.8443227225221914,13151.515900397406,0.037878975099351675,6880.397203921789,0.9003310032681574
3988,8.429850089373286,0.6165833829851591,12.099132990378358,0.2747832475945895,14109.072894551946,0.2772682236379863,6076.738450147653,0.23061537512304353
3989,8.413038514949818,0.6072436194165654,14.222021176481308,0.805505294120327,14172.684568553508,0.293171142138377,5885.198699583462,0.07099891631955191
3990,8.284384771447403,0.5357693174707795,12.011016455656666,0.25275411391416625,14284.256550738282,0.32106413768457076,5829.782441879246,0.024818701566038603
3991,7.629564036805208,0.1719800204473375,14.276763345631522,0.8191908364078805,14167.595273365197,0.2918988183412994,6644.175490816712,0.7034795756805935
3992,8.611683419895284,0.717601899941825,14.430320746440199,0.8575801866100496,14747.549999451072,0.436887499862768,6655.498022629433,0.7129150188578609
3993,7.978842666957081,0.3660237038650448,13.718858284901675,0.6797145712254185,15485.68808035753,0.6214220200893823,6056.977244655605,0.2141477038796714
3994,7.773013266694123,0.25167403705229097,11.513780567377815,0.12844514184445344,16673.29490304267,0.9183237257606681,5962.10117715359,0.13508431429465761
3995,8.926575416293996,0.8925418979411089,12.160422327697521,0.2901055819243804,13425.010095334672,0.1062525238336679,6377.489295477872,0.4812410795648927
3996,8.04880419014617,0.40489121674787165,13.4596161673711,0.6149040418427753,16121.240534725457,0.780310133681364,6511.243736570886,0.592703113809071
3997,8.132220966680492,0.45123387037805096,11.586997579504507,0.14674939487612682,16412.27034416723,0.8530675860418074,6744.615403205944,0.7871795026716202
3998,8.642318937617592,0.7346216320097738,13.383236470310107,0.5958091175775267,14188.583660698405,0.2971459151746011,6206.439917499474,0.3386999312495621
3999,7.346839692788498,0.014910940438053966,13.242850463736056,0.560712615934014,13209.217777421542,0.05230444435538528,6776.42736531283,0.8136894710940253
4000,7.934017766964601,0.34112098164700067,14.537194349207732,0.884298587301933,15899.235369566857,0.7248088423917144,6116.4303658961735,0.26369197158014446
4001,8.911001205388443,0.8838895585491356,13.957436242292417,0.7393590605731043,14233.263364666618,0.30831584116665434,6404.7592621895965,0.5039660518246638
4002,8.43595505320289,0.6199750295571615,14.883361731698875,0.9708404329247188,13996.89946308975,0.24922486577243752,6251.717301595634,0.3764310846630282
4003,7.632092581171238,0.17338476731735442,14.5438229188262,0.8859557297065499,14498.624995182152,0.37465624879553805,6908.981080620879,0.924150900517399
4004,8.627120003939833,0.7261777799665743,13.451480846719097,0.6128702116797741,15228.724743858758,0.5571811859646898,6270.374347387039,0.3919786228225326
4005,8.926831688068555,0.8926842711491974,12.906745731342065,0.47668643283551637,13931.332463837578,0.2328331159593947,6803.850606854416,0.8365421723786797
4006,7.672103228703082,0.19561290483504568,14.794738020354202,0.9486845050885508,13806.456300575557,0.2016140751438894,6075.473385526821,0.22956115460568438
4007,8.740322548368777,0.7890680824270984,12.760529931508637,0.4401324828771592,14455.587267426947,0.3638968168567368,6470.588039571027,0.5588233663091896
4008,9.101473050077209,0.9897072500428941,13.127103429032411,0.5317758572581028,16694.470708926034,0.9236176772315082,6546.661465306052,0.6222178877550435
4009,7.977550984757542,0.36530610264307917,12.815865800414175,0.45396645010354375,13599.92271171006,0.1499806779275148,6085.7230575731,0.23810254797758323
4010,8.352079052496864,0.573377251387147,14.275534560136322,0.8188836400340805,14597.51292110942,0.3993782302773554,5905.328688884651,0.08777390740387558
4011,8.15362712000755,0.4631261777819726,11.748985322021115,0.1872463305052786,16229.58703421516,0.8073967585537899,6767.782520881794,0.8064854340681616
4012,7.923008928502579,0.33500496027921056,12.741230241830632,0.4353075604576577,16226.085514921746,0.8065213787304365,6246.657292752597,0.37221441062716387
4013,9.020554628174644,0.9447525712081355,12.882233614436654,0.47055840360916346,14604.078086472313,0.40101952161807797,5983.14901527053,0.15262417939210815
4014,8.308586383835298,0.5492146576862762,12.916525672304461,0.47913141807611537,15345.057971223918,0.5862644928059795,6679.203974397372,0.7326699786644767
4015,8.845526633666225,0.8475147964812362,14.14722357266379,0.7868058931659478,13155.955815723033,0.03898895393075841,6096.75376230279,0.24729480191899156
4016,8.380133885309544,0.5889632696164131,12.829224836581144,0.45730620914528586,16543.02408816844,0.8857560220421102,6438.58827672669,0.5321568972722421
4017,8.92825942910032,0.8934774606112895,14.272962359047813,0.8182405897619531,14986.483814687832,0.4966209536719579,5856.506196427365,0.04708849702280382
4018,8.292801312829802,0.5404451737943349,13.488573458486236,0.622143364621559,13797.387099551579,0.19934677488789487,6125.962612009177,0.27163551000764763
4019,9.072689960529102,0.9737166447383906,11.712806562759788,0.17820164068994704,14593.418810846804,0.3983547027117009,6101.070743767685,0.25089228647307094
4020,7.537221347950307,0.12067852663905942,12.821961477509925,0.4554903693774811,15427.268872600836,0.6068172181502092,6879.291189326101,0.8994093244384171
4021,7.506950831323427,0.10386157295745924,12.925853514835445,0.4814633787088616,13244.453239394192,0.061113309848548014,6613.2496604976695,0.6777080504147249
4022,7.91679374006838,0.3315520778157667,13.052440187779347,0.5131100469448369,16517.871165248598,0.8794677913121491,6001.233831265786,0.16769485938815443
4023,8.48258385457101,0.6458799192061165,14.835791079040241,0.9589477697600605,16624.97185301464,0.9062429632536598,6255.9884049000275,0.3799903374166894
4024,7.3648652558258005,0.02492514212544472,11.309318475100692,0.0773296187751733,15483.2447792728,0.6208111948181999,5974.228262214082,0.1451902185117353
4025,7.612959347144638,0.16275519285813234,12.276448774906031,0.3191121937265078,14782.36437265729,0.4455910931643223,6822.484425785052,0.8520703548208763
4026,8.536880002218128,0.676044445676738,14.778596887094192,0.9446492217735478,13411.945451798916,0.10298636294972885,6804.737568023486,0.8372813066862383
4027,8.212661895466287,0.495923275259048,14.639428948067245,0.9098572370168111,14328.078083935237,0.33201952098380916,6031.80994230729,0.19317495192274192
4028,7.665859828215757,0.19214434900875355,12.764572743083832,0.4411431857709581,13784.621828576768,0.1961554571441918,6944.1222425471,0.9534352021225829
4029,9.095910061064334,0.9866167005912972,14.452375511466222,0.8630938778665556,16681.415375611923,0.9203538439029805,6644.866048172447,0.7040550401437063
4030,9.066625103653607,0.9703472798075596,12.66868962096573,0.4171724052414322,15862.696754924094,0.7156741887310234,6911.911086835602,0.9265925723630017
4031,9.01002827339698,0.9389045963316562,14.253155765392249,0.8132889413480623,16029.76867748748,0.7574421693718699,6604.624320796995,0.6705202673308289
4032,7.4099570220550115,0.04997612336389523,12.973362538481163,0.49334063462029076,13509.177587874772,0.12729439696869282,6128.925487261192,0.27410457271766
4033,7.398798288453785,0.04377682691876916,14.126150988335642,0.7815377470839107,13428.373882484027,0.10709347062100694,6765.443352238668,0.8045361268655566
4034,7.832304640213611,0.28461368900756157,12.286164551178485,0.32154113779462123,13195.842811811495,0.048960702952874025,5875.794915093689,0.0631624292447408
4035,8.999304446719844,0.9329469148443583,14.790647443252226,0.9476618608130565,13224.962614405167,0.0562406536012916,6728.127687625416,0.7734397396878469
4036,8.971114827022868,0.9172860150127047,14.671968962750913,0.9179922406877284,13521.04258140696,0.1302606453517402,6531.745121481636,0.6097876012346961
4037,8.083403192038368,0.42411288446576045,13.524429982479484,0.631107495619871,16494.32010592806,0.8735800264820143,6094.354149151628,0.24529512429302314
4038,7.904729013140964,0.32484945174498026,13.595627494107106,0.6489068735267765,15090.541286779042,0.5226353216947606,6843.679208641707,0.8697326738680892
4039,9.089987827034653,0.9833265705748077,11.476313219987254,0.11907830499681371,13326.676557065362,0.08166913926634078,6961.9023239498965,0.9682519366249134
4040,9.061701964712368,0.9676122026179824,11.75253139424451,0.18813284856112777,13625.759205037833,0.15643980125945833,6935.510776219217,0.9462589801826812
4041,7.856171367778017,0.2978729820988981,13.893832469480724,0.7234581173701812,16284.237936469097,0.8210594841172741,6036.7042134341455,0.19725351119512124
4042,8.508467080914944,0.6602594893971907,12.106762483921655,0.27669062098041375,14205.622043034049,0.3014055107585123,6181.8645111113465,0.3182204259261219
4043,8.929742459534712,0.8943013664081738,11.120446398927147,0.030111599731786454,15073.602735019547,0.5184006837548869,6496.477109206821,0.5803975910056842
4044,7.744612599986284,0.23589588888126878,14.359629341725586,0.8399073354313968,16657.764998004524,0.914441249501131,6644.205469812002,0.703504558176668
4045,7.808226518236647,0.2712369545759149,14.906933536582677,0.9767333841456696,15171.034663756574,0.5427586659391435,6176.869111684214,0.31405759307017844
4046,8.775942753801102,0.8088570854450572,12.87121587058899,0.4678039676472474,16698.431982261704,0.9246079955654254,6599.261648453432,0.6660513737111934
4047,8.496455219726878,0.6535862331815989,11.627890058366445,0.1569725145916111,14192.61066047757,0.29815266511939253,6286.878406559158,0.4057320054659652
4048,9.079853183220658,0.9776962129003658,13.952842266303065,0.7382105665757662,16501.46004703939,0.8753650117598472,5916.541292240626,0.09711774353385483
4049,8.686534025938037,0.7591855699655762,13.9569225236802,0.73923063092005,15168.67329008241,0.5421683225206022,6350.738479880726,0.45894873323393837
4050,8.145112157279955,0.4583956429333088,11.040793708669202,0.010198427167300794,14609.447276580091,0.4023618191450229,6429.434240564736,0.5245285338039463
4051,7.9226321740511025,0.3347956522506126,11.524782854138264,0.13119571353456594,16862.36782968157,0.965591957420393,5830.752100457261,0.025626750381050556
4052,8.75229352836021,0.7957186268667837,13.406345738127772,0.6015864345319432,15457.690089337966,0.6144225223344915,5880.229446467288,0.06685787205607285
4053,8.5665331939747,0.692518441097055,11.18530892411102,0.046327231027754934,16383.961535004364,0.845990383751091,6707.81818950375,0.7565151579197913
4054,8.813228961823025,0.8295716454572369,13.252211728183777,0.5630529320459441,14478.424205134714,0.3696060512836784,6605.282415041793,0.671068679201494
4055,8.272460351014212,0.52914463945234,11.28828771878369,0.07207192969592258,15963.024939719227,0.7407562349298068,5923.4312203730315,0.10285935031085947
4056,8.064116342656927,0.41339796814273777,12.839890622150548,0.45997265553763733,13009.994879441172,0.0024987198602930416,6058.987480382696,0.21582290031891327
4057,7.8323750740027736,0.2846528188904297,13.214441819195423,0.5536104547988558,14217.716985570894,0.3044292463927236,6480.548500920091,0.5671237507667426
4058,8.425028196074313,0.613904553374619,13.436094828497684,0.609023707124421,16052.82048894123,0.7632051222353072,6303.950068158483,0.41995839013206915
4059,8.671497293062922,0.7508318294794015,12.614769970658624,0.403692492664656,14373.054185680721,0.3432635464201801,6449.828302746816,0.5415235856223469
4060,7.995794765420857,0.3754415363449207,12.616416188270872,0.40410404706771796,13594.954062124538,0.1487385155311346,6719.162870390654,0.7659690586588775
4061,8.79892793661277,0.8216266314515394,11.181311394380248,0.04532784859506234,15085.185115180673,0.5212962787951685,6795.143506210777,0.8292862551756471
4062,7.949387487813003,0.3496597154516684,14.349721471722734,0.8374303679306836,16565.880175138802,0.8914700437847002,6853.99624685603,0.8783302057133582
4063,8.537066483046239,0.6761480461367994,13.129650005820196,0.5324125014550488,16493.863789361487,0.8734659473403722,6788.91275122151,0.8240939593512582
4064,7.607038185516519,0.15946565862028828,12.17784620569764,0.29446155142441,14012.349542152282,0.2530873855380704,5871.176927087012,0.05931410590584352
4065,8.449127828171166,0.6272932378728705,12.240265534361626,0.3100663835904063,14877.139976409433,0.46928499410235835,6540.763460936169,0.6173028841134746
4066,8.125694838153331,0.44760824341851746,12.619859484997653,0.40496487124941316,15215.27883788511,0.5538197094712772,6197.284440279881,0.3310703668999009
4067,8.236646949707579,0.5092483053930995,12.100490655276323,0.2751226638190808,15222.816202461558,0.5557040506153893,6132.3301187752195,0.276941765646016
4068,9.060242028948942,0.9668011271938569,11.971874828402104,0.24296870710052587,15942.80241438195,0.7357006035954876,6993.555860915181,0.9946298840959844
4069,8.827040381461007,0.8372446563672262,11.0695004064924,0.017375101623100075,15271.815086932427,0.5679537717331069,6236.681268402103,0.3639010570017527
4070,8.110955368049138,0.43941964891618823,12.313315662790119,0.32832891569752976,14105.524735503777,0.27638118387594424,5877.452252868135,0.06454354405677898
4071,8.792511463634076,0.8180619242411542,14.437692115053284,0.8594230287633212,14568.787696268373,0.39219692406709317,6353.577274498747,0.46131439541562247
4072,7.863654397365047,0.3020302207583595,12.230353332871516,0.30758833321787904,16207.704577144017,0.8019261442860043,5934.589281580275,0.11215773465022927
4073,8.469815375673198,0.6387863198184435,11.369832621392488,0.09245815534812207,13110.464075808515,0.02761601895212884,5827.0556139147975,0.022546344928997986
4074,7.647165093281128,0.18175838515618215,14.79243630517094,0.948109076292735,14727.786566006602,0.4319466415016505,6844.090510693854,0.8700754255782119
4075,7.494210219296676,0.09678345516481968,11.060514355363757,0.015128588840939261,13814.893837900869,0.20372345947521708,6642.7620289217875,0.7023016907681565
4076,9.007551432072361,0.9375285733735347,12.203125955478566,0.3007814888696413,14549.481834721515,0.38737045868037856,5833.426709006271,0.02785559083855904
4077,8.704832062618927,0.7693511458994036,13.449196206398303,0.6122990515995758,14951.027390779058,0.48775684769476424,6329.44404214697,0.4412033684558083
4078,8.074842068138967,0.4193567045216483,14.569556124232285,0.8923890310580712,13259.544597487793,0.06488614937194837,6846.305895334926,0.8719215794457718
4079,9.105423170228214,0.9919017612378966,11.238018358285904,0.059504589571475974,14386.203492757748,0.3465508731894371,6802.498218440661,0.8354151820338838
4080,7.716580834910623,0.220322686061457,12.383827832523064,0.3459569581307661,16392.02110896162,0.8480052772404049,5891.364907394154,0.07613742282846214
4081,8.512220709670379,0.6623448387057662,11.474279524226297,0.11856988105657418,15587.70904547493,0.6469272613687327,6619.04813867047,0.6825401155587245
4082,7.418289538780392,0.05460529932244029,12.113967587954296,0.278491896988574,16347.134570723074,0.8367836426807683,6011.853617642491,0.1765446813687429
4083,8.0612264879774,0.4117924933207783,14.316210808110458,0.8290527020276145,13422.18519357532,0.10554629839383012,6842.045211531882,0.8683710096099018
4084,7.559112236973847,0.13284013165213693,12.864973676757494,0.4662434191893736,15541.140479984842,0.6352851199962105,6646.926170141442,0.7057718084512017
4085,8.297598619959752,0.5431103444220842,12.453171992396614,0.3632929980991535,15436.716945610116,0.6091792364025292,5852.830705728192,0.04402558810682666
4086,7.539924446277742,0.12218024793207893,14.251729735302458,0.8129324338256146,15426.278963937062,0.6065697409842656,5952.162480823848,0.12680206735320698
4087,8.469550227394087,0.6386390152189378,13.872217439223135,0.7180543598057837,13221.165914089523,0.05529147852238059,6448.721819265417,0.5406015160545145
4088,7.464431041591012,0.08023946755056222,12.521553316584109,0.38038832914602716,13748.431999945906,0.18710799998647643,6101.502531388548,0.25125210949045695
4089,7.3920806543054285,0.040044807947460126,13.277328767929786,0.5693321919824466,13187.371236057046,0.04684280901426141,6337.520159246315,0.44793346603859585
4090,8.372199814495236,0.5845554524973539,14.306487387377851,0.8266218468444627,16333.045057661953,0.8332612644154884,6061.458342824154,0.21788195235346153
4091,8.682698666609477,0.7570548147830434,13.584041803456955,0.6460104508642387,16111.57373735398,0.7778934343384948,6884.366923075683,0.9036391025630691
4092,9.080881064216012,0.9782672578977847,12.678344122743813,0.419586030685953,15851.164069614295,0.7127910174035738,6167.5029453400675,0.3062524544500561
4093,7.354559152860475,0.019199529366930035,11.49204892559505,0.12301223139876272,16191.358357204399,0.7978395893010998,6138.613930058916,0.2821782750490961
4094,7.320066399006335,3.688833685278059e-05,12.43170273818843,0.3579256845471078,13181.425904825537,0.04535647620638439,5858.493269838474,0.04874439153206156
4095,7.471233230318123,0.08401846128784562,13.538968865298752,0.634742216324688,13213.947013620105,0.0534867534050264,6897.687504513391,0.9147395870944925
4096,8.222962654788928,0.5016459193271827,12.664070402945917,0.4160176007364791,16349.870737250934,0.8374676843127334,5853.934218942062,0.0449451824517183
4097,7.730676561675205,0.22815364537511373,12.323603443787427,0.33090086094685667,13947.661645989803,0.236915411497451,6055.163189236517,0.21263599103043074
4098,8.913994823767542,0.8855526798708574,13.514637205988159,0.6286593014970395,14189.496979891275,0.2973742449728186,6830.7540810868095,0.8589617342390081
4099,7.757179001414826,0.242877223008237,12.364612264913323,0.34115306622833075,13453.823644393515,0.1134559110983786,5907.833880413847,0.08986156701153913
4100,7.791948492811585,0.26219360711754713,12.430112963800692,0.3575282409501732,14300.193138054405,0.32504828451360135,6886.656395281209,0.9055469960676746
4101,7.322723976736143,0.0015133204089683439,11.746958850769534,0.18673971269238343,16492.712088623033,0.8731780221557586,6371.909685881595,0.4765914049013289
4102,8.47615508350038,0.6423083797224334,14.797600221430471,0.9494000553576176,15856.392295916989,0.7140980739792473,6900.654625692579,0.9172121880771494
4103,7.6756509753124185,0.19758387517356601,13.044784519109369,0.5111961297773421,16748.47724773318,0.9371193119332942,6886.490041157275,0.9054083676310626
4104,8.848027169186068,0.8489039828811488,12.174501042525922,0.29362526063148053,16491.288486381916,0.8728221215954793,6745.449797628853,0.7878748313573773
4105,8.421129035859803,0.6117383532554458,11.15097249197634,0.037743122994085,15235.828735404526,0.5589571838511314,6028.589391539675,0.19049115961639584
4106,7.553862442622517,0.12992357923473152,11.779792550734603,0.1949481376836507,13214.984463957624,0.05374611598940593,5902.389272613435,0.08532439384452928
4107,8.741360481921577,0.7896447121786537,13.46674993143544,0.6166874828588602,15815.398125156742,0.7038495312891857,6925.815427787849,0.9381795231565414
4108,7.4721098465241,0.08450547029116673,13.88070449215763,0.7201761230394074,14795.451691772105,0.448862922943026,5937.137476462923,0.11428123038576854
4109,7.354712019020829,0.01928445501157139,13.950951771457602,0.7377379428644004,14352.993778325681,0.3382484445814202,6121.539326366489,0.26794943863874077
4110,8.056951042012226,0.4094172455623478,14.053866274428383,0.763466568607096,14350.516023516791,0.337629005879198,6318.846116440325,0.4323717637002712
4111,8.181974572443108,0.47887476246839356,13.154494799253857,0.5386236998134643,14201.434337897681,0.30035858447442043,6080.948936327487,0.23412411360623941
4112,7.888153032662048,0.31564057370113807,13.55758694599255,0.6393967364981378,16882.253589416217,0.9705633973540546,6762.630154805753,0.8021917956714603
4113,8.7626396203344,0.8014664557413339,14.053157203947512,0.763289300986878,16369.550689156666,0.8423876722891664,5901.120500084711,0.08426708340392597
4114,8.061381966327135,0.4118788701817413,14.527301359914631,0.8818253399786579,14595.14904048976,0.3987872601224399,6265.57736993086,0.3879811416090504
4115,9.042554097734312,0.9569744987412852,13.662640400442909,0.6656601001107272,14982.793273512178,0.49569831837804434,6814.066714170963,0.8450555951424689
4116,7.356553128844325,0.020307293802402704,11.627836594224032,0.15695914855600812,14751.756505032918,0.43793912625822917,6456.433054916881,0.5470275457640674
4117,7.413900066989363,0.052166703882979726,12.32213982236317,0.33053495559079227,15266.199576822888,0.5665498942057218,6718.233531606769,0.7651946096723079
4118,7.422117562521735,0.05673197917874162,11.40640651191989,0.10160162797997241,15788.929823869625,0.6972324559674062,6677.660514087242,0.731383761739368
4119,8.54702586714881,0.6816810373048942,14.114466767180136,0.7786166917950341,14128.460402027296,0.2821151005068242,6375.6434610768165,0.4797028842306805
4120,7.679773360550573,0.19987408919476302,14.87225346285867,0.9680633657146673,14344.030808229792,0.336007702057448,6138.006919478742,0.2816724328989514
4121,8.331643949964457,0.5620244166469206,14.129667377317134,0.7824168443292832,15066.784907451722,0.5166962268629306,6303.709477618039,0.4197578980150325
4122,8.71078781925275,0.7726598995848623,13.448037779453966,0.6120094448634914,14624.805748547016,0.4062014371367543,6054.031533978676,0.21169294498222968
4123,8.89322391828606,0.8740132879367004,11.659592323104638,0.16489808077615953,13728.355977635816,0.18208899440895399,6152.0060684038135,0.2933383903365113
4124,8.582926596856602,0.7016258871425571,14.376816210160959,0.8442040525402398,14874.544007793056,0.46863600194826394,6626.556115651986,0.6887967630433219
4125,8.293027669560379,0.5405709275335444,13.875306320755271,0.7188265801888176,13503.277908591013,0.12581947714775332,6227.233662842558,0.3560280523687982
4126,8.367959577473249,0.5821997652629158,11.215637527602597,0.0539093819006492,13604.173686995218,0.1510434217488047,6967.64080260809,0.9730340021734083
4127,7.802317425808286,0.2679541254490475,12.242854895973617,0.31071372399340424,16953.815188094843,0.9884537970237106,6043.6929813543775,0.20307748446198126
4128,8.780459862351936,0.8113665901955198,14.076058540315667,0.7690146350789169,15620.61056804108,0.65515264201027,6018.652749160863,0.182210624300719
4129,7.967515375777472,0.3597307643208175,13.302723469558243,0.5756808673895609,15797.722720835936,0.6994306802089839,6725.277958491302,0.7710649654094184
4130,8.876152732779262,0.8645292959884798,12.163248527300253,0.29081213182506316,16893.81211013555,0.9734530275338875,6239.836629763505,0.3665305248029207
4131,8.057078623065825,0.4094881239254583,14.303207809295692,0.8258019523239233,15040.628180157511,0.5101570450393778,6504.616784430012,0.5871806536916764
4132,8.400022194720785,0.6000123304004364,11.957110012730368,0.239277503182592,13898.213243104852,0.224553310776213,6506.533318795977,0.5887777656633144
4133,8.224094822535944,0.5022749014088577,11.008879110401622,0.0022197776004054814,16005.409618338315,0.7513524045845787,6071.404570903059,0.22617047575254923
4134,9.003875072296582,0.9354861512758789,13.921807414970743,0.730451853742686,15410.798083844744,0.6026995209611861,6982.63820410003,0.9855318367500245
4135,8.920206373342598,0.8890035407458877,13.661542997902163,0.665385749475541,14402.969005887895,0.3507422514719736,6963.712556056268,0.9697604633802235
4136,8.141021187567528,0.45612288198196005,12.719486446633635,0.4298716116584086,15502.179813202343,0.6255449533005859,6608.858782354632,0.6740489852955266
4137,7.391920975199671,0.03995609733315053,13.828354405832965,0.7070886014582414,14893.975234551743,0.4734938086379358,6295.672049566067,0.4130600413050557
4138,8.419219332029426,0.6106774066830151,13.660839043588195,0.6652097608970489,16675.35508377679,0.9188387709441979,6482.644938049458,0.5688707817078816
4139,8.141770629318582,0.45653923851032385,13.312942309539256,0.5782355773848139,15202.71560365315,0.5506789009132876,6810.242296681657,0.8418685805680475
4140,7.553862391913425,0.1299235510630138,12.954948090463663,0.488737022615916,16110.592952026725,0.7776482380066814,6812.391737605101,0.8436597813375847
4141,7.954501434556716,0.3525007969759536,13.616846119866192,0.6542115299665483,14278.203867646347,0.3195509669115867,5869.694810851006,0.05807900904250518
4142,7.954474997381775,0.3524861096565415,14.669628903268693,0.9174072258171733,13968.649242874086,0.24216231071852168,6193.762730096069,0.32813560841339084
4143,7.771607705860636,0.2508931699225757,11.368186682233727,0.09204667055843185,16630.85525201555,0.9077138130038876,5815.568016787513,0.012973347322927542
4144,7.483092739779146,0.09060707765508069,14.343642573820103,0.8359106434550257,15411.49559818715,0.6028738995467873,5927.475354999726,0.10622946249977139
4145,8.488236272293156,0.6490201512739754,11.153231226387582,0.0383078065968957,16095.398920715905,0.7738497301789761,6625.57369413706,0.6879780784475497
4146,8.58554386543077,0.7030799252393166,14.777880184519091,0.9444700461297726,14950.463635600547,0.4876159089001365,6986.64437348713,0.9888703112392749
4147,7.85702052013311,0.29834473340728374,14.255736222711512,0.8139340556778779,16480.893818586846,0.8702234546467118,6355.406375357282,0.46283864613106795
4148,7.650258940607324,0.18347718922629075,12.850836584315058,0.46270914607876434,14555.323190622834,0.3888307976557086,6292.4143064044865,0.41034525533707245
4149,8.305120764824567,0.5472893137914266,13.757774067108954,0.6894435167772388,13934.754547322009,0.23368863683050234,6322.489624413625,0.43540802034468795
4150,8.430474577244,0.6169303206911118,11.003470291778799,0.000867572944699635,15056.06832251438,0.5140170806285949,6343.631593033008,0.45302632752750727
4151,7.634161976676496,0.17453443148694225,11.999418324385482,0.2498545810963707,14744.275236223733,0.43606880905593315,6723.27644180541,0.7693970348378423
4152,9.113948488660553,0.9966380492558626,12.080433504243722,0.2701083760609305,14989.120477105458,0.4972801192763646,6421.567534171369,0.517972945142807
4153,7.540266123586133,0.1223700686589626,11.068435908321945,0.01710897708048642,13777.291096584446,0.19432277414611132,5807.893902711641,0.006578252259701101
4154,9.063699922026078,0.9687221789033774,12.441502249206174,0.36037556230154366,16327.099417309057,0.8317748543272641,6327.82711534064,0.43985592945053353
4155,9.062414689335139,0.9680081607417446,13.160578199252821,0.5401445498132054,15796.74415096483,0.6991860377412077,6592.2360537713475,0.6601967114761232
4156,7.916895690267297,0.331608716815165,14.820560544412912,0.9551401361032279,14763.7760669247,0.4409440167311748,6349.109578854354,0.4575913157119621
4157,8.74445834620527,0.791365747891817,14.422349767772358,0.8555874419430897,14552.58163145725,0.3881454078643124,6447.426831814437,0.5395223598453642
4158,8.583947808450775,0.7021932269170974,11.937339988722327,0.2343349971805816,14433.171860860064,0.35829296521501597,5951.680171329769,0.12640014277480782
4159,7.5242151015533345,0.11345283419629681,12.364032628630355,0.3410081571575885,16101.86119326224,0.7754652983155604,6222.803407436236,0.3523361728635299
4160,8.073511375946921,0.41861743108162264,13.676315332367354,0.6690788330918385,14162.369294421256,0.29059232360531384,6381.458231689025,0.48454852640752066
4161,8.128024675313378,0.4489025973963211,11.833941505840004,0.20848537646000098,15393.865898200898,0.5984664745502247,6312.786385681988,0.4273219880683232
4162,7.998775448031189,0.3770974711284385,12.515416386033582,0.37885409650839574,16744.249468568323,0.9360623671420805,6834.652989364235,0.8622108244701956
4163,8.79645279709987,0.8202515539443719,11.085636744349475,0.02140918608736908,14685.676428079609,0.42141910701990226,6321.855572788733,0.4348796439906114
4164,7.540229494389611,0.12234971910533954,13.977292106194085,0.7443230265485214,16724.30015664144,0.9310750391603602,6117.744641538395,0.26478720128199573
4165,8.167595944529209,0.4708866358495607,13.73449951865888,0.6836248796647203,15921.090583539097,0.7302726458847741,6690.51065996936,0.7420922166411332
4166,8.898883860972374,0.8771577005402079,12.299182947610129,0.3247957369025324,14231.354489111243,0.30783862227781067,6524.583155115912,0.6038192959299266
4167,7.450467949546527,0.07248219419251489,13.899994622106703,0.7249986555266758,13969.275570673668,0.24231889266841722,6106.013804027929,0.2550115033566074
4168,7.902909533667326,0.32383862981518086,11.038791209460383,0.009697802365095765,16492.70467741511,0.8731761693537774,6149.3939283498585,0.29116160695821536
4169,7.759501536127892,0.2441675200710508,12.09890686616243,0.27472671654060743,13354.804400912797,0.0887011002281991,5946.049572876065,0.1217079773967209
4170,8.30284760243645,0.5460264457980286,13.359755190965519,0.5899387977413797,15508.555349056014,0.6271388372640037,6129.413195416364,0.2745109961803036
4171,7.760495161491523,0.24471953416195724,13.49638995934633,0.6240974898365822,15846.020993671413,0.7115052484178529,6060.512861500443,0.2170940512503695
4172,8.141237480862307,0.45624304492350376,13.464559480503912,0.6161398701259778,13291.503198733808,0.07287579968345204,6197.282882357617,0.33106906863134755
4173,8.938521650459382,0.8991786946996567,14.848007515637583,0.9620018789093958,14690.379775162932,0.42259494379073304,6890.34281335127,0.9086190111260581
4174,7.650834942143135,0.18379719007951933,11.687715415690203,0.17192885392255053,16495.602519950546,0.8739006299876368,6583.5370324954865,0.652947527079572
4175,8.379413903633425,0.5885632797963477,12.46286451667117,0.3657161291677923,15868.126458509178,0.7170316146272941,6126.805374316952,0.2723378119307932
4176,7.3449687567781705,0.013871531543427795,14.330204542220677,0.8325511355551691,15474.060992353943,0.6185152480884858,6575.409417242936,0.6461745143691133
4177,8.851838198540992,0.8510212214116625,12.28390918014571,0.32097729503642747,16891.190034500323,0.9727975086250807,6501.362561720617,0.5844688014338478
4178,8.369386159608528,0.5829923108936269,11.4492625100044,0.11231562750110002,16397.41253869897,0.8493531346747419,6230.787469249443,0.35898955770786944
4179,8.987086743971767,0.926159302206538,14.340716154195682,0.8351790385489208,13499.256087039323,0.12481402175983047,6628.68250889427,0.6905687574118917
4180,9.056835504035199,0.9649086133528884,12.320810532376575,0.33020263309414355,16738.648138185432,0.9346620345463582,6428.854313214222,0.5240452610118514
4181,8.708159667340716,0.7711998151892867,14.50451252115634,0.8761281302890848,13831.593930452991,0.20789848261324784,5895.562040609913,0.07963503384159465
4182,8.970201023002328,0.9167783461124045,14.490955450385897,0.8727388625964743,13711.72542687401,0.1779313567185029,6573.363420481359,0.6444695170677986
4183,8.683284073849661,0.7573800410275902,12.128638081526521,0.2821595203816304,14131.491450173906,0.28287286254347654,6393.415621110273,0.4945130175918936
4184,7.711464207604024,0.21748011533556877,12.935225061587523,0.48380626539688076,16600.296335309962,0.9000740838274905,6591.855145157774,0.6598792876314782
4185,8.531463212154518,0.6730351178636214,11.145976560358262,0.03649414008956564,15165.499269043978,0.5413748172609945,5836.1474254574,0.03012285454783259
4186,8.111325046446114,0.43962502580339624,13.583125240418788,0.6457813101046971,14668.638651353886,0.4171596628384713,6541.212369641083,0.6176769747009024
4187,8.599869749111642,0.7110387495064684,11.366133436181173,0.09153335904529325,16427.984000965593,0.856996000241398,6820.469765435653,0.8503914711963777
4188,8.981234725686747,0.9229081809370816,12.028198582776298,0.2570496456940745,14207.560390496254,0.3018900976240634,6328.707114909952,0.44058926242495966
4189,8.86377876704674,0.8576548705815226,11.026357183833525,0.006589295958381536,13331.306338380431,0.08282658459510772,6837.1753232984665,0.8643127694153885
4190,8.834079515903746,0.8411552866131923,11.309812712120497,0.07745317803012441,15986.839636183711,0.7467099090459279,6703.953607018791,0.7532946725156595
4191,8.337341296282023,0.5651896090455685,12.518999420080652,0.3797498550201631,15652.694933505016,0.6631737333762537,6807.898786516492,0.83991565543041
4192,9.060064902535988,0.9667027236311052,12.966389029406727,0.4915972573516818,14296.667006215497,0.3241667515538743,6587.536147345955,0.6562801227882958
4193,8.875379593959025,0.8640997744216811,11.376764204056691,0.09419105101417258,16123.997409900365,0.7809993524750912,5962.56178191992,0.13546815159993297
4194,8.672599922185341,0.7514444012140783,11.799435648271686,0.19985891206792172,14774.046884414576,0.4435117211036439,6578.429127981738,0.6486909399847814
4195,7.87404564049653,0.3078031336091833,12.67771509955034,0.41942877488758523,15294.403614735511,0.5736009036838777,5896.190106241572,0.08015842186797639
4196,7.9270846159864945,0.33726923110360796,13.552384685421826,0.6380961713554564,14218.998931921204,0.3047497329803007,6529.405373067269,0.6078378108893907
4197,8.335866177452012,0.5643700985844513,13.19736035366899,0.5493400884172478,16167.438918326503,0.7918597295816256,5930.313541683681,0.10859461806973458
4198,7.663577362920014,0.19087631273334094,14.35200714508526,0.8380017862713147,16281.668272243858,0.8204170680609645,5993.990455769556,0.1616587131412971
4199,7.925038854791055,0.3361326971061416,12.277520744894598,0.3193801862236494,14589.936176971025,0.3974840442427562,6833.35237031108,0.861126975259234
4200,8.5033574959932,0.6574208311073335,14.798447864493962,0.9496119661234904,16340.542443821574,0.8351356109553938,6861.4267505789385,0.8845222921491152
4201,7.8724161355270015,0.3068978530705565,11.506047708514647,0.12651192712866155,14967.992396134567,0.4919980990336419,6501.411512616559,0.5845095938471326
4202,8.521325856147115,0.6674032534150638,14.566469865583354,0.8916174663958385,16526.27952531206,0.8815698813280153,6559.476480368254,0.6328970669735452
4203,7.724728974333303,0.22484943018516812,13.958871792376549,0.7397179480941372,15655.473078270796,0.6638682695676991,6855.29994914855,0.8794166242904584
4204,8.101004897614002,0.4338916097855573,13.148242293160829,0.5370605732902071,15683.629677942468,0.670907419485617,6744.3353668161835,0.7869461390134865
4205,7.478343836298986,0.08796879794388102,11.241535061839603,0.06038376545990087,16527.876489173104,0.8819691222932756,6813.854532967477,0.8448787774728977
4206,8.925564322574937,0.8919801792082989,11.7424523640502,0.18561309101254986,13055.011501899933,0.013752875474983495,6234.968102002251,0.36247341833520874
4207,8.985423220998582,0.9252351227769908,12.216301509992931,0.30407537749823277,13544.3635480479,0.13609088701197503,6648.225755062191,0.7068547958851585
4208,8.719497503606576,0.7774986131147643,14.767269829188038,0.9418174572970094,16496.801342076935,0.8742003355192339,6701.355091651853,0.7511292430432114
4209,7.9037822851807435,0.32432349176707964,11.912570045452238,0.2281425113630594,14279.084162722518,0.31977104068062956,6484.520699041398,0.5704339158678317
4210,8.756604550269756,0.7981136390387535,12.776555510482298,0.44413887762057447,16406.978909762987,0.8517447274407465,6237.906791694964,0.3649223264124699
4211,8.184316054940327,0.48017558607795907,11.16824360914753,0.04206090228688231,16385.570578149018,0.8463926445372548,6284.950589170092,0.40412549097507655
4212,8.620413644943213,0.7224520249684515,13.177780115144959,0.5444450287862396,15437.037534795814,0.6092593836989534,5808.369974322188,0.006974978601822945
4213,7.625656879040599,0.16980937724477707,11.969847746198496,0.24246193654962434,16626.159787649354,0.9065399469123385,5832.431497943914,0.02702624828659539
4214,7.973324708418181,0.3629581713434341,14.115097306234727,0.7787743265586816,16976.649316266063,0.9941623290665157,6511.461393020965,0.5928844941841379
4215,8.823630827506669,0.8353504597259278,11.561235827200338,0.14030895680008448,13091.691845451796,0.022922961362949246,6749.085186204424,0.7909043218370196
4216,7.61884420091478,0.16602455606376654,12.90676533841721,0.4766913346043028,15128.583005084996,0.532145751271249,5910.6370938923665,0.09219757824363861
4217,9.03107784118707,0.9505988006594834,14.067861835246047,0.7669654588115119,13441.991643244532,0.11049791081113303,5962.539372081505,0.13544947673458707
4218,7.537527980055331,0.12084887780851727,12.888823414460308,0.47220585361507683,16291.691859293369,0.8229229648233423,6375.01441697067,0.4791786808088919
4219,8.953920297872155,0.9077334988178648,13.983189659763521,0.7457974149408803,16235.656650939338,0.8089141627348346,6464.39787912479,0.5536648992706581
4220,8.757396927342672,0.7985538485237071,12.081257080200844,0.2703142700502109,16694.391705747003,0.9235979264367508,6574.021181552761,0.6450176512939676
4221,8.414370067190323,0.6079833706612909,13.207821279747092,0.5519553199367729,14330.563918741414,0.3326409796853538,6551.211308831827,0.6260094240265225
4222,8.214694287201953,0.49705238177886235,12.594209072565782,0.3985522681414455,14749.826211666921,0.43745655291673013,6652.621312604806,0.7105177605040047
4223,7.377927359186463,0.03218186621470187,12.47745676148317,0.3693641903707924,14452.374553625852,0.36309363840646314,6508.249054452191,0.5902075453768257
4224,7.413559241295852,0.051977356275473396,14.966233717588999,0.9915584293972495,13693.768297120392,0.17344207428009795,6571.767800657151,0.6431398338809594
4225,7.8759009894896606,0.3088338830498113,13.877761247182534,0.7194403117956333,14723.462315328568,0.43086557883214194,5937.464545273468,0.11455378772788993
4226,8.380709563305391,0.589283090725217,11.9811982123809,0.24529955309522467,14359.369823785777,0.33984245594644413,6551.035924277393,0.6258632702311606
4227,8.153307276757891,0.46294848708771763,12.370398680379074,0.34259967009476844,13434.078898763362,0.10851972469084048,6416.8494755978045,0.514041229664837
4228,8.661534604522975,0.7452970025127648,13.38013738239283,0.5950343455982074,13509.154836479915,0.12728870911997858,6633.670074737154,0.694725062280962
4229,8.569915781422736,0.6943976563459644,13.487405408447328,0.6218513521118322,14006.672189690633,0.25166804742265836,6043.321794107288,0.20276816175607315
4230,8.050843603184235,0.4060242239912424,13.047461682499971,0.511865420624993,13580.594730245084,0.145148682561271,6338.1880513636515,0.44849004280304294
4231,8.462302704434988,0.6346126135749933,11.375565416441837,0.09389135411045946,14242.262768410674,0.3105656921026686,6177.793613569848,0.31482801130820715
4232,7.733678989753257,0.22982166097403178,13.337359704804179,0.5843399262010448,15596.968071605499,0.6492420179013749,6834.076870119645,0.861730725099704
4233,8.744459072678264,0.7913661514879249,14.940153927943106,0.9850384819857765,15707.766809516323,0.6769417023790806,5997.66798422123,0.1647233201843581
4234,8.169358224181117,0.47186568010062047,14.114673312493647,0.7786683281234118,15673.994884322263,0.6684987210805655,5829.379376241826,0.02448281353485504
4235,7.325160045664953,0.002866692036085028,11.484950822088543,0.12123770552213575,14898.547097717095,0.474636774429274,6252.919765184356,0.37743313765362974
4236,8.315661079905116,0.5531450443917314,14.534107208972449,0.8835268022431121,14586.094243075948,0.396523560768987,6789.452490010636,0.8245437416755305
4237,8.461840502130165,0.6343558345167588,11.913949997885076,0.22848749947126912,15065.640726240768,0.516410181560192,6148.377639379722,0.2903146994831013
4238,8.354017396963243,0.5744541094240241,13.042476661591536,0.5106191653978838,15705.719331994105,0.6764298329985263,6875.134444783707,0.8959453706530898
4239,8.764199315840553,0.8023329532447522,12.127424929832983,0.281856232458246,14719.691036894772,0.42992275922369283,6761.139177558257,0.800949314631881
4240,8.445563731716472,0.6253131842869287,13.506555757759651,0.6266389394399128,13145.332395573605,0.03633309889340108,6992.867730983853,0.9940564424865445
4241,7.493599397924481,0.09644410995804453,13.278215825027457,0.5695539562568642,14455.824754945806,0.36395618873645164,6422.005757604698,0.5183381313372484
4242,8.322703067034379,0.5570572594635437,14.18678599671898,0.7966964991797448,16055.267458039172,0.7638168645097931,6964.97812546728,0.9708151045560661
4243,7.955950835194785,0.3533060195526585,13.8338590572428,0.7084647643106997,13699.271893612942,0.17481797340323546,6750.781676338108,0.7923180636150902
4244,8.535714134917997,0.6753967416211102,13.078144713270863,0.5195361783177158,14657.299237814306,0.4143248094535764,6019.900814009583,0.18325067834131914
4245,7.901046180304055,0.3228034335022528,14.819839084678927,0.9549597711697319,14215.228877429745,0.30380721935743626,6169.1625420225355,0.30763545168544626
4246,8.659286645699087,0.7440481364994932,14.170553915263621,0.7926384788159054,15619.283338851716,0.6548208347129287,6249.0858364488895,0.37423819704074124
4247,7.507003343783471,0.10389074654637298,14.308085527664218,0.8270213819160545,13030.088701030501,0.00752217525762533,6182.225445091505,0.31852120424292085
4248,8.438815889747879,0.6215643831932666,11.584303195098386,0.14607579877459664,14964.637805170209,0.491159451292552,6043.103371623751,0.20258614301979205
4249,8.366794142125931,0.5815523011810729,13.38352638701704,0.59588159675426,16829.39247927437,0.9573481198185932,6455.552412957466,0.5462936774645551
4250,8.433293071824162,0.6184961510134231,13.187156352523456,0.5467890881308639,15092.06195353543,0.5230154883838575,6259.723019018884,0.38310251584906974
4251,9.060866787793026,0.9671482154405703,11.557535714590012,0.13938392864750282,16344.365540457373,0.836091385114343,6182.005617008462,0.3183380141737181
4252,8.626948689114002,0.7260826050633349,13.847005403995633,0.7117513509989083,13759.780449209766,0.1899451123024415,6650.290774862246,0.7085756457185377
4253,8.30388043854763,0.5466002436375723,13.840617833794731,0.7101544584486827,16016.756940585003,0.7541892351462507,6943.950392332974,0.9532919936108116
4254,7.549658066158284,0.12758781453238022,11.517594186785132,0.1293985466962828,13073.480732111973,0.018370183027993203,6870.652684966897,0.8922105708057475
4255,7.480915447923415,0.089397471068564,14.937332626302926,0.9843331565757312,16536.987926204052,0.8842469815510132,6225.255442498753,0.3543795354156274
4256,8.273000524046507,0.5294447355813932,11.729904195134267,0.18247604878356705,15156.855393130725,0.5392138482826813,6476.046544692694,0.5633721205772452
4257,7.817466709050473,0.27637039391692964,14.980425700055463,0.9951064250138658,14861.349335988656,0.4653373339971638,6872.8264113873765,0.8940220094894806
4258,8.424814205521722,0.6137856697342905,11.150774811813099,0.03769370295327468,15711.72446782698,0.6779311169567449,6868.058802783577,0.8900490023196477
4259,8.663480420054496,0.7463780111413869,11.66862294728823,0.1671557368220572,15284.865923467674,0.5712164808669183,6552.215229222457,0.6268460243520475
4260,7.973797781330706,0.3632209896281704,12.602218501420142,0.4005546253550355,14911.301622849,0.47782540571224996,6250.869342298666,0.3757244519155549
4261,7.97094900254442,0.3616383347469001,11.652375279426634,0.1630938198566585,16209.17094145427,0.8022927353635673,6242.06220133276,0.3683851677772999
4262,7.401252735362349,0.04514040853463852,14.25037765907904,0.81259441476976,13077.252669406056,0.019313167351514005,6365.56974179911,0.47130811816592444
4263,8.315098600214611,0.5528325556747841,11.046194831885368,0.011548707971341998,13110.054585980115,0.027513646495028743,6391.207411208023,0.4926728426733523
4264,7.608341937804586,0.16018996544699216,12.56690471201359,0.3917261780033975,15199.405143746228,0.5498512859365567,6004.935318331631,0.17077943194302525
4265,7.718797979275825,0.22155443293101384,11.778440187585847,0.19461004689646166,16821.247855894955,0.9553119639737385,6561.037563036149,0.6341979691967902
4266,8.416346831536465,0.609081573075814,14.867084482720653,0.9667711206801631,13219.200338035798,0.054800084508949576,6314.061972646959,0.4283849772057985
4267,8.144387307332341,0.45799294851796746,12.874069545161875,0.4685173862904688,14582.149055864593,0.3955372639661482,6985.407491291963,0.9878395760766358
4268,8.887063175669583,0.8705906531497689,11.421827174215506,0.1054567935538765,14492.477650227202,0.37311941255680026,6960.22739220658,0.9668561601721499
4269,8.658776678563669,0.7437648214242604,14.223974617198323,0.8059936542995807,16960.331978191076,0.9900829945477694,6428.448839606967,0.5237073663391397
4270,7.423158345473928,0.057310191929959786,13.472899099383813,0.6182247748459531,15614.816653781461,0.6537041634453651,6744.8742992534935,0.7873952493779114
4271,7.630888894197152,0.17271605233175147,12.894244976306751,0.47356124407668776,13508.181779866825,0.12704544496670633,6344.795225535667,0.4539960212797227
4272,7.616276551811289,0.16459808433960477,12.01571182964358,0.253927957410895,13958.12949340522,0.23953237335130528,5986.317059403126,0.1552642161692721
4273,7.517838419230044,0.10991023290557955,13.767649423397941,0.6919123558494855,14715.251563049424,0.42881289076235607,6842.448088278207,0.8687067402318392
4274,8.225208207989702,0.5028934488831683,14.029605959670604,0.7574014899176509,14394.620455114451,0.3486551137786126,5904.887722618276,0.08740643551522953
4275,7.956334832311687,0.3535193512842705,11.834597565212615,0.20864939130315352,15297.772874477034,0.5744432186192584,6633.4694080097015,0.6945578400080848
4276,7.359075801835538,0.02170877879752109,11.722273847766076,0.18056846194151865,14888.271925451409,0.4720679813628521,6028.997612068943,0.1908313433907861
4277,8.898275023116543,0.8768194572869686,14.818844164434555,0.9547110411086387,13824.312521271988,0.20607813031799715,6383.757330237482,0.48646444186456816
4278,8.759650688098805,0.7998059378326697,12.731432312995835,0.43285807824895883,14120.827815532195,0.28020695388304895,6100.706187199522,0.2505884893329351
4279,8.216812595255302,0.4982292195862792,14.678529642031926,0.9196324105079814,16838.53145392668,0.9596328634816701,6255.644062639059,0.3797033855325488
4280,7.500533406943902,0.10029633719105646,11.461492516890665,0.11537312922266607,14529.374640151833,0.38234366003795806,6481.975124872754,0.5683126040606283
4281,8.926616423638752,0.8925646797993073,13.527658513227856,0.6319146283069638,15864.1293735068,0.7160323433767001,6921.713589014327,0.9347613241786065
4282,8.462529388059993,0.6347385489222185,13.919888388387227,0.7299720970968065,13311.953698956917,0.07798842473922918,6615.889752317477,0.6799081269312308
4283,7.540132685336422,0.12229593629801239,11.767757149380635,0.19193928734515864,13446.705739631036,0.11167643490775869,6653.914215513926,0.7115951795949385
4284,8.92457942424694,0.8914330134705224,12.218577260413955,0.304644315103489,16315.257211591055,0.8288143028977638,6738.118709756155,0.7817655914634628
4285,7.620296974777859,0.16683165265436606,11.626895881942607,0.15672397048565168,14048.158443025586,0.2620396107563966,6874.210818027509,0.8951756816895906
4286,8.469953504371743,0.6388630579843017,11.491152530476873,0.12278813261921817,13034.099631529443,0.008524907882360933,6022.518202448994,0.1854318353741614
4287,7.543135663869048,0.12396425770502661,14.386642096672205,0.8466605241680512,16865.21058565819,0.9663026464145477,5993.4852434450295,0.16123770287085826
4288,8.770188095147871,0.8056600528599289,14.006277147756162,0.7515692869390403,14887.074601483704,0.47176865037092586,6976.382232269964,0.9803185268916368
4289,8.250469210640473,0.516927339244707,14.269217475264604,0.817304368816151,14618.989883369759,0.40474747084243967,6914.589007726417,0.9288241731053469
4290,7.9799937488504264,0.3666631938057925,14.428184715973982,0.8570461789934954,14772.271092254266,0.4430677730635667,6299.664274012361,0.41638689501030024
4291,8.43237672998005,0.6179870722111386,12.148805808271884,0.2872014520679712,14876.954690607932,0.46923867265198294,6148.369193647428,0.29030766137285646
4292,7.622212106407989,0.16789561467110525,12.128762124367736,0.28219053109193404,14590.586922716555,0.3976467306791387,6304.885326089566,0.42073777174130456
4293,8.097010000210412,0.4316722223391182,13.780691883625837,0.695172970906459,14543.54638662585,0.3858865966564625,6488.558151385791,0.5737984594881587
4294,8.838551345198617,0.8436396362214539,13.906016883276347,0.7265042208190867,16651.597500678236,0.912899375169559,5803.932071262012,0.003276726051676615
4295,8.696257240582957,0.7645873558794208,11.866436536875037,0.21660913421875916,15879.532576497611,0.7198831441244027,6660.7430132694135,0.7172858443911776
4296,7.973681011193954,0.36315611732997444,14.738444980511533,0.9346112451278831,13428.612718887169,0.10715317972179217,6966.8586444737775,0.972382203728148
4297,7.361785415925614,0.023214119958674506,13.610770963426658,0.6526927408566644,15420.986504268963,0.6052466260672409,6043.327687862113,0.20277307321842697
4298,7.863195501679752,0.3017752787109733,12.630196440626786,0.4075491101566965,15655.223034657674,0.6638057586644185,6842.36755860735,0.8686396321727914
4299,8.73928273376708,0.7884904076483779,14.843546965071207,0.9608867412678018,13636.839365278769,0.1592098413196924,6746.710105327398,0.7889250877728314
4300,8.231266547258024,0.5062591929211243,14.988588724021424,0.9971471810053559,15992.123386480971,0.7480308466202427,5886.914273931997,0.07242856160999744
4301,8.754296257931182,0.796831254406213,11.002837627360575,0.0007094068401438669,14629.91586900898,0.4074789672522452,6024.6274112338415,0.18718950936153467
4302,8.719232523227639,0.7773514017931326,13.352442412163827,0.5881106030409567,15033.79804401162,0.5084495110029051,6469.657558838186,0.5580479656984878
4303,7.403895974370528,0.04660887465029284,13.791928987996497,0.6979822469991244,15123.52205558571,0.5308805138964278,6057.726766015302,0.21477230501275202
4304,8.735490593781003,0.7863836632116685,14.018954340152987,0.7547385850382469,14401.29343724018,0.35032335931004466,6541.074712841062,0.6175622607008853
4305,8.785818998360078,0.8143438879778214,11.784295801563015,0.19607395039075382,14332.795649759613,0.33319891243990307,6183.898441239066,0.31991536769922213
4306,7.543530443510435,0.12418357972801963,13.943692937726142,0.7359232344315356,13879.481499932826,0.21987037498320672,5887.263395757565,0.07271949646463782
4307,8.621978772399327,0.723321540221849,11.480888881427635,0.12022222035690866,13595.618795838129,0.1489046989595324,6667.694179086286,0.723078482571905
4308,8.630963976530225,0.7283133202945699,12.674333547050233,0.41858338676255824,14092.92324997477,0.27323081249369263,6008.160642455318,0.17346720204609845
4309,8.02546355084347,0.39192419491303976,14.502993918769555,0.8757484796923887,16708.72458109025,0.9271811452725627,6103.182636373158,0.2526521969776314
4310,9.10489504016239,0.9916083556457725,13.949969739950879,0.7374924349877197,14945.577786990229,0.48639444674755705,6565.117859153829,0.6375982159615246
4311,7.421949754651719,0.056638752584287966,14.909344461101755,0.9773361152754388,14654.525371050451,0.4136313427626126,5803.630493298453,0.003025411082044127
4312,7.971639358037039,0.3620218655761329,11.458120486804125,0.11453012170103127,16597.59558816013,0.8993988970400321,6093.5126405416095,0.24459386711800757
4313,7.65303547971641,0.18501971095356118,14.071174963397803,0.7677937408494508,15849.57775224391,0.7123944380609775,5806.964536863679,0.005803780719732532
4314,7.643656916430319,0.1798093980168438,14.511883390160225,0.877970847540056,16291.450351421943,0.8228625878554857,6371.4343178914105,0.4761952649095089
4315,8.518978516248174,0.6660991756934302,14.798648944558584,0.9496622361396461,13664.404294153244,0.16610107353831116,6806.490371016725,0.8387419758472705
4316,8.319849606995264,0.5554720038862584,12.976599899802395,0.49414997495059887,14419.057508114629,0.35476437702865704,6509.4191517134595,0.5911826264278828
4317,7.6922683226987,0.20681573483261095,13.17171836653303,0.5429295916332575,14050.463241102743,0.2626158102756859,5861.671670213834,0.05139305851152831
4318,8.823322378149847,0.8351790989721375,12.950991266571775,0.48774781664294353,15321.801137278393,0.5804502843195981,6924.449221322748,0.9370410177689565
4319,7.520247332465168,0.11124851803620439,12.068599748934371,0.2671499372335927,13626.067745163824,0.15651693629095598,6528.571441666349,0.6071428680552905
4320,8.545890615969634,0.6810503422053524,12.75346519228508,0.4383662980712699,13434.606514358193,0.10865162858954813,6048.707080336851,0.20725590028070884
4321,7.476211576931662,0.08678420940647869,11.293328292450463,0.0733320731126158,16269.417051798013,0.8173542629495031,6922.695506237385,0.9355795885311549
4322,7.7234804011903915,0.2241557784391064,14.904264633039183,0.976066158259796,13608.918340738232,0.15222958518455776,6957.566456686682,0.9646387139055684
4323,8.79165226369611,0.8175845909422836,11.857733819288624,0.21443345482215603,13916.23851556842,0.22905962889210507,5816.35696079163,0.013630800659691245
4324,8.232761141471778,0.5070895230398774,14.240054584330935,0.8100136460827334,15794.44877967059,0.6986121949176478,6970.913451219987,0.9757612093499893
4325,8.50887448443154,0.660485824684189,11.62941627495395,0.15735406873848756,16612.180832906583,0.9030452082266457,6325.47866512642,0.43789888760535045
4326,8.024909674145421,0.39161648563634543,12.465096573336293,0.36627414333407315,13453.984994838636,0.11349624870965902,6111.793910381291,0.2598282586510763
4327,8.125549414452164,0.4475274524734246,11.398229844052047,0.09955746101301177,16153.287516221179,0.7883218790552947,6082.5786754040855,0.23548222950340447
4328,7.985780056669972,0.3698778092610956,12.544996115413602,0.3862490288534003,16211.792735013172,0.802948183753293,6589.6160652535855,0.6580133877113215
4329,8.082419567087909,0.4235664261599492,12.916960279891995,0.4792400699729986,13508.23502991551,0.12705875747887718,6241.550708849609,0.36795892404134045
4330,8.922022885115407,0.8900127139530036,11.437714348444262,0.10942858711106529,16555.401269591854,0.8888503173979632,6266.348563184321,0.3886238026536014
4331,7.544843053861795,0.12491280770099744,13.944632892434273,0.736158223108568,13834.024986564737,0.208506246641184,6846.18401589389,0.8718200132449088
4332,9.0184640234174,0.9435911241207778,13.515884104419989,0.6289710261049974,15916.960351799687,0.7292400879499221,6000.345233491522,0.16695436124293528
4333,8.799319739802552,0.8218442998903066,11.581784359280306,0.14544608982007656,15653.19970098303,0.6632999252457573,6228.4281818984055,0.3570234849153381
4334,7.856878380953406,0.29826576719633646,13.92370066044386,0.7309251651109651,14407.10746605589,0.35177686651397255,5810.809422635927,0.009007852196605937
4335,7.346032205287803,0.014462336271001464,14.781092712468412,0.9452731781171032,13079.88310331896,0.01997077582973983,6548.174563780033,0.6234788031500276
4336,8.835882942595862,0.8421571903310355,11.625126526920097,0.1562816317300243,13972.678124435623,0.2431695311089056,6954.1898884464645,0.9618249070387208
4337,8.744586012827916,0.7914366737932874,12.296065515457736,0.3240163788644339,15889.007823556803,0.7222519558892009,6626.908586830875,0.6890904890257288
4338,8.810153744646934,0.8278631914705195,14.005630558083181,0.7514076395207954,14105.962064177245,0.2764905160443113,6608.0999649629275,0.6734166374691062
4339,8.339004996031765,0.5661138866843141,11.881778432595986,0.22044460814899658,14039.126243475699,0.2597815608689249,6513.618587028118,0.5946821558567646
4340,8.281706654969286,0.534281474982937,11.591208256218296,0.14780206405457408,16410.776535567406,0.8526941338918514,6003.143298046481,0.1692860817054006
4341,9.018299157397816,0.9434995318876763,11.045358503845629,0.01133962596140714,15477.193245571765,0.6192983113929413,6985.576817212649,0.9879806810105409
4342,7.5216606158502515,0.11203367547236187,11.590203856527502,0.1475509641318754,14470.052919224681,0.3675132298061704,6297.508289207038,0.4145902410058647
4343,7.834290602544152,0.2857170014134177,12.475594470190952,0.36889861754773823,13029.384395191875,0.007346098797968881,6631.826248127254,0.6931885401060449
4344,8.698300729706173,0.7657226276145405,12.966982453668871,0.4917456134172177,13888.092733035613,0.22202318325890325,6031.583033794419,0.19298586149534902
4345,8.036481086440222,0.39804504802234597,11.707310211784932,0.1768275529462332,14007.902538780812,0.2519756346952029,5902.911581733493,0.08575965144457753
4346,8.03453751283702,0.39696528490945526,13.40814189434957,0.6020354735873922,13894.692591705563,0.22367314792639093,6626.837325015568,0.6890311041796405
4347,8.33542900685321,0.5641272260295612,13.424126561298028,0.6060316403245068,15655.933775486608,0.6639834438716522,6376.232026594055,0.4801933554950458
4348,8.541397468229677,0.6785541490164876,12.80194054025564,0.45048513506390975,16920.779746084587,0.9801949365211468,6354.436336516194,0.46203028043016225
4349,7.323023063942385,0.0016794799679914485,12.708731654782422,0.42718291369560535,14972.70193353071,0.4931754833826777,6349.416087401934,0.4578467395016119
4350,9.091517423337294,0.9841763462984973,11.552293212610873,0.13807330315271815,13825.528013656842,0.20638200341421054,6532.510678568204,0.6104255654735031
4351,8.448125004956333,0.6267361138646299,12.681020732773513,0.4202551831933782,13275.355223703478,0.06883880592586944,6442.276953751583,0.5352307947929864
4352,8.505391817045593,0.6585510094697744,11.86248019098641,0.21562004774660282,13157.754454050299,0.03943861351257483,6143.316865725786,0.28609738810482166
4353,9.051440033828564,0.9619111299047585,12.33181089822996,0.33295272455749036,15769.346513054994,0.6923366282637486,6833.423727998856,0.861186439999046
4354,7.684594879542377,0.2025527108568761,11.648052309371325,0.1620130773428312,15471.440563601864,0.6178601409004657,6366.107632055472,0.47175636004622645
4355,8.554550928621323,0.6858616270118459,14.228431290889038,0.8071078227222594,16855.475000839655,0.963868750209914,6168.062559783056,0.30671879981921346
4356,7.523494160914463,0.1130523116191462,14.109223809589409,0.7773059523973521,13773.330758392036,0.1933326895980091,6650.631246998901,0.7088593724990837
4357,7.720717898411551,0.22262105467308368,13.929737908039904,0.7324344770099762,15233.740626873016,0.5584351567182539,6454.778025585815,0.5456483546548463
4358,8.838511561720882,0.8436175342893794,14.678517822263359,0.9196294555658399,14203.069702960622,0.3007674257401556,6130.420341930263,0.2753502849418862
4359,8.656044105354283,0.742246725196824,11.390797627337301,0.09769940683432532,14093.448021270464,0.273362005317616,6153.232961301008,0.2943608010841732
4360,8.699384567166936,0.7663247595371868,14.476632845325867,0.8691582113314669,16023.217242853669,0.7558043107134174,6533.971641010182,0.6116430341751516
4361,8.482566945924104,0.6458705255133913,14.640311624268655,0.9100779060671637,13306.644744357012,0.07666118608925288,6534.485292264359,0.6120710768869657
4362,7.370122599422026,0.02784588856779191,11.923788895825055,0.23094722395626377,16876.0834419436,0.9690208604858996,6911.291057049287,0.9260758808744058
4363,8.785762825944293,0.8143126810801634,11.851730833916484,0.21293270847912105,14365.839513806493,0.3414598784516232,6483.781360548601,0.5698178004571669
4364,8.615250415663711,0.7195835642576174,11.457991054810076,0.11449776370251896,16615.593993734332,0.9038984984335828,6514.071442215936,0.5950595351799465
4365,8.10556837133617,0.4364268729645393,11.561632188488607,0.14040804712215182,14499.002060482124,0.37475051512053104,5809.327124700036,0.007772603916696763
4366,7.677862843442124,0.19881269080118014,14.631851271390074,0.9079628178475185,16349.704751035537,0.8374261877588842,6856.439381380404,0.8803661511503363
4367,8.825557630997796,0.8364209061098872,11.918672738374976,0.22966818459374405,16165.747526266165,0.7914368815665412,6808.8235951052475,0.8406863292543731
4368,7.620254403501702,0.16680800194538992,13.900604285577511,0.7251510713943781,14762.199157682275,0.44054978942056855,6761.980907394963,0.8016507561624693
4369,8.693346431485569,0.7629702397142056,13.139837268905811,0.5349593172264531,16828.57481614978,0.9571437040374446,5961.31288162311,0.13442740135259157
4370,8.271171018978075,0.5284283438767086,13.51436809358033,0.6285920233950825,14244.981299288287,0.31124532482207157,6929.591140739211,0.9413259506160092
4371,7.53132382947332,0.11740212748517764,11.871514298698862,0.2178785746747155,16185.8193103116,0.7964548275778999,6350.985708692369,0.4591547572436411
4372,7.66056848118253,0.18920471176807208,13.99835265872414,0.7495881646810354,13276.377263004466,0.06909431575111669,6426.891590115157,0.5224096584292974
4373,8.564211025000686,0.6912283472226041,14.430900437393474,0.8577251093483685,13900.007025847686,0.22500175646192166,6223.167973450572,0.35263997787547663
4374,8.966527337862079,0.9147374099233774,11.781054206228179,0.19526355155704456,13177.420503078321,0.04435512576958056,6174.494894113991,0.3120790784283257
4375,7.818894412635403,0.2771635625752239,14.778764885640731,0.9446912214101828,15599.246706725819,0.6498116766814549,6589.211914046556,0.6576765950387966
4376,8.795980601174318,0.8199892228746213,11.498675270553216,0.12466881763830395,15673.158387008132,0.668289596752033,6120.632665246856,0.2671938877057134
4377,7.813711547704577,0.2742841931692096,11.291850459677562,0.0729626149193906,15434.134950627324,0.6085337376568309,6060.811298803377,0.21734274900281425
4378,7.833709573793834,0.2853942076632411,11.406150371197015,0.10153759279925345,14851.657718849285,0.462914429712321,6428.623418410309,0.523852848675257
4379,8.4865709239677,0.6480949577598328,11.253032544777216,0.0632581361943041,16687.61640776056,0.9219041019401398,6097.008008750789,0.2475066739589904
4380,7.914098230017712,0.33005457223206214,11.712865057269186,0.17821626431729654,15952.855110632769,0.7382137776581921,6339.5164849236135,0.4495970707696775
4381,7.948430572279293,0.34912809571071846,13.334740709114154,0.5836851772785384,14393.192065787018,0.3482980164467543,5842.672669482705,0.0355605579022541
4382,9.045646590367113,0.9586925502039525,14.485984350180892,0.8714960875452233,16979.883304347823,0.9949708260869555,6810.576171439588,0.8421468095329897
4383,8.032576508396547,0.39587583799808146,11.141371361826987,0.03534284045674674,15749.386728312882,0.6873466820782205,6847.499350978892,0.8729161258157432
4384,9.028131785358491,0.9489621029769398,12.376798821319692,0.34419970532992306,16989.809498076123,0.9974523745190312,6877.422852245734,0.897852376871445
4385,8.569165111203649,0.693980617335361,12.073313472206987,0.268328368051747,13814.379481254819,0.2035948703137046,6763.042565518257,0.8025354712652142
4386,7.8748439905172205,0.30824666139845613,11.174357507873427,0.04358937696835685,14721.391314546334,0.4303478286365837,6624.879688552598,0.6873997404604981
4387,7.754311589498647,0.2412842163881369,12.97560527267191,0.4939013181679772,14282.75966247196,0.3206899156179901,6147.149092814559,0.2892909106787991
4388,8.0695878107831,0.41643767265727794,14.263502765135252,0.8158756912838129,15052.688867805038,0.5131722169512595,6379.912573091879,0.4832604775765651
4389,7.322589734219026,0.0014387412327918625,11.943193593222102,0.23579839830552518,16089.536068111327,0.7723840170278319,6024.553189734847,0.18712765811237309
4390,8.182516616137397,0.4791758978541092,11.840151257653527,0.21003781441338198,15342.9035580552,0.5857258895138004,6406.531703620265,0.505443086350221
4391,8.524574700415501,0.6692081668975011,14.377966316648504,0.8444915791621261,15459.74160173623,0.6149354004340575,6448.080955004962,0.5400674625041343
4392,8.748800788355432,0.7937782157530174,14.094227168052647,0.7735567920131621,13491.387553712939,0.12284688842823488,5863.024687617644,0.052520573014703476
4393,7.955121640794399,0.35284535599688827,13.598687928123653,0.649671982030913,14561.939231083155,0.39048480777078887,6802.582168051257,0.8354851400427145
4394,7.338039928723018,0.010022182623898757,12.40027582312333,0.3500689557808324,16130.925792786798,0.7827314481966997,6882.258027776777,0.9018816898139808
4395,7.655016330341765,0.18612018352320303,11.872604451288169,0.21815111282204214,16145.32694526765,0.7863317363169126,5874.025054886291,0.061687545738576155
4396,8.06965542773633,0.4164752376312949,13.854136159243339,0.7135340398108346,15803.854069874727,0.7009635174686818,6905.940910362806,0.9216174253023378
4397,7.993517985727354,0.3741766587374187,14.578107819341184,0.8945269548352959,16169.607679197448,0.7924019197993618,6276.5327711239615,0.3971106426033014
4398,8.581383987594414,0.7007688819968969,13.778680108960915,0.6946700272402287,16425.269498783146,0.8563173746957866,6834.381141725353,0.8619842847711272
4399,8.019289526896392,0.38849418160910687,12.927805279017633,0.4819513197544084,14992.358017139557,0.4980895042848892,6798.574195521789,0.8321451629348243
4400,7.572410102606992,0.14022783478166223,13.623022431909938,0.6557556079774842,15336.666452071722,0.5841666130179305,6092.090170437512,0.24340847536459354
4401,8.441214101775453,0.6228967232085846,12.212174688477987,0.3030436721194967,15966.505143904546,0.7416262859761367,6593.020727117235,0.6608506059310292
4402,8.920361518186873,0.8890897323260412,14.348912648459963,0.8372281621149907,15305.80032363224,0.5764500809080603,5983.86519289253,0.1532209940771082
4403,7.330773250365578,0.005985139091987279,11.936147400568874,0.23403685014221853,13838.033244279986,0.20950831106999646,6852.01468147103,0.8766789012258585
4404,8.93031142583077,0.8946174587948718,14.515040399960514,0.8787600999901283,13562.672907046679,0.14066822676166968,6112.569641863515,0.2604747015529294
4405,7.8447511865895345,0.29152843699418585,14.576212900761321,0.8940532251903305,16956.9151769004,0.9892287942250994,6813.5394848605265,0.8446162373837722
4406,7.437774263614907,0.06543014645272605,14.760747635829059,0.9401869089572648,13076.934323443156,0.019233580860788968,6244.242032935997,0.3702016941133305
4407,8.872961824794766,0.8627565693304262,11.085414612760394,0.0213536531900983,15174.361483164694,0.5435903707911734,6020.094268935564,0.18341189077963704
4408,8.40133519887723,0.6007417771540177,11.849867268670614,0.21246681716765348,14743.51752059119,0.43587938014779737,6949.76463748016,0.9581371979001332
4409,7.465201208052812,0.08066733780711755,11.317006714136994,0.0792516785342483,16144.677463601478,0.7861693659003695,6980.557877519787,0.9837982312664896
4410,7.637008700520468,0.17611594473359338,11.186063584610736,0.04651589615268403,16944.20267042971,0.9860506676074279,6898.896052757329,0.9157467106311077
4411,7.496796992227226,0.09822055123734807,11.858041267869824,0.21451031696745604,14973.062598872366,0.4932656497180913,6097.489364624321,0.2479078038536009
4412,7.806749671186828,0.2704164839926819,14.442711570194298,0.8606778925485743,16679.924082617392,0.9199810206543483,6456.12865220614,0.5467738768384499
4413,8.488128524280482,0.648960291266935,14.960447506779778,0.9901118766949444,14645.816818576182,0.4114542046440458,6730.736517555566,0.7756137646296379
4414,7.980192633284896,0.3667736851582758,12.458991328927944,0.36474783223198604,15576.878398349052,0.6442195995872629,6521.865200245441,0.6015543335378672
4415,8.46469692344727,0.6359427352484839,11.031405698755272,0.007851424688817943,13934.991820218705,0.23374795505467638,6032.983973890583,0.194153311575486
4416,9.059734976777621,0.9665194315431231,13.348175177181274,0.5870437942953184,14849.012075221188,0.4622530188052969,6775.198127058705,0.8126651058822538
4417,8.017013501968398,0.38722972331577665,13.614374439625713,0.6535936099064286,13537.600916395537,0.13440022909888438,6540.657420269934,0.6172145168916118
4418,7.502527841310428,0.10140435628357103,11.403374959165463,0.10084373979136563,16875.674058344277,0.9689185145860696,5867.935890354611,0.05661324196217554
4419,9.056795557041635,0.9648864205786871,12.997771532194665,0.49944288304866646,14680.453467474075,0.42011336686851875,5966.570740034885,0.1388089500290708
4420,7.331372429565087,0.006318016425047812,14.480077411449138,0.8700193528622843,15663.504447587571,0.6658761118968928,5835.525932336499,0.02960494361374877
4421,8.986075564359762,0.9255975357554237,12.819904178525167,0.45497604463129204,14044.898472951405,0.2612246182378515,6131.884944687165,0.2765707872393045
4422,8.557792862401955,0.68766270133442,14.85508764013571,0.9637719100339279,14433.365308712953,0.3583413271782385,6324.471751267403,0.4370597927228358
4423,7.925466387483035,0.336370215268353,11.546162557180347,0.13654063929508675,13165.289488704042,0.041322372176010536,6487.687558543908,0.5730729654532573
4424,7.9943853028368945,0.3746585015760524,11.206803894221714,0.0517009735554288,13516.442564596546,0.1291106411491365,6521.875839288365,0.6015631994069706
4425,7.920054740171493,0.3333637445397186,13.162536099569431,0.5406340248923577,16078.12812336033,0.7695320308400821,6787.20256234917,0.8226688019576416
4426,9.093526828170091,0.9852926823167183,12.306209408082712,0.326552352020678,16639.863985393327,0.9099659963483318,6060.053747810417,0.21671145650868118
4427,8.578303283221638,0.6990573795675771,12.434952282161262,0.3587380705403155,15336.667053618636,0.584166763404659,6548.107303538589,0.6234227529488238
4428,8.719626460075679,0.7775702555975996,14.182619280276564,0.7956548200691408,16404.942543961275,0.8512356359903193,6851.886473028768,0.8765720608573065
4429,8.245736801323348,0.514298222957416,14.369488871111937,0.842372217777984,14408.751897021803,0.3521879742554508,6439.384565623863,0.5328204713532185
4430,8.286716135032488,0.5370645194624941,12.96070369380767,0.4901759234519172,16441.475488776672,0.8603688721941679,6940.064572370034,0.9500538103083611
4431,8.273948091585002,0.5299711619916675,11.728511203912673,0.18212780097816805,16037.901415638764,0.7594753539096908,6974.831060923762,0.9790258841031353
4432,7.4618272587915335,0.07879292155085182,13.556811927376994,0.6392029818442486,16689.845220168943,0.9224613050422358,6788.839618348893,0.8240330152907438
4433,8.85423568105901,0.8523531561438946,14.318202104150622,0.8295505260376554,16914.73416250354,0.978683540625885,6648.9377387471795,0.7074481156226498
4434,9.027431568085019,0.9485730933805667,11.559787789318404,0.139946947329601,13119.931151772287,0.029982787943071965,6276.014575042542,0.3966788125354511
4435,8.63789179344075,0.7321621074670831,14.794671339117308,0.9486678347793269,15913.996334241649,0.7284990835604123,6281.254303226645,0.40104525268887103
4436,8.523470452553946,0.6685946958633034,11.287616192212258,0.0719040480530645,15840.534299574902,0.7101335748937255,6203.894021479318,0.3365783512327649
4437,8.923026611331965,0.8905703396288698,11.569540974520432,0.14238524363010818,16023.686308548105,0.7559215771370261,6333.893681257747,0.444911401048122
4438,7.4188566321960545,0.05492035122003025,12.61639490646723,0.40409872661680735,14902.73356309849,0.47568339077462274,5921.632464592613,0.10136038716051099
4439,8.977121453200622,0.9206230295559016,11.154004316001352,0.038501079000337834,15902.295627945563,0.7255739069863908,6272.515247744095,0.3937627064534128
4440,8.406418009046485,0.6035655605813807,12.376389702556917,0.3440974256392294,16610.10981328307,0.9025274533207676,6352.499965100803,0.46041663758400275
4441,7.704074248781288,0.2133745826562713,11.75819344889083,0.18954836222270777,14770.27938033405,0.4425698450835124,6810.587143013023,0.8421559525108525
4442,8.613942318467327,0.7188568435929595,14.788748289580978,0.9471870723952446,15637.522163473364,0.6593805408683412,6740.59290090782,0.7838274174231835
4443,7.547274820587145,0.12626378921508052,11.171791416085236,0.04294785402130907,13579.7870655496,0.14494676638740034,6641.948292489298,0.7016235770744154
4444,7.902096108217446,0.32338672678747005,11.783698304323604,0.19592457608090108,14993.572515155824,0.49839312878895603,6193.419034740441,0.3278491956170342
4445,9.006917694483551,0.9371764969353065,12.43886191207222,0.3597154780180548,13343.382088957253,0.0858455222393133,6305.708790301945,0.42142399191828694
4446,8.693008645685588,0.7627825809364377,12.61398108223121,0.40349527055780254,15891.783579719551,0.7229458949298879,6951.25069054458,0.9593755754538162
4447,7.778096303771916,0.2544979465399533,13.93923259791153,0.7348081494778826,14925.699190917345,0.48142479772933644,6124.3714409819295,0.2703095341516083
4448,7.458374556698301,0.07687475372127794,14.888594931292694,0.9721487328231736,15254.873086941163,0.563718271735291,6881.934173173697,0.9016118109780803
4449,7.624376383734158,0.16909799096342126,12.090905293070229,0.2727263232675571,15238.129816873758,0.5595324542184394,5914.257608735527,0.09521467394627281
4450,8.755073669384409,0.797263149658005,13.409228732870167,0.6023071832175418,13510.622011951216,0.12765550298780404,6594.193315364433,0.6618277628036939
4451,8.60230472340794,0.7123915130044114,14.495960938644762,0.8739902346611904,14935.684663518836,0.4839211658797088,6500.717480792056,0.5839312339933803
4452,7.332502361629149,0.006945756460637886,13.67020104673732,0.6675502616843302,15710.244599695741,0.6775611499239352,6374.119988390039,0.47843332365836544
4453,8.451978213129568,0.6288767850719826,11.649078218607482,0.1622695546518702,13411.36212880401,0.10284053220100264,6374.930146703971,0.4791084555866426
4454,7.579381375647815,0.1441007642487857,14.1567570973872,0.7891892743467996,13196.674053107337,0.049168513276834136,6789.318550300861,0.8244321252507172
4455,8.807297771061688,0.8262765394787154,13.024945938977133,0.5062364847442835,13147.345585347399,0.03683639633684965,6438.763363200535,0.5323028026671132
4456,7.901359062700026,0.3229772570555698,14.964588674778842,0.9911471686947105,13990.063326261004,0.24751583156525092,6971.101852367087,0.9759182103059063
4457,8.852819761334901,0.8515665340749453,12.457650779871647,0.36441269496791195,15357.256517362415,0.5893141293406037,6118.249354675702,0.26520779556308527
4458,8.808262923840534,0.8268127354669641,11.16523101380221,0.041307753450552265,14389.595744744485,0.34739893618612117,6927.11243745562,0.9392603645463501
4459,8.001217033421582,0.37845390745643515,12.803856476487233,0.4509641191218081,14617.612149813534,0.4044030374533836,6332.190413299221,0.44349201108268455
4460,8.23720742640071,0.5095596813337282,13.262137898075563,0.5655344745188909,15944.593757652958,0.7361484394132395,6251.385914714459,0.3761549289287158
4461,8.848955142787517,0.8494195237708434,11.538049249264436,0.13451231231610894,16684.58064477563,0.9211451611939077,5827.494345711882,0.022911954759901265
4462,8.848458518379593,0.8491436213219963,13.135593997707936,0.5338984994269842,14007.949851434889,0.251987462858722,6459.991735111535,0.5499931125929458
4463,7.745413171882892,0.23634065104605095,11.893255918152835,0.22331397953820864,14091.911737421411,0.272977934355353,6728.563491547453,0.7738029096228772
4464,7.41930185882316,0.055167699346199695,12.683796613342462,0.42094915333561533,14278.709374554635,0.31967734363865885,5840.906913454453,0.034089094545377785
4465,7.588901180256727,0.14938954458707032,13.566197770069568,0.6415494425173918,15564.54591304142,0.6411364782603551,6964.471929182835,0.9703932743190296
4466,8.370745525875606,0.5837475143753371,13.985712788103061,0.7464281970257655,13478.942835573345,0.11973570889333618,6525.174881454897,0.6043124012124144
4467,8.187289119210769,0.4818272884504272,14.659301217882962,0.9148253044707404,15259.056831123415,0.5647642077808536,6847.780425481613,0.8731503545680108
4468,8.276818530681474,0.5315658503785965,14.472387607155945,0.8680969017889862,15672.678507628894,0.6681696269072236,6998.17618034242,0.9984801502853496
4469,8.939183058271905,0.8995461434843915,13.491866727672956,0.622966681918239,13258.006443263175,0.06450161081579364,6776.590870974256,0.8138257258118801
4470,7.990115220728888,0.37228623373827097,12.778260473085185,0.4445651182712962,13389.636485149636,0.0974091212874093,6506.0613764847585,0.5883844804039655
4471,8.557086667719991,0.6872703709555511,13.009379336000254,0.5023448340000636,16547.213608597733,0.8868034021494329,6363.531611797613,0.46960967649801066
4472,8.06204312380547,0.412246179891928,12.045643650727982,0.26141091268199523,14978.987704754594,0.4947469261886487,5930.7944984459655,0.1089954153716376
4473,7.612255610003229,0.16236422777957116,13.106638065423816,0.5266595163559538,16398.14829261115,0.849537073152787,6268.812849303494,0.39067737441957784
4474,8.826690122076,0.8370500678200007,12.559545763692098,0.3898864409230246,15283.995845139465,0.5709989612848664,6022.456135623319,0.18538011301943225
4475,7.548572608041543,0.12698478224530163,13.819306649307363,0.7048266623268408,14704.59435857593,0.4261485896439825,6218.001188456319,0.3483343237135995
4476,8.363959924088064,0.5799777356044802,12.127742704124323,0.2819356760310807,15910.931060864044,0.7277327652160112,6153.407304386127,0.2945060869884396
4477,7.993072027693728,0.3739289042742935,12.710766795478076,0.42769169886951897,15049.15472021771,0.5122886800544274,6762.2919184683615,0.8019099320569681
4478,8.876177253068942,0.8645429183716347,11.658001641412614,0.16450041035315344,14709.377223460891,0.42734430586522265,6429.4104006601965,0.5245086672168304
4479,8.208365409928987,0.49353633884943793,13.81624270656966,0.7040606766424151,15975.055437136103,0.743763859284026,6268.510706384302,0.3904255886535847
4480,7.805129992517015,0.2695166625094527,13.311841587695941,0.5779603969239853,13613.837172442893,0.15345929311072304,5893.354127543187,0.07779510628598907
4481,8.21955608618196,0.4997533812121999,14.540783376042507,0.8851958440106268,13000.206728519546,5.168212988637677e-05,5957.116833027043,0.13093069418920233
4482,8.77295469607299,0.8071970533738837,14.438681367063715,0.859670341765929,15688.155325650996,0.672038831412749,6158.6080978964,0.29884008158033337
4483,7.538884847268233,0.12160269292679593,12.376661663360629,0.34416541584015714,16165.171395053107,0.7912928487632765,6291.228148643394,0.4093567905361618
4484,7.742070659035019,0.23448369946389924,14.282056510757506,0.8205141276893768,16546.085833507263,0.8865214583768155,6074.218942140276,0.22851578511689707
4485,8.536607278020307,0.675892932233504,11.245213780236426,0.061303445059106565,13380.088253819153,0.09502206345478814,6272.226047522821,0.3935217062690176
4486,8.40530026216784,0.6029445900932447,14.691329676204242,0.9228324190510606,16787.985353098386,0.9469963382745966,6431.211658465946,0.5260097153882882
4487,7.963525967688454,0.3575144264935859,12.897804942423223,0.4744512356058056,13019.359019609059,0.004839754902264737,6930.625588291121,0.9421879902426006
4488,8.363784729331183,0.5798804051839906,13.16248518860009,0.5406212971500227,13671.81385384726,0.16795346346181494,6027.354693779493,0.18946224481624374
4489,8.535910455971566,0.675505808873092,13.91528013377892,0.72882003344473,15315.469545536735,0.5788673863841837,6668.195294029671,0.7234960783580584
4490,9.041964070111073,0.9566467056172634,12.492491146454379,0.37312278661359466,14035.032077626209,0.2587580194065522,6244.433255299156,0.3703610460826303
4491,7.542091976213932,0.12338443122996234,12.078938471897985,0.26973461797449616,16092.763592762249,0.7731908981905621,5827.8731128951595,0.023227594079299196
4492,8.754104080670658,0.7967244892614769,12.904468455881968,0.47611711397049217,16982.531330415863,0.9956328326039655,6744.732251006634,0.7872768758388617
4493,8.081962916359442,0.4233127313108014,13.056270567427687,0.5140676418569218,13781.184493292867,0.19529612332321655,6451.096392214936,0.5425803268457801
4494,8.405515342390604,0.6030640791058912,11.987608748002973,0.2469021870007433,16109.288110211935,0.7773220275529836,6169.281874838479,0.30773489569873214
4495,7.6787588656669845,0.19931048092610248,11.90889805249148,0.2272245131228703,15754.799936245565,0.6886999840613912,5921.461705833765,0.10121808819480427
4496,9.109460448191253,0.9941446934395852,13.79320911630581,0.6983022790764528,14544.859681928237,0.3862149204820593,6535.238059865115,0.6126983832209296
4497,8.177572957576846,0.4764294208760256,12.219829644154272,0.3049574110385681,13145.938970763533,0.0364847426908832,6976.63618753602,0.9805301562800165
4498,7.32419044435717,0.002328024642872073,13.269983545469092,0.5674958863672728,13775.850804902966,0.19396270122574166,5917.976423045534,0.09831368587127842
4499,8.59134572804947,0.706303182249706,14.067852488193429,0.7669631220483574,16395.996743984968,0.8489991859962419,6418.606070935569,0.5155050591129741
4500,8.172096197639949,0.4733867764666386,11.717932471714635,0.17948311792865868,16853.58872175623,0.9633971804390579,6227.192788241145,0.3559939902009537
4501,8.118923556275568,0.4438464201530933,11.120114653242446,0.030028663310611492,15900.000301326858,0.7250000753317146,6677.614236112576,0.7313451967604799
4502,8.550951593358679,0.6838619963103777,13.337899698124613,0.5844749245311532,15218.29879305278,0.554574698263195,6270.571784298326,0.39214315358193785
4503,7.733858299413419,0.2299212774518996,12.573999412632986,0.39349985315824665,13789.837617165409,0.19745940429135245,6678.953430532231,0.7324611921101929
4504,7.388066456553794,0.03781469808544102,13.684191592444385,0.6710478981110961,15004.38335492014,0.501095838730035,6889.706265569548,0.9080885546412898
4505,7.405464543131846,0.04748030173991469,11.29454747359286,0.07363686839821515,16222.140874856885,0.8055352187142211,6432.947180609008,0.5274559838408397
4506,7.751378657884882,0.23965480993604515,11.554421927148836,0.13860548178720877,14342.658344283878,0.3356645860709694,6325.52532446722,0.43793777038935056
4507,8.951681634143426,0.9064897967463484,13.669585828718212,0.6673964571795532,13215.690361038824,0.053922590259705916,6361.38487363877,0.46782072803230845
4508,8.19364670309982,0.4853592794998999,13.54473982280569,0.6361849557014224,15642.739428589693,0.6606848571474234,5969.776129921627,0.1414801082680227
4509,7.653407092896738,0.18522616272040981,14.453695481997936,0.863423870499484,13669.612041354567,0.1674030103386418,5889.913527053794,0.07492793921149465
4510,8.011715140844,0.3842861893577777,12.66543751623881,0.41635937905970244,13394.380564659456,0.0985951411648639,6387.832436638631,0.48986036386552645
4511,7.334696417086492,0.008164676159161832,11.68366138265324,0.1709153456633099,14232.027949239955,0.3080069873099889,6854.804788583565,0.8790039904863043
4512,7.807682737314843,0.27093485406380136,12.334612956114743,0.33365323902868593,15377.993680206582,0.5944984200516457,6644.178017002005,0.7034816808350035
4513,7.643829149975523,0.17990508331973476,14.076534269025206,0.7691335672563016,15848.234363953237,0.7120585909883091,6150.457637087731,0.2920480309064427
4514,7.640439125132015,0.1780217361844526,13.746421617708776,0.6866054044271941,13741.710249861466,0.1854275624653663,6744.019777426189,0.7866831478551569
4515,7.745068430613334,0.23614912811851885,14.651175954541198,0.9127939886352995,13125.696905050705,0.03142422626267605,6633.208569453193,0.694340474544328
4516,8.85052756174003,0.8502930898555724,12.45286301411539,0.3632157535288475,13673.708068405982,0.16842701710149532,6481.7044319688885,0.5680870266407403
4517,8.84497575559302,0.8472087531072343,11.657689392558211,0.1644223481395527,15617.855319053893,0.6544638297634732,6482.152879846936,0.5684607332057799
4518,8.055175515382425,0.4084308418791247,13.459036828112543,0.6147592070281357,13401.952448394177,0.10048811209854414,6624.414299765862,0.6870119164715516
4519,7.5291665773721475,0.11620365409563738,13.841803150956537,0.710450787739134,14601.24766315165,0.40031191578791236,6761.918774985754,0.8015989791547945
4520,8.820226887609673,0.8334593820053745,13.100689446745434,0.5251723616863588,14436.24395987271,0.3590609899681775,6591.30713473423,0.6594226122785255
4521,7.9844359676833125,0.3691310931573957,12.292751892716623,0.3231879731791558,14493.623428526542,0.37340585713163565,6180.418505815405,0.31701542151283735
4522,8.598158612348213,0.7100881179712297,11.26409993175145,0.06602498293786219,16681.261737068256,0.920315434267064,5873.40644010888,0.06117203342406641
4523,9.073473327728099,0.9741518487378331,11.973578832946444,0.2433947082366109,16671.874909594935,0.9179687273987339,6112.229448136826,0.2601912067806885
4524,7.991867817430584,0.3732598985725465,11.352288814574587,0.08807220364364665,14872.669750031513,0.46816743750787837,6761.449636404056,0.8012080303367133
4525,7.745868230288407,0.23659346127133685,11.814947297543455,0.2037368243858635,16911.121611722217,0.977780402930554,6488.100457979269,0.5734170483160576
4526,8.100579833954416,0.4336554633080091,14.473766390853621,0.8684415977134051,13764.247098744445,0.1910617746861114,6791.165288341897,0.8259710736182482
4527,7.41881310416397,0.05489616897998317,13.851222645830195,0.7128056614575486,16386.891725944577,0.8467229314861443,6272.002625963318,0.3933355216360982
4528,7.362444451682167,0.023580250934537306,11.159357925793904,0.039839481448476044,14810.938902803267,0.45273472570081685,6952.000811486287,0.9600006762385721
4529,7.871690889497874,0.3064949386099296,11.611777981596198,0.1529444953990493,15798.157467436718,0.6995393668591796,6321.038224339171,0.4341985202826427
4530,9.023348677223746,0.9463048206798592,12.332509688442236,0.3331274221105589,13649.74781245115,0.1624369531127876,6464.928575270359,0.5541071460586325
4531,8.805108290254315,0.8250601612523981,11.411117638472975,0.10277940961824372,13164.767604756411,0.04119190118910254,6286.601955846037,0.405501629871697
4532,9.021083010715811,0.9450461170643396,12.977421458174218,0.49435536454355444,13440.006568024042,0.1100016420060107,6453.360339402365,0.5444669495019706
4533,7.369802539890481,0.027668077716933803,11.988828921821348,0.247207230455337,14911.163239482354,0.4777908098705884,6411.317544272347,0.509431286893622
4534,7.472384334711762,0.08465796372875667,12.298588653937768,0.3246471634844421,15855.375634332817,0.7138439085832041,6413.799075694522,0.5114992297454347
4535,8.806667536497665,0.8259264091653699,12.855897249811477,0.46397431245286913,14103.225023039175,0.27580625575979356,6710.016220768321,0.7583468506402672
4536,8.031463501240637,0.39525750068924326,12.78000623986333,0.44500155996583224,15816.798272472042,0.7041995681180105,6905.9550063561,0.9216291719634169
4537,8.368313820348584,0.5823965668603248,13.090693887402017,0.5226734718505041,16041.462345076861,0.7603655862692155,6291.398326916116,0.4094986057634302
4538,8.558912074668855,0.6882844859271422,13.821920845399877,0.7054802113499691,13607.895718695294,0.1519739296738234,6060.414645208631,0.2170122043405257
4539,7.76188177084521,0.24548987269178313,13.136495677087506,0.5341239192718766,14347.448335632062,0.3368620839080154,6615.591167725015,0.6796593064375128
4540,8.64154686715218,0.7341927039734335,14.427986814036482,0.8569967035091203,16517.765577780356,0.8794413944450893,6264.1747454922415,0.3868122879102016
4541,7.859349374412497,0.29963854134027634,12.901902844833451,0.47547571120836263,16320.045282231436,0.8300113205578589,6656.517293385974,0.7137644111549787
4542,8.781600718689328,0.8120003992718492,14.488371380954192,0.8720928452385481,16667.172389754174,0.9167930974385434,6262.200800844027,0.385167334036689
4543,8.78306912134416,0.8128161785245339,12.506488253254519,0.3766220633136296,13200.382800403799,0.05009570010094966,6371.640993508827,0.4763674945906894
4544,8.864960215872765,0.8583112310404252,11.193718432665019,0.04842960816625497,15832.170562487245,0.7080426406218113,6852.193909110909,0.8768282575924243
4545,8.532778014578088,0.6737655636544944,14.053464990777195,0.7633662476942987,16568.061542011274,0.8920153855028184,6740.9047382066465,0.7840872818388722
4546,7.754462018277005,0.24136778793166946,14.390922810523382,0.8477307026308453,14539.386207355688,0.38484655183892225,6247.865449361972,0.37322120780164403
4547,7.334635834237782,0.008131019020990227,12.966977080726931,0.49174427018173295,14863.21091227269,0.4658027280681727,6325.0048995993875,0.43750408299948984
4548,8.963342129681603,0.912967849823113,11.126944813698579,0.03173620342464456,13989.151405335466,0.24728785133386655,6137.853373110384,0.2815444775919872
4549,8.921552626568987,0.8897514592049928,14.59402212476951,0.8985055311923772,13950.186896606128,0.23754672415153189,6987.542532703124,0.9896187772526037
4550,8.921914382111632,0.889952434506463,11.467293405860413,0.11682335146510359,14475.685094113413,0.36892127352835324,5819.9569675144,0.016630806262000086
4551,7.7629831853224855,0.2461017696236032,13.213290588286123,0.5533226470715308,16205.300931201658,0.8013252328004146,6582.110177317954,0.6517584810982954
4552,8.607604655513942,0.7153359197299682,11.091110817069165,0.022777704267290977,13995.203991462002,0.24880099786550047,6423.405979390545,0.5195049828254548
4553,8.60135905885385,0.7118661438076944,13.861278436631512,0.7153196091578781,16233.128210546458,0.8082820526366146,6893.049538351938,0.9108746152932822
4554,8.618316050153771,0.7212866945298727,14.948554084755031,0.9871385211887579,16422.04580091327,0.8555114502283176,6140.334000229208,0.2836116668576729
4555,8.638783201876967,0.7326573343760933,12.879347094721462,0.46983677368036536,14211.644016256398,0.30291100406409943,6625.795204723406,0.6881626706028383
4556,7.624744327540253,0.16930240418902942,11.047658790060924,0.011914697515230777,15806.821734750789,0.7017054336876972,6098.530422633552,0.24877535219462688
4557,8.603511695235273,0.713062052908485,14.303964332916841,0.8259910832292101,13328.906224239372,0.08222655605984319,5889.835877518481,0.07486323126540051
4558,8.599755797014103,0.7109754427856131,12.436644888683785,0.3591612221709465,15840.892072808234,0.7102230182020584,6983.300800456456,0.9860840003803802
4559,8.123256356092394,0.44625353116244104,14.42050478405459,0.8551261960136475,16410.250280023574,0.8525625700058932,6082.699958377172,0.23558329864764338
4560,7.974589893673976,0.3636610520410978,13.327736412247898,0.5819341030619747,16133.50578336446,0.7833764458411153,6196.39781568091,0.33033151306742525
4561,8.141868828992145,0.45659379388452503,14.095588522251555,0.7738971305628888,13555.489697996863,0.13887242449921566,6758.859493935032,0.7990495782791938
4562,8.597393760077857,0.7096632000432546,11.512130196131164,0.12803254903279082,16949.171631425055,0.9872929078562636,6224.158835173192,0.35346569597765976
4563,7.666986281132536,0.19277015618474247,11.97570693708203,0.2439267342705076,13313.350033783776,0.07833750844594412,5969.772270873804,0.14147689239483618
4564,8.741354515253795,0.7896413973632197,12.975990801757849,0.493997700439462,16025.14136182007,0.7562853404550175,6735.733406374921,0.7797778386457677
4565,8.195529810199105,0.4864054501106142,14.622902836472784,0.9057257091181962,14878.577958161743,0.4696444895404356,6010.252567428297,0.17521047285691393
4566,7.955510880719622,0.35306160039978984,12.866399242472983,0.46659981061824596,14345.211854578194,0.3363029636445485,6854.95370215688,0.8791280851307337
4567,7.531921338039449,0.11773407668858304,13.96548973671862,0.7413724341796551,16941.314441595172,0.985328610398793,5916.163660277616,0.09680305023134694
4568,8.515688402757103,0.6642713348650571,13.62242517526628,0.6556062938165699,15479.687024674076,0.6199217561685189,6832.293781808126,0.860244818173439
4569,7.8272176171039884,0.28178756505777125,14.806397262088714,0.9515993155221784,16005.297765313418,0.7513244413283549,6502.943051410908,0.5857858761757564
4570,7.777168642201854,0.25398257900103005,11.294264885151435,0.0735662212878585,14005.472946290769,0.25136823657269236,6063.934047442553,0.21994503953546019
4571,8.264561350987442,0.524756306104135,12.906439674206727,0.4766099185516819,14638.561047682424,0.4096402619206061,5866.352695497861,0.05529391291488417
4572,8.248645121541673,0.5159139564120405,12.663984861596523,0.4159962153991308,13263.673324858511,0.06591833121462787,6825.168145387453,0.8543067878228774
4573,7.372550072397748,0.029194484665415188,11.481239242096555,0.12030981052413858,14840.511619885132,0.460127904971283,6237.73475869571,0.3647789655797583
4574,7.897645039782315,0.3209139109901751,12.64848703273295,0.4121217581832375,13139.7891386686,0.034947284667150136,6425.318001127971,0.5210983342733094
4575,8.976466037703528,0.9202589098352938,13.536796485996327,0.6341991214990818,14196.64236668724,0.29916059167180986,6584.2162456205315,0.65351353801711
4576,8.374224100406128,0.5856800557811824,14.2567162730918,0.81417906827295,14814.674495185562,0.4536686237963904,6357.397075657241,0.4644975630477006
4577,9.014956462568168,0.9416424792045384,11.840961934896253,0.210240483724063,14483.35484038955,0.3708387100973872,6524.419125906817,0.6036826049223475
4578,9.055900247807537,0.9643890265597432,13.733869068451893,0.6834672671129735,14534.391255277056,0.38359781381926383,6965.228274960578,0.9710235624671486
4579,8.536714089683706,0.6759522720465032,13.698732943046563,0.6746832357616409,14698.21388519686,0.42455347129921506,5865.16859634414,0.05430716362011656
4580,8.138105694810571,0.45450316378365097,11.784459068186692,0.1961147670466732,15815.479962116468,0.7038699905291168,6462.178772566136,0.5518156438051136
4581,7.369475627734939,0.027486459852743783,14.614576863989399,0.9036442159973495,15905.313358919122,0.7263283397297804,6030.2458835527705,0.19187156962730867
4582,8.908500029148966,0.8825000161938708,12.275808763910117,0.31895219097752947,13003.19142039352,0.0007978550983797073,6516.521790404036,0.5971014920033638
4583,7.543059265458428,0.12392181414357095,11.051412882608975,0.012853220652243924,13318.33150186011,0.07958287546502762,5864.082495203102,0.05340207933591823
4584,9.054944829437144,0.9638582385761909,12.040558455357623,0.26013961383940576,14450.38666865112,0.3625966671627797,6850.8678054351185,0.8757231711959318
4585,7.880605224885145,0.31144734715841405,12.062612860922153,0.2656532152305381,13814.809749792093,0.2037024374480232,6887.877407361721,0.9065645061347677
4586,8.131677318076104,0.45093184337561343,13.387240775601985,0.5968101939004964,13667.02983111249,0.16675745777812234,5862.104759413698,0.05175396617808192
4587,8.301981087847784,0.5455450488043245,12.132661552444468,0.2831653881111167,15038.497154987574,0.5096242887468935,6781.317300868647,0.8177644173905395
4588,8.474223965106832,0.6412355361704626,14.309258315013965,0.8273145787534913,16702.494708069575,0.9256236770173938,6634.6436854257945,0.6955364045214957
4589,7.689699003664644,0.2053883353692465,13.330441108602486,0.5826102771506215,14630.113700545942,0.40752842513648535,6575.406753593292,0.6461722946610762
4590,8.108504869355645,0.4380582607531358,13.518242016281821,0.6295605040704554,15829.223425132777,0.7073058562831943,6207.709154480188,0.33975762873349014
4591,7.717908173333324,0.2210600962962911,13.667361803642798,0.6668404509106998,13326.618253194258,0.08165456329856424,6913.920799292145,0.9282673327434539
4592,8.79501585945194,0.8194532552510784,14.116028563137387,0.7790071407843469,16033.776419362335,0.7584441048405839,6217.2944004205565,0.3477453336837969
4593,9.110756244601316,0.9948645803340643,14.844230726336358,0.9610576815840893,16298.997408763451,0.8247493521908628,6967.282268185369,0.9727352234878067
4594,7.937459688456453,0.3430331602535853,11.348811831883234,0.08720295797080846,15326.809346610422,0.5817023366526055,6609.679917815598,0.6747332648463312
4595,7.8074954718962655,0.2708308177201474,13.026564307760314,0.5066410769400783,15722.875068696807,0.6807187671742017,6089.918781998098,0.24159898499841537
4596,9.08912837696516,0.9828490983139787,12.639975333158656,0.409993833289664,15422.485747347773,0.6056214368369431,6282.583698661557,0.402153082217964
4597,9.084580031783311,0.9803222398796175,13.286487561129118,0.5716218902822794,16361.523730320234,0.8403809325800582,6934.177588346079,0.945147990288399
4598,8.092611735544331,0.4292287419690728,11.078292325738751,0.0195730814346875,13595.679746557109,0.14891993663927705,6477.183078216732,0.5643192318472764
4599,7.868594319602485,0.3047746220013803,11.410237371100774,0.10255934277519352,15574.481628480546,0.6436204071201365,6070.796677080736,0.2256638975672799
4600,7.904948386410466,0.32497132578359256,11.88171171928252,0.2204279298206302,14516.424581313615,0.3791061453284036,6112.730839137739,0.26060903261478274
4601,8.584609900319906,0.7025610557332812,14.531340377945014,0.8828350944862535,13526.134012658677,0.13153350316466927,6361.3948493048365,0.4678290410873639
4602,9.091056829829173,0.9839204610162077,12.291050782206218,0.32276269555155457,13189.69355391269,0.04742338847817262,6362.416781099157,0.468680650915964
4603,7.884644092066491,0.31369116225916194,12.920663068961165,0.48016576724029125,15154.868902283044,0.538717225570761,6254.04777379205,0.3783731448267085
4604,7.334461004205707,0.008033891225392442,12.9716578324375,0.49291445810937506,13766.818510173423,0.1917046275433557,6826.197870138023,0.8551648917816862
4605,7.672641904037191,0.19591216890955065,11.490904506109288,0.12272612652732218,13929.527522963628,0.23238188074090693,6670.058852682052,0.7250490439017098
4606,8.911886301440125,0.8843812785778477,11.608113365912345,0.15202834147808608,14415.03271626484,0.35375817906620965,6821.726338619006,0.8514386155158385
4607,8.846039695694124,0.8477998309411806,11.13155285969701,0.03288821492425231,14252.685908923278,0.3131714772308195,6984.878745654598,0.9873989547121647
4608,9.036729048962737,0.9537383605348547,13.737536384053534,0.6843840960133833,14091.806919686715,0.2729517299216787,6966.818969585156,0.972349141320963
4609,8.116552494369996,0.44252916353888716,14.795100613830058,0.9487751534575145,16850.18615941822,0.9625465398545553,6372.95283397013,0.4774606949751087
4610,8.410934576736084,0.60607476485338,13.87941427912394,0.7198535697809851,16542.79790595524,0.8856994764888106,6237.263293355458,0.36438607779621457
4611,8.531026497564016,0.6727924986466756,11.825436367201704,0.2063590918004259,16533.804614843444,0.8834511537108615,6161.540863910408,0.30128405325867336
4612,8.138337614573167,0.4546320080962041,11.941122453029742,0.23528061325743554,14784.497988631347,0.44612449715783686,5996.053546016125,0.16337795501343788
4613,8.58483883566795,0.7026882420377504,11.316895866389306,0.07922396659732633,16746.865953825614,0.9367164884564038,6888.599563608884,0.9071663030074031
4614,7.9575596530111055,0.35419980722839195,11.653494805398648,0.16337370134966178,16528.784170807383,0.8821960427018456,6701.037261404906,0.7508643845040881
4615,9.111472418253802,0.9952624545854457,12.927439669193554,0.4818599172983885,16219.461951351179,0.8048654878377945,6343.563885069829,0.45296990422485717
4616,8.084204089797248,0.42455782766513783,14.01846422040251,0.7546160551006275,16386.71822528913,0.8466795563222822,5817.657170829151,0.014714309024292938
4617,8.2693263684423,0.5274035380235003,12.170956546636347,0.2927391366590868,16459.91892690265,0.8649797317256626,6786.869181752303,0.8223909847935856
4618,8.856675010392491,0.8537083391069402,13.033835365975756,0.5084588414939392,15312.380326019898,0.5780950815049744,6170.906882886663,0.30908906907221934
4619,8.685477105686731,0.7585983920481845,12.212887735603404,0.30322193390085117,15126.610951981267,0.5316527379953166,6758.882358165898,0.7990686318049146
4620,8.165067614982036,0.46948200832335296,12.445152293972324,0.3612880734930809,13823.76387693543,0.20594096923385785,6321.229093258428,0.4343575777153571
4621,8.583473554513136,0.7019297525072978,14.46426503446109,0.8660662586152724,14041.76527071498,0.2604413176787447,5979.718801232152,0.14976566769346045
4622,7.867495814339936,0.30416434129996417,12.984160255432757,0.49604006385818933,14210.92606505513,0.30273151626378236,6713.12617519641,0.7609384793303419
4623,7.644279564661659,0.18015531370092175,13.242264641133351,0.5605661602833377,16777.4897511342,0.9443724377835496,6824.397742052732,0.853664785043943
4624,8.09380911429104,0.4298939523839115,11.015475333442225,0.003868833360556212,15043.772459521459,0.5109431148803648,6303.894853716957,0.41991237809746407
4625,7.427282328929498,0.059601293849720904,12.489366577253646,0.37234164431341144,15279.367846721912,0.569841961680478,5915.68926211328,0.09640771842773366
4626,8.04716115372364,0.4039784187353549,13.711176694297698,0.6777941735744245,15509.201590050565,0.6273003975126413,6163.884901679783,0.3032374180664855
4627,8.537723156600283,0.6765128647779356,11.584906670891474,0.1462266677228683,14706.408921505223,0.4266022303763055,6161.512447555181,0.30126037296265107
4628,9.078974049617772,0.9772078053432073,12.727225470431806,0.43180636760795144,16017.474047121414,0.7543685117803536,6175.095315186128,0.31257942932177296
4629,9.060496496139413,0.9669424978552301,12.504868989670154,0.3762172474175386,13982.513265456862,0.24562831636421567,6317.408449785516,0.4311737081545963
4630,7.830483901559507,0.2836021675330598,14.921473107972467,0.9803682769931166,15002.401229992882,0.5006003074982206,6824.348499604745,0.8536237496706203
4631,8.236028416974406,0.5089046760968922,12.628942354350018,0.4072355885875045,14797.336236677755,0.4493340591694386,6041.621153041425,0.20135096086785376
4632,7.5223020469568755,0.1123900260871531,12.74892563035513,0.43723140758878254,16407.231679430446,0.8518079198576117,5922.989787994048,0.10249148999504032
4633,8.374298008300844,0.585721115722691,13.516498943412591,0.6291247358531479,13297.601883389701,0.07440047084742518,6215.1726415136545,0.345977201261379
4634,7.897665674260247,0.3209253745890259,14.425651588284834,0.8564128970712085,13091.60026041429,0.022900065103572453,6521.373969648872,0.6011449747073935
4635,8.343685030874457,0.5687139060413656,11.828194164352468,0.20704854108811666,14877.748920892644,0.469437230223161,5828.442649402687,0.02370220783557253
4636,9.108554016105696,0.9936411200587203,13.293481157392666,0.5733702893481664,13146.944831336123,0.036736207834030865,6397.53954615391,0.4979496217949253
4637,7.613241120553944,0.16291173364108014,14.412995782317248,0.853248945579312,14295.761945395292,0.3239404863488231,6058.101595904686,0.21508466325390518
4638,8.058399387841359,0.4102218821340883,11.507639001996854,0.1269097504992135,14434.37612542625,0.35859403135656265,5838.456449741005,0.03204704145083692
4639,8.194457171785007,0.48580953988055964,11.900574654180934,0.22514366354523363,14583.874975909233,0.3959687439773083,5982.1951685009535,0.15182930708412778
4640,8.057232047424119,0.40957335968006603,11.060823138360673,0.015205784590168192,15218.364132076194,0.5545910330190486,6469.726500059253,0.5581054167160444
4641,7.919000308265561,0.332777949036423,14.191393075368842,0.7978482688422105,13551.858880347692,0.1379647200869233,6417.029224232538,0.514191020193781
4642,9.037179186121183,0.9539884367339906,13.144865968778033,0.5362164921945084,13458.926226223939,0.11473155655598488,6475.448513003955,0.5628737608366288
4643,7.623092292613986,0.16838460700777014,13.157818357923292,0.5394545894808228,15397.159565673644,0.5992898914184112,6220.761742484782,0.3506347854039852
4644,7.420986367698379,0.056103537610210474,12.188888229196827,0.29722205729920703,15691.140064668502,0.6727850161671254,6422.264762770881,0.5185539689757339
4645,8.726162455906644,0.7812013643925804,11.925428437173466,0.23135710929336628,14949.585754736123,0.4873964386840305,6623.56286061593,0.686302383846608
4646,7.4998389699111545,0.09991053883953027,13.852418444786405,0.7131046111966014,16810.890336107954,0.9527225840269885,6908.4413994137385,0.9237011661781156
4647,7.373141104616744,0.029522835898190825,12.158488582928744,0.2896221457321859,15104.96297385257,0.5262407434631424,6598.940673925374,0.6657838949378116
4648,7.354945287243912,0.019414048468839873,12.242836725360311,0.31070918134007763,15913.013602261231,0.7282534005653077,6543.790909737203,0.6198257581143356
4649,8.99829090761274,0.9323838375626331,11.682568029331456,0.17064200733286405,13825.420853545716,0.20635521338642904,6860.486293333317,0.8837385777777645
4650,9.094547909500672,0.9858599497225965,11.363695355451242,0.09092383886281052,16802.34476420685,0.9505861910517119,6727.620226615016,0.7730168555125128
4651,8.945176511139175,0.9028758395217649,12.511409444450313,0.37785236111257825,13247.459814579772,0.06186495364494282,6890.251940389293,0.9085432836577442
4652,8.082642216354284,0.42369012019682417,14.009776917506096,0.7524442293765242,14737.369273958902,0.4343423184897254,6348.347971865256,0.4569566432210467
4653,8.368577715074718,0.5825431750415104,14.372195940935299,0.8430489852338249,13181.036655094556,0.04525916377363903,5949.719530340578,0.12476627528381468
4654,9.049592639190536,0.9608847995502976,11.408730678091935,0.10218266952298372,16677.899506550868,0.919474876637717,6395.086728925326,0.4959056074377711
4655,8.168758204189631,0.47153233566090647,12.65285214987601,0.4132130374690023,15518.837534356,0.6297093835890001,6073.511114631189,0.2279259288593245
4656,8.183929113664277,0.4799606187023765,11.387220541173235,0.0968051352933087,14046.722721929476,0.26168068048236925,6128.828041288836,0.2740233677406968
4657,8.554324651486798,0.6857359174926656,11.916148381014526,0.22903709525363136,16384.361848543787,0.846090462135947,6313.104815250097,0.4275873460417472
4658,8.42437835021903,0.6135435278994612,11.431097777129157,0.107774444282289,15366.371121769227,0.5915927804423068,6345.210805708579,0.4543423380904825
4659,8.387595141201599,0.5931084117786664,12.902313445789659,0.4755783614474147,15783.751673819435,0.695937918454859,5904.384929857013,0.08698744154751059
4660,7.679822985885868,0.19990165882548183,12.564072257690805,0.3910180644227014,16809.567752598206,0.9523919381495517,5898.564845580472,0.08213737131706023
4661,8.212326705235515,0.4957370584641748,11.630873686599351,0.15771842164983751,16329.270984882432,0.8323177462206082,6025.878985006959,0.18823248750579913
4662,8.407025725895398,0.6039031810529993,13.655290891584668,0.6638227228961672,16494.30728998035,0.8735768224950867,6113.972209707016,0.26164350808918024
4663,8.610110649767249,0.7167281387595832,11.1333688496384,0.03334221240959978,13333.330224385652,0.08333255609641332,6106.672397379527,0.2555603311496055
4664,8.154350689513425,0.4635281608407913,14.559956565662686,0.8899891414156716,13380.728457373292,0.09518211434332302,6168.16982013624,0.30680818344686633
4665,8.882553714421805,0.8680853969010028,14.630883024968659,0.9077207562421646,16238.617506998351,0.809654376749588,6988.54384974947,0.9904532081245582
4666,7.929005965919045,0.3383366477328028,11.57840923508094,0.14460230877023483,15207.868640046601,0.5519671600116502,6731.4239650459485,0.7761866375382902
4667,7.507927795050221,0.10440433058345577,12.52477866353776,0.3811946658844396,15401.809725198586,0.6004524312996462,6822.3439252914395,0.8519532710762
4668,7.796887857929297,0.2649376988496098,13.888295081955267,0.7220737704888165,13303.113282294522,0.07577832057363032,6583.750706873045,0.6531255890608708
4669,7.704431775336109,0.21357320852006023,14.119464665390321,0.7798661663475804,15349.98930844794,0.5874973271119851,6707.013362914175,0.7558444690951456
4670,8.772975139118355,0.8072084106213089,13.360163294179168,0.5900408235447921,14893.626747632692,0.4734066869081729,6068.085861461087,0.2234048845509059
4671,8.560927521430967,0.6894041785727598,12.71766220706649,0.4294155517666226,13657.505768635829,0.16437644215895708,5974.9040004486305,0.1457533337071918
4672,8.648658865741417,0.7381438143007881,14.24181753120959,0.8104543828023975,16288.405945193488,0.8221014862983718,6308.149172662785,0.4234576438856542
4673,7.8047168093602135,0.2692871163112298,13.891133203519416,0.7227833008798542,16739.414898804687,0.9348537247011722,5830.2284645221025,0.02519038710175192
4674,8.035519669027602,0.3975109272375569,14.774686859727876,0.943671714931969,14715.227656818495,0.4288069142046238,6339.5050119176285,0.44958750993135677
4675,8.428328736397024,0.6157381868872353,12.599964294227455,0.3999910735568637,16772.68959834389,0.9431723995859731,6386.182144123062,0.48848512010255196
4676,8.588636476490098,0.7047980424944994,14.144072662963737,0.7860181657409343,14308.612677485833,0.32715316937145844,6266.849104355034,0.3890409202958617
4677,8.092418230432529,0.4291212391291831,13.721664771641343,0.6804161929103361,14167.33634224289,0.29183408556072254,5896.731283588013,0.08060940299001074
4678,9.04546717398796,0.9585928744377564,13.486862493885688,0.6217156234714218,15951.464050700302,0.7378660126750758,5940.240040155349,0.11686670012945732
4679,8.618435142982689,0.7213528572126053,13.853197543224944,0.713299385806236,14891.6046201733,0.47290115504332497,6821.617805056865,0.8513481708807211
4680,8.382196682755318,0.5901092681973992,12.41875590705213,0.3546889767630327,13230.866323288354,0.057716580822088415,5942.309750418756,0.11859145868229692
4681,7.650442687233159,0.1835792706850884,14.893422589552102,0.9733556473880254,16098.166606188493,0.7745416515471234,6864.771342319535,0.8873094519329455
4682,8.859566594892623,0.855314774940347,14.864800627921817,0.9662001569804541,13829.469866281019,0.2073674665702545,5953.146780280824,0.12762231690068637
4683,9.080379654584927,0.9779886969916272,12.605259639640401,0.40131490991010055,16136.179928801132,0.7840449822002826,6068.420835440826,0.22368402953402167
4684,8.670154098621616,0.7500856103453429,14.91483361376226,0.9787084034405652,13030.51906960521,0.007629767401302834,5965.2004076366875,0.13766700636390627
4685,8.125361095584159,0.4474228308800887,14.861562213041529,0.9653905532603823,13395.072452258251,0.09876811306456268,6323.478010106085,0.43623167508840444
4686,8.320761283567865,0.5559784908710361,13.5918754053593,0.6479688513398247,15965.357582251994,0.7413393955629984,6853.041664067108,0.8775347200559239
4687,8.574543001780937,0.6969683343227432,13.923292458214078,0.7308231145535197,16700.97150979448,0.9252428774486195,6425.066014308967,0.5208883452574726
4688,7.896812436516977,0.32045135362054267,13.741678774536826,0.6854196936342063,15155.506203399389,0.5388765508498474,6312.303228566119,0.42691935713843265
4689,7.6276135563596785,0.1708964201998211,12.488996151983699,0.3722490379959248,16216.710581349033,0.8041776453372581,5933.788472982532,0.11149039415211015
4690,8.654828026706069,0.7415711259478164,13.021302115926737,0.5053255289816844,15182.841940679875,0.5457104851699688,6646.284380686157,0.705236983905131
4691,8.151247520261197,0.4618041779228871,12.174393659684192,0.2935984149210481,15142.834653160035,0.5357086632900087,6807.3822051155,0.8394851709295839
4692,8.969827437511794,0.916570798617664,12.689353619449074,0.4223384048622685,15917.683646813051,0.7294209117032627,6621.35499930107,0.6844624994175584
4693,7.636364004486432,0.1757577802702398,11.441991171495633,0.1104977928739086,16597.115246920006,0.8992788117300015,6745.271130562678,0.7877259421355653
4694,8.732343919242835,0.7846355106904644,11.975565014151691,0.24389125353792274,16472.882936772254,0.8682207341930637,5908.4994963785475,0.09041624698212314
4695,8.789368398863521,0.8163157771464011,11.551847790916579,0.13796194772914494,14075.513489071765,0.2688783722679413,6135.69782840586,0.2797481903382163
4696,8.018298912217647,0.38794384012091465,13.939152254641169,0.7347880636602924,15401.733368747235,0.6004333421868084,6773.053008625417,0.8108775071878472
4697,7.930823513192479,0.33934639621804397,14.051748200591474,0.7629370501478686,16162.138498658578,0.7905346246646446,6245.365586078364,0.37113798839863643
4698,9.001878327834234,0.9343768487967967,13.171669995832431,0.5429174989581076,15957.733467059097,0.7394333667647743,6576.833399088317,0.6473611659069304
4699,8.226487071827904,0.5036039287932798,11.725818860143495,0.18145471503587385,14767.613536896166,0.44190338422404163,6772.572087595239,0.8104767396626994
4700,8.266006014147559,0.5255588967486434,14.810913728103774,0.9527284320259436,15184.768033274904,0.5461920083187258,6799.6005879653785,0.8330004899711491
4701,7.900456487487667,0.3224758263820372,12.060320213903601,0.26508005347590036,14151.347090789974,0.2878367726974934,6812.94896480865,0.8441241373405417
4702,9.027960438693695,0.9488669103853868,13.493660055539134,0.6234150138847836,16096.468531378294,0.7741171328445734,6699.276308715129,0.7493969239292743
4703,9.06108933044145,0.9672718502452503,12.713847295262955,0.4284618238157386,13050.3287978278,0.01258219945695016,6671.566800760583,0.7263056673004855
4704,8.774898257210726,0.8082768095615146,13.520016947563889,0.630004236890972,16650.05496347606,0.9125137408690149,5829.447605926255,0.02453967160521242
4705,8.41395055428364,0.6077503079353556,12.029709409731824,0.2574273524329561,16202.658580235386,0.8006646450588463,6027.247014239871,0.18937251186655857
4706,7.897342948045157,0.3207460822473097,12.441807272137252,0.36045181803431314,15457.14416832847,0.6142860420821176,5863.62192712529,0.05301827260440861
4707,8.841174862151368,0.8450971456396491,12.132970674515553,0.28324266862888836,13802.68529201382,0.20067132300345503,6737.49656275507,0.781247135629225
4708,8.889024534636166,0.8716802970200923,13.279117700132062,0.5697794250330155,15804.877358445416,0.7012193396113541,6051.10703303943,0.2092558608661914
4709,8.969175557014255,0.9162086427856977,13.514254745919551,0.6285636864798877,14766.510445600481,0.4416276114001204,5940.215734603419,0.11684644550284962
4710,8.323705829963002,0.5576143499794458,13.586841337919692,0.646710334479923,16179.30371965898,0.7948259299147447,6539.349310776759,0.6161244256472993
4711,8.39653894954384,0.5980771941910229,12.098690593844982,0.2746726484612454,15827.842215518302,0.7069605538795753,6695.572488460888,0.7463104070507398
4712,7.355798613835929,0.01988811879773822,11.95274016237825,0.23818504059456247,15164.965725009264,0.5412414312523163,6120.881982688973,0.267401652240811
4713,8.92115004051524,0.8895278002862443,14.22160597797331,0.8054014944933274,13462.124450633151,0.11553111265828775,6146.638756931854,0.2888656307765449
4714,8.857501302029204,0.8541673900162249,13.788222252420395,0.6970555631050988,14709.673246728848,0.4274183116822118,5811.52881867346,0.009607348894549839
4715,9.090586775486182,0.9836593197145459,12.237093515606436,0.3092733789016088,14517.122135693688,0.37928053392342187,5933.797487131753,0.11149790594312714
4716,8.197125880198197,0.4872921556656653,12.200933476682986,0.3002333691707463,13512.145008861098,0.12803625221527448,5855.925552951513,0.04660462745959393
4717,8.63333962417558,0.7296331245419891,11.179718369487057,0.04492959237176419,13384.649160609419,0.09616229015235489,6824.5478555866175,0.8537898796555148
4718,8.978137217145745,0.9211873428587476,13.704437760769146,0.6761094401922864,15251.913728964057,0.562978432241014,6465.866770981746,0.5548889758181221
4719,8.204207374503468,0.49122631916859405,13.656852069886686,0.6642130174716713,14367.518905550238,0.3418797263875597,6814.423701767435,0.8453530848061955
4720,8.818071299893246,0.8322618332740261,14.174457724995923,0.7936144312489809,16022.002394774758,0.7555005986936896,6217.970372137943,0.3483086434482855
4721,8.969697324755662,0.9164985137531465,14.079412026961247,0.7698530067403117,14096.228858293958,0.27405721457348964,6271.128459575423,0.3926070496461862
4722,8.190708331748418,0.48372685097134316,14.47347715378863,0.8683692884471578,14369.691348271463,0.3424228370678657,6260.5386423120935,0.3837822019267443
4723,8.489549531907759,0.6497497399487554,11.295843759302825,0.07396093982570606,14475.058865918332,0.3687647164795831,6351.738518278593,0.4597820985654939
4724,7.773536614891128,0.2519647860506268,11.586818807268042,0.14670470181701045,13764.571302418062,0.19114282560451545,6880.285722058117,0.9002381017150973
4725,7.889117004996013,0.316176113886674,12.045137746624235,0.2612844366560587,13866.486103871277,0.21662152596781925,6494.995270060819,0.5791627250506826
4726,8.339951551014558,0.5666397505636428,11.632154666730383,0.1580386666825957,13640.176491010354,0.16004412275258828,6269.062974580706,0.3908858121505887
4727,8.618549133874886,0.7214161854860482,13.364873257324257,0.5912183143310642,16659.428527049302,0.9148571317623256,6780.602274624031,0.8171685621866926
4728,8.67632883455048,0.7535160191947111,12.791245580345091,0.44781139508627255,16992.498387020285,0.9981245967550709,6026.382470821679,0.1886520590180656
4729,8.40687305142107,0.6038183619005942,13.382452050530793,0.5956130126326983,13305.828878612643,0.07645721965316066,6712.1842005766275,0.7601535004805228
4730,8.228974083612387,0.5049856020068824,11.64026819518169,0.16006704879542266,13492.956775264633,0.123239193816158,6441.7290077722255,0.5347741731435213
4731,8.575327014743957,0.6974038970799764,12.230995184335914,0.3077487960839783,15541.726889722077,0.635431722430519,6362.756169204261,0.4689634743368841
4732,8.63802746871698,0.7322374826205446,12.648236375125055,0.4120590937812636,15405.512351413145,0.6013780878532864,6085.408072049176,0.23784006004097935
4733,9.048504203794028,0.9602801132189046,11.2356017991487,0.05890044978717501,16886.962798339293,0.9717406995848228,6859.205641749985,0.8826713681249875
4734,8.149124916008661,0.4606249533381457,13.692037816882925,0.6730094542207312,15402.856462767633,0.6007141156919084,5941.941845570303,0.11828487130858545
4735,8.133905906342012,0.452169947967784,11.95259755640381,0.23814938910095218,14606.65772941972,0.40166443235493,6568.18247932532,0.6401520661044331
4736,8.460339593107022,0.6335219961705686,12.472893534690154,0.3682233836725386,13142.056651489038,0.0355141628722595,6467.477716032667,0.5562314300272222
4737,8.320178131148232,0.5556545173045739,11.09055836296511,0.022639590741277638,15110.713489979,0.5276783724947499,6771.06787758854,0.809223231323783
4738,7.894758094696039,0.31931005260891066,11.39834478527126,0.09958619631781496,13032.14774522065,0.00803693630516289,6131.212094280199,0.2760100785668328
4739,8.71745369763701,0.7763631653538952,11.680127674953681,0.17003191873842027,16192.62863038666,0.798157157596665,6304.566247683731,0.4204718730697752
4740,8.037685535463776,0.3987141863687642,13.611371530349519,0.6528428825873795,15785.393034148143,0.696348258537036,6761.236911061943,0.8010307592182856
4741,7.734380520122926,0.2302114000682921,11.33480430275187,0.08370107568796725,13060.944957768226,0.015236239442056432,6576.159881698526,0.6467999014154381
4742,7.536974400369397,0.12054133353855401,13.027747639899815,0.5069369099749537,14412.573698760876,0.3531434246902191,6630.455642769221,0.6920463689743513
4743,7.3511289546217675,0.017293863678759736,13.550694054387154,0.6376735135967886,14986.20337776652,0.4965508444416302,6226.140768870235,0.3551173073918623
4744,7.350293538284891,0.016829743491606042,14.29039441642107,0.8225986041052674,15328.389474175052,0.5820973685437629,6434.372256367263,0.5286435469727188
4745,8.784389759875237,0.8135498665973547,14.634836058369427,0.9087090145923569,14371.316641057227,0.34282916026430676,6964.972486785042,0.9708104056542011
4746,7.4441278619106015,0.0689599232836674,11.312276625144307,0.07806915628607647,16485.342230664646,0.8713355576661616,6894.138552638802,0.9117821271990019
4747,7.463300863400825,0.07961159077823587,11.446672979009186,0.11166824475229675,14404.58385277048,0.3511459631926199,6768.664725241096,0.8072206043675796
4748,8.181562098096459,0.4786456100535885,14.445461651033614,0.8613654127584038,16892.271261620775,0.9730678154051938,6524.724826642772,0.6039373555356433
4749,8.427431074519522,0.6152394858441783,13.138605275978827,0.5346513189947067,14459.079475805636,0.36476986895140895,6772.97339647883,0.8108111637323581
4750,7.407162432386119,0.0484235735478441,13.870497529547231,0.7176243823868079,15458.173994240542,0.6145434985601356,6590.889717699654,0.6590747647497117
4751,7.355725691728001,0.01984760651555606,14.712420577947348,0.9281051444868369,16690.16642216271,0.9225416055406774,6518.147364963903,0.5984561374699188
4752,8.577092532148335,0.6983847400824088,13.872473080575826,0.7181182701439568,14880.522308266189,0.47013057706654715,6310.769499508828,0.42564124959069016
4753,8.808191799855367,0.8267732221418707,12.745290158023415,0.436322539505854,14229.10302973173,0.30727575743293245,6994.564539039107,0.9954704491992565
4754,8.24995803137146,0.5166433507619226,13.31715672586698,0.5792891814667447,15288.245611148654,0.5720614027871637,6160.8787420820745,0.3007322850683951
4755,8.090781287655242,0.42821182647513445,12.266243386020408,0.3165608465051021,15764.082356641968,0.6910205891604917,6408.852051828398,0.5073767098569983
4756,8.795424607556628,0.8196803375314601,13.2688705594591,0.5672176398647748,13086.3403415198,0.02158508537995041,6023.950829444317,0.1866256912035974
4757,7.612928308200985,0.16273794900054728,13.265166596710136,0.5662916491775339,14342.579014353705,0.3356447535884264,6818.000346708187,0.8483336222568224
4758,8.065611294827775,0.41422849712654186,11.224733243562191,0.056183310890548066,14670.146946798335,0.4175367366995837,5873.225354037749,0.061021128364790456
4759,8.917539743731467,0.8875220798508153,14.353797361309946,0.8384493403274865,14992.615314206952,0.4981538285517383,5999.867475337722,0.16655622944810133
4760,8.024363146962425,0.3913128594235701,12.51401851540031,0.3785046288500771,15477.411730252657,0.6193529325631646,5932.802569726603,0.11066880810550217
4761,8.549262008660527,0.6829233381447372,12.280391009679287,0.32009775241982164,16725.387333216036,0.9313468333040089,6317.570829754078,0.4313090247950646
4762,8.613541227166966,0.7186340150927586,11.456137802801795,0.11403445070044893,16333.082488490982,0.8332706221227456,6588.8019535883695,0.6573349613236413
4763,8.926290409228972,0.892383560682763,13.229114392126247,0.5572785980315618,16551.772793832155,0.8879431984580383,6455.715210740793,0.5464293422839939
4764,8.141172525438344,0.4562069585768581,11.676679832951034,0.16916995823775838,14848.26961662762,0.46206740415690495,6199.085567996663,0.33257130666388546
4765,7.918749406444477,0.33263855913582074,13.668186493548019,0.6670466233870046,13500.954795897353,0.12523869897433804,6999.634489161815,0.9996954076348457
4766,7.618215304022795,0.16567516890155232,11.55981786946419,0.13995446736604777,14777.06704573276,0.44426676143319,6837.962204608807,0.8649685038406726
4767,7.720282967385266,0.22237942632514762,12.400506953465857,0.35012673836646413,13146.348767347745,0.03658719183693604,6819.708839160441,0.8497573659670347
4768,9.077410536808966,0.9763391871160929,13.200978654058012,0.5502446635145032,13571.186249373884,0.14279656234347127,5921.768477178399,0.10147373098199874
4769,8.692099177919172,0.7622773210662073,11.344290332410443,0.08607258310261068,13358.07674186368,0.08951918546592019,6151.091922035094,0.29257660169591215
4770,8.359846821328377,0.5776926785157653,14.70945440845914,0.9273636021147849,15291.96580060438,0.5729914501510945,6226.877622906951,0.35573135242245923
4771,8.134048875385046,0.4522493752139145,13.703434403162456,0.675858600790614,16497.433642610154,0.8743584106525384,6480.1391818861985,0.5667826515718318
4772,8.875000546713085,0.863889192618381,13.19179274643312,0.54794818660828,16461.900540384497,0.8654751350961243,6875.380765859827,0.8961506382165225
4773,8.89294801708314,0.8738600094906345,13.643864389430377,0.6609660973575943,13807.970077877972,0.20199251946949293,6298.316472415329,0.41526372701277414
4774,7.322576951883945,0.0014316399355248643,14.224514126484296,0.8061285316210741,13813.430805823624,0.20335770145590615,6920.043322012905,0.9333694350107544
4775,7.460908704877761,0.07828261382097856,14.559829932103803,0.8899574830259507,16059.87885126449,0.7649697128161221,6681.604551956929,0.7346704599641077
4776,7.748073213703087,0.2378184520572707,11.145422682140325,0.03635567053508115,15756.27394629816,0.6890684865745401,6069.738098119666,0.22478174843305432
4777,8.65507817592488,0.7417100977360447,12.351583756393232,0.3378959390983082,16824.945278584728,0.956236319646182,6199.635663086124,0.3330297192384367
4778,7.679854373340566,0.19991909630031457,11.527372481842256,0.13184312046056423,14975.682538500783,0.49392063462519564,6589.263367987031,0.6577194733225263
4779,8.738100556084905,0.7878336422693925,11.808399970214458,0.20209999255361444,16457.04792953025,0.8642619823825624,5907.50829622675,0.089590246855625
4780,7.716006899111977,0.22000383283998737,12.988301475507104,0.49707536887677595,13016.52627189116,0.004131567972790129,6024.370024164991,0.1869750201374929
4781,8.141833476905054,0.45657415383614175,12.749978891685625,0.4374947229214061,15934.299959699205,0.7335749899248012,6590.805064007246,0.6590042200060383
4782,7.389472609965435,0.038595894425241584,14.901555033047321,0.9753887582618302,16727.752531185313,0.9319381327963285,6852.827987527302,0.8773566562727517
4783,8.235566413685175,0.5086480076028753,12.287024182656545,0.32175604566413607,15432.585139635657,0.6081462849089144,6449.542788606359,0.5412856571719656
4784,8.648699365795883,0.7381663143310462,12.652204366215441,0.4130510915538602,15696.022282850407,0.6740055707126017,6605.907750574164,0.6715897921451367
4785,8.96309058996299,0.9128281055349945,14.086564629300712,0.771641157325178,15526.410788790292,0.6316026971975731,6014.405171604761,0.17867097633730034
4786,8.333319662453341,0.5629553680296348,14.965195024808365,0.9912987562020912,13871.082461317037,0.21777061532925912,6210.411562936471,0.3420096357803918
4787,9.082582263214938,0.9792123684527443,13.138081851285406,0.5345204628213513,13566.920076862998,0.14173001921574957,6599.129719887554,0.6659414332396278
4788,7.684249600986763,0.20236088943709063,12.25438104587592,0.3135952614689802,15894.847588444896,0.7237118971112241,6414.1556856753305,0.5117964047294424
4789,7.978568572367358,0.36587142909297665,13.307578850657867,0.5768947126644667,14296.242194993421,0.32406054874835544,6934.845561762881,0.9457046348024003
4790,7.980880527199455,0.36715584844414173,13.809937773910946,0.7024844434777365,14469.639890343245,0.36740997258581154,6711.901026687325,0.759917522239437
4791,7.919844640588272,0.3332470225490397,13.582930045951281,0.6457325114878204,16257.54080448717,0.8143852011217922,6879.289049756348,0.8994075414636233
4792,8.019831098053317,0.38879505447406437,11.298740983819439,0.07468524595485981,15511.22933509964,0.6278073337749103,5824.429071617346,0.02035755968112196
4793,8.88633135876529,0.8701840882029386,13.00608074657575,0.5015201866439374,14198.646754379059,0.2996616885947645,5929.663991446645,0.10805332620553787
4794,8.910573933987774,0.8836521855487639,12.30852682015996,0.32713170503999,15683.627770125615,0.6709069425314035,6588.437684669068,0.65703140389089
4795,7.333683445804233,0.007601914335684801,13.325796328864564,0.5814490822161412,15949.841747633121,0.7374604369082803,5974.737497382445,0.14561458115203751
4796,9.100909510581157,0.9893941725450879,13.700866619075459,0.6752166547688647,13662.165649407065,0.16554141235176634,6157.62930941112,0.29802442450926625
4797,8.683287238729017,0.7573817992938984,13.219669519808871,0.5549173799522178,13202.421425375118,0.050605356343779384,6700.731061163525,0.750609217636271
4798,7.564519440850527,0.13584413380584837,14.417537984918706,0.8543844962296767,15740.867948776071,0.6852169871940176,6811.789455856776,0.8431578798806468
4799,8.395451581032173,0.5974731005734293,12.782476037163704,0.44561900929092624,16123.458714479053,0.7808646786197635,6028.000804809198,0.19000067067433157
4800,8.208913214233005,0.49384067457389236,11.750993898341337,0.18774847458533417,14686.24002357941,0.42156000589485254,6239.18474286147,0.36598728571789163
4801,8.080195977363637,0.42233109853535367,12.21128342830244,0.30282085707561013,16059.118260083758,0.7647795650209397,6284.639064612497,0.40386588717708083
4802,8.348690742698524,0.5714948570547358,11.560187785544471,0.1400469463861177,13772.434493821243,0.19310862345531088,5808.906896050411,0.007422413375342329
4803,7.4070225396707965,0.04834585537266467,12.205420148441739,0.30135503711043465,14226.443680311619,0.30661092007790447,5816.492941730668,0.013744118108889536
4804,8.880711260062368,0.8670618111457599,14.177303639544256,0.794325909886064,16106.963801166285,0.7767409502915712,6651.440569956029,0.7095338082966908
4805,8.729406644621445,0.7830036914563592,13.30440298129221,0.5761007453230522,14870.387317191173,0.4675968292977932,5896.747797288643,0.08062316440720196
4806,7.553903254468111,0.12994625248228375,13.183338924481493,0.5458347311203733,16930.895511531922,0.9827238778829802,6323.788098431793,0.4364900820264934
4807,8.444013865732238,0.6244521476290209,13.592616447058708,0.6481541117646771,13862.543776028868,0.21563594400721686,5916.006916191132,0.09667243015927685
4808,9.103776964442748,0.9909872024681933,13.02018189839552,0.50504547459888,16664.395905153302,0.9160989762883257,6876.379033653875,0.8969825280448961
4809,7.68521216582911,0.20289564768283885,13.713869903546914,0.6784674758867287,16755.927153302724,0.9389817883256809,6756.865290208475,0.797387741840396
4810,7.812358316410565,0.27353239800586926,11.34465979175534,0.08616494793883511,13887.2636061028,0.22181590152569997,6901.578734977904,0.9179822791482534
4811,7.934182437327587,0.3412124651819928,11.299196495104072,0.07479912377601805,13643.43955822727,0.16085988955681774,6983.783712266504,0.986486426888753
4812,7.51862371734006,0.11034650963336667,11.153329080678908,0.03833227016972718,15391.88772465288,0.5979719311632197,5878.698508038645,0.06558209003220394
4813,8.369638944050813,0.5831327466948961,11.5747086850497,0.14367717126242485,16409.59348495451,0.852398371238627,6682.683498919291,0.7355695824327425
4814,8.649138346332437,0.7384101924069099,12.254009944229267,0.3135024860573169,14687.34379950779,0.42183594987694717,6530.872681475535,0.6090605678962787
4815,7.8028945852626155,0.26827476959034213,12.194418425457659,0.29860460636441455,14580.807452272204,0.39520186306805094,6534.007982623398,0.6116733188528317
4816,8.898471626325383,0.8769286812918796,11.373667515848842,0.09341687896221051,16751.659500346177,0.9379148750865441,6043.015405532637,0.2025128379438641
4817,8.246958064368092,0.5149767024267181,12.507135760138473,0.37678394003461835,13438.202987320043,0.10955074683001076,6310.1253640092455,0.4251044700077049
4818,8.791290472261363,0.8173835957007571,12.172371336463446,0.2930928341158615,15242.945429327083,0.5607363573317706,6427.239560390728,0.5226996336589398
4819,8.634841205943507,0.7304673366352821,14.25365606180798,0.8134140154519949,16532.8678663714,0.8832169665928504,6859.028404127028,0.8825236701058569
4820,8.181897628851907,0.47883201602883707,13.131257378330384,0.532814344582596,13231.095603856487,0.05777390096412194,5887.915110301352,0.07326259191779338
4821,8.837878473621876,0.8432658186788202,14.02400521504789,0.7560013037619725,14591.607554226983,0.3979018885567458,6550.081721581282,0.6250681013177354
4822,8.043512369613776,0.4019513164520975,14.183235252210473,0.7958088130526183,14292.446407584433,0.3231116018961082,6158.107032211731,0.2984225268431093
4823,7.673326846271675,0.19629269237315283,14.028464132995712,0.7571160332489281,14325.903344132368,0.33147583603309216,6870.248638282646,0.8918738652355384
4824,8.484074391832248,0.6467079954623601,12.561311157876716,0.3903277894691789,14514.422626145473,0.37860565653636824,6783.738276326292,0.8197818969385765
4825,8.210811838367798,0.49489546575988763,11.30734791749678,0.0768369793741952,16425.297361707442,0.8563243404268607,6244.688812678868,0.37057401056572326
4826,8.441980699944326,0.6233226110801808,12.664972711073885,0.4162431777684712,16462.263343212006,0.8655658358030014,6791.8193024987995,0.8265160854156667
4827,7.647490340920797,0.18193907828933154,14.703948622165006,0.9259871555412517,14402.79807032947,0.3506995175823677,6563.217735709163,0.6360147797576361
4828,8.875077788387301,0.863932104659612,13.642544997204393,0.660636249301098,15053.428006001677,0.5133570015004194,5830.453101378864,0.025377584482386473
4829,8.670050310586664,0.7500279503259244,11.297046936265758,0.07426173406643943,16237.901922836405,0.8094754807091012,6688.465725307243,0.7403881044227023
4830,7.4959524461206115,0.09775135895589515,11.078676979452052,0.01966924486301269,13686.686349987496,0.17167158749687406,6768.201297852704,0.8068344148772532
4831,8.889754823721749,0.8720860131787493,11.097394379874649,0.02434859496866215,16503.257013189228,0.8758142532973067,6535.526584687058,0.6129388205725486
4832,8.222365164017615,0.5013139800097868,13.872529218400363,0.7181323046000906,16877.58176380737,0.9693954409518428,6072.3330139868785,0.226944178322399
4833,7.732925935915248,0.22940329773069346,14.448800177905468,0.8622000444763673,13111.251780086144,0.027812945021535862,6874.849769873357,0.8957081415611314
4834,8.577160263012098,0.6984223683400547,14.148734136493777,0.7871835341234444,14285.326009758719,0.3213315024396799,6503.078795464913,0.5858989962207609
4835,8.111876646853869,0.43993147047437164,14.156716702930645,0.7891791757326613,14827.975076232422,0.4569937690581055,6107.544766445641,0.256287305371367
4836,8.65523168297542,0.7417953794307897,11.654773399382321,0.16369334984558048,15771.898252688192,0.692974563172048,6875.598566609248,0.8963321388410405
4837,8.057063403293649,0.40947966849647166,12.805255010665869,0.4513137526664671,15221.178142671317,0.5552945356678294,6059.142576922843,0.2159521474357019
4838,8.645545651693842,0.7364142509410236,11.361522475420738,0.09038061885518478,13158.649639672174,0.039662409918043595,6034.511793097085,0.19542649424757064
4839,8.308189404592637,0.5489941136625766,12.22845862521419,0.3071146563035475,15800.991236499449,0.7002478091248624,6367.22890381297,0.4726907531774752
4840,7.811713122586067,0.27317395699225944,11.520818615606888,0.1302046539017221,13965.610047399105,0.24140251184977635,6960.0995512914,0.9667496260761661
4841,8.881896781006633,0.8677204338925745,14.835515724201693,0.9588789310504234,13440.873520989959,0.11021838024748976,6728.449027346413,0.773707522788677
4842,8.81847607786329,0.8324867099240502,11.708699158125942,0.17717478953148524,15441.993337666494,0.6104983344166234,5909.6906598354835,0.0914088831962363
4843,8.79684672147072,0.8204704008170668,11.838103472222201,0.2095258680555504,13941.169281935045,0.23529232048376103,5825.538901330759,0.021282417775632
4844,7.3619350164252895,0.02329723134738304,13.373380180292909,0.5933450450732274,14559.778015378339,0.3899445038445848,6356.559569932438,0.46379964161036447
4845,8.777886800826456,0.8099371115702535,11.727521685658763,0.18188042141469085,14727.573801702836,0.43189345042570915,6078.815104451286,0.2323459203760717
4846,8.478673289429235,0.6437073830162419,11.144827735949299,0.03620693398732455,13760.376937087494,0.19009423427187344,6599.8502992421,0.6665419160350833
4847,9.024696026030051,0.9470533477944738,11.589129871647913,0.1472824679119784,14452.556632612479,0.3631391581531197,6812.346347185867,0.8436219559882225
4848,7.802472341434111,0.26804018968561727,13.997453384688502,0.7493633461721253,15147.486933353548,0.5368717333383869,6986.189065893397,0.9884908882444974
4849,8.537521588717851,0.6764008826210286,13.183393008211958,0.5458482520529895,16453.328092333682,0.8633320230834206,6190.552556989783,0.32546046415815255
4850,7.42654456966539,0.05919142759188323,14.14234457658053,0.7855861441451328,15488.31063941891,0.6220776598547278,6641.1743585987915,0.7009786321656594
4851,8.282123313508942,0.5345129519494123,12.963222701019312,0.490805675254828,14976.387922613269,0.494096980653317,6389.301284779129,0.491084403982607
4852,7.480852788937521,0.08936266052084518,12.428309878888097,0.35707746972202403,14039.082714252194,0.2597706785630486,6187.146250835416,0.32262187569618017
4853,8.33719167523936,0.5651064862440897,14.042347054520157,0.760586763630039,16370.792058543113,0.842698014635778,6276.361445008344,0.3969678708402865
4854,9.049480831104828,0.9608226839471277,14.083752694239802,0.7709381735599506,14742.252806986926,0.4355632017467317,6365.190467159988,0.4709920559666565
4855,7.996579177613568,0.3758773208964269,12.170942585599455,0.2927356463998637,13457.601977290335,0.1144004943225837,6109.018058172096,0.25751504847674667
4856,7.839948733945075,0.28886040774726374,14.956877614702362,0.9892194036755905,14284.136802223209,0.32103420055580245,6495.449819548866,0.5795415162907217
4857,8.175560625182626,0.4753114584347926,14.933915472415253,0.9834788681038131,14720.62525129203,0.43015631282300737,6996.592297762158,0.9971602481351313
4858,7.587041153317856,0.14835619628769803,13.487437284984361,0.6218593212460903,13321.732791078995,0.08043319776974889,6508.703979020371,0.5905866491836427
4859,7.777421178909043,0.25412287717169046,12.32051907463761,0.3301297686594027,14958.999079136065,0.4897497697840163,6035.307967612974,0.19608997301081144
4860,8.989524248922919,0.9275134716238441,12.85105628536503,0.4627640713412573,16597.96427459403,0.8994910686485069,5875.816691037328,0.06318057586444015
4861,7.857614518357872,0.2986747324210399,13.107250073218392,0.5268125183045982,14067.627929580784,0.26690698239519595,5995.677920743677,0.1630649339530642
4862,8.16075897821098,0.4670883212283222,14.48917767727971,0.8722944193199272,13157.459010960365,0.03936475274009121,6293.096559539786,0.410913799616488
4863,8.958100215031285,0.9100556750173814,12.839624346420745,0.45990608660518617,16743.210185461867,0.9358025463654666,6817.0199526141605,0.8475166271784673
4864,7.773751495713359,0.25208416428519975,12.90365431781716,0.47591357945429036,13179.775995622442,0.04494399890561063,6798.981029233121,0.8324841910276007
4865,8.280067893393799,0.5333710518854438,12.981776656057876,0.4954441640144692,15986.272887832296,0.7465682219580743,6483.146105367796,0.5692884211398299
4866,8.39853433222644,0.5991857401258006,11.778171319785102,0.19454282994627525,15065.999683590451,0.5164999208976127,6642.824436843484,0.7023536973695704
4867,7.805371150563114,0.26965063920173016,11.051147120251823,0.012786780062955638,15328.438005630616,0.5821095014076539,6451.045914503793,0.542538262086494
4868,8.231001425622532,0.5061119031236285,13.11114793496405,0.5277869837410126,13447.553599053605,0.11188839976340137,5926.049469883603,0.10504122490300216
4869,7.350941707092347,0.017189837273526187,13.956567291867527,0.7391418229668819,13193.062250686846,0.04826556267171145,6086.879300755573,0.23906608396297768
4870,8.08120456127541,0.4228914229307833,13.372884063948494,0.5932210159871233,13889.516001130845,0.22237900028271118,5979.916196669889,0.14993016389157443
4871,7.629190719650308,0.17177262202794863,12.673926250059717,0.4184815625149291,14441.413305953893,0.3603533264884732,6373.114000405691,0.47759500033807534
4872,7.913347455888159,0.3296374754934218,14.032373831536251,0.7580934578840627,13305.064871996592,0.0762662179991479,6341.532021751705,0.45127668479308747
4873,8.50788719949964,0.6599373330553557,11.606892771348502,0.1517231928371252,15498.289213633683,0.624572303408421,6319.114855177442,0.43259571264786834
4874,7.609944826364186,0.16108045909121427,13.703581074395341,0.6758952685988354,16299.56589053337,0.8248914726333422,6266.399732963847,0.38866644413653895
4875,8.16129510110774,0.46738616728207805,14.361021488962823,0.8402553722407058,14237.74733253699,0.3094368331342474,6193.330605677586,0.3277755047313219
4876,8.695416299087853,0.7641201661599191,13.798173099677445,0.6995432749193614,15305.250994617432,0.5763127486543581,6510.6273361303065,0.5921894467752555
4877,8.999763886961091,0.9332021594228286,13.558400513181342,0.6396001282953353,15246.09712569795,0.5615242814244873,6339.3608474741,0.44946737289508387
4878,8.380388484272059,0.5891047134844772,14.488561884558193,0.8721404711395483,15748.142836119123,0.6870357090297806,6802.942591195512,0.8357854926629269
4879,9.053235991052137,0.9629088839178546,11.922725093641093,0.23068127341027334,15745.383677077065,0.6863459192692665,6855.460222547203,0.8795501854560022
4880,8.835641918272847,0.8420232879293598,13.228061338999755,0.5570153347499389,16485.739150526086,0.871434787631521,6804.340224365135,0.836950186970946
4881,7.978874233704981,0.3660412409472118,13.25138982784975,0.5628474569624371,15851.424378800597,0.7128560947001491,6175.039299161231,0.31253274930102537
4882,7.8120435352720365,0.27335751959557597,11.790649437464198,0.1976623593660496,16349.082745172738,0.8372706862931844,6978.3960575764,0.9819967146470004
4883,8.579047761240204,0.6994709784667807,14.269512568404366,0.8173781421010913,16488.718221263272,0.8721795553158181,6764.818686303919,0.804015571919933
4884,7.468787335625975,0.0826596309033194,11.287334589236307,0.07183364730907671,15143.792150269739,0.5359480375674347,5975.110974193304,0.14592581182775366
4885,7.327149761339182,0.00397208963287865,14.043407310415864,0.760851827603966,13040.780694658815,0.010195173664704016,6916.539808248444,0.9304498402070371
4886,8.798099073554901,0.8211661519749451,11.622030784156735,0.1555076960391838,15662.886126896588,0.665721531724147,6602.693937483035,0.6689116145691962
4887,8.235219376217215,0.5084552090095641,13.42045549509039,0.6051138737725976,14111.459600261232,0.27786490006530806,6131.74218329454,0.27645181941211683
4888,8.019729278740563,0.38873848818920154,14.20211167892266,0.8005279197306651,13493.677248841414,0.12341931221035318,6770.072203687889,0.8083935030732404
4889,9.063483138645854,0.9686017436921411,13.718087943112689,0.6795219857781721,16713.1680543976,0.9282920135993998,6425.683516886537,0.521402930738781
4890,8.84324645715127,0.8462480317507056,12.058085344842567,0.26452133621064167,13254.574709129998,0.06364367728249976,6891.062550391517,0.9092187919929307
4891,7.436235278820797,0.06457515490044252,11.927818276869193,0.2319545692172983,13621.523268634337,0.1553808171585841,5808.235889285581,0.006863241071317638
4892,8.13379535502401,0.45210853056889444,11.447423324324944,0.11185583108123598,13563.87451217497,0.14096862804374255,6433.293905356411,0.5277449211303431
4893,9.115955806729751,0.9977532259609734,13.52601013605546,0.631502534013865,16883.213965353276,0.9708034913383187,6810.336166331623,0.841946805276352
4894,7.698082370449617,0.21004576136089848,13.883696789410068,0.7209241973525171,13716.511084130503,0.17912777103262556,6098.473811180187,0.2487281759834894
4895,8.21834429211153,0.4990801622841836,13.804486208275424,0.7011215520688561,13029.202014806671,0.007300503701667793,5869.549500432216,0.057957917026846384
4896,8.073462814599136,0.41859045255507576,11.577936553494132,0.1444841383735329,15553.9380034522,0.6384845008630501,6397.084028518988,0.4975700237658234
4897,7.642690467289967,0.17927248182775923,11.573651296593786,0.14341282414844658,15725.80661168146,0.681451652920365,6463.341285368328,0.5527844044736065
4898,9.068539433613456,0.9714107964519201,11.097837590149208,0.024459397537301864,13317.16278129451,0.07929069532362765,6097.35838370732,0.24779865308943327
4899,8.668670666549355,0.7492614814163084,12.52365779862701,0.38091444965675225,15098.083549124247,0.5245208872810617,5942.965695647261,0.1191380797060505
4900,7.886991858988783,0.31499547721599075,13.113624872848044,0.5284062182120112,14422.580058684694,0.3556450146711737,6305.708049835734,0.42142337486311165
4901,8.602102530389462,0.7122791835497014,13.237133725990873,0.5592834314977183,15915.61794186369,0.7289044854659222,6130.152785122174,0.27512732093514436
4902,8.513657813532662,0.6631432297403683,13.940446175654671,0.7351115439136677,13494.79243608021,0.12369810902005263,6323.775826143434,0.43647985511952836
4903,8.98739955039718,0.9263330835539891,12.628428936395084,0.4071072340987709,15242.352537781018,0.5605881344452543,6315.461066024267,0.42955088835355615
4904,7.895638001413513,0.3197988896741738,14.39267824870186,0.8481695621754646,16668.378548973218,0.9170946372433046,6574.448695741119,0.6453739131175988
4905,8.003893674551966,0.37994093030664766,13.027849181515531,0.506962295378883,14986.98870113795,0.49674717528448775,6252.282199818779,0.3769018331823156
4906,8.911465512763582,0.8841475070908791,14.468895139790552,0.8672237849476382,16304.967219420245,0.8262418048550612,6925.983774300757,0.9383198119172982
4907,8.794582958638788,0.819212754799327,13.0552425209005,0.513810630225125,15313.818242239477,0.578454560559869,6636.610247355782,0.6971752061298181
4908,8.515028228591664,0.6639045714398133,11.660474342486282,0.16511858562157056,15642.862537102743,0.6607156342756856,5843.189875185606,0.03599156265467163
4909,8.066659493865341,0.41481082992518936,11.322660597198443,0.08066514929961077,14543.8710225487,0.3859677556371749,6595.078351775843,0.662565293146536
4910,8.401379197388122,0.6007662207711796,14.097590239322054,0.7743975598305134,14063.511019151543,0.265877754787886,6438.49179395103,0.5320764949591914
4911,8.287879541554446,0.5377108564191364,13.84576991231512,0.7114424780787802,14204.297356099052,0.3010743390247631,6830.904576042676,0.8590871467022302
4912,8.8929213814837,0.8738452119353884,12.260875133664054,0.3152187834160136,16447.709164061704,0.8619272910154262,6300.482560495954,0.4170688004132953
4913,8.737618753757218,0.7875659743095653,11.344053169395275,0.08601329234881872,14561.77675739967,0.3904441893499174,6803.987050178042,0.8366558751483685
4914,9.014321644116185,0.9412898022867703,13.778512513622871,0.6946281284057179,13974.68956945047,0.24367239236261717,6673.493872810869,0.7279115606757239
4915,8.528188086719474,0.6712156037330411,13.898177493304233,0.7245443733260583,13056.907344074221,0.014226836018555233,6439.346690629272,0.5327889088577271
4916,7.979360630730946,0.36631146151719274,11.585437603471796,0.14635940086794896,15986.372499227915,0.7465931248069786,6274.502516100435,0.395418763417029
4917,8.04908712029453,0.40504840016362786,11.755326699993871,0.18883167499846765,16647.033499971327,0.9117583749928314,6081.418387213269,0.23451532267772401
4918,8.631333767421257,0.728518759678476,14.00969903836884,0.75242475959221,13554.079490317696,0.138519872579424,5837.831824976531,0.031526520813775716
4919,8.36759101528887,0.5819950084938165,13.03882643116249,0.5097066077906228,13506.781284859628,0.1266953212149068,6871.488596432194,0.8929071636934948
4920,8.878085989170518,0.8656033273169552,14.319618136734782,0.8299045341836957,13228.424040237574,0.05710601005939342,6112.395025179578,0.2603291876496481
4921,7.568630190710903,0.13812788372827922,14.915725589056683,0.9789313972641707,15861.402787305324,0.7153506968263307,6939.216630736209,0.949347192280174
4922,8.668553184748708,0.7491962137492826,13.496812367033575,0.6242030917583938,15087.021207248608,0.5217553018121521,5984.739659842316,0.15394971653526268
4923,8.261357741208164,0.5229765228934242,14.854686305942748,0.9636715764856869,16799.59441209863,0.949898603024658,6175.971365716749,0.3133094714306236
4924,8.7132434816102,0.7740241564501115,11.675983300976272,0.1689958252440681,16486.559911741268,0.871639977935317,5917.846710771948,0.09820559230995696
4925,8.994354226301905,0.9301967923899478,14.568068974025763,0.8920172435064408,14327.31046768427,0.33182761692106777,5858.37725084399,0.04864770903665827
4926,7.728104951999008,0.22672497333278196,11.667362565902794,0.16684064147569855,16061.007597848755,0.7652518994621885,6242.762529044877,0.3689687742040638
4927,7.891699425743184,0.31761079207954646,14.49850682579286,0.8746267064482152,16543.68895162986,0.8859222379074657,6248.035707869208,0.3733630898910064
4928,7.53735227806899,0.1207512655938835,12.339641423107286,0.3349103557768217,14716.653189526527,0.42916329738163184,6764.329527089618,0.8036079392413484
4929,8.428067214141633,0.6155928967453517,12.244385782705976,0.31109644567649375,14195.595627885696,0.29889890697142374,6707.887720940464,0.7565731007837198
4930,8.429451602897972,0.6163620016099844,14.876632315376003,0.969158078844001,14511.659444770876,0.3779148611927188,6370.475036925976,0.47539586410498036
4931,8.787153723686787,0.8150854020482156,11.171446274345769,0.04286156858644197,15144.032703299148,0.536008175824787,6084.994257076022,0.23749521423001818
4932,8.854043654343275,0.8522464746351536,13.627843532077836,0.6569608830194589,14661.014559511714,0.4152536398779283,6071.2612937530885,0.22605107812757386
4933,7.733440859775761,0.22968936654208927,12.391580589828024,0.3478951474570061,14110.90330164337,0.27772582541084234,6982.256841148609,0.9852140342905076
4934,8.260596670586853,0.5225537058815855,12.899803095926002,0.47495077398150043,15799.619342933596,0.699904835733399,5801.929822581702,0.00160818548475139
4935,8.959866941094965,0.9110371894972034,11.389473690097251,0.09736842252431266,13454.078782157347,0.11351969553933672,6022.190354344022,0.18515862862001842
4936,8.199653419324129,0.4886963440689609,12.977753436790474,0.4944383591976186,14120.69360619456,0.2801734015486398,6764.464148963038,0.8037201241358642
4937,7.711039337299241,0.2172440762773561,12.261462812337312,0.315365703084328,15575.783856308859,0.6439459640772148,6697.378928821486,0.7478157740179049
4938,7.957671574635145,0.35426198590841396,11.297003798357116,0.0742509495892788,16519.15307943518,0.8797882698587944,6017.00991634017,0.18084159695014201
4939,7.720114539891479,0.2222858554952658,13.823307145628402,0.7058267864071004,15643.388542488141,0.6608471356220352,6321.983154286733,0.434985961905611
4940,8.043682493929554,0.4020458299608629,12.174934596303375,0.2937336490758439,14550.690697881098,0.38767267447027476,5826.210316122016,0.021841930101680007
4941,8.654023896336884,0.7411243868538253,14.666688537850657,0.9166721344626643,13752.144552468599,0.18803613811714948,6032.890482651277,0.19407540220939778
4942,8.330015868070005,0.561119926705558,13.902221207684512,0.7255553019211283,16590.699101150567,0.8976747752876422,6770.660703210428,0.8088839193420235
4943,8.58942786299644,0.7052377016646889,11.740026907265069,0.18500672681626695,15800.03736028172,0.7000093400704303,5878.915014793104,0.06576251232758668
4944,7.571124138068973,0.13951341003831863,14.787085620760221,0.9467714051900552,16606.39732843672,0.90159933210918,6513.572423014588,0.5946436858454895
4945,7.541024354774112,0.12279130820783957,14.675044174809805,0.9187610437024516,14587.412361414885,0.3968530903537213,6960.604031244118,0.9671700260367656
4946,7.37068214693165,0.02815674829536119,13.845565256498231,0.7113913141245578,13400.64994189809,0.10016248547452211,6796.631122544801,0.8305259354540007
4947,7.361364426433813,0.0229802369076737,12.010672758027821,0.25266818950695524,15308.953560304552,0.5772383900761379,6130.257896793336,0.27521491399444675
4948,7.475401578039727,0.08633421002207053,14.896563520013908,0.974140880003477,13380.726028960977,0.09518150724024421,6990.640588568959,0.9922004904741325
4949,8.906055859407687,0.8811421441153813,12.868799312458913,0.46719982811472816,16487.018600824635,0.8717546502061583,6025.094385078182,0.18757865423181863
4950,7.852201899704538,0.2956677220580768,11.49543766675895,0.12385941668973743,13467.585469869971,0.11689636746749288,6519.845188064322,0.5998709900536021
4951,7.427246151026149,0.059581195014526966,14.907103285054461,0.9767758212636152,13677.29285354914,0.16932321338728484,6772.379386795035,0.810316155662529
4952,8.667006948225243,0.7483371934584686,13.933577963421486,0.7333944908553715,13907.417289926632,0.22685432248165815,6895.262965842891,0.9127191382024095
4953,7.452521092328395,0.07362282907133044,12.113227279377188,0.27830681984429695,14359.121410877973,0.3397803527194935,6224.675229687592,0.35389602473965975
4954,7.458457849136305,0.07692102729794714,14.422675817677165,0.8556689544192914,13038.298668616662,0.009574667154165661,6577.939180494488,0.6482826504120736
4955,9.018493821259437,0.9436076784774654,14.47615892286407,0.8690397307160174,15710.582942743164,0.6776457356857907,6893.085133436921,0.9109042778641006
4956,7.519864815574726,0.1110360086526253,11.112481918782194,0.02812047969554865,15299.294948830378,0.5748237372075948,6888.891611136436,0.9074096759470299
4957,8.576179230448824,0.6978773502493473,13.855179879239788,0.7137949698099469,14901.785607671301,0.4754464019178253,6872.68924271739,0.8939077022644912
4958,8.083600087206317,0.4242222706701767,11.496549603242766,0.12413740081069169,14732.37404000874,0.4330935100021852,6424.941073512293,0.520784227926911
4959,8.389419673439692,0.5941220407998292,14.392840765809634,0.8482101914524086,14119.421296311682,0.2798553240779206,6775.320550551233,0.8127671254593613
4960,7.559209398339291,0.13289411018849495,13.221399804312327,0.5553499510780816,14463.703379223536,0.3659258448058841,6690.281879852271,0.7419015665435598
4961,8.7289542579286,0.782752365515889,11.654175486634388,0.16354387165859718,16820.10542777746,0.9550263569443652,6400.53081905113,0.5004423492092748
4962,7.366083020694919,0.025601678163843955,12.38665390431178,0.3466634760779451,15435.103232803398,0.6087758082008498,6481.4129809270735,0.5678441507725612
4963,7.366053829704076,0.025585460946708882,13.557723623059493,0.6394309057648734,15333.501978413507,0.5833754946033768,6035.103078413689,0.1959192320114077
4964,7.464528569584802,0.0802936497693344,13.803610118611733,0.7009025296529332,13876.938104450026,0.21923452611250638,5962.870266962707,0.1357252224689226
4965,7.907122316525314,0.3261790647362852,13.048974944329412,0.5122437360823529,16592.100185690513,0.898025046422628,6716.05735106333,0.7633811258861085
4966,8.674626934296025,0.7525705190533473,12.183741689497925,0.295935422374481,15038.97239439272,0.5097430985981801,6859.209080873419,0.8826742340611823
4967,7.5788452552651675,0.14380291959175973,14.423044505671879,0.8557611264179694,15775.003790245737,0.6937509475614344,6236.6001128582075,0.36383342738183966
4968,7.59448565775776,0.15249203208764417,11.115650104622691,0.02891252615567297,16420.554828362787,0.8551387070906967,6085.697313922597,0.238081094935497
4969,8.840131816795212,0.8445176759973402,14.68996761172372,0.92249190293093,14081.027943491368,0.2702569858728422,6117.399746718422,0.2644997889320184
4970,7.937138583127021,0.34285476840390094,12.446395244868667,0.36159881121716675,13873.39277678744,0.21834819419686002,6658.255290384573,0.7152127419871436
4971,7.7632255565605774,0.24623642031143178,13.85776188877903,0.7144404721947577,15979.600289576621,0.7449000723941553,6275.0480439416115,0.39587336995134315
4972,8.758568208161066,0.7992045600894815,11.061954514126395,0.015488628531598603,16480.14394457257,0.8700359861431426,6455.669419829321,0.5463911831911009
4973,8.258996130476902,0.5216645169316126,14.660919669701478,0.9152299174253695,16442.86776129705,0.8607169403242624,6631.810881515034,0.693175734595862
4974,8.285978060561321,0.5366544780896234,11.262977285149784,0.0657443212874459,16128.934284216588,0.7822335710541469,6053.297094859616,0.2110809123830132
4975,8.558909905608555,0.688283280893642,11.556955815454304,0.13923895386357588,13364.548724318238,0.09113718107955937,6106.566180545915,0.25547181712159595
4976,8.983023078028294,0.9239017100157195,12.307468002075012,0.32686700051875317,16724.841067092933,0.9312102667732334,6857.32404831046,0.8811033735920504
4977,8.656131269827466,0.742295149904148,12.825440785558197,0.45636019638954906,15611.197244102776,0.6527993110256938,6977.562849132009,0.9813023742766747
4978,7.602983340170559,0.15721296676142194,12.305346730617778,0.3263366826544446,16704.248604083772,0.9260621510209432,6231.071423175037,0.359226185979198
4979,8.668482573923155,0.7491569855128647,13.65126966904406,0.662817417261015,16761.395267992102,0.9403488169980255,6406.966182823245,0.505805152352704
4980,7.4057246465909214,0.04762480366162303,13.028965666768844,0.5072414166922112,14942.234207350019,0.48555855183750474,6296.436533862836,0.4136971115523632
4981,7.6516894993074205,0.18427194405967795,11.553892890352488,0.1384732225881219,13377.342468455949,0.09433561711398708,6132.068357661442,0.2767236313845347
4982,8.292056834571898,0.5400315747621655,12.122349963284512,0.2805874908211279,14997.367227824509,0.49934180695612695,5974.784917861158,0.14565409821763153
4983,7.378064710678042,0.03225817259891217,11.719801342803944,0.17995033570098617,16080.025788732935,0.7700064471832339,6079.447376468977,0.23287281372414748
4984,7.979101806268147,0.36616767014897056,12.155744477452217,0.28893611936305397,13956.278480240662,0.23906962006016552,6764.7293296235775,0.8039411080196477
4985,7.940806006735703,0.3448922259642796,11.60951980838671,0.15237995209667743,15303.908758260617,0.5759771895651542,6221.09773626646,0.3509147802220499
4986,7.643461488788255,0.1797008271045858,11.824696769269703,0.20617419231742562,14010.027531287997,0.2525068828219994,6600.468395032158,0.6670569958601319
4987,7.687655635323848,0.20425313073547102,13.210520660851255,0.5526301652128138,13777.398357058246,0.19434958926456158,6808.077711022996,0.8400647591858296
4988,8.16938179142964,0.47187877301646697,11.906967035291233,0.22674175882280823,15656.143300571466,0.6640358251428665,6370.083214178195,0.4750693451484955
4989,7.821656122123556,0.2786978456241974,14.380953294621042,0.8452383236552606,16339.25564170416,0.8348139104260398,5943.976216700149,0.11998018058345739
4990,9.016232195240649,0.9423512195781384,11.552468587242823,0.13811714681070575,16309.196852465455,0.8272992131163639,6972.549759478467,0.9771247995653894
4991,8.623228933384878,0.7240160741027102,11.089293847989268,0.022323461997317162,14811.461896143397,0.4528654740358494,6241.395691704,0.36782974308666594
4992,8.606086356298198,0.7144924201656658,13.260405251297026,0.5651013128242567,16820.781575562276,0.9551953938905688,6426.191492741689,0.5218262439514075
4993,7.578895068010085,0.14383059333893589,12.364578469521167,0.3411446173802919,14946.707938280168,0.48667698457004194,6569.936760207759,0.641613966839799
4994,8.948386328333836,0.9046590712965757,12.102741327862704,0.275685331965676,14646.514621022097,0.4116286552555244,6707.116371519399,0.7559303095994993
4995,8.914500018410196,0.8858333435612207,14.415817834846028,0.8539544587115069,13950.267811309812,0.23756695282745277,6147.094807833852,0.2892456731948774
4996,8.337033033589721,0.5650183519942897,13.491846270031665,0.6229615675079164,16503.30757035068,0.8758268925876698,6463.234755350163,0.5526956294584691
4997,8.673489118204621,0.7519383990025679,13.746346608233988,0.686586652058497,15434.244773713004,0.6085611934282512,6225.758053926494,0.35479837827207794
4998,8.245833738235776,0.514352076797653,11.409318015794453,0.10232950394861307,13039.234305242893,0.009808576310723294,6220.253106814424,0.3502109223453538
4999,7.490694412713363,0.09483022928520124,11.050668985407897,0.01266724635197447,13603.897687945991,0.1509744219864978,6718.3473512812925,0.765289459401077
