index,log_lsun,log_lsun_u,t_exp,t_exp_u,v_start,v_start_u,t_inner,t_inner_u
0,8.17752478716403,0.07100991486561214,13.43633428898482,0.6090835722462051,6473.5373313703385,0.8419216642129232,12686.33809162422,0.22158452290605513
1,10.111684913123586,0.8446739652494343,13.637504582500327,0.6593761456250816,6221.3822270273795,0.5267277837842249,14169.055084852065,0.5922637712130165
2,8.495474345040043,0.1981897380160167,13.234812952164038,0.5587032380410096,6177.405244433484,0.47175655554185514,13386.549247854411,0.39663731196360275