index,log_lsun,t_exp,v_start,t_inner
0,9.57752478716403,13.43633428898482,8473.5373313703385,17686.33809162422