wavelength,flux,fluxerr
3293.8061566377246,4.267821328993195e-15,-3.6246788220435314e-19
3296.0822662411565,4.289496176090667e-15,-3.6246788220435314e-19
3298.35738104144,3.900483928775389e-15,-3.6246788220435314e-19
3300.633490644872,4.227437281107194e-15,-3.6246788220435314e-19
3302.908605445155,4.086697226643201e-15,-3.6246788220435314e-19
3305.1847150485864,4.134953051768993e-15,-3.6246788220435314e-19
3307.4598298488695,4.312196184875182e-15,-3.6246788220435314e-19
3309.7359394523014,4.34445216509963e-15,-3.6246788220435314e-19
3312.011054252585,4.388534117642463e-15,-3.6246788220435314e-19
3314.287163856017,5.198814592497466e-15,-3.6246788220435314e-19
3316.5632734594483,4.396735411138803e-15,-3.6246788220435314e-19
3318.8383882597313,4.68707584607623e-15,-3.6246788220435314e-19
3321.1144978631633,4.3677745934798496e-15,-3.6246788220435314e-19
3323.3896126634468,4.864758334191152e-15,-3.6246788220435314e-19
3325.665722266878,5.0760880933915074e-15,-3.6246788220435314e-19
3327.9408370671617,5.210933468155006e-15,-3.6246788220435314e-19
3330.216946670593,4.3110245715185615e-15,-3.6246788220435314e-19
3332.493056274025,5.068875348664815e-15,-3.6246788220435314e-19
3334.768171074308,5.626709758085575e-15,-3.6246788220435314e-19
3337.0442806777396,5.448551302044527e-15,-3.6246788220435314e-19
3339.319395478023,4.569182252066329e-15,-3.6246788220435314e-19
3341.595505081455,4.4976406114777125e-15,-3.6246788220435314e-19
3343.870619881738,5.052912116680866e-15,-3.6246788220435314e-19
3346.14672948517,5.325824802938568e-15,-3.6246788220435314e-19
3348.4228390886014,4.8465251013287506e-15,-3.6246788220435314e-19
3350.697953888885,4.405852027570004e-15,-3.6246788220435314e-19
3352.9740634923164,4.147035314509138e-15,-3.6246788220435314e-19
3355.2491782926,4.522757072810256e-15,-3.6246788220435314e-19
3357.5252878960314,4.086111419964891e-15,-3.6246788220435314e-19
3359.8004026963144,4.585108871132884e-15,-3.6246788220435314e-19
3362.0765122997464,4.671551969101013e-15,-3.6246788220435314e-19
3364.3526219031783,4.974670312209078e-15,-3.6246788220435314e-19
3366.627736703462,5.000702096476481e-15,-3.6246788220435314e-19
3368.9038463068932,4.332772644450823e-15,-3.6246788220435314e-19
3371.1789611071763,4.740164576298079e-15,-3.6246788220435314e-19
3373.455070710608,4.7875783043238e-15,-3.6246788220435314e-19
3375.7301855108913,4.976208054739641e-15,-3.6246788220435314e-19
3378.0062951143227,5.11339665621638e-15,-3.6246788220435314e-19
3380.2814099146067,4.9155770635345495e-15,-3.6246788220435314e-19
3382.557519518038,5.0698638974344634e-15,-3.6246788220435314e-19
3384.83362912147,4.837847839906283e-15,-3.6246788220435314e-19
3387.108743921753,5.174869744521542e-15,-3.6246788220435314e-19
3389.3848535251846,5.1043532656199686e-15,-3.6246788220435314e-19
3391.659968325468,5.396194830170564e-15,-3.6246788220435314e-19
3393.9360779289,5.266694941346645e-15,-3.6246788220435314e-19
3396.211192729183,4.7001100446686285e-15,-3.6246788220435314e-19
3398.487302332615,4.3631613658881574e-15,-3.6246788220435314e-19
3400.7634119360464,5.048335502006568e-15,-3.6246788220435314e-19
3403.0385267363295,4.8312575147752945e-15,-3.6246788220435314e-19
3405.3146363397614,5.163116998037947e-15,-3.6246788220435314e-19
3407.589751140045,5.0006654835590865e-15,-3.6246788220435314e-19
3409.8658607434763,4.6530624458168515e-15,-3.6246788220435314e-19
3412.14097554376,4.974377408869923e-15,-3.6246788220435314e-19
3414.4170851471913,5.0963350367105995e-15,-3.6246788220435314e-19
3416.693194750623,5.241029286253185e-15,-3.6246788220435314e-19
3418.9683095509067,4.8840533416579895e-15,-3.6246788220435314e-19
3421.244419154338,5.281303495387003e-15,-3.6246788220435314e-19
3423.5195339546212,5.6279912101943784e-15,-3.6246788220435314e-19
3425.795643558053,5.644430410104455e-15,-3.6246788220435314e-19
3428.070758358336,5.044454532762764e-15,-3.6246788220435314e-19
3430.346867961768,4.663899869365588e-15,-3.6246788220435314e-19
3432.6229775651996,5.053754213780937e-15,-3.6246788220435314e-19
3434.898092365483,5.104499717289546e-15,-3.6246788220435314e-19
3437.174201968915,5.2698070393251674e-15,-3.6246788220435314e-19
3439.449316769198,5.3814764373780235e-15,-3.6246788220435314e-19
3441.7254263726295,5.62674637100297e-15,-3.6246788220435314e-19
3444.0005411729135,4.982175960274925e-15,-3.6246788220435314e-19
3446.276650776345,5.259811712876502e-15,-3.6246788220435314e-19
3448.551765576628,5.546527468991885e-15,-3.6246788220435314e-19
3450.82787518006,5.4777684101252405e-15,-3.6246788220435314e-19
3453.1039847834913,5.441448396070017e-15,-3.6246788220435314e-19
3455.3790995837744,5.281816076230524e-15,-3.6246788220435314e-19
3457.6552091872063,5.688841878903836e-15,-3.6246788220435314e-19
3459.93032398749,5.448880818301075e-15,-3.6246788220435314e-19
3462.2064335909217,5.06623921861242e-15,-3.6246788220435314e-19
3464.481548391205,5.269001555142491e-15,-3.6246788220435314e-19
3466.7576579946362,5.039182272657973e-15,-3.6246788220435314e-19
3469.033767598068,5.7769325581547125e-15,-3.6246788220435314e-19
3471.3088823983517,5.650837670648471e-15,-3.6246788220435314e-19
3473.584992001783,5.056060827576782e-15,-3.6246788220435314e-19
3475.860106802066,4.935604329349275e-15,-3.6246788220435314e-19
3478.136216405498,4.591040163750773e-15,-3.6246788220435314e-19
3480.411331205781,5.131520050326597e-15,-3.6246788220435314e-19
3482.687440809213,5.292031080183555e-15,-3.6246788220435314e-19
3484.9635504126445,5.3935953130355636e-15,-3.6246788220435314e-19
3487.238665212928,5.113433269133774e-15,-3.6246788220435314e-19
3489.51477481636,4.606271137386835e-15,-3.6246788220435314e-19
3491.789889616643,5.13137359865702e-15,-3.6246788220435314e-19
3494.0659992200744,5.4149406438764864e-15,-3.6246788220435314e-19
3496.3411140203584,5.4801848626732695e-15,-3.6246788220435314e-19
3498.6172236237894,4.762022487982524e-15,-3.6246788220435314e-19
3500.8933332272213,4.595616778425071e-15,-3.6246788220435314e-19
3503.168448027505,4.973279021348091e-15,-3.6246788220435314e-19
3505.4445576309363,5.073891318347845e-15,-3.6246788220435314e-19
3507.7196724312194,5.3956090234922544e-15,-3.6246788220435314e-19
3509.9957820346513,5.712859952714549e-15,-3.6246788220435314e-19
3512.270896834935,5.872821788810591e-15,-3.6246788220435314e-19
3514.5470064383667,5.4539334009015e-15,-3.6246788220435314e-19
3516.8221212386497,5.746470610882589e-15,-3.6246788220435314e-19
3519.098230842081,5.513722295006521e-15,-3.6246788220435314e-19
3521.374340445513,5.4197735489725444e-15,-3.6246788220435314e-19
3523.649455245796,5.082495353935524e-15,-3.6246788220435314e-19
3525.9255648492276,5.2671709092727726e-15,-3.6246788220435314e-19
3528.2006796495116,4.987118704123167e-15,-3.6246788220435314e-19
3530.476789252943,5.105634717728772e-15,-3.6246788220435314e-19
3532.751904053226,5.315719637737719e-15,-3.6246788220435314e-19
3535.028013656658,5.097286972562853e-15,-3.6246788220435314e-19
3537.3041232600895,5.884574535294187e-15,-3.6246788220435314e-19
3539.579238060373,5.892519538368767e-15,-3.6246788220435314e-19
3541.855347663805,5.202036529228172e-15,-3.6246788220435314e-19
3544.130462464088,5.280973979130453e-15,-3.6246788220435314e-19
3546.40657206752,5.8495725862651606e-15,-3.6246788220435314e-19
3548.681686867803,5.6789930041247484e-15,-3.6246788220435314e-19
3550.9577964712344,5.6056207176664126e-15,-3.6246788220435314e-19
3553.2339060746663,5.540522950539207e-15,-3.6246788220435314e-19
3555.50902087495,5.461695339389108e-15,-3.6246788220435314e-19
3557.7851304783812,5.0374248526230434e-15,-3.6246788220435314e-19
3560.0602452786648,4.772310717770344e-15,-3.6246788220435314e-19
3562.336354882096,5.338456259439628e-15,-3.6246788220435314e-19
3564.6114696823797,5.315170443976803e-15,-3.6246788220435314e-19
3566.8875792858116,5.3738609505599926e-15,-3.6246788220435314e-19
3569.163688889243,6.2062190146038075e-15,-3.6246788220435314e-19
3571.438803689526,5.69748252740891e-15,-3.6246788220435314e-19
3573.714913292958,5.350392070510196e-15,-3.6246788220435314e-19
3575.990028093241,5.596101359143874e-15,-3.6246788220435314e-19
3578.266137696673,5.427828390799308e-15,-3.6246788220435314e-19
3580.5412524969565,5.132471986178852e-15,-3.6246788220435314e-19
3582.817362100388,5.218585567890431e-15,-3.6246788220435314e-19
3585.092476900671,5.12460020893906e-15,-3.6246788220435314e-19
3587.368586504103,5.399489992736058e-15,-3.6246788220435314e-19
3589.6446961075344,5.646077991387202e-15,-3.6246788220435314e-19
3591.919810907818,4.770809588157174e-15,-3.6246788220435314e-19
3594.19592051125,4.979832733561685e-15,-3.6246788220435314e-19
3596.471035311533,5.852501619656711e-15,-3.6246788220435314e-19
3598.747144914965,5.815156443914444e-15,-3.6246788220435314e-19
3601.022259715248,5.1277489198349766e-15,-3.6246788220435314e-19
3603.2983693186793,5.1436389259841374e-15,-3.6246788220435314e-19
3605.574478922111,6.144489635876884e-15,-3.6246788220435314e-19
3607.8495937223947,5.92506842193237e-15,-3.6246788220435314e-19
3610.125703325826,5.174467002430204e-15,-3.6246788220435314e-19
3612.4008181261097,5.890359376242499e-15,-3.6246788220435314e-19
3614.676927729541,5.843897584069032e-15,-3.6246788220435314e-19
3616.9520425298247,6.107473976391167e-15,-3.6246788220435314e-19
3619.2281521332566,5.720402213697791e-15,-3.6246788220435314e-19
3621.5042617366876,5.591158615295633e-15,-3.6246788220435314e-19
3623.779376536971,5.171098614029921e-15,-3.6246788220435314e-19
3626.055486140403,5.465356631128546e-15,-3.6246788220435314e-19
3628.330600940686,5.126540693560962e-15,-3.6246788220435314e-19
3630.606710544118,5.955054401278367e-15,-3.6246788220435314e-19
3632.8818253444015,5.6286136297900824e-15,-3.6246788220435314e-19
3635.157934947833,5.195006849088451e-15,-3.6246788220435314e-19
3637.434044551265,5.317916412781382e-15,-3.6246788220435314e-19
3639.709159351548,5.072939382495591e-15,-3.6246788220435314e-19
3641.9852689549793,4.80614105344275e-15,-3.6246788220435314e-19
3644.260383755263,5.049763405784949e-15,-3.6246788220435314e-19
3646.5364933586943,5.6052179755750744e-15,-3.6246788220435314e-19
3648.811608158978,5.604046362218454e-15,-3.6246788220435314e-19
3651.0877177624097,5.2736513956515776e-15,-3.6246788220435314e-19
3653.362832562693,5.1196208521734246e-15,-3.6246788220435314e-19
3655.6389421661243,5.153524413680619e-15,-3.6246788220435314e-19
3657.915051769556,5.617483302902192e-15,-3.6246788220435314e-19
3660.1901665698397,5.404286284914722e-15,-3.6246788220435314e-19
3662.4662761732716,5.2419812221054396e-15,-3.6246788220435314e-19
3664.7413909735546,4.857692041134036e-15,-3.6246788220435314e-19
3667.017500576986,5.453310981305795e-15,-3.6246788220435314e-19
3669.292615377269,5.702132367917996e-15,-3.6246788220435314e-19
3671.568724980701,5.170805710690766e-15,-3.6246788220435314e-19
3673.8448345841325,5.5224361693463835e-15,-3.6246788220435314e-19
3676.1199493844165,5.892849054625317e-15,-3.6246788220435314e-19
3678.396058987848,6.1340915673368805e-15,-3.6246788220435314e-19
3680.671173788131,5.566481508971821e-15,-3.6246788220435314e-19
3682.947283391563,5.636485407029874e-15,-3.6246788220435314e-19
3685.2223981918464,5.9313658437242036e-15,-3.6246788220435314e-19
3687.498507795278,5.70158317415708e-15,-3.6246788220435314e-19
3689.77461739871,6.064819927626716e-15,-3.6246788220435314e-19
3692.049732198993,6.065552185974603e-15,-3.6246788220435314e-19
3694.3258418024247,6.1404622149635025e-15,-3.6246788220435314e-19
3696.600956602708,5.949379399082238e-15,-3.6246788220435314e-19
3698.8770662061393,6.329787610809837e-15,-3.6246788220435314e-19
3701.152181006423,5.789417562986196e-15,-3.6246788220435314e-19
3703.4282906098547,6.11878736786603e-15,-3.6246788220435314e-19
3705.704400213286,6.535515593648853e-15,-3.6246788220435314e-19
3707.979515013569,6.2279670875360685e-15,-3.6246788220435314e-19
3710.255624617001,6.023374105136278e-15,-3.6246788220435314e-19
3712.5307394172846,6.05951105460453e-15,-3.6246788220435314e-19
3714.8068490207165,6.246310159150653e-15,-3.6246788220435314e-19
3717.0819638209996,6.187692878402252e-15,-3.6246788220435314e-19
3719.358073424431,6.591313679757887e-15,-3.6246788220435314e-19
3721.633188224714,6.863018139741574e-15,-3.6246788220435314e-19
3723.909297828146,6.552613826072028e-15,-3.6246788220435314e-19
3726.1854074315775,6.69199920259243e-15,-3.6246788220435314e-19
3728.4605222318614,6.276186299744466e-15,-3.6246788220435314e-19
3730.736631835293,6.602773522902327e-15,-3.6246788220435314e-19
3733.011746635576,6.295774210550459e-15,-3.6246788220435314e-19
3735.287856239008,6.465731373095167e-15,-3.6246788220435314e-19
3737.5629710392914,7.225046666937195e-15,-3.6246788220435314e-19
3739.839080642723,6.341760034797799e-15,-3.6246788220435314e-19
3742.1151902461547,6.014879908300782e-15,-3.6246788220435314e-19
3744.390305046438,6.120691239570538e-15,-3.6246788220435314e-19
3746.6664146498697,6.705619207863139e-15,-3.6246788220435314e-19
3748.9415294501528,6.472504762813127e-15,-3.6246788220435314e-19
3751.217639053584,6.3171195413913815e-15,-3.6246788220435314e-19
3753.4927538538677,5.991081511994436e-15,-3.6246788220435314e-19
3755.7688634572996,5.878277113502354e-15,-3.6246788220435314e-19
3758.044973060731,5.8805837272981994e-15,-3.6246788220435314e-19
3760.3200878610146,5.832730644263746e-15,-3.6246788220435314e-19
3762.596197464446,5.956592143808931e-15,-3.6246788220435314e-19
3764.8713122647296,5.188599588544435e-15,-3.6246788220435314e-19
3767.1474218681615,5.459901306436784e-15,-3.6246788220435314e-19
3769.4225366684445,5.656476059927205e-15,-3.6246788220435314e-19
3771.698646271876,5.723770602098074e-15,-3.6246788220435314e-19
3773.9737610721595,5.722415924154482e-15,-3.6246788220435314e-19
3776.249870675591,5.478207765133973e-15,-3.6246788220435314e-19
3778.525980279023,4.971082246304429e-15,-3.6246788220435314e-19
3780.8010950793064,4.969947245865203e-15,-3.6246788220435314e-19
3783.077204682738,5.099044392597783e-15,-3.6246788220435314e-19
3785.352319483021,5.207528466837329e-15,-3.6246788220435314e-19
3787.628429086453,5.592623131991408e-15,-3.6246788220435314e-19
3789.9035438867363,4.900272864063699e-15,-3.6246788220435314e-19
3792.1796534901678,4.715707147478634e-15,-3.6246788220435314e-19
3794.455763093599,5.063163733551292e-15,-3.6246788220435314e-19
3796.7308778938827,5.242640254618538e-15,-3.6246788220435314e-19
3799.0069874973146,5.073415350421718e-15,-3.6246788220435314e-19
3801.2821022975977,5.5210082655680024e-15,-3.6246788220435314e-19
3803.558211901029,5.1707324848559775e-15,-3.6246788220435314e-19
3805.8333267013127,4.5551228917868875e-15,-3.6246788220435314e-19
3808.1094363047446,4.889545279267146e-15,-3.6246788220435314e-19
3810.385545908176,5.08037180472665e-15,-3.6246788220435314e-19
3812.6606607084595,4.6725405178706616e-15,-3.6246788220435314e-19
3814.936770311891,5.237697510770297e-15,-3.6246788220435314e-19
3817.211885112174,4.699890367164263e-15,-3.6246788220435314e-19
3819.487994715606,4.934066586818711e-15,-3.6246788220435314e-19
3821.7631095158895,4.735514735788993e-15,-3.6246788220435314e-19
3824.039219119321,4.620037594327122e-15,-3.6246788220435314e-19
3826.315328722753,4.3816142762549245e-15,-3.6246788220435314e-19
3828.590443523036,4.580678708128164e-15,-3.6246788220435314e-19
3830.866553126468,4.231208411598816e-15,-3.6246788220435314e-19
3833.1416679267513,4.958487402720762e-15,-3.6246788220435314e-19
3835.417777530183,4.719844407144199e-15,-3.6246788220435314e-19
3837.692892330466,3.9751010544251334e-15,-3.6246788220435314e-19
3839.9690019338977,4.153369349218366e-15,-3.6246788220435314e-19
3842.244116734181,4.2750340737198874e-15,-3.6246788220435314e-19
3844.5202263376127,4.426062357971701e-15,-3.6246788220435314e-19
3846.796335941044,4.2502471286438926e-15,-3.6246788220435314e-19
3849.0714507413277,4.425110422119447e-15,-3.6246788220435314e-19
3851.3475603447596,4.754809743255831e-15,-3.6246788220435314e-19
3853.6226751450426,4.71241198491314e-15,-3.6246788220435314e-19
3855.898784748474,4.273349879519746e-15,-3.6246788220435314e-19
3858.173899548758,4.85571494359474e-15,-3.6246788220435314e-19
3860.4500091521895,4.6597992226174175e-15,-3.6246788220435314e-19
3862.7261187556214,5.239345092053044e-15,-3.6246788220435314e-19
3865.0012335559045,4.99400193259331e-15,-3.6246788220435314e-19
3867.277343159336,5.070046962021435e-15,-3.6246788220435314e-19
3869.552457959619,4.365321528014426e-15,-3.6246788220435314e-19
3871.828567563051,4.879110597809748e-15,-3.6246788220435314e-19
3874.1036823633344,5.486335832795526e-15,-3.6246788220435314e-19
3876.3797919667663,5.307371892571801e-15,-3.6246788220435314e-19
3878.655901570198,5.1601879646463966e-15,-3.6246788220435314e-19
3880.931016370481,5.370236271737949e-15,-3.6246788220435314e-19
3883.2071259739128,5.256406711558825e-15,-3.6246788220435314e-19
3885.4822407741963,5.3887257950221105e-15,-3.6246788220435314e-19
3887.7583503776277,6.04980863149502e-15,-3.6246788220435314e-19
3890.0334651779112,6.021360394679587e-15,-3.6246788220435314e-19
3892.3095747813427,6.483635089701018e-15,-3.6246788220435314e-19
3894.5856843847746,6.349302295781041e-15,-3.6246788220435314e-19
3896.8607991850577,6.4187570000781784e-15,-3.6246788220435314e-19
3899.136908788489,6.402024896828947e-15,-3.6246788220435314e-19
3901.4120235887726,7.052636438927063e-15,-3.6246788220435314e-19
3903.6881331922045,7.21380650129712e-15,-3.6246788220435314e-19
3905.9632479924876,6.804620536497539e-15,-3.6246788220435314e-19
3908.2393575959195,6.586956742587956e-15,-3.6246788220435314e-19
3910.514472396203,6.882935566804117e-15,-3.6246788220435314e-19
3912.7905819996345,6.826368609429801e-15,-3.6246788220435314e-19
3915.066691603066,6.8320069987085354e-15,-3.6246788220435314e-19
3917.3418064033494,7.543725499937871e-15,-3.6246788220435314e-19
3919.617916006781,7.563313410743864e-15,-3.6246788220435314e-19
3921.893030807064,7.356340588713438e-15,-3.6246788220435314e-19
3924.169140410496,7.99219712510162e-15,-3.6246788220435314e-19
3926.4442552107794,7.588759388332957e-15,-3.6246788220435314e-19
3928.7203648142113,6.761087777715623e-15,-3.6246788220435314e-19
3930.9964744176427,7.217357954284375e-15,-3.6246788220435314e-19
3933.271589217926,6.725316957421315e-15,-3.6246788220435314e-19
3935.5476988213577,6.787375852404787e-15,-3.6246788220435314e-19
3937.8228136216408,7.514069036848424e-15,-3.6246788220435314e-19
3940.098923225072,7.429200294328253e-15,-3.6246788220435314e-19
3942.374038025356,7.190923427925633e-15,-3.6246788220435314e-19
3944.6501476287876,7.056846924427417e-15,-3.6246788220435314e-19
3946.9262572322195,6.981534153347179e-15,-3.6246788220435314e-19
3949.2013720325026,6.724877602412582e-15,-3.6246788220435314e-19
3951.477481635934,6.491653318610387e-15,-3.6246788220435314e-19
3953.7525964362176,6.991016898952324e-15,-3.6246788220435314e-19
3956.0287060396495,7.144534861586955e-15,-3.6246788220435314e-19
3958.3038208399325,7.239435543473186e-15,-3.6246788220435314e-19
3960.5799304433644,6.510289293564126e-15,-3.6246788220435314e-19
3962.856040046796,6.6787453264956645e-15,-3.6246788220435314e-19
3965.131154847079,6.70345904573687e-15,-3.6246788220435314e-19
3967.407264450511,6.76657971532478e-15,-3.6246788220435314e-19
3969.6823792507944,6.531012204809344e-15,-3.6246788220435314e-19
3971.958488854226,6.565062217986117e-15,-3.6246788220435314e-19
3974.2336036545094,5.989177640289928e-15,-3.6246788220435314e-19
3976.509713257941,6.213285307660923e-15,-3.6246788220435314e-19
3978.7848280582243,6.1905852988764076e-15,-3.6246788220435314e-19
3981.060937661656,6.305989214503491e-15,-3.6246788220435314e-19
3983.3370472650877,6.421978936808884e-15,-3.6246788220435314e-19
3985.6121620653707,5.716484631536592e-15,-3.6246788220435314e-19
3987.8882716688026,5.933562618767866e-15,-3.6246788220435314e-19
3990.1633864690857,5.717436567388847e-15,-3.6246788220435314e-19
3992.4394960725176,5.985772638972251e-15,-3.6246788220435314e-19
3994.714610872801,5.711724952275323e-15,-3.6246788220435314e-19
3996.9907204762326,5.758735938209706e-15,-3.6246788220435314e-19
3999.2668300796645,5.583543128477602e-15,-3.6246788220435314e-19
4001.5419448799476,5.782570947433447e-15,-3.6246788220435314e-19
4003.818054483379,5.388323052930772e-15,-3.6246788220435314e-19
4006.093169283663,5.656549285761994e-15,-3.6246788220435314e-19
4008.3692788870944,5.987749736511547e-15,-3.6246788220435314e-19
4010.6443936873775,5.849243070008611e-15,-3.6246788220435314e-19
4012.9205032908094,5.765436102092877e-15,-3.6246788220435314e-19
4015.196612894241,5.7526581939222395e-15,-3.6246788220435314e-19
4017.471727694524,6.161624481217454e-15,-3.6246788220435314e-19
4019.747837297956,6.226539183757688e-15,-3.6246788220435314e-19
4022.0229520982393,6.194393042285423e-15,-3.6246788220435314e-19
4024.2990617016712,6.541300434597165e-15,-3.6246788220435314e-19
4026.5741765019543,5.9752281187626695e-15,-3.6246788220435314e-19
4028.8502861053857,6.320268252287298e-15,-3.6246788220435314e-19
4031.1263957088177,6.425567002713533e-15,-3.6246788220435314e-19
4033.401510509101,6.228772571718745e-15,-3.6246788220435314e-19
4035.6776201125326,6.812016345811204e-15,-3.6246788220435314e-19
4037.9527349128157,7.158960351040341e-15,-3.6246788220435314e-19
4040.2288445162476,7.100306457374545e-15,-3.6246788220435314e-19
4042.5039593165307,6.83848748508734e-15,-3.6246788220435314e-19
4044.7800689199626,6.6105720743073305e-15,-3.6246788220435314e-19
4047.055183720246,6.421356517213179e-15,-3.6246788220435314e-19
4049.3312933236775,6.734177283430754e-15,-3.6246788220435314e-19
4051.6074029271094,6.97911770079915e-15,-3.6246788220435314e-19
4053.8825177273925,6.840684260131003e-15,-3.6246788220435314e-19
4056.158627330824,6.9574062407842834e-15,-3.6246788220435314e-19
4058.433742131108,6.3397829372585026e-15,-3.6246788220435314e-19
4060.709851734539,6.559021086616044e-15,-3.6246788220435314e-19
4062.9849665348224,6.5427649512929404e-15,-3.6246788220435314e-19
4065.2610761382543,6.897068152918347e-15,-3.6246788220435314e-19
4067.537185741686,7.0043440008838774e-15,-3.6246788220435314e-19
4069.812300541969,7.308414279844196e-15,-3.6246788220435314e-19
4072.0884101454008,6.4598366933946715e-15,-3.6246788220435314e-19
4074.3635249456843,6.56282883002506e-15,-3.6246788220435314e-19
4076.6396345491157,6.8325195795520565e-15,-3.6246788220435314e-19
4078.9147493493992,6.5292913976918086e-15,-3.6246788220435314e-19
4081.190858952831,7.198392463074086e-15,-3.6246788220435314e-19
4083.4669685562626,7.122457272398145e-15,-3.6246788220435314e-19
4085.742083356546,7.641189086041707e-15,-3.6246788220435314e-19
4088.018192959977,6.895164281213839e-15,-3.6246788220435314e-19
4090.293307760261,7.140836956930123e-15,-3.6246788220435314e-19
4092.569417363692,7.242327963947342e-15,-3.6246788220435314e-19
4094.8445321639756,6.8512287803405845e-15,-3.6246788220435314e-19
4097.1206417674075,7.0431536933219195e-15,-3.6246788220435314e-19
4099.396751370839,6.772694072529641e-15,-3.6246788220435314e-19
4101.671866171123,6.715687760146593e-15,-3.6246788220435314e-19
4103.947975774554,6.825672963999308e-15,-3.6246788220435314e-19
4106.223090574837,6.9325460698735e-15,-3.6246788220435314e-19
4108.499200178269,6.205999337099441e-15,-3.6246788220435314e-19
4110.774314978552,6.841489744313679e-15,-3.6246788220435314e-19
4113.050424581985,6.9004365413186295e-15,-3.6246788220435314e-19
4115.325539382267,6.626059338365152e-15,-3.6246788220435314e-19
4117.601648985699,6.0898265502070764e-15,-3.6246788220435314e-19
4119.87775858913,6.688850491696513e-15,-3.6246788220435314e-19
4122.152873389414,6.888757020669823e-15,-3.6246788220435314e-19
4124.428982992847,6.5147926824036345e-15,-3.6246788220435314e-19
4126.704097793129,6.403928768533455e-15,-3.6246788220435314e-19
4128.980207396561,6.484440573883694e-15,-3.6246788220435314e-19
4131.255322196845,6.5708836718518235e-15,-3.6246788220435314e-19
4133.531431800276,5.945059074829701e-15,-3.6246788220435314e-19
4135.807541403707,6.140681892467869e-15,-3.6246788220435314e-19
4138.08265620399,6.083382676745666e-15,-3.6246788220435314e-19
4140.358765807423,5.321687543273002e-15,-3.6246788220435314e-19
4142.633880607706,5.625794435150715e-15,-3.6246788220435314e-19
4144.9099902111375,6.05039443817333e-15,-3.6246788220435314e-19
4147.185105011421,6.0117311974048655e-15,-3.6246788220435314e-19
4149.461214614852,6.443763622658539e-15,-3.6246788220435314e-19
4151.737324218285,6.31283583005624e-15,-3.6246788220435314e-19
4154.012439018567,6.689472911292217e-15,-3.6246788220435314e-19
4156.288548621999,6.260076616090939e-15,-3.6246788220435314e-19
4158.563663422282,5.6980683340872195e-15,-3.6246788220435314e-19
4160.839773025714,6.0734239632143945e-15,-3.6246788220435314e-19
4163.114887825997,5.851842587143612e-15,-3.6246788220435314e-19
4165.390997429429,6.0061294210435255e-15,-3.6246788220435314e-19
4167.666112229713,6.257001131029811e-15,-3.6246788220435314e-19
4169.942221833144,6.203582884551412e-15,-3.6246788220435314e-19
4172.218331436576,6.104105587990884e-15,-3.6246788220435314e-19
4174.493446236859,5.617080560810854e-15,-3.6246788220435314e-19
4176.769555840291,5.705390917566096e-15,-3.6246788220435314e-19
4179.044670640575,5.604778620566342e-15,-3.6246788220435314e-19
4181.320780244006,5.471837117507352e-15,-3.6246788220435314e-19
4183.595895044289,5.3708220784162596e-15,-3.6246788220435314e-19
4185.87200464772,5.451773238775232e-15,-3.6246788220435314e-19
4188.148114251152,5.658672834970868e-15,-3.6246788220435314e-19
4190.4232290514365,5.100582135128347e-15,-3.6246788220435314e-19
4192.6993386548675,5.685070748412215e-15,-3.6246788220435314e-19
4194.974453455151,5.285806884226511e-15,-3.6246788220435314e-19
4197.250563058582,5.2541733235977675e-15,-3.6246788220435314e-19
4199.5256778588655,5.3313533534651184e-15,-3.6246788220435314e-19
4201.801787462297,5.409631770854302e-15,-3.6246788220435314e-19
4204.077897065729,4.955924498503156e-15,-3.6246788220435314e-19
4206.353011866013,4.7140961791132814e-15,-3.6246788220435314e-19
4208.629121469444,5.252196226058471e-15,-3.6246788220435314e-19
4210.904236269727,4.708091660660603e-15,-3.6246788220435314e-19
4213.180345873158,4.810754281034442e-15,-3.6246788220435314e-19
4215.455460673442,4.990304027936477e-15,-3.6246788220435314e-19
4217.731570276875,5.1916018477707736e-15,-3.6246788220435314e-19
4220.007679880306,4.426941067989166e-15,-3.6246788220435314e-19
4222.282794680589,4.614618882552753e-15,-3.6246788220435314e-19
4224.55890428402,4.7743976540618236e-15,-3.6246788220435314e-19
4226.834019084304,4.95035933505921e-15,-3.6246788220435314e-19
4229.1101286877365,4.828145416796772e-15,-3.6246788220435314e-19
4231.385243488019,5.09190487370588e-15,-3.6246788220435314e-19
4233.661353091451,4.7348190903585e-15,-3.6246788220435314e-19
4235.936467891734,5.0322258183530415e-15,-3.6246788220435314e-19
4238.2125774951655,4.962331759047172e-15,-3.6246788220435314e-19
4240.488687098597,4.698645527972854e-15,-3.6246788220435314e-19
4242.763801898881,5.4631598560848836e-15,-3.6246788220435314e-19
4245.039911502313,5.48487131609975e-15,-3.6246788220435314e-19
4247.3150263025955,5.095602778362712e-15,-3.6246788220435314e-19
4249.591135906027,5.022376943573953e-15,-3.6246788220435314e-19
4251.866250706311,5.76704707045823e-15,-3.6246788220435314e-19
4254.142360309742,6.1585123832389315e-15,-3.6246788220435314e-19
4256.418469913175,5.957324402156819e-15,-3.6246788220435314e-19
4258.693584713457,5.9854065097983074e-15,-3.6246788220435314e-19
4260.969694316889,5.8716867883713655e-15,-3.6246788220435314e-19
4263.244809117172,6.0337355607588875e-15,-3.6246788220435314e-19
4265.520918720604,6.382986179783869e-15,-3.6246788220435314e-19
4267.796033520887,6.420953775121841e-15,-3.6246788220435314e-19
4270.072143124319,6.587249645927111e-15,-3.6246788220435314e-19
4272.348252727751,6.5926317447840845e-15,-3.6246788220435314e-19
4274.623367528034,6.6459401525103006e-15,-3.6246788220435314e-19
4276.899477131466,6.384121180223095e-15,-3.6246788220435314e-19
4279.174591931749,6.615844334412121e-15,-3.6246788220435314e-19
4281.450701535181,6.2647264566000255e-15,-3.6246788220435314e-19
4283.7258163354645,6.697491140201586e-15,-3.6246788220435314e-19
4286.0019259388955,6.4072971569337374e-15,-3.6246788220435314e-19
4288.278035542327,6.8022406968669046e-15,-3.6246788220435314e-19
4290.55315034261,7.034073689808113e-15,-3.6246788220435314e-19
4292.829259946043,7.093716132243557e-15,-3.6246788220435314e-19
4295.104374746326,7.499204192386305e-15,-3.6246788220435314e-19
4297.380484349757,6.935841232438994e-15,-3.6246788220435314e-19
4299.655599150041,6.908198479806238e-15,-3.6246788220435314e-19
4301.931708753472,6.716969212255396e-15,-3.6246788220435314e-19
4304.206823553755,6.895310732883416e-15,-3.6246788220435314e-19
4306.482933157187,7.0520506322487535e-15,-3.6246788220435314e-19
4308.759042760619,7.251041838287204e-15,-3.6246788220435314e-19
4311.034157560903,6.904244284727645e-15,-3.6246788220435314e-19
4313.310267164334,6.780675688521616e-15,-3.6246788220435314e-19
4315.585381964617,6.7644927790333e-15,-3.6246788220435314e-19
4317.861491568048,6.850130392818753e-15,-3.6246788220435314e-19
4320.136606368333,6.956930272858157e-15,-3.6246788220435314e-19
4322.412715971765,7.366702044336048e-15,-3.6246788220435314e-19
4324.688825575196,6.722790666121102e-15,-3.6246788220435314e-19
4326.963940375479,7.037734981547551e-15,-3.6246788220435314e-19
4329.24004997891,6.6997245281626435e-15,-3.6246788220435314e-19
4331.515164779194,6.863530720585095e-15,-3.6246788220435314e-19
4333.7912743826255,7.046229178383048e-15,-3.6246788220435314e-19
4336.066389182909,7.066329670032562e-15,-3.6246788220435314e-19
4338.342498786341,7.007749002201555e-15,-3.6246788220435314e-19
4340.618608389772,6.657399995654741e-15,-3.6246788220435314e-19
4342.893723190055,6.456614756663966e-15,-3.6246788220435314e-19
4345.169832793487,6.217093051069938e-15,-3.6246788220435314e-19
4347.444947593771,5.892336473781796e-15,-3.6246788220435314e-19
4349.721057197203,6.577949964908938e-15,-3.6246788220435314e-19
4351.996171997485,6.505529614302857e-15,-3.6246788220435314e-19
4354.272281600917,5.918111967627438e-15,-3.6246788220435314e-19
4356.548391204349,5.9371872975899095e-15,-3.6246788220435314e-19
4358.823506004633,6.249165966707414e-15,-3.6246788220435314e-19
4361.099615608064,6.190768363463379e-15,-3.6246788220435314e-19
4363.374730408347,6.028097171480153e-15,-3.6246788220435314e-19
4365.650840011779,5.992472802855422e-15,-3.6246788220435314e-19
4367.925954812062,5.92891277825878e-15,-3.6246788220435314e-19
4370.202064415494,5.935320038802797e-15,-3.6246788220435314e-19
4372.477179215778,6.02264184678839e-15,-3.6246788220435314e-19
4374.753288819209,5.516907618819832e-15,-3.6246788220435314e-19
4377.029398422641,5.726516570902652e-15,-3.6246788220435314e-19
4379.304513222924,5.46220792023263e-15,-3.6246788220435314e-19
4381.5806228263555,5.343874971213997e-15,-3.6246788220435314e-19
4383.855737626638,5.579479094646826e-15,-3.6246788220435314e-19
4386.131847230071,5.3611562682241436e-15,-3.6246788220435314e-19
4388.406962030354,5.285697045474328e-15,-3.6246788220435314e-19
4390.683071633785,5.183363941357039e-15,-3.6246788220435314e-19
4392.959181237217,5.3190514132206075e-15,-3.6246788220435314e-19
4395.2342960375,5.541401660556672e-15,-3.6246788220435314e-19
4397.510405640933,5.812739991366415e-15,-3.6246788220435314e-19
4399.785520441216,5.630883630668534e-15,-3.6246788220435314e-19
4402.061630044647,5.302795277897503e-15,-3.6246788220435314e-19
4404.336744844931,5.347353198366462e-15,-3.6246788220435314e-19
4406.612854448362,5.2605439712243896e-15,-3.6246788220435314e-19
4408.888964051795,5.335783516469839e-15,-3.6246788220435314e-19
4411.164078852077,5.144371184332024e-15,-3.6246788220435314e-19
4413.440188455509,5.530161494916597e-15,-3.6246788220435314e-19
4415.715303255793,5.6107099131842315e-15,-3.6246788220435314e-19
4417.991412859224,5.416661450994022e-15,-3.6246788220435314e-19
4420.266527659507,5.297962372801445e-15,-3.6246788220435314e-19
4422.542637262939,5.3619251394894256e-15,-3.6246788220435314e-19
4424.818746866371,5.529209559064344e-15,-3.6246788220435314e-19
4427.0938616666535,5.3757648222645005e-15,-3.6246788220435314e-19
4429.369971270085,5.379865469012671e-15,-3.6246788220435314e-19
4431.645086070369,5.1881602335357024e-15,-3.6246788220435314e-19
4433.9211956738,5.158869899620199e-15,-3.6246788220435314e-19
4436.196310474084,5.430318069182125e-15,-3.6246788220435314e-19
4438.472420077515,5.3518565872059714e-15,-3.6246788220435314e-19
4440.747534877799,5.664933643845307e-15,-3.6246788220435314e-19
4443.023644481231,5.176956680813022e-15,-3.6246788220435314e-19
4445.299754084662,5.457118724714811e-15,-3.6246788220435314e-19
4447.574868884945,5.563991830589003e-15,-3.6246788220435314e-19
4449.850978488377,4.797866534111621e-15,-3.6246788220435314e-19
4452.126093288661,5.312607539759197e-15,-3.6246788220435314e-19
4454.402202892092,5.635496858260226e-15,-3.6246788220435314e-19
4456.677317692375,5.528184397377301e-15,-3.6246788220435314e-19
4458.953427295807,5.377009661455909e-15,-3.6246788220435314e-19
4461.229536899239,5.4955989008963036e-15,-3.6246788220435314e-19
4463.504651699523,5.793920951825704e-15,-3.6246788220435314e-19
4465.780761302954,5.629968307733675e-15,-3.6246788220435314e-19
4468.055876103237,5.658306705796924e-15,-3.6246788220435314e-19
4470.331985706669,5.2953994685838386e-15,-3.6246788220435314e-19
4472.607100506952,5.286795432996159e-15,-3.6246788220435314e-19
4474.883210110384,5.17351506657795e-15,-3.6246788220435314e-19
4477.159319713815,5.557511344210198e-15,-3.6246788220435314e-19
4479.434434514099,5.558866022153791e-15,-3.6246788220435314e-19
4481.71054411753,5.568568445263301e-15,-3.6246788220435314e-19
4483.985658917813,5.725528022133004e-15,-3.6246788220435314e-19
4486.261768521245,6.057204440808685e-15,-3.6246788220435314e-19
4488.536883321529,5.820501929854024e-15,-3.6246788220435314e-19
4490.812992924961,5.558463280062453e-15,-3.6246788220435314e-19
4493.089102528392,5.170293129847245e-15,-3.6246788220435314e-19
4495.364217328675,5.2553083240369934e-15,-3.6246788220435314e-19
4497.640326932107,5.903723091091447e-15,-3.6246788220435314e-19
4499.91544173239,5.9121440620921545e-15,-3.6246788220435314e-19
4502.191551335823,5.86227726860101e-15,-3.6246788220435314e-19
4504.466666136105,5.708027047618491e-15,-3.6246788220435314e-19
4506.742775739537,5.51763987716772e-15,-3.6246788220435314e-19
4509.017890539821,5.876812596806579e-15,-3.6246788220435314e-19
4511.294000143252,5.6252086284724056e-15,-3.6246788220435314e-19
4513.5701097466845,5.754379001039775e-15,-3.6246788220435314e-19
4515.845224546967,5.582298289286193e-15,-3.6246788220435314e-19
4518.121334150399,5.986980865246266e-15,-3.6246788220435314e-19
4520.3964489506825,5.74848432133928e-15,-3.6246788220435314e-19
4522.6725585541135,5.564943766441258e-15,-3.6246788220435314e-19
4524.947673354397,5.58453167724725e-15,-3.6246788220435314e-19
4527.223782957829,5.430647585438675e-15,-3.6246788220435314e-19
4529.499892561261,5.4391051693567765e-15,-3.6246788220435314e-19
4531.775007361543,5.7783604619330936e-15,-3.6246788220435314e-19
4534.051116964975,5.33512448395674e-15,-3.6246788220435314e-19
4536.326231765259,5.429109842908111e-15,-3.6246788220435314e-19
4538.602341368691,5.602105877596552e-15,-3.6246788220435314e-19
4540.877456168974,5.583689580147179e-15,-3.6246788220435314e-19
4543.153565772405,5.635057503251493e-15,-3.6246788220435314e-19
4545.429675375837,5.7208415687065235e-15,-3.6246788220435314e-19
4547.704790176121,5.169011677738442e-15,-3.6246788220435314e-19
4549.980899779552,5.683533005881651e-15,-3.6246788220435314e-19
4552.256014579836,5.642892667573891e-15,-3.6246788220435314e-19
4554.532124183267,5.484724864430173e-15,-3.6246788220435314e-19
4556.807238983551,5.83485419347262e-15,-3.6246788220435314e-19
4559.083348586982,5.4463545270008635e-15,-3.6246788220435314e-19
4561.3594581904135,5.543635048517729e-15,-3.6246788220435314e-19
4563.634572990697,5.884245019037637e-15,-3.6246788220435314e-19
4565.910682594129,5.7224891499892705e-15,-3.6246788220435314e-19
4568.1857973944125,5.611259106945147e-15,-3.6246788220435314e-19
4570.4619069978435,5.515260037537085e-15,-3.6246788220435314e-19
4572.737021798127,5.564870540606468e-15,-3.6246788220435314e-19
4575.013131401558,5.628027823111773e-15,-3.6246788220435314e-19
4577.2882462018415,5.577941352116262e-15,-3.6246788220435314e-19
4579.564355805274,5.425155647829518e-15,-3.6246788220435314e-19
4581.840465408705,5.583799418899363e-15,-3.6246788220435314e-19
4584.115580208989,5.792346596377746e-15,-3.6246788220435314e-19
4586.39168981242,5.3872246654089415e-15,-3.6246788220435314e-19
4588.666804612703,5.134082954544204e-15,-3.6246788220435314e-19
4590.942914216136,5.422006936933601e-15,-3.6246788220435314e-19
4593.218029016419,5.34867126339266e-15,-3.6246788220435314e-19
4595.494138619851,5.812080958853317e-15,-3.6246788220435314e-19
4597.770248223282,5.27969252702165e-15,-3.6246788220435314e-19
4600.045363023565,5.090110840753555e-15,-3.6246788220435314e-19
4602.321472626996,5.138073762540192e-15,-3.6246788220435314e-19
4604.596587427281,4.923961421617862e-15,-3.6246788220435314e-19
4606.8726970307125,5.603790071796693e-15,-3.6246788220435314e-19
4609.147811830995,5.668521709749956e-15,-3.6246788220435314e-19
4611.423921434427,5.589657485682463e-15,-3.6246788220435314e-19
4613.700031037858,5.1319227924179355e-15,-3.6246788220435314e-19
4615.9751458381415,5.1790070041871075e-15,-3.6246788220435314e-19
4618.251255441574,5.149057637758505e-15,-3.6246788220435314e-19
4620.526370241857,4.81291444316071e-15,-3.6246788220435314e-19
4622.802479845289,5.348744489227449e-15,-3.6246788220435314e-19
4625.0775946455715,5.123721498921595e-15,-3.6246788220435314e-19
4627.353704249003,4.494638352251373e-15,-3.6246788220435314e-19
4629.628819049287,4.705345691856025e-15,-3.6246788220435314e-19
4631.904928652719,4.890460602202006e-15,-3.6246788220435314e-19
4634.181038256151,4.938753040245192e-15,-3.6246788220435314e-19
4636.456153056433,4.9514577225810415e-15,-3.6246788220435314e-19
4638.732262659865,4.837005742806212e-15,-3.6246788220435314e-19
4641.007377460149,4.9513112709114635e-15,-3.6246788220435314e-19
4643.283487063581,5.23161976648283e-15,-3.6246788220435314e-19
4645.558601863864,4.700549399677361e-15,-3.6246788220435314e-19
4647.834711467295,4.796292178663663e-15,-3.6246788220435314e-19
4650.110821070727,4.146339669078645e-15,-3.6246788220435314e-19
4652.38593587101,4.358401686626889e-15,-3.6246788220435314e-19
4654.6620454744425,4.546518856199208e-15,-3.6246788220435314e-19
4656.937160274726,4.617218399687755e-15,-3.6246788220435314e-19
4659.213269878157,4.291802789886513e-15,-3.6246788220435314e-19
4661.4883846784405,4.622820176049095e-15,-3.6246788220435314e-19
4663.7644942818715,4.102806910296728e-15,-3.6246788220435314e-19
4666.040603885303,4.086331097469257e-15,-3.6246788220435314e-19
4668.315718685588,4.410721545583456e-15,-3.6246788220435314e-19
4670.591828289019,4.995612900958663e-15,-3.6246788220435314e-19
4672.866943089302,4.39428234567338e-15,-3.6246788220435314e-19
4675.143052692733,4.371802014393231e-15,-3.6246788220435314e-19
4677.418167493017,4.126202564511736e-15,-3.6246788220435314e-19
4679.694277096448,3.900227638353629e-15,-3.6246788220435314e-19
4681.970386699881,3.9696457297333714e-15,-3.6246788220435314e-19
4684.245501500164,3.862809236776573e-15,-3.6246788220435314e-19
4686.521611103595,3.598379763479149e-15,-3.6246788220435314e-19
4688.796725903879,3.791890015783661e-15,-3.6246788220435314e-19
4691.07283550731,3.781894689334995e-15,-3.6246788220435314e-19
4693.347950307593,3.4265553421473278e-15,-3.6246788220435314e-19
4695.624059911026,3.550534003028174e-15,-3.6246788220435314e-19
4697.899174711309,3.9888308984480254e-15,-3.6246788220435314e-19
4700.175284314741,3.6329313736242244e-15,-3.6246788220435314e-19
4702.451393918172,3.5374009495588103e-15,-3.6246788220435314e-19
4704.726508718455,3.4066159473343487e-15,-3.6246788220435314e-19
4707.002618321887,3.5387995630032754e-15,-3.6246788220435314e-19
4709.2777331221705,3.4706336333984206e-15,-3.6246788220435314e-19
4711.553842725602,3.678646262282846e-15,-3.6246788220435314e-19
4713.828957525885,3.565113266734616e-15,-3.6246788220435314e-19
4716.105067129317,3.643849345591228e-15,-3.6246788220435314e-19
4718.381176732748,3.1937557681869074e-15,-3.6246788220435314e-19
4720.656291533032,3.1791911496474234e-15,-3.6246788220435314e-19
4722.932401136463,3.2227312310128193e-15,-3.6246788220435314e-19
4725.207515936747,3.3249032382935734e-15,-3.6246788220435314e-19
4727.483625540179,3.289926918306723e-15,-3.6246788220435314e-19
4729.758740340461,3.025241154587538e-15,-3.6246788220435314e-19
4732.034849943893,3.441090670352896e-15,-3.6246788220435314e-19
4734.310959547325,3.128233291217927e-15,-3.6246788220435314e-19
4736.586074347609,3.1809119567649594e-15,-3.6246788220435314e-19
4738.862183951041,3.25685813131612e-15,-3.6246788220435314e-19
4741.137298751323,3.581600063437305e-15,-3.6246788220435314e-19
4743.413408354755,3.902387800479897e-15,-3.6246788220435314e-19
4745.688523155038,3.655353124236542e-15,-3.6246788220435314e-19
4747.9646327584705,3.654921091811288e-15,-3.6246788220435314e-19
4750.2407423619015,3.5456059043468906e-15,-3.6246788220435314e-19
4752.515857162185,3.3525020554254563e-15,-3.6246788220435314e-19
4754.791966765617,4.099584973566023e-15,-3.6246788220435314e-19
4757.0670815659,4.242961158082411e-15,-3.6246788220435314e-19
4759.343191169332,4.2694322973585474e-15,-3.6246788220435314e-19
4761.618305969616,4.5135306176268726e-15,-3.6246788220435314e-19
4763.894415573047,4.563873379044144e-15,-3.6246788220435314e-19
4766.16953037333,4.852932361872767e-15,-3.6246788220435314e-19
4768.445639976761,5.011942262116555e-15,-3.6246788220435314e-19
4770.721749580194,5.015017747177683e-15,-3.6246788220435314e-19
4772.996864380477,4.7836607221626014e-15,-3.6246788220435314e-19
4775.272973983909,4.982505476531475e-15,-3.6246788220435314e-19
4777.548088784192,5.352442393884281e-15,-3.6246788220435314e-19
4779.824198387623,4.908181254220885e-15,-3.6246788220435314e-19
4782.099313187907,5.1555747370547044e-15,-3.6246788220435314e-19
4784.375422791339,5.402199348623242e-15,-3.6246788220435314e-19
4786.651532394771,5.506546163197223e-15,-3.6246788220435314e-19
4788.926647195054,5.027246461587406e-15,-3.6246788220435314e-19
4791.202756798485,5.6730250985894645e-15,-3.6246788220435314e-19
4793.477871598769,5.624659434711489e-15,-3.6246788220435314e-19
4795.7539812022,5.789600627573168e-15,-3.6246788220435314e-19
4798.029096002483,5.696237688217501e-15,-3.6246788220435314e-19
4800.305205605915,5.911594868331239e-15,-3.6246788220435314e-19
4802.581315209347,5.722196246650116e-15,-3.6246788220435314e-19
4804.8564300096305,5.528001332790329e-15,-3.6246788220435314e-19
4807.132539613061,6.505419775550674e-15,-3.6246788220435314e-19
4809.407654413345,6.1147599469526485e-15,-3.6246788220435314e-19
4811.683764016777,5.7268094742418074e-15,-3.6246788220435314e-19
4813.95887881706,5.598334747104931e-15,-3.6246788220435314e-19
4816.234988420492,5.26347300461594e-15,-3.6246788220435314e-19
4818.511098023923,6.035859109967761e-15,-3.6246788220435314e-19
4820.786212824207,6.49560751368898e-15,-3.6246788220435314e-19
4823.062322427639,6.170155290970344e-15,-3.6246788220435314e-19
4825.337437227922,6.634443696448465e-15,-3.6246788220435314e-19
4827.613546831353,6.221925956165996e-15,-3.6246788220435314e-19
4829.888661631637,6.005287323943455e-15,-3.6246788220435314e-19
4832.164771235069,6.180004165749432e-15,-3.6246788220435314e-19
4834.439886035351,5.896546959282149e-15,-3.6246788220435314e-19
4836.715995638784,5.518665038854762e-15,-3.6246788220435314e-19
4838.992105242215,5.7978019210695085e-15,-3.6246788220435314e-19
4841.267220042499,5.486189381125948e-15,-3.6246788220435314e-19
4843.54332964593,5.644942990947976e-15,-3.6246788220435314e-19
4845.818444446213,5.598554424609297e-15,-3.6246788220435314e-19
4848.094554049645,5.641684441299876e-15,-3.6246788220435314e-19
4850.3696688499285,5.942459557694701e-15,-3.6246788220435314e-19
4852.64577845336,5.973287634140767e-15,-3.6246788220435314e-19
4854.921888056791,6.199701915307608e-15,-3.6246788220435314e-19
4857.197002857075,5.7815091728290095e-15,-3.6246788220435314e-19
4859.473112460507,6.301778729003137e-15,-3.6246788220435314e-19
4861.7482272607895,5.901819219386939e-15,-3.6246788220435314e-19
4864.024336864222,5.86553581824911e-15,-3.6246788220435314e-19
4866.299451664505,6.0488933085601606e-15,-3.6246788220435314e-19
4868.575561267937,5.37993869484746e-15,-3.6246788220435314e-19
4870.851670871368,5.596247810813452e-15,-3.6246788220435314e-19
4873.126785671651,5.9177092255361e-15,-3.6246788220435314e-19
4875.402895275084,5.483809541495313e-15,-3.6246788220435314e-19
4877.678010075367,5.344534003727095e-15,-3.6246788220435314e-19
4879.954119678799,5.832364515089802e-15,-3.6246788220435314e-19
4882.229234479082,5.827458384158956e-15,-3.6246788220435314e-19
4884.505344082513,5.3928264417702815e-15,-3.6246788220435314e-19
4886.781453685946,4.926231422496314e-15,-3.6246788220435314e-19
4889.056568486229,5.558829409236396e-15,-3.6246788220435314e-19
4891.3326780896605,5.240406866657481e-15,-3.6246788220435314e-19
4893.607792889943,5.1835836188614046e-15,-3.6246788220435314e-19
4895.883902493375,4.94592917205449e-15,-3.6246788220435314e-19
4898.1590172936585,5.8432019386385385e-15,-3.6246788220435314e-19
4900.43512689709,5.2938617260532745e-15,-3.6246788220435314e-19
4902.710241697374,5.560806506775692e-15,-3.6246788220435314e-19
4904.986351300805,5.479891959334115e-15,-3.6246788220435314e-19
4907.262460904237,5.20093814170634e-15,-3.6246788220435314e-19
4909.53757570452,5.205734433885004e-15,-3.6246788220435314e-19
4911.813685307951,5.319088026138002e-15,-3.6246788220435314e-19
4914.088800108235,5.419187742294234e-15,-3.6246788220435314e-19
4916.364909711667,5.232718154004662e-15,-3.6246788220435314e-19
4918.64002451195,5.419553871468178e-15,-3.6246788220435314e-19
4920.916134115381,5.181130553395981e-15,-3.6246788220435314e-19
4923.192243718813,5.160004900059424e-15,-3.6246788220435314e-19
4925.467358519097,5.2704660718382665e-15,-3.6246788220435314e-19
4927.743468122529,5.034056464222761e-15,-3.6246788220435314e-19
4930.018582922812,5.0744405121087605e-15,-3.6246788220435314e-19
4932.294692526243,5.209615403128808e-15,-3.6246788220435314e-19
4934.569807326527,5.1310440824004705e-15,-3.6246788220435314e-19
4936.845916929959,5.1133600432989855e-15,-3.6246788220435314e-19
4939.12202653339,5.223125569647334e-15,-3.6246788220435314e-19
4941.397141333674,5.227226216395505e-15,-3.6246788220435314e-19
4943.673250937105,5.102852136006799e-15,-3.6246788220435314e-19
4945.9483657373885,4.9472472370806875e-15,-3.6246788220435314e-19
4948.2244753408195,4.924657067048356e-15,-3.6246788220435314e-19
4950.499590141103,5.0557679242376276e-15,-3.6246788220435314e-19
4952.775699744536,5.167144418951328e-15,-3.6246788220435314e-19
4955.051809347967,4.9384601369060364e-15,-3.6246788220435314e-19
4957.32692414825,4.990926447532182e-15,-3.6246788220435314e-19
4959.603033751681,5.064445185660095e-15,-3.6246788220435314e-19
4961.878148551965,5.240626544161847e-15,-3.6246788220435314e-19
4964.154258155397,5.247363320962413e-15,-3.6246788220435314e-19
4966.42937295568,5.179556197948023e-15,-3.6246788220435314e-19
4968.705482559112,4.943988687432588e-15,-3.6246788220435314e-19
4970.980597359395,5.112115204107577e-15,-3.6246788220435314e-19
4973.256706962827,5.002679194015777e-15,-3.6246788220435314e-19
4975.532816566258,4.821994446674517e-15,-3.6246788220435314e-19
4977.807931366541,4.914551901847507e-15,-3.6246788220435314e-19
4980.084040969974,4.871128981817773e-15,-3.6246788220435314e-19
4982.359155770257,4.6603118034609385e-15,-3.6246788220435314e-19
4984.6352653736885,4.678032455479818e-15,-3.6246788220435314e-19
4986.910380173972,4.648156314886005e-15,-3.6246788220435314e-19
4989.186489777403,4.701977303455742e-15,-3.6246788220435314e-19
4991.462599380835,4.6775931004710854e-15,-3.6246788220435314e-19
4993.7377141811185,4.386227503846617e-15,-3.6246788220435314e-19
4996.01382378455,4.447773817986568e-15,-3.6246788220435314e-19
4998.288938584833,4.369056045588653e-15,-3.6246788220435314e-19
5000.565048188265,4.143483861521883e-15,-3.6246788220435314e-19
5002.840162988548,4.137003375143078e-15,-3.6246788220435314e-19
5005.11627259198,4.356790718261536e-15,-3.6246788220435314e-19
5007.392382195412,4.3663466897014685e-15,-3.6246788220435314e-19
5009.667496995695,4.140042247286811e-15,-3.6246788220435314e-19
5011.943606599127,4.0495351154879065e-15,-3.6246788220435314e-19
5014.218721399409,4.1231636923680025e-15,-3.6246788220435314e-19
5016.494831002842,4.133525147990612e-15,-3.6246788220435314e-19
5018.769945803126,4.064436572867419e-15,-3.6246788220435314e-19
5021.046055406557,4.016510263998176e-15,-3.6246788220435314e-19
5023.32117020684,4.0324734959821255e-15,-3.6246788220435314e-19
5025.597279810271,4.133268857568851e-15,-3.6246788220435314e-19
5027.873389413703,4.222824053515503e-15,-3.6246788220435314e-19
5030.148504213987,4.1623395139799884e-15,-3.6246788220435314e-19
5032.4246138174185,4.060994958632347e-15,-3.6246788220435314e-19
5034.699728617702,4.094349326378626e-15,-3.6246788220435314e-19
5036.975838221133,4.181305005190277e-15,-3.6246788220435314e-19
5039.2509530214165,4.190421621621477e-15,-3.6246788220435314e-19
5041.5270626248475,4.119575626463353e-15,-3.6246788220435314e-19
5043.80317222828,4.0048673562667635e-15,-3.6246788220435314e-19
5046.078287028564,3.99245557727007e-15,-3.6246788220435314e-19
5048.354396631995,4.187309523642955e-15,-3.6246788220435314e-19
5050.629511432278,4.391719441455774e-15,-3.6246788220435314e-19
5052.905621035709,4.4267213904848e-15,-3.6246788220435314e-19
5055.180735835993,4.344159261760475e-15,-3.6246788220435314e-19
5057.456845439426,4.2256798610722644e-15,-3.6246788220435314e-19
5059.732955042857,4.17965742390753e-15,-3.6246788220435314e-19
5062.00806984314,4.25423793663988e-15,-3.6246788220435314e-19
5064.284179446571,4.310219087335885e-15,-3.6246788220435314e-19
5066.559294246855,4.292168919060456e-15,-3.6246788220435314e-19
5068.835403850287,4.361806687944566e-15,-3.6246788220435314e-19
5071.11051865057,4.540221434407375e-15,-3.6246788220435314e-19
5073.386628254002,4.587488710763519e-15,-3.6246788220435314e-19
5075.662737857433,4.485594961654962e-15,-3.6246788220435314e-19
5077.937852657717,4.543260306551108e-15,-3.6246788220435314e-19
5080.213962261148,4.749683934820618e-15,-3.6246788220435314e-19
5082.489077061432,4.728851184823216e-15,-3.6246788220435314e-19
5084.765186664864,4.475929151462845e-15,-3.6246788220435314e-19
5087.0403014651465,4.313221346562225e-15,-3.6246788220435314e-19
5089.316411068578,4.3138437661579295e-15,-3.6246788220435314e-19
5091.591525868861,4.379380888293868e-15,-3.6246788220435314e-19
5093.867635472293,4.4564144664916415e-15,-3.6246788220435314e-19
5096.143745075725,4.501594806556305e-15,-3.6246788220435314e-19
5098.418859876008,4.549594341260336e-15,-3.6246788220435314e-19
5100.69496947944,4.680339069275664e-15,-3.6246788220435314e-19
5102.970084279723,4.7634503917609044e-15,-3.6246788220435314e-19
5105.246193883155,4.606600653643384e-15,-3.6246788220435314e-19
5107.521308683438,4.427124132576138e-15,-3.6246788220435314e-19
5109.79741828687,4.5292741721064554e-15,-3.6246788220435314e-19
5112.073527890302,4.727642958549202e-15,-3.6246788220435314e-19
5114.348642690585,4.752612968212168e-15,-3.6246788220435314e-19
5116.624752294017,4.66141019098277e-15,-3.6246788220435314e-19
5118.899867094299,4.5647887019790035e-15,-3.6246788220435314e-19
5121.175976697732,4.504926582039194e-15,-3.6246788220435314e-19
5123.451091498016,4.51016222922659e-15,-3.6246788220435314e-19
5125.727201101447,4.581667256897812e-15,-3.6246788220435314e-19
5128.0033107048785,4.690810363650456e-15,-3.6246788220435314e-19
5130.278425505161,4.726727635614343e-15,-3.6246788220435314e-19
5132.554535108594,4.629630178684449e-15,-3.6246788220435314e-19
5134.829649908877,4.519352071492579e-15,-3.6246788220435314e-19
5137.105759512308,4.465567695840236e-15,-3.6246788220435314e-19
5139.380874312592,4.360232332496607e-15,-3.6246788220435314e-19
5141.656983916023,4.2105587261883856e-15,-3.6246788220435314e-19
5143.933093519455,4.277780042524466e-15,-3.6246788220435314e-19
5146.208208319737,4.5808251597977416e-15,-3.6246788220435314e-19
5148.48431792317,4.744594739302799e-15,-3.6246788220435314e-19
5150.759432723454,4.6618495459915026e-15,-3.6246788220435314e-19
5153.035542326885,4.5763583838756275e-15,-3.6246788220435314e-19
5155.310657127168,4.576834351801754e-15,-3.6246788220435314e-19
5157.586766730599,4.600046941429791e-15,-3.6246788220435314e-19
5159.861881530883,4.6197446909879666e-15,-3.6246788220435314e-19
5162.137991134315,4.629117597840927e-15,-3.6246788220435314e-19
5164.414100737747,4.615058237561486e-15,-3.6246788220435314e-19
5166.68921553803,4.5655575732442856e-15,-3.6246788220435314e-19
5168.965325141461,4.507343034587223e-15,-3.6246788220435314e-19
5171.240439941745,4.485594961654962e-15,-3.6246788220435314e-19
5173.5165495451765,4.513567230544267e-15,-3.6246788220435314e-19
5175.79166434546,4.5860241940677435e-15,-3.6246788220435314e-19
5178.067773948892,4.654270672090866e-15,-3.6246788220435314e-19
5180.343883552323,4.660348416378333e-15,-3.6246788220435314e-19
5182.6189983526065,4.598143069725283e-15,-3.6246788220435314e-19
5184.895107956038,4.484569799967919e-15,-3.6246788220435314e-19
5187.170222756322,4.434739619394169e-15,-3.6246788220435314e-19
5189.446332359753,4.5501801479386466e-15,-3.6246788220435314e-19
5191.721447160036,4.638234214272128e-15,-3.6246788220435314e-19
5193.997556763468,4.514812069735676e-15,-3.6246788220435314e-19
5196.273666366899,4.343097487156038e-15,-3.6246788220435314e-19
5198.548781167184,4.294951500782429e-15,-3.6246788220435314e-19
5200.824890770615,4.389705730999083e-15,-3.6246788220435314e-19
5203.100005570898,4.5849990323807005e-15,-3.6246788220435314e-19
5205.37611517433,4.6522935745515695e-15,-3.6246788220435314e-19
5207.651229974613,4.490720770090174e-15,-3.6246788220435314e-19
5209.927339578045,4.422767195406207e-15,-3.6246788220435314e-19
5212.203449181477,4.601072103116833e-15,-3.6246788220435314e-19
5214.47856398176,4.744045545541884e-15,-3.6246788220435314e-19
5216.754673585191,4.6992313346511635e-15,-3.6246788220435314e-19
5219.029788385475,4.558381441434987e-15,-3.6246788220435314e-19
5221.3058979889065,4.410721545583456e-15,-3.6246788220435314e-19
5223.581012789189,4.35038345771752e-15,-3.6246788220435314e-19
5225.857122392622,4.39754089532148e-15,-3.6246788220435314e-19
5228.132237192905,4.474391408932282e-15,-3.6246788220435314e-19
5230.408346796336,4.5226838469754675e-15,-3.6246788220435314e-19
5232.684456399768,4.504157710773912e-15,-3.6246788220435314e-19
5234.959571200051,4.4393528469858604e-15,-3.6246788220435314e-19
5237.235680803484,4.3940992810864085e-15,-3.6246788220435314e-19
5239.510795603766,4.4238655829280385e-15,-3.6246788220435314e-19
5241.786905207198,4.575516286775557e-15,-3.6246788220435314e-19
5244.062020007482,4.7496107089858295e-15,-3.6246788220435314e-19
5246.338129610913,4.776484590353304e-15,-3.6246788220435314e-19
5248.614239214346,4.6604216422131215e-15,-3.6246788220435314e-19
5250.889354014628,4.484130444959186e-15,-3.6246788220435314e-19
5253.16546361806,4.336104419933712e-15,-3.6246788220435314e-19
5255.440578418344,4.298356502100107e-15,-3.6246788220435314e-19
5257.716688021775,4.33826458205998e-15,-3.6246788220435314e-19
5259.991802822058,4.388058149716335e-15,-3.6246788220435314e-19
5262.267912425489,4.3898887955860545e-15,-3.6246788220435314e-19
5264.544022028922,4.307436505613913e-15,-3.6246788220435314e-19
5266.819136829205,4.240617931369171e-15,-3.6246788220435314e-19
5269.0952464326365,4.282869238042284e-15,-3.6246788220435314e-19
5271.37036123292,4.3687631422494975e-15,-3.6246788220435314e-19
5273.646470836351,4.423645905423672e-15,-3.6246788220435314e-19
5275.9215856366345,4.424671067110715e-15,-3.6246788220435314e-19
5278.197695240066,4.366053786362314e-15,-3.6246788220435314e-19
5280.473804843498,4.2694322973585474e-15,-3.6246788220435314e-19
5282.748919643781,4.180316456420629e-15,-3.6246788220435314e-19
5285.025029247213,4.203382594379087e-15,-3.6246788220435314e-19
5287.300144047496,4.351591683991534e-15,-3.6246788220435314e-19
5289.576253650928,4.438144620711846e-15,-3.6246788220435314e-19
5291.851368451212,4.384872825903025e-15,-3.6246788220435314e-19
5294.127478054643,4.30791247354004e-15,-3.6246788220435314e-19
5296.402592854926,4.283125528464045e-15,-3.6246788220435314e-19
5298.678702458358,4.3355918390901905e-15,-3.6246788220435314e-19
5300.95481206179,4.430309456389449e-15,-3.6246788220435314e-19
5303.229926862074,4.461650113679038e-15,-3.6246788220435314e-19
5305.506036465505,4.378245887854642e-15,-3.6246788220435314e-19
5307.781151265788,4.178815326807459e-15,-3.6246788220435314e-19
5310.057260869219,3.950314109349139e-15,-3.6246788220435314e-19
5312.332375669503,3.839450195478959e-15,-3.6246788220435314e-19
5314.6084852729355,3.8964931207794014e-15,-3.6246788220435314e-19
5316.8845948763665,4.109140945005955e-15,-3.6246788220435314e-19
5319.15970967665,4.324827641376243e-15,-3.6246788220435314e-19
5321.435819280081,4.332699418616035e-15,-3.6246788220435314e-19
5323.7109340803645,4.186906781551617e-15,-3.6246788220435314e-19
5325.987043683796,4.045983662500652e-15,-3.6246788220435314e-19
5328.26215848408,4.005819292119018e-15,-3.6246788220435314e-19
5330.538268087512,4.126934822859624e-15,-3.6246788220435314e-19
5332.814377690943,4.222787440598109e-15,-3.6246788220435314e-19
5335.089492491226,4.083804806169045e-15,-3.6246788220435314e-19
5337.365602094657,3.918607322885606e-15,-3.6246788220435314e-19
5339.640716894941,3.958368951175903e-15,-3.6246788220435314e-19
5341.916826498374,3.995164933157253e-15,-3.6246788220435314e-19
5344.191941298656,3.843770519731496e-15,-3.6246788220435314e-19
5346.468050902088,3.75652193758069e-15,-3.6246788220435314e-19
5348.744160505519,3.9233303892294814e-15,-3.6246788220435314e-19
5351.019275305803,4.140664666882516e-15,-3.6246788220435314e-19
5353.2953849092355,4.23626099419924e-15,-3.6246788220435314e-19
5355.570499709518,4.23150131493797e-15,-3.6246788220435314e-19
5357.84660931295,4.1516485421008295e-15,-3.6246788220435314e-19
5360.121724113233,3.992821706444013e-15,-3.6246788220435314e-19
5362.3978337166645,3.814553411650781e-15,-3.6246788220435314e-19
5364.672948516948,3.80459469811951e-15,-3.6246788220435314e-19
5366.94905812038,3.966130889663511e-15,-3.6246788220435314e-19
5369.225167723812,3.987622672174011e-15,-3.6246788220435314e-19
5371.5002825240945,3.82022841384691e-15,-3.6246788220435314e-19
5373.776392127526,3.770654523694921e-15,-3.6246788220435314e-19
5376.05150692781,3.893820377809612e-15,-3.6246788220435314e-19
5378.327616531241,3.98652428465218e-15,-3.6246788220435314e-19
5380.602731331525,3.986634123404363e-15,-3.6246788220435314e-19
5382.878840934956,3.941343944587516e-15,-3.6246788220435314e-19
5385.154950538388,3.875916661203761e-15,-3.6246788220435314e-19
5387.430065338671,3.8086221190328916e-15,-3.6246788220435314e-19
5389.706174942103,3.764064198563932e-15,-3.6246788220435314e-19
5391.981289742386,3.766151134855412e-15,-3.6246788220435314e-19
5394.257399345818,3.792146306205421e-15,-3.6246788220435314e-19
5396.532514146102,3.7962835658709864e-15,-3.6246788220435314e-19
5398.808623749533,3.80961066780254e-15,-3.6246788220435314e-19
5401.084733352965,3.885619084313271e-15,-3.6246788220435314e-19
5403.359848153248,3.9360716844827255e-15,-3.6246788220435314e-19
5405.63595775668,3.852521006988753e-15,-3.6246788220435314e-19
5407.9110725569635,3.748467095753927e-15,-3.6246788220435314e-19
5410.1871821603945,3.7620504881072414e-15,-3.6246788220435314e-19
5412.462296960678,3.806059214815285e-15,-3.6246788220435314e-19
5414.738406564109,3.779514849704361e-15,-3.6246788220435314e-19
5417.014516167542,3.754508227123999e-15,-3.6246788220435314e-19
5419.289630967825,3.79313485497507e-15,-3.6246788220435314e-19
5421.565740571256,3.806022601897891e-15,-3.6246788220435314e-19
5423.84085537154,3.736934026774698e-15,-3.6246788220435314e-19
5426.116964974971,3.696037398045176e-15,-3.6246788220435314e-19
5428.392079775254,3.749455644523575e-15,-3.6246788220435314e-19
5430.668189378686,3.811807442846203e-15,-3.6246788220435314e-19
5432.94330417897,3.823999544338531e-15,-3.6246788220435314e-19
5435.219413782402,3.795990662531831e-15,-3.6246788220435314e-19
5437.495523385833,3.754874356297943e-15,-3.6246788220435314e-19
5439.770638186116,3.767762103220764e-15,-3.6246788220435314e-19
5442.046747789547,3.831248901982618e-15,-3.6246788220435314e-19
5444.321862589832,3.825976641877828e-15,-3.6246788220435314e-19
5446.597972193264,3.737336768866036e-15,-3.6246788220435314e-19
5448.873086993546,3.678206907274113e-15,-3.6246788220435314e-19
5451.149196596978,3.689776589170737e-15,-3.6246788220435314e-19
5453.425306200409,3.7497485478627306e-15,-3.6246788220435314e-19
5455.700421000693,3.81169760409402e-15,-3.6246788220435314e-19
5457.9765306041245,3.80133614847141e-15,-3.6246788220435314e-19
5460.251645404408,3.7545814529587886e-15,-3.6246788220435314e-19
5462.52775500784,3.7829198510220375e-15,-3.6246788220435314e-19
5464.8028698081225,3.842745358044453e-15,-3.6246788220435314e-19
5467.078979411554,3.8130522820376114e-15,-3.6246788220435314e-19
5469.355089014986,3.7286228945261736e-15,-3.6246788220435314e-19
5471.63020381527,3.685383039083412e-15,-3.6246788220435314e-19
5473.906313418702,3.6624633527945304e-15,-3.6246788220435314e-19
5476.181428218984,3.607126589444666e-15,-3.6246788220435314e-19
5478.457537822416,3.5582776350570855e-15,-3.6246788220435314e-19
5480.732652622699,3.56854023580273e-15,-3.6246788220435314e-19
5483.008762226132,3.612142559127696e-15,-3.6246788220435314e-19
5485.283877026415,3.6515856550366606e-15,-3.6246788220435314e-19
5487.559986629846,3.68695739453137e-15,-3.6246788220435314e-19
5489.836096233278,3.723643537760538e-15,-3.6246788220435314e-19
5492.111211033561,3.776475977560627e-15,-3.6246788220435314e-19
5494.387320636993,3.84823729565361e-15,-3.6246788220435314e-19
5496.662435437277,3.870754239851153e-15,-3.6246788220435314e-19
5498.938545040708,3.8122834107723294e-15,-3.6246788220435314e-19
5501.213659840992,3.795587920440493e-15,-3.6246788220435314e-19
5503.489769444423,3.869619239411927e-15,-3.6246788220435314e-19
5505.7658790478545,3.8517521357234706e-15,-3.6246788220435314e-19
5508.040993848137,3.672971260086717e-15,-3.6246788220435314e-19
5510.31710345157,3.518830877856381e-15,-3.6246788220435314e-19
5512.592218251853,3.4944539974552036e-15,-3.6246788220435314e-19
5514.868327855284,3.567635896743089e-15,-3.6246788220435314e-19
5517.143442655568,3.672239001738829e-15,-3.6246788220435314e-19
5519.419552258999,3.686115297431299e-15,-3.6246788220435314e-19
5521.695661862432,3.595366520377591e-15,-3.6246788220435314e-19
5523.970776662715,3.5193873942007757e-15,-3.6246788220435314e-19
5526.246886266146,3.4955889978944295e-15,-3.6246788220435314e-19
5528.52200106643,3.484425719380883e-15,-3.6246788220435314e-19
5530.798110669861,3.4861684942488556e-15,-3.6246788220435314e-19
5533.073225470144,3.5277900587427857e-15,-3.6246788220435314e-19
5535.349335073576,3.5732779473135625e-15,-3.6246788220435314e-19
5537.625444677008,3.5508964709103786e-15,-3.6246788220435314e-19
5539.900559477292,3.502413645696742e-15,-3.6246788220435314e-19
5542.176669080723,3.5209068302726426e-15,-3.6246788220435314e-19
5544.451783881006,3.58046140170634e-15,-3.6246788220435314e-19
5546.727893484438,3.612684430305132e-15,-3.6246788220435314e-19
5549.003008284722,3.5940997134357454e-15,-3.6246788220435314e-19
5551.279117888153,3.5213901207822485e-15,-3.6246788220435314e-19
5553.554232688436,3.449376173559244e-15,-3.6246788220435314e-19
5555.830342291868,3.440054524790635e-15,-3.6246788220435314e-19
5558.106451895299,3.5085646158189973e-15,-3.6246788220435314e-19
5560.381566695583,3.641220538122312e-15,-3.6246788220435314e-19
5562.657676299014,3.718407890573141e-15,-3.6246788220435314e-19
5564.932791099298,3.6457166043783415e-15,-3.6246788220435314e-19
5567.20890070273,3.5258971709134963e-15,-3.6246788220435314e-19
5569.484015503012,3.4600232099375297e-15,-3.6246788220435314e-19
5571.760125106444,3.4436352681118056e-15,-3.6246788220435314e-19
5574.036234709876,3.4559591761067533e-15,-3.6246788220435314e-19
5576.31134951016,3.4411455897289875e-15,-3.6246788220435314e-19
5578.587459113591,3.3833630834971786e-15,-3.6246788220435314e-19
5580.862573913874,3.3888440372311173e-15,-3.6246788220435314e-19
5583.138683517306,3.4857474456988203e-15,-3.6246788220435314e-19
5585.413798317589,3.5362989007452394e-15,-3.6246788220435314e-19
5587.689907921022,3.4865858815071516e-15,-3.6246788220435314e-19
5589.966017524453,3.418372355109684e-15,-3.6246788220435314e-19
5592.241132324736,3.385614777916933e-15,-3.6246788220435314e-19
5594.517241928168,3.408706544917568e-15,-3.6246788220435314e-19
5596.792356728451,3.4770225874837398e-15,-3.6246788220435314e-19
5599.068466331883,3.5445770813681087e-15,-3.6246788220435314e-19
5601.343581132166,3.572695801926992e-15,-3.6246788220435314e-19
5603.619690735598,3.5300014789534063e-15,-3.6246788220435314e-19
5605.895800339029,3.449226060597927e-15,-3.6246788220435314e-19
5608.1709151393125,3.4067221247947923e-15,-3.6246788220435314e-19
5610.447024742744,3.424768631778482e-15,-3.6246788220435314e-19
5612.722139543028,3.4942343199508374e-15,-3.6246788220435314e-19
5614.99824914646,3.552884552324893e-15,-3.6246788220435314e-19
5617.273363946743,3.517366361160606e-15,-3.6246788220435314e-19
5619.549473550174,3.4319044893786462e-15,-3.6246788220435314e-19
5621.824588350458,3.385673358584764e-15,-3.6246788220435314e-19
5624.100697953889,3.369468481346012e-15,-3.6246788220435314e-19
5626.376807557322,3.348492940970772e-15,-3.6246788220435314e-19
5628.651922357604,3.3405955346888045e-15,-3.6246788220435314e-19
5630.928031961036,3.3661110768209473e-15,-3.6246788220435314e-19
5633.20314676132,3.380005678972114e-15,-3.6246788220435314e-19
5635.479256364751,3.342781325857249e-15,-3.6246788220435314e-19
5637.754371165034,3.3219595597350655e-15,-3.6246788220435314e-19
5640.030480768466,3.3702117235691176e-15,-3.6246788220435314e-19
5642.306590371898,3.4073482056822365e-15,-3.6246788220435314e-19
5644.5817051721815,3.3687801584989975e-15,-3.6246788220435314e-19
5646.8578147756125,3.2863534975690316e-15,-3.6246788220435314e-19
5649.132929575896,3.1993721897152052e-15,-3.6246788220435314e-19
5651.409039179328,3.1491941864262087e-15,-3.6246788220435314e-19
5653.684153979611,3.1516618970585898e-15,-3.6246788220435314e-19
5655.960263583042,3.1558577373919856e-15,-3.6246788220435314e-19
5658.236373186474,3.1417507803199313e-15,-3.6246788220435314e-19
5660.511487986758,3.1607894973650085e-15,-3.6246788220435314e-19
5662.78759759019,3.2091331934925467e-15,-3.6246788220435314e-19
5665.062712390473,3.1975122535115707e-15,-3.6246788220435314e-19
5667.338821993904,3.115517625006859e-15,-3.6246788220435314e-19
5669.613936794188,3.0448986299365804e-15,-3.6246788220435314e-19
5671.89004639762,3.0306012856940755e-15,-3.6246788220435314e-19
5674.166156001051,3.086648339641391e-15,-3.6246788220435314e-19
5676.441270801335,3.168811387566117e-15,-3.6246788220435314e-19
5678.717380404766,3.1824021025029107e-15,-3.6246788220435314e-19
5680.99249520505,3.1344941000923656e-15,-3.6246788220435314e-19
5683.268604808481,3.0973466341040283e-15,-3.6246788220435314e-19
5685.543719608764,3.102728732961002e-15,-3.6246788220435314e-19
5687.819829212196,3.1641102889726787e-15,-3.6246788220435314e-19
5690.094944012479,3.2107038876487657e-15,-3.6246788220435314e-19
5692.3710536159115,3.140293586207635e-15,-3.6246788220435314e-19
5694.6471632193425,3.0451585816500803e-15,-3.6246788220435314e-19
5696.922278019626,3.070443462402639e-15,-3.6246788220435314e-19
5699.198387623057,3.1498605415227865e-15,-3.6246788220435314e-19
5701.4735024233405,3.171553695078956e-15,-3.6246788220435314e-19
5703.749612026773,3.1375293109443596e-15,-3.6246788220435314e-19
5706.024726827056,3.0770044971997115e-15,-3.6246788220435314e-19
5708.300836430488,3.0379202078812117e-15,-3.6246788220435314e-19
5710.576946033919,3.061165749134903e-15,-3.6246788220435314e-19
5712.852060834202,3.13453071300976e-15,-3.6246788220435314e-19
5715.128170437635,3.226857506803166e-15,-3.6246788220435314e-19
5717.403285237918,3.256642115103493e-15,-3.6246788220435314e-19
5719.67939484135,3.1884432338729832e-15,-3.6246788220435314e-19
5721.954509641632,3.168218258304328e-15,-3.6246788220435314e-19
5724.230619245064,3.264993521561151e-15,-3.6246788220435314e-19
5726.506728848495,3.2989044056518247e-15,-3.6246788220435314e-19
5728.78184364878,3.1921411385298153e-15,-3.6246788220435314e-19
5731.0579532522115,3.109692509849413e-15,-3.6246788220435314e-19
5733.333068052494,3.122968353696615e-15,-3.6246788220435314e-19
5735.609177655926,3.1266552744782287e-15,-3.6246788220435314e-19
5737.88429245621,3.1047717337516085e-15,-3.6246788220435314e-19
5740.160402059641,3.1747939382683586e-15,-3.6246788220435314e-19
5742.436511663073,3.3091377160635537e-15,-3.6246788220435314e-19
5744.711626463356,3.3136264597361047e-15,-3.6246788220435314e-19
5746.987736066788,3.1891974599713075e-15,-3.6246788220435314e-19
5749.2628508670705,3.115210076500746e-15,-3.6246788220435314e-19
5751.538960470502,3.130060275795906e-15,-3.6246788220435314e-19
5753.814075270786,3.1701440977592725e-15,-3.6246788220435314e-19
5756.090184874218,3.213907517920774e-15,-3.6246788220435314e-19
5758.365299674501,3.258923099857163e-15,-3.6246788220435314e-19
5760.641409277932,3.292544741900421e-15,-3.6246788220435314e-19
5762.917518881364,3.3020201649220865e-15,-3.6246788220435314e-19
5765.192633681648,3.2965941305642397e-15,-3.6246788220435314e-19
5767.46874328508,3.2937346617157385e-15,-3.6246788220435314e-19
5769.743858085363,3.302243503718192e-15,-3.6246788220435314e-19
5772.019967688794,3.3265874324937147e-15,-3.6246788220435314e-19
5774.295082489078,3.3416609705849808e-15,-3.6246788220435314e-19
5776.571192092509,3.3215238660180724e-15,-3.6246788220435314e-19
5778.8473016959415,3.3118873461598716e-15,-3.6246788220435314e-19
5781.122416496225,3.3582612673315924e-15,-3.6246788220435314e-19
5783.398526099656,3.4090470450493355e-15,-3.6246788220435314e-19
5785.6736408999395,3.41455362782545e-15,-3.6246788220435314e-19
5787.9497505033705,3.4161206606899297e-15,-3.6246788220435314e-19
5790.224865303654,3.4457661399041584e-15,-3.6246788220435314e-19
5792.500974907087,3.452821449086055e-15,-3.6246788220435314e-19
5794.777084510518,3.4121115462352452e-15,-3.6246788220435314e-19
5797.052199310801,3.393424313197154e-15,-3.6246788220435314e-19
5799.328308914232,3.4364481524272887e-15,-3.6246788220435314e-19
5801.603423714516,3.5029481942906994e-15,-3.6246788220435314e-19
5803.879533317947,3.5488315023693353e-15,-3.6246788220435314e-19
5806.15464811823,3.514759521442126e-15,-3.6246788220435314e-19
5808.430757721663,3.4121298526939424e-15,-3.6246788220435314e-19
5810.706867325094,3.3776258393414794e-15,-3.6246788220435314e-19
5812.981982125378,3.4348005711445417e-15,-3.6246788220435314e-19
5815.258091728809,3.444719010466679e-15,-3.6246788220435314e-19
5817.533206529092,3.40387363982151e-15,-3.6246788220435314e-19
5819.809316132525,3.460045177687966e-15,-3.6246788220435314e-19
5822.084430932808,3.583859080440538e-15,-3.6246788220435314e-19
5824.36054053624,3.592796293576506e-15,-3.6246788220435314e-19
5826.635655336522,3.51493160215388e-15,-3.6246788220435314e-19
5828.911764939954,3.5246413478468694e-15,-3.6246788220435314e-19
5831.187874543386,3.589248501880991e-15,-3.6246788220435314e-19
5833.4629893436695,3.564384669678468e-15,-3.6246788220435314e-19
5835.739098947101,3.4897895117791598e-15,-3.6246788220435314e-19
5838.014213747384,3.479944298291811e-15,-3.6246788220435314e-19
5840.290323350816,3.5148693601943094e-15,-3.6246788220435314e-19
5842.565438151099,3.5317698828635547e-15,-3.6246788220435314e-19
5844.841547754531,3.498009111734198e-15,-3.6246788220435314e-19
5847.117657357962,3.3973162663161766e-15,-3.6246788220435314e-19
5849.392772158246,3.3221096726963825e-15,-3.6246788220435314e-19
5851.668881761678,3.368468948701145e-15,-3.6246788220435314e-19
5853.94399656196,3.4531802556765202e-15,-3.6246788220435314e-19
5856.220106165392,3.477308168239416e-15,-3.6246788220435314e-19
5858.495220965677,3.4682501324760465e-15,-3.6246788220435314e-19
5860.771330569108,3.4589174998322194e-15,-3.6246788220435314e-19
5863.04744017254,3.4162927414016832e-15,-3.6246788220435314e-19
5865.322554972822,3.328476659031265e-15,-3.6246788220435314e-19
5867.598664576254,3.267787087158342e-15,-3.6246788220435314e-19
5869.873779376537,3.281623108641678e-15,-3.6246788220435314e-19
5872.14988897997,3.340317276516607e-15,-3.6246788220435314e-19
5874.425003780253,3.3996228801120223e-15,-3.6246788220435314e-19
5876.701113383684,3.3897007794981457e-15,-3.6246788220435314e-19
5878.976228183968,3.2951662267858586e-15,-3.6246788220435314e-19
5881.252337787399,3.2051277403296016e-15,-3.6246788220435314e-19
5883.528447390831,3.170023275131871e-15,-3.6246788220435314e-19
5885.803562191115,3.178308778338219e-15,-3.6246788220435314e-19
5888.079671794546,3.2040659657251647e-15,-3.6246788220435314e-19
5890.354786594829,3.201601916384523e-15,-3.6246788220435314e-19
5892.63089619826,3.158717206240487e-15,-3.6246788220435314e-19
5894.906010998544,3.097493085773606e-15,-3.6246788220435314e-19
5897.182120601976,3.057888893028106e-15,-3.6246788220435314e-19
5899.458230205408,3.0911700349395966e-15,-3.6246788220435314e-19
5901.733345005691,3.1982445118594584e-15,-3.6246788220435314e-19
5904.009454609122,3.348342828009455e-15,-3.6246788220435314e-19
5906.284569409406,3.456907450667268e-15,-3.6246788220435314e-19
5908.560679012838,3.4160803864807957e-15,-3.6246788220435314e-19
5910.835793813121,3.2986517765218035e-15,-3.6246788220435314e-19
5913.111903416553,3.2516005163782873e-15,-3.6246788220435314e-19
5915.388013019984,3.2733852022279426e-15,-3.6246788220435314e-19
5917.663127820268,3.3119276203690057e-15,-3.6246788220435314e-19
5919.939237423699,3.3256245127662427e-15,-3.6246788220435314e-19
5922.214352223982,3.2809750600037976e-15,-3.6246788220435314e-19
5924.490461827414,3.247470579296201e-15,-3.6246788220435314e-19
5926.765576627698,3.2989922766535715e-15,-3.6246788220435314e-19
5929.0416862311295,3.3492508283608354e-15,-3.6246788220435314e-19
5931.3177958345605,3.31528502489407e-15,-3.6246788220435314e-19
5933.592910634844,3.3041363915474816e-15,-3.6246788220435314e-19
5935.869020238276,3.392318603091844e-15,-3.6246788220435314e-19
5938.144135038559,3.417204403044803e-15,-3.6246788220435314e-19
5940.420244641991,3.2773686876404512e-15,-3.6246788220435314e-19
5942.695359442274,3.1391842148105853e-15,-3.6246788220435314e-19
5944.971469045706,3.1190910457445504e-15,-3.6246788220435314e-19
5947.246583845988,3.1550852048349642e-15,-3.6246788220435314e-19
5949.522693449421,3.198606979741663e-15,-3.6246788220435314e-19
5951.798803052852,3.2409022219156496e-15,-3.6246788220435314e-19
5954.073917853136,3.2797814788967405e-15,-3.6246788220435314e-19
5956.350027456568,3.3403355829753042e-15,-3.6246788220435314e-19
5958.62514225685,3.405513898520778e-15,-3.6246788220435314e-19
5960.901251860283,3.384754374358165e-15,-3.6246788220435314e-19
5963.176366660567,3.3046453110992637e-15,-3.6246788220435314e-19
5965.452476263998,3.336436307272803e-15,-3.6246788220435314e-19
5967.7285858674295,3.4547729175831757e-15,-3.6246788220435314e-19
5970.003700667712,3.450394012662808e-15,-3.6246788220435314e-19
5972.279810271144,3.315911105781514e-15,-3.6246788220435314e-19
5974.5549250714275,3.1919470900676254e-15,-3.6246788220435314e-19
5976.831034674859,3.1259815967981722e-15,-3.6246788220435314e-19
5979.106149475143,3.112584930323569e-15,-3.6246788220435314e-19
5981.382259078574,3.14150181248165e-15,-3.6246788220435314e-19
5983.658368682006,3.191024444549287e-15,-3.6246788220435314e-19
5985.9334834822885,3.252259548891386e-15,-3.6246788220435314e-19
5988.209593085721,3.3225636728720728e-15,-3.6246788220435314e-19
5990.484707886005,3.3450769557778765e-15,-3.6246788220435314e-19
5992.760817489436,3.2599995196285576e-15,-3.6246788220435314e-19
5995.035932289719,3.150450009492836e-15,-3.6246788220435314e-19
5997.31204189315,3.1221555469304596e-15,-3.6246788220435314e-19
5999.588151496583,3.1335824384492453e-15,-3.6246788220435314e-19
6001.863266296866,3.1241765799706296e-15,-3.6246788220435314e-19
6004.139375900298,3.1292877432388846e-15,-3.6246788220435314e-19
6006.414490700581,3.1778035200781764e-15,-3.6246788220435314e-19
6008.690600304012,3.200364399776593e-15,-3.6246788220435314e-19
6010.965715104296,3.1494577994314483e-15,-3.6246788220435314e-19
6013.241824707728,3.104325056159397e-15,-3.6246788220435314e-19
6015.516939508011,3.116864980366972e-15,-3.6246788220435314e-19
6017.793049111442,3.1109263651656037e-15,-3.6246788220435314e-19
6020.069158714874,3.05506237580526e-15,-3.6246788220435314e-19
6022.3442735151575,3.0504015514209556e-15,-3.6246788220435314e-19
6024.620383118589,3.1320886314195546e-15,-3.6246788220435314e-19
6026.895497918873,3.1955973979318447e-15,-3.6246788220435314e-19
6029.171607522304,3.1957694786435982e-15,-3.6246788220435314e-19
6031.446722322587,3.189966331236589e-15,-3.6246788220435314e-19
6033.722831926019,3.1950335590039715e-15,-3.6246788220435314e-19
6035.99894152945,3.1721614695077027e-15,-3.6246788220435314e-19
6038.274056329734,3.1342597774210415e-15,-3.6246788220435314e-19
6040.550165933166,3.1481031214878562e-15,-3.6246788220435314e-19
6042.825280733449,3.203275126709446e-15,-3.6246788220435314e-19
6045.10139033688,3.227904636240645e-15,-3.6246788220435314e-19
6047.376505137164,3.1892963148482723e-15,-3.6246788220435314e-19
6049.652614740596,3.0765797873579364e-15,-3.6246788220435314e-19
6051.928724344028,2.974122199321506e-15,-3.6246788220435314e-19
6054.203839144311,3.021118540088931e-15,-3.6246788220435314e-19
6056.479948747742,3.135167777772422e-15,-3.6246788220435314e-19
6058.755063548026,3.136302778211648e-15,-3.6246788220435314e-19
6061.031173151458,3.0668663803732077e-15,-3.6246788220435314e-19
6063.30628795174,3.045323339778355e-15,-3.6246788220435314e-19
6065.582397555173,3.0688727682464198e-15,-3.6246788220435314e-19
6067.858507158604,3.1019452165287627e-15,-3.6246788220435314e-19
6070.1336219588875,3.1447200879206154e-15,-3.6246788220435314e-19
6072.4097315623185,3.1968458984149933e-15,-3.6246788220435314e-19
6074.684846362602,3.2068741764893134e-15,-3.6246788220435314e-19
6076.960955966035,3.13439890650714e-15,-3.6246788220435314e-19
6079.236070766317,3.0336877546304216e-15,-3.6246788220435314e-19
6081.512180369749,2.9653607281890313e-15,-3.6246788220435314e-19
6083.787295170033,2.9522423198866253e-15,-3.6246788220435314e-19
6086.063404773464,2.9963389175964153e-15,-3.6246788220435314e-19
6088.339514376896,3.0410872252358256e-15,-3.6246788220435314e-19
6090.614629177179,3.0502331320009414e-15,-3.6246788220435314e-19
6092.890738780611,3.0742292380612173e-15,-3.6246788220435314e-19
6095.165853580894,3.1305582114724697e-15,-3.6246788220435314e-19
6097.441963184326,3.148260557032652e-15,-3.6246788220435314e-19
6099.717077984609,3.098745247548494e-15,-3.6246788220435314e-19
6101.99318758804,3.0342296258078583e-15,-3.6246788220435314e-19
6104.269297191473,2.9860909620177285e-15,-3.6246788220435314e-19
6106.544411991756,2.9469847049487922e-15,-3.6246788220435314e-19
6108.8205215951875,2.9338772805216046e-15,-3.6246788220435314e-19
6111.095636395471,3.001120564608121e-15,-3.6246788220435314e-19
6113.371745998902,3.099129683181135e-15,-3.6246788220435314e-19
6115.646860799186,3.0674155741341235e-15,-3.6246788220435314e-19
6117.9229704026175,2.943814026302439e-15,-3.6246788220435314e-19
6120.199080006049,2.929373891682096e-15,-3.6246788220435314e-19
6122.474194806332,3.017856329149092e-15,-3.6246788220435314e-19
6124.750304409764,3.0690009134573003e-15,-3.6246788220435314e-19
6127.025419210047,3.066943267499736e-15,-3.6246788220435314e-19
6129.301528813479,3.05753740902112e-15,-3.6246788220435314e-19
6131.576643613763,3.0374332560798665e-15,-3.6246788220435314e-19
6133.852753217194,2.9902977862263428e-15,-3.6246788220435314e-19
6136.128862820626,2.9298278918577865e-15,-3.6246788220435314e-19
6138.403977620908,2.877877823366902e-15,-3.6246788220435314e-19
6140.680087224341,2.873531870072189e-15,-3.6246788220435314e-19
6142.955202024625,2.9488885766533e-15,-3.6246788220435314e-19
6145.231311628056,3.0337353514230344e-15,-3.6246788220435314e-19
6147.506426428339,3.050053728705709e-15,-3.6246788220435314e-19
6149.78253603177,3.04672561451456e-15,-3.6246788220435314e-19
6152.057650832054,3.0774548360836624e-15,-3.6246788220435314e-19
6154.333760435486,3.097115972724444e-15,-3.6246788220435314e-19
6156.6098700389175,3.0646037020782354e-15,-3.6246788220435314e-19
6158.884984839201,2.990140350681547e-15,-3.6246788220435314e-19
6161.161094442632,2.9001824126435574e-15,-3.6246788220435314e-19
6163.4362092429155,2.85639336343988e-15,-3.6246788220435314e-19
6165.7123188463465,2.895664378637091e-15,-3.6246788220435314e-19
6167.98743364663,2.9961229013837884e-15,-3.6246788220435314e-19
6170.263543250063,3.101458264727417e-15,-3.6246788220435314e-19
6172.539652853494,3.0828662252745514e-15,-3.6246788220435314e-19
6174.814767653777,2.9212934208131566e-15,-3.6246788220435314e-19
6177.090877257208,2.7988488411711345e-15,-3.6246788220435314e-19
6179.365992057492,2.7876306432814967e-15,-3.6246788220435314e-19
6181.642101660925,2.793203129308921e-15,-3.6246788220435314e-19
6183.917216461207,2.780322704969579e-15,-3.6246788220435314e-19
6186.193326064639,2.7787776398555357e-15,-3.6246788220435314e-19
6188.46943566807,2.7860416426665805e-15,-3.6246788220435314e-19
6190.744550468354,2.77432184780864e-15,-3.6246788220435314e-19
6193.020660071786,2.752332129621576e-15,-3.6246788220435314e-19
6195.295774872069,2.7554991469761897e-15,-3.6246788220435314e-19
6197.571884475501,2.769573152422589e-15,-3.6246788220435314e-19
6199.846999275784,2.752467597415935e-15,-3.6246788220435314e-19
6202.123108879216,2.6998877867458673e-15,-3.6246788220435314e-19
6204.399218482647,2.626024887194447e-15,-3.6246788220435314e-19
6206.674333282931,2.568970978018786e-15,-3.6246788220435314e-19
6208.950442886363,2.572383301919942e-15,-3.6246788220435314e-19
6211.2255576866455,2.608593477222983e-15,-3.6246788220435314e-19
6213.501667290077,2.629052775462962e-15,-3.6246788220435314e-19
6215.77678209036,2.6162821898758025e-15,-3.6246788220435314e-19
6218.052891693792,2.5671366708573273e-15,-3.6246788220435314e-19
6220.328006494076,2.5494196801301873e-15,-3.6246788220435314e-19
6222.604116097507,2.6226857891280795e-15,-3.6246788220435314e-19
6224.880225700939,2.687245346369588e-15,-3.6246788220435314e-19
6227.155340501222,2.6506177838082513e-15,-3.6246788220435314e-19
6229.431450104654,2.5814120473493957e-15,-3.6246788220435314e-19
6231.706564904937,2.5499212770984903e-15,-3.6246788220435314e-19
6233.982674508369,2.5607330716050507e-15,-3.6246788220435314e-19
6236.257789308653,2.6012489259936705e-15,-3.6246788220435314e-19
6238.533898912084,2.616403012503204e-15,-3.6246788220435314e-19
6240.810008515516,2.578343884871747e-15,-3.6246788220435314e-19
6243.085123315798,2.5391790471349796e-15,-3.6246788220435314e-19
6245.361232919231,2.53266194783878e-15,-3.6246788220435314e-19
6247.636347719515,2.545051759085038e-15,-3.6246788220435314e-19
6249.912457322946,2.574583738255344e-15,-3.6246788220435314e-19
6252.187572123229,2.6391249890381558e-15,-3.6246788220435314e-19
6254.46368172666,2.7319607023833434e-15,-3.6246788220435314e-19
6256.739791330093,2.823057302152298e-15,-3.6246788220435314e-19
6259.014906130376,2.8670696901520813e-15,-3.6246788220435314e-19
6261.291015733807,2.7950923558464712e-15,-3.6246788220435314e-19
6263.566130534091,2.6604703198790786e-15,-3.6246788220435314e-19
6265.842240137522,2.627423500638912e-15,-3.6246788220435314e-19
6268.117354937805,2.6907235735220543e-15,-3.6246788220435314e-19
6270.393464541236,2.7231443118747768e-15,-3.6246788220435314e-19
6272.669574144669,2.714734324749288e-15,-3.6246788220435314e-19
6274.944688944953,2.720380036611501e-15,-3.6246788220435314e-19
6277.220798548384,2.7317593313376744e-15,-3.6246788220435314e-19
6279.495913348667,2.7141631632379357e-15,-3.6246788220435314e-19
6281.772022952098,2.7171251482551408e-15,-3.6246788220435314e-19
6284.047137752382,2.8124871529005408e-15,-3.6246788220435314e-19
6286.323247355814,2.8852846165557846e-15,-3.6246788220435314e-19
6288.598362156097,2.7891354341864058e-15,-3.6246788220435314e-19
6290.874471759529,2.6650066603442424e-15,-3.6246788220435314e-19
6293.15058136296,2.6901341055520045e-15,-3.6246788220435314e-19
6295.425696163244,2.760218552028325e-15,-3.6246788220435314e-19
6297.7018057666755,2.7487770153425816e-15,-3.6246788220435314e-19
6299.976920566959,2.7279259588864827e-15,-3.6246788220435314e-19
6302.253030170391,2.7654578605074606e-15,-3.6246788220435314e-19
6304.528144970674,2.7826769155580373e-15,-3.6246788220435314e-19
6306.8042545741055,2.7267946197389965e-15,-3.6246788220435314e-19
6309.080364177537,2.692620122643083e-15,-3.6246788220435314e-19
6311.355478977821,2.7319057830072516e-15,-3.6246788220435314e-19
6313.631588581252,2.7362187846763098e-15,-3.6246788220435314e-19
6315.906703381535,2.655428721153873e-15,-3.6246788220435314e-19
6318.182812984967,2.5951455526640274e-15,-3.6246788220435314e-19
6320.45792778525,2.601142748533227e-15,-3.6246788220435314e-19
6322.734037388683,2.597942779552958e-15,-3.6246788220435314e-19
6325.010146992114,2.5580273770096058e-15,-3.6246788220435314e-19
6327.285261792397,2.525753090326461e-15,-3.6246788220435314e-19
6329.561371395829,2.5201586365485996e-15,-3.6246788220435314e-19
6331.836486196112,2.53676625587869e-15,-3.6246788220435314e-19
6334.112595799544,2.5480613408948558e-15,-3.6246788220435314e-19
6336.387710599827,2.4954522398908725e-15,-3.6246788220435314e-19
6338.663820203259,2.4116599171420964e-15,-3.6246788220435314e-19
6340.938935003543,2.4082732222831167e-15,-3.6246788220435314e-19
6343.215044606974,2.463049807996847e-15,-3.6246788220435314e-19
6345.4911542104055,2.4638809212216994e-15,-3.6246788220435314e-19
6347.766269010688,2.4293256497848847e-15,-3.6246788220435314e-19
6350.042378614121,2.4442417523313547e-15,-3.6246788220435314e-19
6352.317493414404,2.4802944920895997e-15,-3.6246788220435314e-19
6354.593603017835,2.467362809665905e-15,-3.6246788220435314e-19
6356.868717818119,2.411286465384674e-15,-3.6246788220435314e-19
6359.14482742155,2.3427727130645723e-15,-3.6246788220435314e-19
6361.420937024983,2.301268309906304e-15,-3.6246788220435314e-19
6363.696051825265,2.321083220800142e-15,-3.6246788220435314e-19
6365.972161428697,2.33529635533264e-15,-3.6246788220435314e-19
6368.247276228981,2.272706573046949e-15,-3.6246788220435314e-19
6370.523385832412,2.2127346143549563e-15,-3.6246788220435314e-19
6372.798500632695,2.2357458329373232e-15,-3.6246788220435314e-19
6375.074610236127,2.2778433653573806e-15,-3.6246788220435314e-19
6377.350719839559,2.2802085598210574e-15,-3.6246788220435314e-19
6379.625834639843,2.2918661127194278e-15,-3.6246788220435314e-19
6381.901944243274,2.3452843591978268e-15,-3.6246788220435314e-19
6384.177059043557,2.3804327598964307e-15,-3.6246788220435314e-19
6386.453168646988,2.371832385600491e-15,-3.6246788220435314e-19
6388.728283447273,2.400602816088994e-15,-3.6246788220435314e-19
6391.004393050704,2.5064544215678835e-15,-3.6246788220435314e-19
6393.2805026541355,2.6355186166748094e-15,-3.6246788220435314e-19
6395.555617454419,2.7420731901676706e-15,-3.6246788220435314e-19
6397.83172705785,2.7923134354162377e-15,-3.6246788220435314e-19
6400.1068418581335,2.800921132295656e-15,-3.6246788220435314e-19
6402.382951461565,2.8622660753899385e-15,-3.6246788220435314e-19
6404.658066261849,2.9784791364914374e-15,-3.6246788220435314e-19
6406.934175865281,3.0362360136810705e-15,-3.6246788220435314e-19
6409.2092906655635,3.0386341597704023e-15,-3.6246788220435314e-19
6411.485400268995,3.095721020571718e-15,-3.6246788220435314e-19
6413.761509872427,3.22773987811237e-15,-3.6246788220435314e-19
6416.036624672711,3.3920330223361677e-15,-3.6246788220435314e-19
6418.312734276142,3.5448370330816086e-15,-3.6246788220435314e-19
6420.587849076425,3.635834777973598e-15,-3.6246788220435314e-19
6422.863958679857,3.7084125641244766e-15,-3.6246788220435314e-19
6425.13907348014,3.855559879132486e-15,-3.6246788220435314e-19
6427.415183083573,4.001352516196904e-15,-3.6246788220435314e-19
6429.691292687004,4.012043488076062e-15,-3.6246788220435314e-19
6431.966407487287,3.98978283430028e-15,-3.6246788220435314e-19
6434.242517090718,4.09563077848743e-15,-3.6246788220435314e-19
6436.517631891002,4.259912938836009e-15,-3.6246788220435314e-19
6438.7937414944345,4.367518303058089e-15,-3.6246788220435314e-19
6441.068856294717,4.451105593469457e-15,-3.6246788220435314e-19
6443.344965898149,4.5596995064611846e-15,-3.6246788220435314e-19
6445.62107550158,4.665876966904884e-15,-3.6246788220435314e-19
6447.8961903018635,4.741555867159066e-15,-3.6246788220435314e-19
6450.172299905295,4.796914598259367e-15,-3.6246788220435314e-19
6452.447414705579,4.8466349400809335e-15,-3.6246788220435314e-19
6454.723524309011,4.9203001298784246e-15,-3.6246788220435314e-19
6456.998639109293,5.018532587247544e-15,-3.6246788220435314e-19
6459.274748712725,5.029479849548463e-15,-3.6246788220435314e-19
6461.550858316156,4.92235045325251e-15,-3.6246788220435314e-19
6463.82597311644,4.892767215997851e-15,-3.6246788220435314e-19
6466.102082719873,5.026990171165645e-15,-3.6246788220435314e-19
6468.377197520155,5.166448773520835e-15,-3.6246788220435314e-19
6470.653307123587,5.23930847913565e-15,-3.6246788220435314e-19
6472.928421923871,5.328643997577935e-15,-3.6246788220435314e-19
6475.204531527302,5.449210334557625e-15,-3.6246788220435314e-19
6477.479646327585,5.5276352036163854e-15,-3.6246788220435314e-19
6479.755755931017,5.556888924614494e-15,-3.6246788220435314e-19
6482.031865534449,5.599542973378946e-15,-3.6246788220435314e-19
6484.306980334732,5.657537834531642e-15,-3.6246788220435314e-19
6486.5830899381635,5.6812996179205945e-15,-3.6246788220435314e-19
6488.858204738447,5.6740136473591124e-15,-3.6246788220435314e-19
6491.134314341879,5.673171550259042e-15,-3.6246788220435314e-19
6493.4094291421625,5.693015751486796e-15,-3.6246788220435314e-19
6495.6855387455935,5.735962703590402e-15,-3.6246788220435314e-19
6497.961648349025,5.781838689085559e-15,-3.6246788220435314e-19
6500.236763149309,5.798534179417396e-15,-3.6246788220435314e-19
6502.51287275274,5.812923055953387e-15,-3.6246788220435314e-19
6504.787987553024,5.8697829166668575e-15,-3.6246788220435314e-19
6507.064097156455,5.9274116486456105e-15,-3.6246788220435314e-19
6509.339211956739,5.9263864869585676e-15,-3.6246788220435314e-19
6511.61532156017,5.8755311446977756e-15,-3.6246788220435314e-19
6513.891431163602,5.803476923265637e-15,-3.6246788220435314e-19
6516.166545963885,5.752109000161323e-15,-3.6246788220435314e-19
6518.442655567317,5.756319485661677e-15,-3.6246788220435314e-19
6520.717770367601,5.79890030859134e-15,-3.6246788220435314e-19
6522.993879971032,5.851622909639246e-15,-3.6246788220435314e-19
6525.268994771315,5.878277113502354e-15,-3.6246788220435314e-19
6527.545104374747,5.8616914619227e-15,-3.6246788220435314e-19
6529.821213978179,5.869343561658125e-15,-3.6246788220435314e-19
6532.0963287784625,5.932098102072091e-15,-3.6246788220435314e-19
6534.3724383818935,5.955713433791466e-15,-3.6246788220435314e-19
6536.647553182177,5.8783137264197485e-15,-3.6246788220435314e-19
6538.923662785608,5.70575704674004e-15,-3.6246788220435314e-19
6541.198777585892,5.511525519962859e-15,-3.6246788220435314e-19
6543.474887189324,5.513722295006521e-15,-3.6246788220435314e-19
6545.750001989607,5.7183885032411e-15,-3.6246788220435314e-19
6548.026111593039,5.778909655694009e-15,-3.6246788220435314e-19
6550.30222119647,5.635020890334099e-15,-3.6246788220435314e-19
6552.577335996753,5.600458296313805e-15,-3.6246788220435314e-19
6554.853445600185,5.726223667563498e-15,-3.6246788220435314e-19
6557.128560400469,5.804794988291835e-15,-3.6246788220435314e-19
6559.404670003901,5.779202559033164e-15,-3.6246788220435314e-19
6561.679784804183,5.704292530044264e-15,-3.6246788220435314e-19
6563.955894407615,5.610453622762471e-15,-3.6246788220435314e-19
6566.232004011046,5.518628425937368e-15,-3.6246788220435314e-19
6568.507118811331,5.453786949231923e-15,-3.6246788220435314e-19
6570.783228414763,5.438812266017621e-15,-3.6246788220435314e-19
6573.058343215045,5.43445532884769e-15,-3.6246788220435314e-19
6575.334452818477,5.375838048099289e-15,-3.6246788220435314e-19
6577.60956761876,5.305065278775955e-15,-3.6246788220435314e-19
6579.885677222192,5.295728984840388e-15,-3.6246788220435314e-19
6582.1617868256235,5.2948868877403175e-15,-3.6246788220435314e-19
6584.436901625907,5.226640409717194e-15,-3.6246788220435314e-19
6586.713011229339,5.14407828099287e-15,-3.6246788220435314e-19
6588.9881260296215,5.115593431260043e-15,-3.6246788220435314e-19
6591.264235633053,5.091136002440598e-15,-3.6246788220435314e-19
6593.539350433337,5.023511944013179e-15,-3.6246788220435314e-19
6595.815460036769,5.0169582317995855e-15,-3.6246788220435314e-19
6598.091569640201,5.137341504192304e-15,-3.6246788220435314e-19
6600.366684440483,5.209176048120076e-15,-3.6246788220435314e-19
6602.642794043915,5.107245686094124e-15,-3.6246788220435314e-19
6604.917908844198,4.948199172932942e-15,-3.6246788220435314e-19
6607.194018447631,4.831916547288394e-15,-3.6246788220435314e-19
6609.469133247914,4.757262808721255e-15,-3.6246788220435314e-19
6611.745242851345,4.727752797301385e-15,-3.6246788220435314e-19
6614.020357651629,4.766416038069849e-15,-3.6246788220435314e-19
6616.29646725506,4.850442683489949e-15,-3.6246788220435314e-19
6618.572576858492,4.878817694470593e-15,-3.6246788220435314e-19
6620.847691658776,4.8303788047578296e-15,-3.6246788220435314e-19
6623.123801262207,4.810534603530076e-15,-3.6246788220435314e-19
6625.398916062491,4.824191221718179e-15,-3.6246788220435314e-19
6627.675025665922,4.754260549494915e-15,-3.6246788220435314e-19
6629.950140466205,4.603232265243102e-15,-3.6246788220435314e-19
6632.226250069636,4.484240283711369e-15,-3.6246788220435314e-19
6634.502359673069,4.427563487584871e-15,-3.6246788220435314e-19
6636.777474473352,4.399517992860776e-15,-3.6246788220435314e-19
6639.053584076783,4.406364608413525e-15,-3.6246788220435314e-19
6641.328698877067,4.470693504275449e-15,-3.6246788220435314e-19
6643.604808480498,4.5610907973221714e-15,-3.6246788220435314e-19
6645.879923280781,4.6278727586495185e-15,-3.6246788220435314e-19
6648.156032884214,4.585731290728588e-15,-3.6246788220435314e-19
6650.432142487645,4.349248457278294e-15,-3.6246788220435314e-19
6652.707257287929,4.108884654584195e-15,-3.6246788220435314e-19
6654.98336689136,4.117195786832719e-15,-3.6246788220435314e-19
6657.258481691643,4.242778093495439e-15,-3.6246788220435314e-19
6659.534591295075,4.273203427850168e-15,-3.6246788220435314e-19
6661.809706095359,4.222494537258953e-15,-3.6246788220435314e-19
6664.085815698791,4.147657734104842e-15,-3.6246788220435314e-19
6666.361925302222,4.104893846588208e-15,-3.6246788220435314e-19
6668.637040102505,4.131840953790471e-15,-3.6246788220435314e-19
6670.913149705937,4.131621276286104e-15,-3.6246788220435314e-19
6673.188264506221,4.034340754769239e-15,-3.6246788220435314e-19
6675.464374109652,3.953279755658084e-15,-3.6246788220435314e-19
6677.739488909935,3.967156051350553e-15,-3.6246788220435314e-19
6680.015598513367,4.0019383228752134e-15,-3.6246788220435314e-19
6682.29071331365,3.994945255652887e-15,-3.6246788220435314e-19
6684.566822917082,3.923842970073003e-15,-3.6246788220435314e-19
6686.842932520513,3.80902486112423e-15,-3.6246788220435314e-19
6689.118047320797,3.765785005681469e-15,-3.6246788220435314e-19
6691.394156924229,3.824292447677686e-15,-3.6246788220435314e-19
6693.669271724511,3.866104399342067e-15,-3.6246788220435314e-19
6695.945381327943,3.835788903739521e-15,-3.6246788220435314e-19
6698.220496128227,3.759341132220058e-15,-3.6246788220435314e-19
6700.496605731659,3.681392231087424e-15,-3.6246788220435314e-19
6702.77271533509,3.679744649804677e-15,-3.6246788220435314e-19
6705.047830135373,3.7200920847732834e-15,-3.6246788220435314e-19
6707.323939738805,3.659808916283438e-15,-3.6246788220435314e-19
6709.599054539088,3.52502578347951e-15,-3.6246788220435314e-19
6711.875164142521,3.465980131597595e-15,-3.6246788220435314e-19
6714.150278942804,3.4600817906053605e-15,-3.6246788220435314e-19
6716.426388546235,3.387152520447497e-15,-3.6246788220435314e-19
6718.702498149667,3.29144635437859e-15,-3.6246788220435314e-19
6720.97761294995,3.285419868175475e-15,-3.6246788220435314e-19
6723.253722553382,3.3351365487053024e-15,-3.6246788220435314e-19
6725.528837353665,3.3577596703632894e-15,-3.6246788220435314e-19
6727.804946957097,3.3394678568330574e-15,-3.6246788220435314e-19
6730.0800617573805,3.2889859663296875e-15,-3.6246788220435314e-19
6732.3561713608115,3.258890148231508e-15,-3.6246788220435314e-19
6734.631286161095,3.300010115757135e-15,-3.6246788220435314e-19
6736.907395764527,3.343601455206883e-15,-3.6246788220435314e-19
6739.183505367959,3.3156804444019292e-15,-3.6246788220435314e-19
6741.458620168242,3.251175806536512e-15,-3.6246788220435314e-19
6743.734729771673,3.1960147851901407e-15,-3.6246788220435314e-19
6746.009844571957,3.1690493715291806e-15,-3.6246788220435314e-19
6748.285954175388,3.1779096975386203e-15,-3.6246788220435314e-19
6750.561068975672,3.201202835584924e-15,-3.6246788220435314e-19
6752.837178579103,3.2134315499946467e-15,-3.6246788220435314e-19
6755.113288182535,3.1894171374756737e-15,-3.6246788220435314e-19
6757.388402982819,3.1225363212713613e-15,-3.6246788220435314e-19
6759.66451258625,3.049090808978237e-15,-3.6246788220435314e-19
6761.939627386533,2.9921577224299773e-15,-3.6246788220435314e-19
6764.215736989965,2.9406213799056493e-15,-3.6246788220435314e-19
6766.490851790249,2.898062524726423e-15,-3.6246788220435314e-19
6768.7669613936805,2.891691877099801e-15,-3.6246788220435314e-19
6771.0430709971115,2.920209678458283e-15,-3.6246788220435314e-19
6773.318185797395,2.951462464746125e-15,-3.6246788220435314e-19
6775.594295400827,2.9563100150091406e-15,-3.6246788220435314e-19
6777.86941020111,2.902961333073791e-15,-3.6246788220435314e-19
6780.145519804541,2.8329830640579143e-15,-3.6246788220435314e-19
6782.420634604825,2.8544016207336258e-15,-3.6246788220435314e-19
6784.696744208257,2.931036118131801e-15,-3.6246788220435314e-19
6786.972853811689,2.9273784876841025e-15,-3.6246788220435314e-19
6789.247968611972,2.8732682570669494e-15,-3.6246788220435314e-19
6791.524078215403,2.8853761488492707e-15,-3.6246788220435314e-19
6793.799193015687,2.9331743125076325e-15,-3.6246788220435314e-19
6796.075302619119,2.9284109719546238e-15,-3.6246788220435314e-19
6798.350417419401,2.889462150430483e-15,-3.6246788220435314e-19
6800.626527022834,2.8662458995107074e-15,-3.6246788220435314e-19
6802.901641823117,2.8689223037722367e-15,-3.6246788220435314e-19
6805.177751426549,2.8949650719148584e-15,-3.6246788220435314e-19
6807.45386102998,2.882410502540326e-15,-3.6246788220435314e-19
6809.728975830263,2.776870106859289e-15,-3.6246788220435314e-19
6812.005085433695,2.692678703310914e-15,-3.6246788220435314e-19
6814.280200233978,2.736650817101563e-15,-3.6246788220435314e-19
6816.5563098374105,2.8184221068101697e-15,-3.6246788220435314e-19
6818.831424637694,2.839258518099311e-15,-3.6246788220435314e-19
6821.107534241125,2.7719017339688716e-15,-3.6246788220435314e-19
6823.383643844557,2.626845016544081e-15,-3.6246788220435314e-19
6825.6587586448395,2.5322079476630897e-15,-3.6246788220435314e-19
6827.934868248272,2.54829566356618e-15,-3.6246788220435314e-19
6830.209983048555,2.5092040516642014e-15,-3.6246788220435314e-19
6832.486092651987,2.3393274375377614e-15,-3.6246788220435314e-19
6834.76120745227,2.187039668927581e-15,-3.6246788220435314e-19
6837.037317055701,2.1333285191100266e-15,-3.6246788220435314e-19
6839.313426659134,2.126675952019468e-15,-3.6246788220435314e-19
6841.588541459417,2.151850994019843e-15,-3.6246788220435314e-19
6843.864651062849,2.2516834358790964e-15,-3.6246788220435314e-19
6846.139765863132,2.3854670360381577e-15,-3.6246788220435314e-19
6848.415875466563,2.4156324186793866e-15,-3.6246788220435314e-19
6850.690990266847,2.341440002871417e-15,-3.6246788220435314e-19
6852.967099870279,2.290255144354075e-15,-3.6246788220435314e-19
6855.2432094737105,2.3089460386839056e-15,-3.6246788220435314e-19
6857.518324273993,2.3888097953962645e-15,-3.6246788220435314e-19
6859.794433877425,2.461695130053255e-15,-3.6246788220435314e-19
6862.069548677709,2.416412273819887e-15,-3.6246788220435314e-19
6864.34565828114,2.3141560568291255e-15,-3.6246788220435314e-19
6866.620773081424,2.3047575209339885e-15,-3.6246788220435314e-19
6868.896882684855,2.3424139064741075e-15,-3.6246788220435314e-19
6871.1719974851385,2.3080270544573066e-15,-3.6246788220435314e-19
6873.4481070885695,2.262641682055234e-15,-3.6246788220435314e-19
6875.724216692001,2.3109890394745116e-15,-3.6246788220435314e-19
6877.999331492285,2.403535510772284e-15,-3.6246788220435314e-19
6880.275441095717,2.458458548155592e-15,-3.6246788220435314e-19
6882.550555896,2.4721920534702236e-15,-3.6246788220435314e-19
6884.826665499431,2.457180757338528e-15,-3.6246788220435314e-19
6887.101780299715,2.391043183357322e-15,-3.6246788220435314e-19
6889.377889903147,2.2736402024405057e-15,-3.6246788220435314e-19
6891.653999506579,2.247322837417426e-15,-3.6246788220435314e-19
6893.929114306862,2.399156605851916e-15,-3.6246788220435314e-19
6896.205223910293,2.5331342544731678e-15,-3.6246788220435314e-19
6898.480338710577,2.507545486506236e-15,-3.6246788220435314e-19
6900.756448314008,2.438350733922599e-15,-3.6246788220435314e-19
6903.031563114291,2.4171042579586408e-15,-3.6246788220435314e-19
6905.307672717724,2.435582797367584e-15,-3.6246788220435314e-19
6907.583782321155,2.4747915706052246e-15,-3.6246788220435314e-19
6909.8588971214385,2.4937241101898578e-15,-3.6246788220435314e-19
6912.1350067248695,2.4650854862039745e-15,-3.6246788220435314e-19
6914.410121525153,2.384958116486376e-15,-3.6246788220435314e-19
6916.686231128586,2.2898011441783845e-15,-3.6246788220435314e-19
6918.9613459288685,2.276679074584239e-15,-3.6246788220435314e-19
6921.2374555323,2.341066551113994e-15,-3.6246788220435314e-19
6923.513565135731,2.357937783449324e-15,-3.6246788220435314e-19
6925.788679936015,2.322862608585509e-15,-3.6246788220435314e-19
6928.064789539446,2.3424651645584596e-15,-3.6246788220435314e-19
6930.339904339729,2.403059542846157e-15,-3.6246788220435314e-19
6932.616013943162,2.4043702852888757e-15,-3.6246788220435314e-19
6934.891128743445,2.3819631798435156e-15,-3.6246788220435314e-19
6937.167238346877,2.4469767372607148e-15,-3.6246788220435314e-19
6939.44235314716,2.5461281788564327e-15,-3.6246788220435314e-19
6941.718462750591,2.554300182018858e-15,-3.6246788220435314e-19
6943.994572354024,2.498842596041592e-15,-3.6246788220435314e-19
6946.269687154307,2.462797178866826e-15,-3.6246788220435314e-19
6948.545796757739,2.4202785978967333e-15,-3.6246788220435314e-19
6950.820911558021,2.323539947557305e-15,-3.6246788220435314e-19
6953.097021161453,2.261484713865572e-15,-3.6246788220435314e-19
6955.372135961737,2.3290099174160253e-15,-3.6246788220435314e-19
6957.6482455651685,2.413677288890527e-15,-3.6246788220435314e-19
6959.9243551686,2.394096700668013e-15,-3.6246788220435314e-19
6962.199469968883,2.3545877015077383e-15,-3.6246788220435314e-19
6964.475579572315,2.3796638886311486e-15,-3.6246788220435314e-19
6966.750694372598,2.3983181700435848e-15,-3.6246788220435314e-19
6969.02680397603,2.3604933650834516e-15,-3.6246788220435314e-19
6971.301918776314,2.357436186481021e-15,-3.6246788220435314e-19
6973.578028379745,2.43612832983676e-15,-3.6246788220435314e-19
6975.854137983177,2.4779366202094016e-15,-3.6246788220435314e-19
6978.129252783459,2.429863859670582e-15,-3.6246788220435314e-19
6980.405362386891,2.4225888729843188e-15,-3.6246788220435314e-19
6982.680477187176,2.500581709617825e-15,-3.6246788220435314e-19
6984.956586790607,2.5269283649748205e-15,-3.6246788220435314e-19
6987.23170159089,2.462112517311551e-15,-3.6246788220435314e-19
6989.507811194321,2.425239648203672e-15,-3.6246788220435314e-19
6991.783920797753,2.442129186997699e-15,-3.6246788220435314e-19
6994.059035598036,2.419227807167515e-15,-3.6246788220435314e-19
6996.335145201469,2.350512683801744e-15,-3.6246788220435314e-19
6998.610260001752,2.3154411702296684e-15,-3.6246788220435314e-19
7000.886369605183,2.330452466361364e-15,-3.6246788220435314e-19
7003.161484405467,2.3635322372271854e-15,-3.6246788220435314e-19
7005.437594008898,2.392306329007428e-15,-3.6246788220435314e-19
7007.712708809181,2.399006492890599e-15,-3.6246788220435314e-19
7009.988818412614,2.3845480518115587e-15,-3.6246788220435314e-19
7012.264928016045,2.3622214947844663e-15,-3.6246788220435314e-19
7014.540042816328,2.3462802305509538e-15,-3.6246788220435314e-19
7016.816152419759,2.3503625708404273e-15,-3.6246788220435314e-19
7019.091267220043,2.367032432130088e-15,-3.6246788220435314e-19
7021.367376823475,2.3808647923216844e-15,-3.6246788220435314e-19
7023.642491623758,2.3913251028212583e-15,-3.6246788220435314e-19
7025.91860122719,2.4017671068621355e-15,-3.6246788220435314e-19
7028.194710830621,2.4081633835309334e-15,-3.6246788220435314e-19
7030.469825630905,2.4073945122656513e-15,-3.6246788220435314e-19
7032.745935234337,2.405886060069003e-15,-3.6246788220435314e-19
7035.02105003462,2.4113670138029416e-15,-3.6246788220435314e-19
7037.297159638052,2.4393502665674655e-15,-3.6246788220435314e-19
7039.572274438335,2.4931199970528505e-15,-3.6246788220435314e-19
7041.848384041767,2.5161751511360913e-15,-3.6246788220435314e-19
7044.124493645198,2.4745169737247665e-15,-3.6246788220435314e-19
7046.399608445481,2.4334555868669706e-15,-3.6246788220435314e-19
7048.675718048913,2.4353374908210416e-15,-3.6246788220435314e-19
7050.950832849197,2.4410161543089096e-15,-3.6246788220435314e-19
7053.2269424526285,2.418301500357437e-15,-3.6246788220435314e-19
7055.502057252911,2.350102619126927e-15,-3.6246788220435314e-19
7057.778166856343,2.2542756304306187e-15,-3.6246788220435314e-19
7060.054276459775,2.2175309065336196e-15,-3.6246788220435314e-19
7062.329391260058,2.2588302773544792e-15,-3.6246788220435314e-19
7064.60550086349,2.2913022737915542e-15,-3.6246788220435314e-19
7066.880615663773,2.29198327405509e-15,-3.6246788220435314e-19
7069.156725267205,2.3135702501508154e-15,-3.6246788220435314e-19
7071.431840067487,2.3677134323936234e-15,-3.6246788220435314e-19
7073.70794967092,2.4356011038262812e-15,-3.6246788220435314e-19
7075.983064471204,2.473213553865527e-15,-3.6246788220435314e-19
7078.259174074635,2.4138347244353227e-15,-3.6246788220435314e-19
7080.535283678067,2.3036737785791147e-15,-3.6246788220435314e-19
7082.810398478349,2.2569337282334504e-15,-3.6246788220435314e-19
7085.086508081782,2.3021250521733326e-15,-3.6246788220435314e-19
7087.361622882066,2.422325259979079e-15,-3.6246788220435314e-19
7089.637732485497,2.5250757513546647e-15,-3.6246788220435314e-19
7091.91284728578,2.492830755005435e-15,-3.6246788220435314e-19
7094.188956889211,2.393488926239266e-15,-3.6246788220435314e-19
7096.465066492643,2.3513584421935543e-15,-3.6246788220435314e-19
7098.7401812929265,2.3433914713685373e-15,-3.6246788220435314e-19
7101.016290896358,2.3144452988765414e-15,-3.6246788220435314e-19
7103.291405696642,2.2814643828876847e-15,-3.6246788220435314e-19
7105.567515300073,2.2673281354817148e-15,-3.6246788220435314e-19
7107.8426301003565,2.242943932497058e-15,-3.6246788220435314e-19
7110.1187397037875,2.186809007547996e-15,-3.6246788220435314e-19
7112.39484930722,2.1585108836938805e-15,-3.6246788220435314e-19
7114.669964107504,2.2001324481878107e-15,-3.6246788220435314e-19
7116.946073710935,2.2510463711164342e-15,-3.6246788220435314e-19
7119.221188511218,2.2583543094283525e-15,-3.6246788220435314e-19
7121.497298114649,2.220240262420804e-15,-3.6246788220435314e-19
7123.772412914933,2.1517814294767937e-15,-3.6246788220435314e-19
7126.048522518365,2.1105186715733283e-15,-3.6246788220435314e-19
7128.324632121797,2.1105369780320255e-15,-3.6246788220435314e-19
7130.59974692208,2.0539663593659704e-15,-3.6246788220435314e-19
7132.875856525511,1.9387308631589017e-15,-3.6246788220435314e-19
7135.150971325795,1.9376288143453308e-15,-3.6246788220435314e-19
7137.427080929227,2.072997753827569e-15,-3.6246788220435314e-19
7139.70219572951,2.165035305573559e-15,-3.6246788220435314e-19
7141.978305332941,2.1318713249977303e-15,-3.6246788220435314e-19
7144.253420133225,1.984874122951038e-15,-3.6246788220435314e-19
7146.5295297366565,1.8297561758262717e-15,-3.6246788220435314e-19
7148.805639340088,1.876049548579725e-15,-3.6246788220435314e-19
7151.080754140372,2.035634271626605e-15,-3.6246788220435314e-19
7153.356863743803,1.9970515792764084e-15,-3.6246788220435314e-19
7155.631978544086,1.8053133921737842e-15,-3.6246788220435314e-19
7157.908088147518,1.7099587101118634e-15,-3.6246788220435314e-19
7160.183202947801,1.7408307220588037e-15,-3.6246788220435314e-19
7162.459312551233,1.8285589334274757e-15,-3.6246788220435314e-19
7164.735422154665,1.9180958229154296e-15,-3.6246788220435314e-19
7167.010536954948,1.955587450327274e-15,-3.6246788220435314e-19
7169.286646558379,1.979634814471902e-15,-3.6246788220435314e-19
7171.561761358663,2.053494052731583e-15,-3.6246788220435314e-19
7173.837870962095,2.1205615948146066e-15,-3.6246788220435314e-19
7176.112985762377,2.1112912041303497e-15,-3.6246788220435314e-19
7178.38909536581,2.0910808737286527e-15,-3.6246788220435314e-19
7180.665204969241,2.1317614862455474e-15,-3.6246788220435314e-19
7182.940319769525,2.1864172493318765e-15,-3.6246788220435314e-19
7185.216429372957,2.203962159347263e-15,-3.6246788220435314e-19
7187.491544173239,2.2030980944967554e-15,-3.6246788220435314e-19
7189.767653776672,2.1987667863690005e-15,-3.6246788220435314e-19
7192.042768576955,2.1503352192397158e-15,-3.6246788220435314e-19
7194.3188781803865,2.0555297309387107e-15,-3.6246788220435314e-19
7196.59399298067,2.0504698257548074e-15,-3.6246788220435314e-19
7198.870102584101,2.1732402603616392e-15,-3.6246788220435314e-19
7201.146212187534,2.2019777392244874e-15,-3.6246788220435314e-19
7203.421326987816,2.051278971229223e-15,-3.6246788220435314e-19
7205.697436591248,1.9218925824492266e-15,-3.6246788220435314e-19
7207.972551391532,1.9019898005536423e-15,-3.6246788220435314e-19
7210.248660994963,1.894637926740851e-15,-3.6246788220435314e-19
7212.523775795246,1.8654025122014393e-15,-3.6246788220435314e-19
7214.799885398678,1.8530639590395333e-15,-3.6246788220435314e-19
7217.07599500211,1.8645347860591924e-15,-3.6246788220435314e-19
7219.351109802393,1.8823945671641706e-15,-3.6246788220435314e-19
7221.627219405825,1.895080943041323e-15,-3.6246788220435314e-19
7223.902334206108,1.8891423278399546e-15,-3.6246788220435314e-19
7226.178443809539,1.8975120407563097e-15,-3.6246788220435314e-19
7228.453558609824,1.989626479628828e-15,-3.6246788220435314e-19
7230.729668213255,2.0960126337016756e-15,-3.6246788220435314e-19
7233.0057778166865,2.0719433018066107e-15,-3.6246788220435314e-19
7235.28089261697,1.998245160383465e-15,-3.6246788220435314e-19
7237.557002220401,2.046980614727123e-15,-3.6246788220435314e-19
7239.832117020685,2.164486111812643e-15,-3.6246788220435314e-19
7242.1082266241165,2.2238649412428473e-15,-3.6246788220435314e-19
7244.3833414244,2.2074843220006023e-15,-3.6246788220435314e-19
7246.659451027831,2.1321569057534064e-15,-3.6246788220435314e-19
7248.935560631263,2.0299043500543846e-15,-3.6246788220435314e-19
7251.210675431546,1.939367927921564e-15,-3.6246788220435314e-19
7253.486785034978,1.9036263979611712e-15,-3.6246788220435314e-19
7255.761899835262,1.9448928171563756e-15,-3.6246788220435314e-19
7258.038009438693,1.97228660195085e-15,-3.6246788220435314e-19
7260.313124238976,1.914086708460745e-15,-3.6246788220435314e-19
7262.589233842408,1.863194753282558e-15,-3.6246788220435314e-19
7264.864348642691,1.891353748050575e-15,-3.6246788220435314e-19
7267.140458246124,1.9364645235721897e-15,-3.6246788220435314e-19
7269.416567849555,1.9519224972960963e-15,-3.6246788220435314e-19
7271.691682649838,1.954642837058499e-15,-3.6246788220435314e-19
7273.967792253269,1.9632358887709597e-15,-3.6246788220435314e-19
7276.242907053553,1.9995888544518387e-15,-3.6246788220435314e-19
7278.519016656985,2.067282477422306e-15,-3.6246788220435314e-19
7280.794131457268,2.135320261816281e-15,-3.6246788220435314e-19
7283.0702410607,2.1802406501674448e-15,-3.6246788220435314e-19
7285.346350664131,2.190426363786561e-15,-3.6246788220435314e-19
7287.6214654644145,2.1725885504320192e-15,-3.6246788220435314e-19
7289.8975750678455,2.1571049476659363e-15,-3.6246788220435314e-19
7292.172689868129,2.1526454943273012e-15,-3.6246788220435314e-19
7294.448799471562,2.145396136683214e-15,-3.6246788220435314e-19
7296.7239142718445,2.132687793055625e-15,-3.6246788220435314e-19
7299.000023875276,2.119477852459733e-15,-3.6246788220435314e-19
7301.276133478707,2.1066377023295243e-15,-3.6246788220435314e-19
7303.551248278991,2.092816326013146e-15,-3.6246788220435314e-19
7305.827357882424,2.078409143018458e-15,-3.6246788220435314e-19
7308.102472682706,2.065583638055207e-15,-3.6246788220435314e-19
7310.378582286138,2.042491871054572e-15,-3.6246788220435314e-19
7312.653697086421,1.993240174575653e-15,-3.6246788220435314e-19
7314.929806689853,1.950121141760293e-15,-3.6246788220435314e-19
7317.205916293285,1.9567554023921547e-15,-3.6246788220435314e-19
7319.481031093568,1.9811359440850717e-15,-3.6246788220435314e-19
7321.757140697,1.9776979911417394e-15,-3.6246788220435314e-19
7324.032255497283,1.9809785085402756e-15,-3.6246788220435314e-19
7326.308365100715,2.0307501084461946e-15,-3.6246788220435314e-19
7328.583479900998,2.0868923559787356e-15,-3.6246788220435314e-19
7330.85958950443,2.1101745101498214e-15,-3.6246788220435314e-19
7333.1347043047135,2.132036083126005e-15,-3.6246788220435314e-19
7335.4108139081445,2.1807129568018322e-15,-3.6246788220435314e-19
7337.686923511576,2.241655157804776e-15,-3.6246788220435314e-19
7339.962038311859,2.2961717918050065e-15,-3.6246788220435314e-19
7342.238147915291,2.318699719877768e-15,-3.6246788220435314e-19
7344.513262715575,2.3034357946160513e-15,-3.6246788220435314e-19
7346.789372319006,2.3060023601253973e-15,-3.6246788220435314e-19
7349.06448711929,2.3374418722919506e-15,-3.6246788220435314e-19
7351.340596722721,2.299814777085747e-15,-3.6246788220435314e-19
7353.616706326153,2.178922585141247e-15,-3.6246788220435314e-19
7355.891821126436,2.107798331810926e-15,-3.6246788220435314e-19
7358.167930729868,2.1300663081701876e-15,-3.6246788220435314e-19
7360.443045530152,2.1680009518825037e-15,-3.6246788220435314e-19
7362.719155133583,2.1720210502124067e-15,-3.6246788220435314e-19
7364.994269933866,2.1195437557110428e-15,-3.6246788220435314e-19
7367.270379537297,2.0313322538327653e-15,-3.6246788220435314e-19
7369.54648914073,1.9663772770833973e-15,-3.6246788220435314e-19
7371.821603941014,1.9703131657032932e-15,-3.6246788220435314e-19
7374.097713544445,2.0851276133603266e-15,-3.6246788220435314e-19
7376.372828344728,2.2019521101823115e-15,-3.6246788220435314e-19
7378.648937948159,2.1201954656406628e-15,-3.6246788220435314e-19
7380.924052748443,1.9635031630679387e-15,-3.6246788220435314e-19
7383.200162351875,2.0036199366569597e-15,-3.6246788220435314e-19
7385.476271955306,2.1563360764006547e-15,-3.6246788220435314e-19
7387.75138675559,2.212207388344477e-15,-3.6246788220435314e-19
7390.027496359021,2.179391230483895e-15,-3.6246788220435314e-19
7392.302611159304,2.1283455010526516e-15,-3.6246788220435314e-19
7394.578720762735,2.116032576932922e-15,-3.6246788220435314e-19
7396.85383556302,2.1867797172140806e-15,-3.6246788220435314e-19
7399.129945166452,2.2545209369771608e-15,-3.6246788220435314e-19
7401.405059966734,2.23094587946692e-15,-3.6246788220435314e-19
7403.681169570166,2.2072024025366655e-15,-3.6246788220435314e-19
7405.957279173597,2.2657208284081015e-15,-3.6246788220435314e-19
7408.232393973881,2.315001815220936e-15,-3.6246788220435314e-19
7410.508503577313,2.2793408336788106e-15,-3.6246788220435314e-19
7412.783618377596,2.204229433644242e-15,-3.6246788220435314e-19
7415.059727981028,2.1374914078177675e-15,-3.6246788220435314e-19
7417.334842781311,2.1131804306679e-15,-3.6246788220435314e-19
7419.610952384743,2.1326438575547517e-15,-3.6246788220435314e-19
7421.8870619881745,2.110097623023293e-15,-3.6246788220435314e-19
7424.162176788458,2.0174962323494294e-15,-3.6246788220435314e-19
7426.43828639189,1.9481184151788206e-15,-3.6246788220435314e-19
7428.713401192173,1.950322512805962e-15,-3.6246788220435314e-19
7430.9895107956045,2.0003211127997264e-15,-3.6246788220435314e-19
7433.264625595887,2.06823441327456e-15,-3.6246788220435314e-19
7435.54073519932,2.114216576230161e-15,-3.6246788220435314e-19
7437.816844802751,2.1235528701657273e-15,-3.6246788220435314e-19
7440.091959603034,2.109127380712342e-15,-3.6246788220435314e-19
7442.368069206466,2.09500577847333e-15,-3.6246788220435314e-19
7444.643184006749,2.119704852547578e-15,-3.6246788220435314e-19
7446.919293610182,2.1501082191518705e-15,-3.6246788220435314e-19
7449.194408410465,2.1006881032529375e-15,-3.6246788220435314e-19
7451.470518013896,2.0208646207497123e-15,-3.6246788220435314e-19
7453.746627617328,2.0331628997024842e-15,-3.6246788220435314e-19
7456.021742417611,2.106249605405144e-15,-3.6246788220435314e-19
7458.297852021043,2.1419105869472692e-15,-3.6246788220435314e-19
7460.572966821326,2.1662179028053975e-15,-3.6246788220435314e-19
7462.849076424758,2.2419004643513184e-15,-3.6246788220435314e-19
7465.124191225042,2.315020121679633e-15,-3.6246788220435314e-19
7467.400300828473,2.309268232356976e-15,-3.6246788220435314e-19
7469.675415628756,2.2879704983086655e-15,-3.6246788220435314e-19
7471.951525232187,2.325429174094855e-15,-3.6246788220435314e-19
7474.22763483562,2.274101525199675e-15,-3.6246788220435314e-19
7476.5027496359035,2.0152957960140272e-15,-3.6246788220435314e-19
7478.778859239334,1.824040899421009e-15,-3.6246788220435314e-19
7481.053974039618,1.9230861635562837e-15,-3.6246788220435314e-19
7483.330083643049,2.071159785374371e-15,-3.6246788220435314e-19
7485.6051984433325,2.0635406372646006e-15,-3.6246788220435314e-19
7487.881308046764,1.99775820858212e-15,-3.6246788220435314e-19
7490.157417650196,1.9576414349930984e-15,-3.6246788220435314e-19
7492.43253245048,1.9384306372362677e-15,-3.6246788220435314e-19
7494.708642053911,1.93502929721033e-15,-3.6246788220435314e-19
7496.983756854194,1.932286989697491e-15,-3.6246788220435314e-19
7499.259866457626,1.9262275518687213e-15,-3.6246788220435314e-19
7501.53498125791,1.9394301698811344e-15,-3.6246788220435314e-19
7503.811090861342,1.9798288629340923e-15,-3.6246788220435314e-19
7506.087200464773,2.034847093902626e-15,-3.6246788220435314e-19
7508.362315265056,2.0889719696867364e-15,-3.6246788220435314e-19
7510.638424868487,2.1250832901128126e-15,-3.6246788220435314e-19
7512.913539668772,2.132285050964287e-15,-3.6246788220435314e-19
7515.189649272203,2.101200684096459e-15,-3.6246788220435314e-19
7517.464764072486,2.0740814961824422e-15,-3.6246788220435314e-19
7519.740873675918,2.136850681763366e-15,-3.6246788220435314e-19
7522.016983279349,2.239121543921085e-15,-3.6246788220435314e-19
7524.2920980796325,2.244488997611101e-15,-3.6246788220435314e-19
7526.568207683064,2.1612275621645435e-15,-3.6246788220435314e-19
7528.843322483348,2.071998221182702e-15,-3.6246788220435314e-19
7531.11943208678,2.006775970136355e-15,-3.6246788220435314e-19
7533.3945468870625,1.9752815385937104e-15,-3.6246788220435314e-19
7535.670656490494,1.9594720808628173e-15,-3.6246788220435314e-19
7537.945771290777,1.928885649671553e-15,-3.6246788220435314e-19
7540.22188089421,1.91783220991019e-15,-3.6246788220435314e-19
7542.497990497641,1.964023066494939e-15,-3.6246788220435314e-19
7544.773105297924,1.971642214604709e-15,-3.6246788220435314e-19
7547.049214901356,1.8422851161586283e-15,-3.6246788220435314e-19
7549.324329701639,1.6446192977298544e-15,-3.6246788220435314e-19
7551.600439305072,1.4596728068038878e-15,-3.6246788220435314e-19
7553.875554105355,1.2650641669775445e-15,-3.6246788220435314e-19
7556.151663708786,1.0407075317682684e-15,-3.6246788220435314e-19
7558.427773312217,8.123344595208286e-16,-3.6246788220435314e-19
7560.702888112501,6.096307036585882e-16,-3.6246788220435314e-19
7562.9789977159335,4.620367110583671e-16,-3.6246788220435314e-19
7565.254112516216,3.9570142732323105e-16,-3.6246788220435314e-19
7567.530222119648,4.3376421624642755e-16,-3.6246788220435314e-19
7569.8053369199315,5.686388813438413e-16,-3.6246788220435314e-19
7572.0814465233625,7.388267052681336e-16,-3.6246788220435314e-19
7574.357556126794,8.949991044138577e-16,-3.6246788220435314e-19
7576.632670927078,1.0176780067272038e-15,-3.6246788220435314e-19
7578.90878053051,1.0922036000834625e-15,-3.6246788220435314e-19
7581.183895330792,1.1118940270581595e-15,-3.6246788220435314e-19
7583.460004934224,1.0827830964378888e-15,-3.6246788220435314e-19
7585.735119734508,1.0211306048374938e-15,-3.6246788220435314e-19
7588.011229337939,9.517454650834058e-16,-3.6246788220435314e-19
7590.286344138222,9.047344791490232e-16,-3.6246788220435314e-19
7592.562453741654,8.878961984393482e-16,-3.6246788220435314e-19
7594.838563345086,8.948123785351464e-16,-3.6246788220435314e-19
7597.11367814537,8.972764278757882e-16,-3.6246788220435314e-19
7599.389787748801,8.51316232670624e-16,-3.6246788220435314e-19
7601.664902549084,8.278070784116932e-16,-3.6246788220435314e-19
7603.941012152516,9.468759470699535e-16,-3.6246788220435314e-19
7606.2161269528,1.1385079567121337e-15,-3.6246788220435314e-19
7608.492236556231,1.264807876555784e-15,-3.6246788220435314e-19
7610.7683461596625,1.3186801232098734e-15,-3.6246788220435314e-19
7613.043460959946,1.3360163395961117e-15,-3.6246788220435314e-19
7615.319570563378,1.35817447720319e-15,-3.6246788220435314e-19
7617.5946853636615,1.4247074706922557e-15,-3.6246788220435314e-19
7619.8707949670925,1.5062005022286648e-15,-3.6246788220435314e-19
7622.145909767376,1.5669303483107214e-15,-3.6246788220435314e-19
7624.422019370808,1.6409726511573742e-15,-3.6246788220435314e-19
7626.698128974239,1.7565559700796896e-15,-3.6246788220435314e-19
7628.973243774523,1.881380389352346e-15,-3.6246788220435314e-19
7631.249353377954,1.9764494906585913e-15,-3.6246788220435314e-19
7633.524468178238,1.991171544742871e-15,-3.6246788220435314e-19
7635.800577781669,1.915606144532612e-15,-3.6246788220435314e-19
7638.075692581952,1.8674381904085666e-15,-3.6246788220435314e-19
7640.351802185384,1.9059623020909325e-15,-3.6246788220435314e-19
7642.627911788816,1.9200180010786347e-15,-3.6246788220435314e-19
7644.9030265891,1.864121060092636e-15,-3.6246788220435314e-19
7647.179136192531,1.833051338391766e-15,-3.6246788220435314e-19
7649.454250992814,1.873201063606442e-15,-3.6246788220435314e-19
7651.730360596246,1.9575242736574364e-15,-3.6246788220435314e-19
7654.005475396529,2.0518171811149204e-15,-3.6246788220435314e-19
7656.2815849999615,2.1086953482870885e-15,-3.6246788220435314e-19
7658.556699800244,2.1155785767572317e-15,-3.6246788220435314e-19
7660.832809403676,2.102815313753551e-15,-3.6246788220435314e-19
7663.108919007107,2.073649463757189e-15,-3.6246788220435314e-19
7665.384033807391,2.0099979068670605e-15,-3.6246788220435314e-19
7667.660143410823,1.926619310084841e-15,-3.6246788220435314e-19
7669.935258211106,1.8542062820622383e-15,-3.6246788220435314e-19
7672.211367814538,1.8430539874239103e-15,-3.6246788220435314e-19
7674.486482614821,1.9530831267774985e-15,-3.6246788220435314e-19
7676.762592218252,2.0984364088331833e-15,-3.6246788220435314e-19
7679.038701821685,2.1314026796550822e-15,-3.6246788220435314e-19
7681.313816621968,2.117471464586521e-15,-3.6246788220435314e-19
7683.5899262254,2.1919128482327725e-15,-3.6246788220435314e-19
7685.865041025682,2.2922578709355475e-15,-3.6246788220435314e-19
7688.141150629114,2.313423798481238e-15,-3.6246788220435314e-19
7690.416265429398,2.327746771765919e-15,-3.6246788220435314e-19
7692.69237503283,2.4235810830457064e-15,-3.6246788220435314e-19
7694.968484636262,2.4898394796543144e-15,-3.6246788220435314e-19
7697.243599436544,2.421688195216417e-15,-3.6246788220435314e-19
7699.519709039976,2.3508751516839484e-15,-3.6246788220435314e-19
7701.79482384026,2.3957625884094573e-15,-3.6246788220435314e-19
7704.070933443691,2.463013195079453e-15,-3.6246788220435314e-19
7706.346048243974,2.4770212972745423e-15,-3.6246788220435314e-19
7708.622157847406,2.5208579432708324e-15,-3.6246788220435314e-19
7710.898267450838,2.6199874171161137e-15,-3.6246788220435314e-19
7713.1733822511205,2.603017329903819e-15,-3.6246788220435314e-19
7715.449491854552,2.4085331739966166e-15,-3.6246788220435314e-19
7717.724606654836,2.2397695925589656e-15,-3.6246788220435314e-19
7720.000716258268,2.200692625823945e-15,-3.6246788220435314e-19
7722.275831058551,2.190810799419202e-15,-3.6246788220435314e-19
7724.551940661982,2.1739468896673507e-15,-3.6246788220435314e-19
7726.827055462266,2.225611377402559e-15,-3.6246788220435314e-19
7729.103165065697,2.2949086461549005e-15,-3.6246788220435314e-19
7731.37927466913,2.1677007259598697e-15,-3.6246788220435314e-19
7733.654389469413,1.9116556107457583e-15,-3.6246788220435314e-19
7735.930499072844,1.8756394839049076e-15,-3.6246788220435314e-19
7738.205613873128,2.068593219865025e-15,-3.6246788220435314e-19
7740.481723476559,2.2308726536321316e-15,-3.6246788220435314e-19
7742.756838276842,2.2994156962861487e-15,-3.6246788220435314e-19
7745.032947880275,2.3307453697005187e-15,-3.6246788220435314e-19
7747.309057483706,2.3411946963248746e-15,-3.6246788220435314e-19
7749.58417228399,2.3369219688649504e-15,-3.6246788220435314e-19
7751.860281887421,2.3370537753675702e-15,-3.6246788220435314e-19
7754.135396687704,2.362184881867072e-15,-3.6246788220435314e-19
7756.411506291135,2.3941003619597525e-15,-3.6246788220435314e-19
7758.6866210914195,2.4017158487777833e-15,-3.6246788220435314e-19
7760.962730694851,2.428560439811342e-15,-3.6246788220435314e-19
7763.238840298282,2.5254748321542635e-15,-3.6246788220435314e-19
7765.513955098566,2.5664666544690105e-15,-3.6246788220435314e-19
7767.790064701997,2.432525618765153e-15,-3.6246788220435314e-19
7770.06517950228,2.3610828330535015e-15,-3.6246788220435314e-19
7772.341289105713,2.5539413754283933e-15,-3.6246788220435314e-19
7774.616403905996,2.678648633365388e-15,-3.6246788220435314e-19
7776.892513509428,2.4769224423975774e-15,-3.6246788220435314e-19
7779.168623112859,2.2822588831951426e-15,-3.6246788220435314e-19
7781.443737913142,2.3421466321771285e-15,-3.6246788220435314e-19
7783.719847516574,2.4591065967934726e-15,-3.6246788220435314e-19
7785.994962316858,2.4683843100612082e-15,-3.6246788220435314e-19
7788.27107192029,2.3441713265090374e-15,-3.6246788220435314e-19
7790.546186720572,2.1184380456057325e-15,-3.6246788220435314e-19
7792.822296324004,1.9502236579289973e-15,-3.6246788220435314e-19
7795.097411124288,1.9136436921602733e-15,-3.6246788220435314e-19
7797.37352072772,1.914654208680358e-15,-3.6246788220435314e-19
7799.6496303311515,1.9157196445765343e-15,-3.6246788220435314e-19
7801.924745131434,1.963089437101382e-15,-3.6246788220435314e-19
7804.200854734866,2.0531718590585125e-15,-3.6246788220435314e-19
7806.475969535149,2.1316772765355403e-15,-3.6246788220435314e-19
7808.752079138581,2.1877499595250317e-15,-3.6246788220435314e-19
7811.027193938865,2.2495159511693493e-15,-3.6246788220435314e-19
7813.303303542296,2.3110110072249485e-15,-3.6246788220435314e-19
7815.579413145728,2.3435598907885515e-15,-3.6246788220435314e-19
7817.85452794601,2.3453978592417495e-15,-3.6246788220435314e-19
7820.130637549442,2.3309613859131456e-15,-3.6246788220435314e-19
7822.405752349726,2.312812362760752e-15,-3.6246788220435314e-19
7824.681861953158,2.299580454414423e-15,-3.6246788220435314e-19
7826.956976753441,2.31790521957031e-15,-3.6246788220435314e-19
7829.233086356872,2.3965314596747393e-15,-3.6246788220435314e-19
7831.509195960304,2.4357402329123798e-15,-3.6246788220435314e-19
7833.784310760587,2.315514396064457e-15,-3.6246788220435314e-19
7836.06042036402,2.158071528685148e-15,-3.6246788220435314e-19
7838.335535164303,2.1235784992079035e-15,-3.6246788220435314e-19
7840.611644767734,2.1561749795641192e-15,-3.6246788220435314e-19
7842.886759568018,2.1689089522338842e-15,-3.6246788220435314e-19
7845.162869171449,2.1510674775876035e-15,-3.6246788220435314e-19
7847.438978774881,2.1102843489020043e-15,-3.6246788220435314e-19
7849.714093575164,2.105136572716355e-15,-3.6246788220435314e-19
7851.990203178596,2.1760411485423092e-15,-3.6246788220435314e-19
7854.2653179788795,2.2682617648752716e-15,-3.6246788220435314e-19
7856.5414275823105,2.3312140150431668e-15,-3.6246788220435314e-19
7858.816542382594,2.3581428157867325e-15,-3.6246788220435314e-19
7861.092651986026,2.3475946342854122e-15,-3.6246788220435314e-19
7863.367766786309,2.2967649210667957e-15,-3.6246788220435314e-19
7865.643876389741,2.2336588966458438e-15,-3.6246788220435314e-19
7867.919985993172,2.2488715638232084e-15,-3.6246788220435314e-19
7870.195100793456,2.3509447162269976e-15,-3.6246788220435314e-19
7872.471210396887,2.4075702542691446e-15,-3.6246788220435314e-19
7874.746325197171,2.389900860334617e-15,-3.6246788220435314e-19
7877.022434800602,2.4128498369574138e-15,-3.6246788220435314e-19
7879.297549600886,2.484343880753418e-15,-3.6246788220435314e-19
7881.573659204318,2.501292000215276e-15,-3.6246788220435314e-19
7883.849768807749,2.4521428199050617e-15,-3.6246788220435314e-19
7886.124883608032,2.3978385408257187e-15,-3.6246788220435314e-19
7888.400993211464,2.3656923993534535e-15,-3.6246788220435314e-19
7890.676108011748,2.3628622208388683e-15,-3.6246788220435314e-19
7892.9522176151795,2.3676951259349263e-15,-3.6246788220435314e-19
7895.227332415462,2.3415205512896844e-15,-3.6246788220435314e-19
7897.503442018894,2.2777005749795423e-15,-3.6246788220435314e-19
7899.779551622326,2.1865161042088413e-15,-3.6246788220435314e-19
7902.054666422609,2.1004794096237897e-15,-3.6246788220435314e-19
7904.33077602604,2.0578290221510777e-15,-3.6246788220435314e-19
7906.605890826324,2.045281775360024e-15,-3.6246788220435314e-19
7908.882000429756,2.0340599161786467e-15,-3.6246788220435314e-19
7911.1571152300385,2.0323024961437164e-15,-3.6246788220435314e-19
7913.433224833471,2.0516853746123006e-15,-3.6246788220435314e-19
7915.709334436902,2.0458565981631156e-15,-3.6246788220435314e-19
7917.984449237186,1.9814874280920577e-15,-3.6246788220435314e-19
7920.260558840618,1.967669713067419e-15,-3.6246788220435314e-19
7922.5356736409,2.0865921300561017e-15,-3.6246788220435314e-19
7924.811783244333,2.2056683212978408e-15,-3.6246788220435314e-19
7927.086898044616,2.2248278609703193e-15,-3.6246788220435314e-19
7929.363007648048,2.2494207575841238e-15,-3.6246788220435314e-19
7931.638122448331,2.344859649356052e-15,-3.6246788220435314e-19
7933.914232051762,2.4232405829139388e-15,-3.6246788220435314e-19
7936.190341655194,2.432177796049907e-15,-3.6246788220435314e-19
7938.465456455477,2.4086137224148843e-15,-3.6246788220435314e-19
7940.7415660589095,2.3816959055465366e-15,-3.6246788220435314e-19
7943.016680859193,2.364524447288573e-15,-3.6246788220435314e-19
7945.292790462624,2.3633015758476007e-15,-3.6246788220435314e-19
7947.5679052629075,2.367091012797919e-15,-3.6246788220435314e-19
7949.8440148663385,2.3765700971113238e-15,-3.6246788220435314e-19
7952.120124469771,2.4173825161308382e-15,-3.6246788220435314e-19
7954.395239270054,2.446024801408461e-15,-3.6246788220435314e-19
7956.671348873486,2.339770453838233e-15,-3.6246788220435314e-19
7958.946463673769,2.166840322401102e-15,-3.6246788220435314e-19
7961.2225732772,2.1572001412511618e-15,-3.6246788220435314e-19
7963.497688077484,2.2356726071025346e-15,-3.6246788220435314e-19
7965.773797680916,2.130037017836272e-15,-3.6246788220435314e-19
7968.049907284348,1.910004368171272e-15,-3.6246788220435314e-19
7970.325022084631,1.8163595093516686e-15,-3.6246788220435314e-19
7972.601131688062,1.832476515588674e-15,-3.6246788220435314e-19
7974.876246488346,1.8395025344366554e-15,-3.6246788220435314e-19
7977.152356091778,1.836364807415957e-15,-3.6246788220435314e-19
7979.427470892061,1.8542904917722454e-15,-3.6246788220435314e-19
7981.703580495492,1.871447304863251e-15,-3.6246788220435314e-19
7983.979690098924,1.86246615622641e-15,-3.6246788220435314e-19
7986.254804899208,1.8682070616738486e-15,-3.6246788220435314e-19
7988.530914502639,1.9327263447062235e-15,-3.6246788220435314e-19
7990.806029302923,2.0421367257558466e-15,-3.6246788220435314e-19
7993.082138906354,2.1669977579458976e-15,-3.6246788220435314e-19
7995.3572537066375,2.2517090649212727e-15,-3.6246788220435314e-19
7997.6333633100685,2.2601776327145927e-15,-3.6246788220435314e-19
7999.908478110352,2.250691225817709e-15,-3.6246788220435314e-19
8002.184587713784,2.271443427396843e-15,-3.6246788220435314e-19
8004.460697317216,2.2912290479567656e-15,-3.6246788220435314e-19
8006.735812117499,2.299379083368754e-15,-3.6246788220435314e-19
8009.01192172093,2.3579121544071482e-15,-3.6246788220435314e-19
8011.287036521214,2.4789800883551413e-15,-3.6246788220435314e-19
8013.563146124646,2.571848753325984e-15,-3.6246788220435314e-19
8015.838260924928,2.5782230622443453e-15,-3.6246788220435314e-19
8018.114370528361,2.4997579189764516e-15,-3.6246788220435314e-19
8020.390480131792,2.360251719828649e-15,-3.6246788220435314e-19
8022.665594932076,2.2050056274930027e-15,-3.6246788220435314e-19
8024.941704535507,2.102635910458319e-15,-3.6246788220435314e-19
8027.21681933579,2.1530738654608153e-15,-3.6246788220435314e-19
8029.492928939223,2.2929791454082168e-15,-3.6246788220435314e-19
8031.768043739506,2.30533234373708e-15,-3.6246788220435314e-19
8034.0441533429375,2.1713510338240895e-15,-3.6246788220435314e-19
8036.3202629463685,2.0213698790097547e-15,-3.6246788220435314e-19
8038.595377746652,1.9124903852623503e-15,-3.6246788220435314e-19
8040.871487350084,1.862433204600755e-15,-3.6246788220435314e-19
8043.1466021503675,1.8485642314917642e-15,-3.6246788220435314e-19
8045.422711753799,1.8227557860204666e-15,-3.6246788220435314e-19
8047.697826554082,1.7939121296971744e-15,-3.6246788220435314e-19
8049.973936157514,1.793172548765808e-15,-3.6246788220435314e-19
8052.249050957797,1.8105234103190046e-15,-3.6246788220435314e-19
8054.525160561228,1.826797852100806e-15,-3.6246788220435314e-19
8056.801270164661,1.862015817342459e-15,-3.6246788220435314e-19
8059.076384964944,1.9390969923328455e-15,-3.6246788220435314e-19
8061.352494568376,2.050883551721364e-15,-3.6246788220435314e-19
8063.627609368659,2.1780475364155214e-15,-3.6246788220435314e-19
8065.90371897209,2.262440311009565e-15,-3.6246788220435314e-19
8068.178833772374,2.2620815044191e-15,-3.6246788220435314e-19
8070.454943375806,2.2304552663738356e-15,-3.6246788220435314e-19
8072.731052979238,2.2236891992393545e-15,-3.6246788220435314e-19
8075.00616777952,2.2611076008164097e-15,-3.6246788220435314e-19
8077.282277382952,2.337987404761127e-15,-3.6246788220435314e-19
8079.557392183236,2.392075667627843e-15,-3.6246788220435314e-19
8081.8335017866675,2.3758012258460417e-15,-3.6246788220435314e-19
8084.108616586951,2.2834963998030727e-15,-3.6246788220435314e-19
8086.384726190382,2.1441952329926784e-15,-3.6246788220435314e-19
8088.660835793814,2.060073393987353e-15,-3.6246788220435314e-19
8090.935950594097,2.043659823119453e-15,-3.6246788220435314e-19
8093.212060197529,1.949117947823687e-15,-3.6246788220435314e-19
8095.487174997813,1.7537514206072802e-15,-3.6246788220435314e-19
8097.763284601244,1.5950087946604708e-15,-3.6246788220435314e-19
8100.038399401527,1.5406276284545994e-15,-3.6246788220435314e-19
8102.314509004958,1.5952907141244074e-15,-3.6246788220435314e-19
8104.59061860839,1.6845749744823404e-15,-3.6246788220435314e-19
8106.865733408675,1.656522157174767e-15,-3.6246788220435314e-19
8109.141843012106,1.5384894340787676e-15,-3.6246788220435314e-19
8111.416957812389,1.4860414299113195e-15,-3.6246788220435314e-19
8113.69306741582,1.5139221665071392e-15,-3.6246788220435314e-19
8115.968182216104,1.5629175725642975e-15,-3.6246788220435314e-19
8118.244291819536,1.5873896465507004e-15,-3.6246788220435314e-19
8120.519406619819,1.5444134041131783e-15,-3.6246788220435314e-19
8122.795516223251,1.5331219803887516e-15,-3.6246788220435314e-19
8125.071625826682,1.690015654007145e-15,-3.6246788220435314e-19
8127.346740626966,1.903802139964664e-15,-3.6246788220435314e-19
8129.622850230397,2.0060180827462916e-15,-3.6246788220435314e-19
8131.89796503068,1.9769620715021124e-15,-3.6246788220435314e-19
8134.174074634113,1.849464909259666e-15,-3.6246788220435314e-19
8136.4491894343955,1.7753237515360484e-15,-3.6246788220435314e-19
8138.725299037827,1.8866416655819186e-15,-3.6246788220435314e-19
8141.001408641258,2.0568368120896897e-15,-3.6246788220435314e-19
8143.276523441542,2.1505915096614763e-15,-3.6246788220435314e-19
8145.552633044974,2.201223513126163e-15,-3.6246788220435314e-19
8147.827747845257,2.236639188121746e-15,-3.6246788220435314e-19
8150.103857448689,2.1974670278015e-15,-3.6246788220435314e-19
8152.378972248973,2.0667149772026932e-15,-3.6246788220435314e-19
8154.655081852403,1.9468992050295877e-15,-3.6246788220435314e-19
8156.931191455836,1.9017664617575367e-15,-3.6246788220435314e-19
8159.206306256119,1.8848403100461152e-15,-3.6246788220435314e-19
8161.482415859551,1.8802563727883387e-15,-3.6246788220435314e-19
8163.757530659835,1.952427755556139e-15,-3.6246788220435314e-19
8166.033640263265,2.062709524039748e-15,-3.6246788220435314e-19
8168.308755063548,2.0084089062521447e-15,-3.6246788220435314e-19
8170.58486466698,1.7892842569385253e-15,-3.6246788220435314e-19
8172.860974270413,1.657558302737028e-15,-3.6246788220435314e-19
8175.1360890706965,1.6759819227698795e-15,-3.6246788220435314e-19
8177.412198674127,1.7263063777284536e-15,-3.6246788220435314e-19
8179.68731347441,1.7249443772013828e-15,-3.6246788220435314e-19
8181.963423077842,1.6036055076646708e-15,-3.6246788220435314e-19
8184.2385378781255,1.4373645562354926e-15,-3.6246788220435314e-19
8186.514647481558,1.4022234781203676e-15,-3.6246788220435314e-19
8188.78976228184,1.4879233338653907e-15,-3.6246788220435314e-19
8191.065871885272,1.579360433766113e-15,-3.6246788220435314e-19
8193.341981488704,1.7029546590143186e-15,-3.6246788220435314e-19
8195.617096288988,1.9359189911030132e-15,-3.6246788220435314e-19
8197.893205892418,2.14620528215763e-15,-3.6246788220435314e-19
8200.168320692701,2.1551827695027316e-15,-3.6246788220435314e-19
8202.444430296133,2.0982277152040355e-15,-3.6246788220435314e-19
8204.719545096417,2.1710325014427584e-15,-3.6246788220435314e-19
8206.99565469985,2.296600162938521e-15,-3.6246788220435314e-19
8209.27176430328,2.3537456044076677e-15,-3.6246788220435314e-19
8211.546879103564,2.3277907072667924e-15,-3.6246788220435314e-19
8213.822988706996,2.228412265583229e-15,-3.6246788220435314e-19
8216.098103507278,2.0944236330867594e-15,-3.6246788220435314e-19
8218.374213110712,1.971942440527343e-15,-3.6246788220435314e-19
8220.649327910993,1.9116482881622796e-15,-3.6246788220435314e-19
8222.925437514425,1.9269048908405172e-15,-3.6246788220435314e-19
8225.201547117857,1.9188720167641904e-15,-3.6246788220435314e-19
8227.476661918141,1.817534784000028e-15,-3.6246788220435314e-19
8229.752771521573,1.6482476378436374e-15,-3.6246788220435314e-19
8232.027886321855,1.458504854739007e-15,-3.6246788220435314e-19
8234.303995925287,1.3281994817324118e-15,-3.6246788220435314e-19
8236.57911072557,1.3023178104263253e-15,-3.6246788220435314e-19
8238.855220329002,1.360213816702057e-15,-3.6246788220435314e-19
8241.131329932436,1.4630924532885227e-15,-3.6246788220435314e-19
8243.406444732716,1.5540901981805126e-15,-3.6246788220435314e-19
8245.682554336148,1.5941666975604e-15,-3.6246788220435314e-19
8247.957669136433,1.5670511709381227e-15,-3.6246788220435314e-19
8250.233778739865,1.505208292167277e-15,-3.6246788220435314e-19
8252.508893540147,1.4861073331626294e-15,-3.6246788220435314e-19
8254.78500314358,1.525674912990735e-15,-3.6246788220435314e-19
8257.060117943862,1.595118633412654e-15,-3.6246788220435314e-19
8259.336227547294,1.6467757985643833e-15,-3.6246788220435314e-19
8261.612337150726,1.6177014808615069e-15,-3.6246788220435314e-19
8263.88745195101,1.5792286272634933e-15,-3.6246788220435314e-19
8266.16356155444,1.667765984106581e-15,-3.6246788220435314e-19
8268.438676354723,1.811164136373406e-15,-3.6246788220435314e-19
8270.714785958156,1.860291348933184e-15,-3.6246788220435314e-19
8272.989900758439,1.885993616944038e-15,-3.6246788220435314e-19
8275.26601036187,2.0118102462780823e-15,-3.6246788220435314e-19
8277.542119965301,2.1406254735467264e-15,-3.6246788220435314e-19
8279.817234765585,2.1444661685813968e-15,-3.6246788220435314e-19
8282.093344369017,2.0731881409980195e-15,-3.6246788220435314e-19
8284.368459169302,2.005911905285848e-15,-3.6246788220435314e-19
8286.644568772732,2.0150687959261823e-15,-3.6246788220435314e-19
8288.919683573014,2.127997678337405e-15,-3.6246788220435314e-19
8291.195793176446,2.111232623462519e-15,-3.6246788220435314e-19
8293.47190277988,1.8226020117674102e-15,-3.6246788220435314e-19
8295.747017580163,1.6175037711075771e-15,-3.6246788220435314e-19
8298.023127183593,1.721125649917149e-15,-3.6246788220435314e-19
8300.298241983877,1.8115851849234414e-15,-3.6246788220435314e-19
8302.57435158731,1.696485156510732e-15,-3.6246788220435314e-19
8304.849466387592,1.5887699535364686e-15,-3.6246788220435314e-19
8307.125575991025,1.5948330526569778e-15,-3.6246788220435314e-19
8309.401685594456,1.5856908071836013e-15,-3.6246788220435314e-19
8311.676800394738,1.522555492428734e-15,-3.6246788220435314e-19
8313.95290999817,1.5128237789853078e-15,-3.6246788220435314e-19
8316.228024798454,1.5717705759902583e-15,-3.6246788220435314e-19
8318.504134401885,1.5950746979117805e-15,-3.6246788220435314e-19
8320.779249202169,1.5683838811312782e-15,-3.6246788220435314e-19
8323.055358805601,1.5716607372380752e-15,-3.6246788220435314e-19
8325.330473605884,1.6230396442176073e-15,-3.6246788220435314e-19
8327.606583209315,1.689774008752342e-15,-3.6246788220435314e-19
8329.882692812746,1.7656835703861082e-15,-3.6246788220435314e-19
8332.15780761303,1.8564689603572106e-15,-3.6246788220435314e-19
8334.433917216462,1.964920082971101e-15,-3.6246788220435314e-19
8336.709032016746,2.097832295696176e-15,-3.6246788220435314e-19
8338.985141620178,2.1776631007828804e-15,-3.6246788220435314e-19
8341.260256420459,2.0957856336138303e-15,-3.6246788220435314e-19
8343.53636602389,1.9662967286651296e-15,-3.6246788220435314e-19
8345.812475627325,1.972725956959583e-15,-3.6246788220435314e-19
8348.087590427607,2.0552844243921682e-15,-3.6246788220435314e-19
8350.36370003104,2.0893893569450323e-15,-3.6246788220435314e-19
8352.638814831322,2.0641740407355235e-15,-3.6246788220435314e-19
8354.914924434754,1.996458450014619e-15,-3.6246788220435314e-19
8357.190039235036,1.917268370982317e-15,-3.6246788220435314e-19
8359.46614883847,1.8588378161126272e-15,-3.6246788220435314e-19
8361.742258441902,1.8215768500803677e-15,-3.6246788220435314e-19
8364.017373242183,1.7976466472714013e-15,-3.6246788220435314e-19
8366.293482845615,1.7656103445513196e-15,-3.6246788220435314e-19
8368.568597645899,1.7148392120005341e-15,-3.6246788220435314e-19
8370.84470724933,1.6898216055449548e-15,-3.6246788220435314e-19
8373.119822049615,1.7098781616935956e-15,-3.6246788220435314e-19
8375.395931653045,1.7063340312898198e-15,-3.6246788220435314e-19
8377.672041256477,1.6465158468508832e-15,-3.6246788220435314e-19
8379.94715605676,1.595294375416147e-15,-3.6246788220435314e-19
8382.223265660192,1.5780277235729577e-15,-3.6246788220435314e-19
8384.498380460476,1.5300428340358844e-15,-3.6246788220435314e-19
8386.774490063906,1.4624444046506423e-15,-3.6246788220435314e-19
8389.04960486419,1.5125821337305051e-15,-3.6246788220435314e-19
8391.325714467623,1.6722034696947797e-15,-3.6246788220435314e-19
8393.600829267905,1.7426064485524311e-15,-3.6246788220435314e-19
8395.876938871335,1.7241462156021852e-15,-3.6246788220435314e-19
8398.15304847477,1.8195777847906342e-15,-3.6246788220435314e-19
8400.428163275052,2.0248700739126575e-15,-3.6246788220435314e-19
8402.704272878484,2.178538149508606e-15,-3.6246788220435314e-19
8404.979387678768,2.2228690698897203e-15,-3.6246788220435314e-19
8407.255497282198,2.1604660134827405e-15,-3.6246788220435314e-19
8409.53061208248,2.0809866924030223e-15,-3.6246788220435314e-19
8411.806721685914,2.123131821615692e-15,-3.6246788220435314e-19
8414.082831289346,2.224926715847284e-15,-3.6246788220435314e-19
8416.357946089629,2.2408057381212266e-15,-3.6246788220435314e-19
8418.634055693059,2.1969178340405844e-15,-3.6246788220435314e-19
8420.909170493343,2.1719990824619698e-15,-3.6246788220435314e-19
8423.185280096775,2.177267681275021e-15,-3.6246788220435314e-19
8425.46039489706,2.20398046580596e-15,-3.6246788220435314e-19
8427.736504500492,2.1968446082057954e-15,-3.6246788220435314e-19
8430.012614103922,2.104719185458059e-15,-3.6246788220435314e-19
8432.287728904204,1.9832997675030795e-15,-3.6246788220435314e-19
8434.563838507636,1.8964319596931757e-15,-3.6246788220435314e-19
8436.83895330792,1.8458585368963197e-15,-3.6246788220435314e-19
8439.11506291135,1.8190432361966766e-15,-3.6246788220435314e-19
8441.390177711635,1.7782601075110774e-15,-3.6246788220435314e-19
8443.666287315067,1.6993189963170567e-15,-3.6246788220435314e-19
8445.94140211535,1.617628255026718e-15,-3.6246788220435314e-19
8448.217511718782,1.5610686202358812e-15,-3.6246788220435314e-19
8450.493621322214,1.5224127020508959e-15,-3.6246788220435314e-19
8452.768736122496,1.4978051602701336e-15,-3.6246788220435314e-19
8455.044845725928,1.49509214309121e-15,-3.6246788220435314e-19
8457.319960526213,1.5086169547766938e-15,-3.6246788220435314e-19
8459.596070129644,1.5079396158048977e-15,-3.6246788220435314e-19
8461.871184929925,1.4948541591281467e-15,-3.6246788220435314e-19
8464.147294533359,1.5182864262605494e-15,-3.6246788220435314e-19
8466.42340413679,1.5886198405751516e-15,-3.6246788220435314e-19
8468.698518937073,1.6723535826560966e-15,-3.6246788220435314e-19
8470.974628540505,1.7454256431917983e-15,-3.6246788220435314e-19
8473.249743340788,1.7930334196797095e-15,-3.6246788220435314e-19
8475.52585294422,1.8117169914260613e-15,-3.6246788220435314e-19
8477.800967744504,1.80710010254263e-15,-3.6246788220435314e-19
8480.077077347936,1.8127128627791882e-15,-3.6246788220435314e-19
8482.353186951368,1.8747424674287455e-15,-3.6246788220435314e-19
8484.628301751649,1.984874122951038e-15,-3.6246788220435314e-19
8486.904411355083,2.1099255423115395e-15,-3.6246788220435314e-19
8489.179526155365,2.1678581615046654e-15,-3.6246788220435314e-19
8491.455635758797,2.065927799478714e-15,-3.6246788220435314e-19
8493.730750559082,1.953888610960175e-15,-3.6246788220435314e-19
8496.006860162512,2.0362676750975275e-15,-3.6246788220435314e-19
8498.282969765944,2.1455316044775734e-15,-3.6246788220435314e-19
8500.558084566226,2.0561558118261545e-15,-3.6246788220435314e-19
8502.83419416966,1.906687237855341e-15,-3.6246788220435314e-19
8505.109308969943,1.8724248697576813e-15,-3.6246788220435314e-19
8507.385418573373,1.8767268875515207e-15,-3.6246788220435314e-19
8509.660533373657,1.8330586609752448e-15,-3.6246788220435314e-19
8511.936642977089,1.8051413114620308e-15,-3.6246788220435314e-19
8514.211757777372,1.835310355394999e-15,-3.6246788220435314e-19
8516.487867380803,1.8281415461691797e-15,-3.6246788220435314e-19
8518.763976984235,1.7235201347147414e-15,-3.6246788220435314e-19
8521.039091784518,1.5907067768666312e-15,-3.6246788220435314e-19
8523.31520138795,1.495692594936478e-15,-3.6246788220435314e-19
8525.590316188234,1.4849210746390516e-15,-3.6246788220435314e-19
8527.866425791664,1.5515675681720398e-15,-3.6246788220435314e-19
8530.141540591949,1.5665495739698199e-15,-3.6246788220435314e-19
8532.41765019538,1.5125748111470262e-15,-3.6246788220435314e-19
8534.693759798813,1.5796972726061413e-15,-3.6246788220435314e-19
8536.968874599095,1.78065459230867e-15,-3.6246788220435314e-19
8539.244984202527,1.8770197908906756e-15,-3.6246788220435314e-19
8541.52009900281,1.855176524373189e-15,-3.6246788220435314e-19
8543.796208606242,1.951684513333033e-15,-3.6246788220435314e-19
8546.071323406526,2.147292685804243e-15,-3.6246788220435314e-19
8548.347433009958,2.2080554835119546e-15,-3.6246788220435314e-19
8550.623542613388,2.1143410601493016e-15,-3.6246788220435314e-19
8552.898657413672,1.9878178015095457e-15,-3.6246788220435314e-19
8555.174767017104,1.9186376940928663e-15,-3.6246788220435314e-19
8557.449881817387,1.982168428355593e-15,-3.6246788220435314e-19
8559.725991420817,2.1138028502636042e-15,-3.6246788220435314e-19
8562.001106221102,2.1792521013977965e-15,-3.6246788220435314e-19
8564.277215824533,2.1895037182682226e-15,-3.6246788220435314e-19
8566.553325427965,2.207590499461046e-15,-3.6246788220435314e-19
8568.82844022825,2.1958157852270135e-15,-3.6246788220435314e-19
8571.10454983168,2.100406183789001e-15,-3.6246788220435314e-19
8573.379664631962,1.962628114342213e-15,-3.6246788220435314e-19
8575.655774235394,1.841706632063797e-15,-3.6246788220435314e-19
8577.930889035679,1.732947960943794e-15,-3.6246788220435314e-19
8580.20699863911,1.6294249370111871e-15,-3.6246788220435314e-19
8582.482113439393,1.607852606082419e-15,-3.6246788220435314e-19
8584.758223042825,1.7122616626159697e-15,-3.6246788220435314e-19
8587.034332646257,1.797642985979662e-15,-3.6246788220435314e-19
8589.30944744654,1.7555674213100413e-15,-3.6246788220435314e-19
8591.585557049973,1.6952769302367174e-15,-3.6246788220435314e-19
8593.860671850254,1.6900852185501944e-15,-3.6246788220435314e-19
8596.136781453686,1.6479107990036092e-15,-3.6246788220435314e-19
8598.41189625397,1.5327045931304559e-15,-3.6246788220435314e-19
8600.688005857402,1.4508564162953214e-15,-3.6246788220435314e-19
8602.964115460834,1.4523355781580542e-15,-3.6246788220435314e-19
8605.239230261117,1.4707408917322085e-15,-3.6246788220435314e-19
8607.515339864549,1.4887800761324192e-15,-3.6246788220435314e-19
8609.790454664831,1.578800256129979e-15,-3.6246788220435314e-19
8612.066564268263,1.7031487074765088e-15,-3.6246788220435314e-19
8614.341679068548,1.678043230019183e-15,-3.6246788220435314e-19
8616.617788671978,1.5368418527960206e-15,-3.6246788220435314e-19
8618.89389827541,1.5350844327610904e-15,-3.6246788220435314e-19
8621.169013075694,1.6911982512389834e-15,-3.6246788220435314e-19
8623.445122679126,1.835401887688485e-15,-3.6246788220435314e-19
8625.720237479409,1.9058195117130942e-15,-3.6246788220435314e-19
8627.996347082839,1.902030074762776e-15,-3.6246788220435314e-19
8630.271461883123,1.891965183771061e-15,-3.6246788220435314e-19
8632.547571486555,1.9845153163605727e-15,-3.6246788220435314e-19
8634.823681089987,2.1160472220998797e-15,-3.6246788220435314e-19
8637.09879589027,2.154626253158337e-15,-3.6246788220435314e-19
8639.374905493702,2.1058944601064185e-15,-3.6246788220435314e-19
8641.650020293984,2.0233176862151356e-15,-3.6246788220435314e-19
8643.926129897418,2.008555357921722e-15,-3.6246788220435314e-19
8646.2012446977,2.1534253494678013e-15,-3.6246788220435314e-19
8648.47735430113,2.2985626153108597e-15,-3.6246788220435314e-19
8650.752469101415,2.2649885700602138e-15,-3.6246788220435314e-19
8653.028578704847,2.1492112026757084e-15,-3.6246788220435314e-19
8655.304688308279,2.07846040110281e-15,-3.6246788220435314e-19
8657.579803108563,2.0720934147679277e-15,-3.6246788220435314e-19
8659.855912711993,2.1244425640584107e-15,-3.6246788220435314e-19
8662.131027512276,2.1989681574146696e-15,-3.6246788220435314e-19
8664.407137115708,2.2387407695801836e-15,-3.6246788220435314e-19
8666.682251915992,2.1303262598836875e-15,-3.6246788220435314e-19
8668.958361519424,1.8475024568873273e-15,-3.6246788220435314e-19
8671.234471122854,1.6004384903100571e-15,-3.6246788220435314e-19
8673.509585923139,1.5123404884757022e-15,-3.6246788220435314e-19
8675.78569552657,1.4792131208172678e-15,-3.6246788220435314e-19
8678.060810326853,1.4493552866821518e-15,-3.6246788220435314e-19
8680.336919930285,1.4829403158080158e-15,-3.6246788220435314e-19
8682.612034730568,1.5623134594272902e-15,-3.6246788220435314e-19
8684.888144334,1.5613688461585152e-15,-3.6246788220435314e-19
8687.164253937432,1.4778877332075913e-15,-3.6246788220435314e-19
8689.439368737716,1.4509955453814199e-15,-3.6246788220435314e-19
8691.715478341146,1.5287430754683839e-15,-3.6246788220435314e-19
8693.990593141429,1.6790976820401413e-15,-3.6246788220435314e-19
8696.266702744862,1.8453056818436646e-15,-3.6246788220435314e-19
8698.541817545145,1.938668621199331e-15,-3.6246788220435314e-19
8700.817927148577,2.007735228572088e-15,-3.6246788220435314e-19
8703.094036752007,2.1965187532409856e-15,-3.6246788220435314e-19
8705.369151552291,2.374783386742478e-15,-3.6246788220435314e-19
8707.645261155723,2.284184722650087e-15,-3.6246788220435314e-19
8709.920375956008,2.100105957866367e-15,-3.6246788220435314e-19
8712.19648555944,2.1514043164276318e-15,-3.6246788220435314e-19
8714.47160035972,2.3210356240075293e-15,-3.6246788220435314e-19
8716.747709963152,2.368020980899736e-15,-3.6246788220435314e-19
8719.022824763437,2.3022898103016074e-15,-3.6246788220435314e-19
8721.298934366869,2.1966505597436054e-15,-3.6246788220435314e-19
8723.5750439703,2.143246958432164e-15,-3.6246788220435314e-19
8725.850158770583,2.2151657120699427e-15,-3.6246788220435314e-19
8728.126268374015,2.316499283542366e-15,-3.6246788220435314e-19
8730.401383174298,2.3397045505869233e-15,-3.6246788220435314e-19
8732.67749277773,2.2789710432131273e-15,-3.6246788220435314e-19
8734.952607578014,2.149335686594849e-15,-3.6246788220435314e-19
8737.228717181444,1.98759446271344e-15,-3.6246788220435314e-19
8739.504826784876,1.83139643452554e-15,-3.6246788220435314e-19
8741.77994158516,1.694145591089231e-15,-3.6246788220435314e-19
8744.056051188592,1.5874335820515736e-15,-3.6246788220435314e-19
8746.331165988875,1.5232694443179243e-15,-3.6246788220435314e-19
8748.607275592307,1.5047176790741924e-15,-3.6246788220435314e-19
8750.88239039259,1.530097753411976e-15,-3.6246788220435314e-19
8753.158499996021,1.5691820427304756e-15,-3.6246788220435314e-19
8755.434609599453,1.5385297082879015e-15,-3.6246788220435314e-19
8757.709724399736,1.4473964956015524e-15,-3.6246788220435314e-19
8759.985834003168,1.4385434921755917e-15,-3.6246788220435314e-19
8762.260948803452,1.5207394917259727e-15,-3.6246788220435314e-19
8764.537058406884,1.5514870197537723e-15,-3.6246788220435314e-19
8766.812173207167,1.5237051380349175e-15,-3.6246788220435314e-19
8769.088282810597,1.5457021788054603e-15,-3.6246788220435314e-19
8771.36439241403,1.637970391931035e-15,-3.6246788220435314e-19
8773.639507214313,1.759770584226916e-15,-3.6246788220435314e-19
8775.915616817745,1.9035897850437765e-15,-3.6246788220435314e-19
8778.19073161803,2.0786068527723876e-15,-3.6246788220435314e-19
8780.46684122146,2.2240589897050377e-15,-3.6246788220435314e-19
8782.741956021742,2.2527525330670124e-15,-3.6246788220435314e-19
8785.018065625176,2.2252452482286153e-15,-3.6246788220435314e-19
8787.293180425459,2.2545062918102034e-15,-3.6246788220435314e-19
8789.56929002889,2.2703670076254482e-15,-3.6246788220435314e-19
8791.84539963232,2.1644311924365517e-15,-3.6246788220435314e-19
8794.120514432605,2.084245242051122e-15,-3.6246788220435314e-19
8796.396624036037,2.1939155748142453e-15,-3.6246788220435314e-19
8798.671738836321,2.2740209767814073e-15,-3.6246788220435314e-19
8800.947848439753,2.105982331108165e-15,-3.6246788220435314e-19
8803.222963240034,1.9486859153984336e-15,-3.6246788220435314e-19
8805.499072843466,2.0254705257579254e-15,-3.6246788220435314e-19
8807.775182446898,2.0548377467999566e-15,-3.6246788220435314e-19
8810.050297247182,1.827643610492616e-15,-3.6246788220435314e-19
8812.326406850612,1.5868148237476087e-15,-3.6246788220435314e-19
8814.601521650897,1.5100778101807295e-15,-3.6246788220435314e-19
8816.877631254329,1.4860341073278408e-15,-3.6246788220435314e-19
8819.152746054611,1.4458184788618547e-15,-3.6246788220435314e-19
8821.428855658043,1.45627146677795e-15,-3.6246788220435314e-19
8823.704965261475,1.5182864262605494e-15,-3.6246788220435314e-19
8825.980080061758,1.5045016628615655e-15,-3.6246788220435314e-19
8828.25618966519,1.398924654263134e-15,-3.6246788220435314e-19
8830.531304465474,1.3645927216224246e-15,-3.6246788220435314e-19
8832.807414068906,1.4315431023697863e-15,-3.6246788220435314e-19
8835.082528869187,1.4560444666901048e-15,-3.6246788220435314e-19
8837.35863847262,1.4237665187152202e-15,-3.6246788220435314e-19
8839.634748076052,1.4514349003901526e-15,-3.6246788220435314e-19
8841.909862876335,1.539789192646268e-15,-3.6246788220435314e-19
8844.185972479767,1.5957556981753161e-15,-3.6246788220435314e-19
8846.46108728005,1.6367768108239784e-15,-3.6246788220435314e-19
8848.737196883481,1.751375242268385e-15,-3.6246788220435314e-19
8851.012311683766,1.8962891693153374e-15,-3.6246788220435314e-19
8853.288421287198,1.9621448238326072e-15,-3.6246788220435314e-19
8855.56353608748,1.974541957662344e-15,-3.6246788220435314e-19
8857.83964569091,2.0128537144238224e-15,-3.6246788220435314e-19
8860.115755294342,2.07826635264062e-15,-3.6246788220435314e-19
8862.390870094627,2.1451911043458054e-15,-3.6246788220435314e-19
8864.666979698059,2.172819211811604e-15,-3.6246788220435314e-19
8866.942094498343,2.124687870604953e-15,-3.6246788220435314e-19
8869.218204101773,2.018872878043458e-15,-3.6246788220435314e-19
8871.493318902056,1.8933784423824845e-15,-3.6246788220435314e-19
8873.769428505488,1.860284026349705e-15,-3.6246788220435314e-19
8876.045538108921,1.9927385776073505e-15,-3.6246788220435314e-19
8878.320652909202,2.0726755601544984e-15,-3.6246788220435314e-19
8880.596762512634,1.9286110527910954e-15,-3.6246788220435314e-19
8882.871877312919,1.7777585105427748e-15,-3.6246788220435314e-19
8885.14798691635,1.7823314639253325e-15,-3.6246788220435314e-19
8887.423101716633,1.770589701316955e-15,-3.6246788220435314e-19
8889.699211320065,1.6418330547161421e-15,-3.6246788220435314e-19
8891.975320923497,1.5463685339020381e-15,-3.6246788220435314e-19
8894.25043572378,1.5558476182154429e-15,-3.6246788220435314e-19
8896.526545327211,1.5610173621515291e-15,-3.6246788220435314e-19
8898.801660127496,1.4930125293832095e-15,-3.6246788220435314e-19
8901.077769730926,1.347238198777489e-15,-3.6246788220435314e-19
8903.35288453121,1.173425696031153e-15,-3.6246788220435314e-19
8905.628994134642,1.1076688963908483e-15,-3.6246788220435314e-19
8907.904108934925,1.170390485179159e-15,-3.6246788220435314e-19
8910.180218538357,1.2434918360487765e-15,-3.6246788220435314e-19
8912.456328141787,1.2661808609580732e-15,-3.6246788220435314e-19
8914.731442942071,1.2251634096011501e-15,-3.6246788220435314e-19
8917.007552545503,1.174201889879914e-15,-3.6246788220435314e-19
8919.282667345788,1.226389942333862e-15,-3.6246788220435314e-19
8921.55877694922,1.3466011340148267e-15,-3.6246788220435314e-19
8923.8338917495,1.4065730927068197e-15,-3.6246788220435314e-19
8926.110001352932,1.400572235545881e-15,-3.6246788220435314e-19
8928.386110956366,1.3825733253548043e-15,-3.6246788220435314e-19
8930.661225756648,1.3794209531671482e-15,-3.6246788220435314e-19
8932.937335360079,1.4085611741213345e-15,-3.6246788220435314e-19
8935.212450160363,1.4410038802244939e-15,-3.6246788220435314e-19
8937.488559763795,1.4354606845309849e-15,-3.6246788220435314e-19
8939.763674564078,1.4152942896301609e-15,-3.6246788220435314e-19
8942.039784167511,1.418054903601697e-15,-3.6246788220435314e-19
8944.315893770941,1.4424867033789663e-15,-3.6246788220435314e-19
8946.591008571224,1.4808497182247966e-15,-3.6246788220435314e-19
8948.867118174656,1.5577990867125631e-15,-3.6246788220435314e-19
8951.14223297494,1.6812395377077124e-15,-3.6246788220435314e-19
8953.418342578372,1.7662876835231155e-15,-3.6246788220435314e-19
8955.693457378655,1.7436352715312133e-15,-3.6246788220435314e-19
8957.969566982087,1.6342907937329e-15,-3.6246788220435314e-19
8960.245676585519,1.482984251308889e-15,-3.6246788220435314e-19
8962.520791385801,1.3749322094945974e-15,-3.6246788220435314e-19
8964.796900989233,1.3540115884954492e-15,-3.6246788220435314e-19
8967.072015789516,1.3415229223722264e-15,-3.6246788220435314e-19
8969.348125392948,1.3029585364807269e-15,-3.6246788220435314e-19
8971.623240193232,1.3139021374899068e-15,-3.6246788220435314e-19
8973.899349796664,1.3929347809774135e-15,-3.6246788220435314e-19
8976.174464596947,1.4703235044739128e-15,-3.6246788220435314e-19
8978.450574200377,1.4941255620719985e-15,-3.6246788220435314e-19
8980.72668380381,1.4287934722734684e-15,-3.6246788220435314e-19
8983.001798604093,1.3121996368310682e-15,-3.6246788220435314e-19
8985.277908207525,1.2659062640776153e-15,-3.6246788220435314e-19
8987.55302300781,1.3096513777804194e-15,-3.6246788220435314e-19
8989.82913261124,1.3765468391516894e-15,-3.6246788220435314e-19
8992.104247411522,1.3976724924882462e-15,-3.6246788220435314e-19
8994.380357014956,1.2974299859541756e-15,-3.6246788220435314e-19
8996.656466618388,1.155716027887492e-15,-3.6246788220435314e-19
8998.931581418668,1.1419788612811208e-15,-3.6246788220435314e-19
9001.2076910221,1.2401527379824089e-15,-3.6246788220435314e-19
9003.482805822385,1.3474871666157708e-15,-3.6246788220435314e-19
9005.758915425817,1.4003818483754303e-15,-3.6246788220435314e-19
9008.034030226101,1.3552637502703369e-15,-3.6246788220435314e-19
9010.310139829531,1.2854905135918687e-15,-3.6246788220435314e-19
9012.586249432963,1.2937064522551673e-15,-3.6246788220435314e-19
9014.861364233246,1.3623446884944098e-15,-3.6246788220435314e-19
9017.13747383668,1.444364946041298e-15,-3.6246788220435314e-19
9019.412588636962,1.4991598382137256e-15,-3.6246788220435314e-19
9021.688698240392,1.5002984999446908e-15,-3.6246788220435314e-19
9023.963813040677,1.5222149922969662e-15,-3.6246788220435314e-19
9026.239922644108,1.625262048303446e-15,-3.6246788220435314e-19
9028.51603224754,1.724728360988756e-15,-3.6246788220435314e-19
9030.791147047823,1.75101643567792e-15,-3.6246788220435314e-19
9033.067256651255,1.7560360666526894e-15,-3.6246788220435314e-19
9035.342371451537,1.7732368152445688e-15,-3.6246788220435314e-19
9037.61848105497,1.7502146127869831e-15,-3.6246788220435314e-19
9039.893595855254,1.6685568231222995e-15,-3.6246788220435314e-19
9042.169705458686,1.5909154704957792e-15,-3.6246788220435314e-19
9044.444820258967,1.5588388935665635e-15,-3.6246788220435314e-19
9046.7209298624,1.5712103983541242e-15,-3.6246788220435314e-19
9048.997039465832,1.6118397527866668e-15,-3.6246788220435314e-19
9051.272154266115,1.6482805894692924e-15,-3.6246788220435314e-19
9053.548263869545,1.637241794874887e-15,-3.6246788220435314e-19
9055.82337866983,1.519220055654106e-15,-3.6246788220435314e-19
9058.099488273261,1.3369316625309712e-15,-3.6246788220435314e-19
9060.374603073546,1.233137703009646e-15,-3.6246788220435314e-19
9062.650712676977,1.2601800037971343e-15,-3.6246788220435314e-19
9064.926822280408,1.4046875274610092e-15,-3.6246788220435314e-19
9067.20193708069,1.5344363841232099e-15,-3.6246788220435314e-19
9069.478046684124,1.4281234558851512e-15,-3.6246788220435314e-19
9071.753161484407,1.2212018919390783e-15,-3.6246788220435314e-19
9074.029271087838,1.2430488197483044e-15,-3.6246788220435314e-19
9076.304385888121,1.3796918887558666e-15,-3.6246788220435314e-19
9078.580495491553,1.3375430982514573e-15,-3.6246788220435314e-19
9080.856605094985,1.1677690002937215e-15,-3.6246788220435314e-19
9083.13171989527,1.034241690556421e-15,-3.6246788220435314e-19
9085.407829498701,9.683311166630597e-16,-3.6246788220435314e-19
9087.682944298982,9.669251806351155e-16,-3.6246788220435314e-19
9089.959053902414,1.0557517795256186e-15,-3.6246788220435314e-19
9092.234168702698,1.2424300614443394e-15,-3.6246788220435314e-19
9094.51027830613,1.412453127240357e-15,-3.6246788220435314e-19
9096.786387909562,1.4634036630863751e-15,-3.6246788220435314e-19
9099.061502709845,1.4765623455979148e-15,-3.6246788220435314e-19
9101.337612313277,1.5363988364955486e-15,-3.6246788220435314e-19
9103.61272711356,1.6136447696142096e-15,-3.6246788220435314e-19
9105.888836716991,1.6822134413104028e-15,-3.6246788220435314e-19
9108.163951517276,1.7619856657292761e-15,-3.6246788220435314e-19
9110.440061120706,1.858017686762993e-15,-3.6246788220435314e-19
9112.71517592099,1.943739510258453e-15,-3.6246788220435314e-19
9114.991285524422,1.9859249136802563e-15,-3.6246788220435314e-19
9117.267395127854,1.9267804069213765e-15,-3.6246788220435314e-19
9119.542509928136,1.78345548048934e-15,-3.6246788220435314e-19
9121.818619531568,1.7155641477649427e-15,-3.6246788220435314e-19
9124.093734331851,1.7563765667844572e-15,-3.6246788220435314e-19
9126.369843935283,1.7451766753535167e-15,-3.6246788220435314e-19
9128.644958735567,1.6471382664465876e-15,-3.6246788220435314e-19
9130.921068338997,1.566040654418038e-15,-3.6246788220435314e-19
9133.19717794243,1.5727591247599065e-15,-3.6246788220435314e-19
9135.472292742714,1.7310514118227652e-15,-3.6246788220435314e-19
9137.748402346146,1.894572023489541e-15,-3.6246788220435314e-19
9140.023517146428,1.742555190468079e-15,-3.6246788220435314e-19
9142.299626749858,1.4028568815912903e-15,-3.6246788220435314e-19
9144.574741550143,1.2850108843740022e-15,-3.6246788220435314e-19
9146.850851153575,1.3731711281679277e-15,-3.6246788220435314e-19
9149.126960757007,1.4388327342230072e-15,-3.6246788220435314e-19
9151.402075557291,1.4643775666890656e-15,-3.6246788220435314e-19
9153.678185160721,1.5051423889159673e-15,-3.6246788220435314e-19
9155.953299961004,1.5366661107925276e-15,-3.6246788220435314e-19
9158.229409564436,1.5217133953286631e-15,-3.6246788220435314e-19
9160.50452436472,1.4579593222698308e-15,-3.6246788220435314e-19
9162.780633968152,1.358983622677606e-15,-3.6246788220435314e-19
9165.056743571582,1.2784754786191055e-15,-3.6246788220435314e-19
9167.331858371866,1.2688060071352502e-15,-3.6246788220435314e-19
9169.607967975298,1.338978324613317e-15,-3.6246788220435314e-19
9171.883082775581,1.4726520860201952e-15,-3.6246788220435314e-19
9174.159192379013,1.5639610407100372e-15,-3.6246788220435314e-19
9176.434307179296,1.5473241310460314e-15,-3.6246788220435314e-19
9178.710416782727,1.5865951462432423e-15,-3.6246788220435314e-19
9180.985531583012,1.7736761702533012e-15,-3.6246788220435314e-19
9183.261641186444,1.898024621599831e-15,-3.6246788220435314e-19
9185.537750789874,1.8359547427411403e-15,-3.6246788220435314e-19
9187.812865590158,1.7155787929319005e-15,-3.6246788220435314e-19
9190.08897519359,1.6517368488713217e-15,-3.6246788220435314e-19
9192.364089993873,1.7266834907776157e-15,-3.6246788220435314e-19
9194.640199597305,1.9208088400943532e-15,-3.6246788220435314e-19
9196.915314397587,2.0303290598961593e-15,-3.6246788220435314e-19
9199.19142400102,1.9971138212359785e-15,-3.6246788220435314e-19
9201.467533604451,1.969525987979314e-15,-3.6246788220435314e-19
9203.742648404736,2.0146623925431044e-15,-3.6246788220435314e-19
9206.018758008167,2.1203126269763248e-15,-3.6246788220435314e-19
9208.293872808448,2.2229898925171217e-15,-3.6246788220435314e-19
9210.56998241188,2.2010184807887547e-15,-3.6246788220435314e-19
9212.845097212165,2.079368401454191e-15,-3.6246788220435314e-19
9215.121206815596,1.9983806281778242e-15,-3.6246788220435314e-19
9217.397316419028,1.936567039740894e-15,-3.6246788220435314e-19
9219.672431219311,1.7766052036448517e-15,-3.6246788220435314e-19
9221.948540822743,1.605604572954404e-15,-3.6246788220435314e-19
9224.223655623025,1.5966856662771332e-15,-3.6246788220435314e-19
9226.49976522646,1.6414083448743673e-15,-3.6246788220435314e-19
9228.774880026742,1.539979579816719e-15,-3.6246788220435314e-19
9231.050989630172,1.366826109583482e-15,-3.6246788220435314e-19
9233.327099233604,1.266741038594207e-15,-3.6246788220435314e-19
9235.602214033888,1.2453407883771925e-15,-3.6246788220435314e-19
9237.87832363732,1.2713798952280749e-15,-3.6246788220435314e-19
9240.153438437605,1.267275587188165e-15,-3.6246788220435314e-19
9242.429548041035,1.168241306928109e-15,-3.6246788220435314e-19
9244.704662841317,1.0573078285148798e-15,-3.6246788220435314e-19
9246.98077244475,1.0190912653386268e-15,-3.6246788220435314e-19
9249.255887245034,1.0470891632701085e-15,-3.6246788220435314e-19
9251.531996848464,1.1053879116371784e-15,-3.6246788220435314e-19
9253.808106451896,1.0739776898045406e-15,-3.6246788220435314e-19
9256.08322125218,9.028965106958254e-16,-3.6246788220435314e-19
9258.359330855612,7.767979618978442e-16,-3.6246788220435314e-19
9260.634445655895,8.007171808315922e-16,-3.6246788220435314e-19
9262.910555259326,8.488631672052007e-16,-3.6246788220435314e-19
9265.185670059609,8.564676701480132e-16,-3.6246788220435314e-19
9267.461779663041,9.0469054364815e-16,-3.6246788220435314e-19
9269.737889266473,9.791172821274438e-16,-3.6246788220435314e-19
9272.013004066757,9.01270897163515e-16,-3.6246788220435314e-19
9274.289113670187,7.029423849299027e-16,-3.6246788220435314e-19
9276.56422847047,6.947740430592167e-16,-3.6246788220435314e-19
9278.840338073904,8.819575832379799e-16,-3.6246788220435314e-19
9281.115452874186,9.519285296703778e-16,-3.6246788220435314e-19
9283.391562477618,8.493977157991586e-16,-3.6246788220435314e-19
9285.667672081048,7.286226851903202e-16,-3.6246788220435314e-19
9287.942786881333,6.382986179783869e-16,-3.6246788220435314e-19
9290.218896484765,5.625904273902898e-16,-3.6246788220435314e-19
9292.494011285049,5.44448726821375e-16,-3.6246788220435314e-19
9294.77012088848,6.467708470634463e-16,-3.6246788220435314e-19
9297.045235688762,8.0157026180688115e-16,-3.6246788220435314e-19
9299.321345292194,8.871492949245029e-16,-3.6246788220435314e-19
9301.596460092478,8.979244765136687e-16,-3.6246788220435314e-19
9303.87256969591,8.736537735729348e-16,-3.6246788220435314e-19
9306.14867929934,8.15706509212851e-16,-3.6246788220435314e-19
9308.423794099625,7.24298699646044e-16,-3.6246788220435314e-19
9310.699903703056,6.670287742577563e-16,-3.6246788220435314e-19
9312.975018503339,7.045972887961287e-16,-3.6246788220435314e-19
9315.251128106773,7.855338039881431e-16,-3.6246788220435314e-19
9317.526242907054,8.386042277512956e-16,-3.6246788220435314e-19
9319.802352510485,7.667257483226506e-16,-3.6246788220435314e-19
9322.078462113917,5.384588535356546e-16,-3.6246788220435314e-19
9324.353576914202,4.2189796971890927e-16,-3.6246788220435314e-19
9326.629686517634,5.972262472453725e-16,-3.6246788220435314e-19
9328.904801317916,8.454105690949107e-16,-3.6246788220435314e-19
9331.180910921348,9.80893008621071e-16,-3.6246788220435314e-19
9333.45602572163,9.908700286110395e-16,-3.6246788220435314e-19
9335.732135325063,9.11848368998751e-16,-3.6246788220435314e-19
9338.008244928495,8.869003270862211e-16,-3.6246788220435314e-19
9340.283359728777,9.714651823920184e-16,-3.6246788220435314e-19
9342.55946933221,1.0418022579983602e-15,-3.6246788220435314e-19
9344.834584132494,1.035563416874358e-15,-3.6246788220435314e-19
9347.110693735925,9.856417040071222e-16,-3.6246788220435314e-19
9349.385808536208,9.118080947896172e-16,-3.6246788220435314e-19
9351.661918139638,8.203087529293244e-16,-3.6246788220435314e-19
9353.938027743072,7.494700803546797e-16,-3.6246788220435314e-19
9356.213142543354,7.628887145797197e-16,-3.6246788220435314e-19
9358.489252146786,8.601106554287539e-16,-3.6246788220435314e-19
9360.76436694707,9.916681902102369e-16,-3.6246788220435314e-19
9363.0404765505,1.1076688963908483e-15,-3.6246788220435314e-19
9365.315591350784,1.1579311093898518e-15,-3.6246788220435314e-19
9367.591700954217,1.166450935267524e-15,-3.6246788220435314e-19
9369.8668157545,1.1965028178648303e-15,-3.6246788220435314e-19
9372.14292535793,1.2391861569631973e-15,-3.6246788220435314e-19
9374.419034961362,1.2585910031822184e-15,-3.6246788220435314e-19
9376.694149761646,1.2308274279220607e-15,-3.6246788220435314e-19
9378.970259365078,1.1404045058331625e-15,-3.6246788220435314e-19
9381.245374165363,1.0536685045258785e-15,-3.6246788220435314e-19
9383.521483768793,1.0458626305373968e-15,-3.6246788220435314e-19
9385.796598569075,1.051156858392624e-15,-3.6246788220435314e-19
9388.072708172507,9.913643029958636e-16,-3.6246788220435314e-19
9390.34881777594,9.358737653929425e-16,-3.6246788220435314e-19
9392.623932576224,9.488567059009894e-16,-3.6246788220435314e-19
9394.900042179654,9.230445991379522e-16,-3.6246788220435314e-19
9397.175156979938,7.901946283724476e-16,-3.6246788220435314e-19
9399.45126658337,7.378454790819643e-16,-3.6246788220435314e-19
9401.726381383653,8.697288688282573e-16,-3.6246788220435314e-19
9404.002490987084,9.536493367879135e-16,-3.6246788220435314e-19
9406.278600590516,8.439973104834876e-16,-3.6246788220435314e-19
9408.553715390799,6.562938668777243e-16,-3.6246788220435314e-19
9410.82982499423,5.045296629862834e-16,-3.6246788220435314e-19
9413.104939794515,4.847257359676638e-16,-3.6246788220435314e-19
9415.381049397945,6.120691239570538e-16,-3.6246788220435314e-19
9417.656164198228,7.551048083416747e-16,-3.6246788220435314e-19
9419.932273801662,8.416540837702474e-16,-3.6246788220435314e-19
9422.208383405094,8.984700089828449e-16,-3.6246788220435314e-19
9424.483498205376,9.093367228654965e-16,-3.6246788220435314e-19
9426.759607808806,8.0366818197357905e-16,-3.6246788220435314e-19
9429.03472260909,6.574252060252106e-16,-3.6246788220435314e-19
9431.310832212523,6.839000065930862e-16,-3.6246788220435314e-19
9433.585947012807,8.244753029288047e-16,-3.6246788220435314e-19
9435.862056616239,8.171014613655767e-16,-3.6246788220435314e-19
9438.13717141652,7.114915011414903e-16,-3.6246788220435314e-19
9440.413281019952,7.345979133090829e-16,-3.6246788220435314e-19
9442.689390623384,8.505363775301238e-16,-3.6246788220435314e-19
9444.964505423668,9.128186113097021e-16,-3.6246788220435314e-19
9447.2406150271,8.785269528781266e-16,-3.6246788220435314e-19
9449.515729827383,7.442124654168469e-16,-3.6246788220435314e-19
9451.791839430814,6.948875431031393e-16,-3.6246788220435314e-19
9454.066954231097,9.398096540128382e-16,-3.6246788220435314e-19
9456.343063834529,1.205245982538608e-15,-3.6246788220435314e-19
9458.619173437963,1.1592601582912677e-15,-3.6246788220435314e-19
9460.894288238243,1.0506369549656238e-15,-3.6246788220435314e-19
9463.170397841675,1.1662751932640309e-15,-3.6246788220435314e-19
9465.44551264196,1.3074289736945806e-15,-3.6246788220435314e-19
9467.721622245392,1.2738402832769773e-15,-3.6246788220435314e-19
9469.996737045674,1.1720344051701666e-15,-3.6246788220435314e-19
9472.272846649106,1.1135086567152517e-15,-3.6246788220435314e-19
9474.548956252538,1.1298965985409758e-15,-3.6246788220435314e-19
9476.82407105282,1.211199242906934e-15,-3.6246788220435314e-19
9479.100180656253,1.2141722117993576e-15,-3.6246788220435314e-19
9481.375295456537,1.0896553410328137e-15,-3.6246788220435314e-19
9483.651405059967,1.060009861818585e-15,-3.6246788220435314e-19
9485.926519860252,1.1875253305197284e-15,-3.6246788220435314e-19
9488.202629463683,1.1961037370652315e-15,-3.6246788220435314e-19
9490.478739067115,1.0008616937679655e-15,-3.6246788220435314e-19
9492.753853867396,8.145422184397097e-16,-3.6246788220435314e-19
9495.02996347083,7.650049412051147e-16,-3.6246788220435314e-19
9497.305078271113,8.902980058204195e-16,-3.6246788220435314e-19
9499.581187874544,1.090376615505483e-15,-3.6246788220435314e-19
9501.856302674829,1.102953152630452e-15,-3.6246788220435314e-19
9504.132412278259,9.324541189083077e-16,-3.6246788220435314e-19
9506.407527078542,8.176945906273657e-16,-3.6246788220435314e-19
9508.683636681973,7.934238876866318e-16,-3.6246788220435314e-19
9510.959746285407,7.554562923486607e-16,-3.6246788220435314e-19
9513.23486108569,7.367544141436118e-16,-3.6246788220435314e-19
9515.51097068912,8.366930334633091e-16,-3.6246788220435314e-19
9517.786085489404,9.624217917956068e-16,-3.6246788220435314e-19
9520.062195092836,9.44364300936699e-16,-3.6246788220435314e-19
9522.337309893119,8.871785852584184e-16,-3.6246788220435314e-19
9524.613419496553,9.800289437705637e-16,-3.6246788220435314e-19
9526.889529099983,1.0720408664743779e-15,-3.6246788220435314e-19
9529.164643900265,9.527523203117512e-16,-3.6246788220435314e-19
9531.440753503697,8.451506173814106e-16,-3.6246788220435314e-19
9533.715868303982,1.0066721637584535e-15,-3.6246788220435314e-19
9535.991977907413,1.2008670776182403e-15,-3.6246788220435314e-19
9538.267092707696,1.178324504378521e-15,-3.6246788220435314e-19
9540.543202311128,1.1336201322399842e-15,-3.6246788220435314e-19
9542.81931191456,1.245077175371953e-15,-3.6246788220435314e-19
9545.094426714842,1.3577717351118519e-15,-3.6246788220435314e-19
9547.370536318274,1.3510642486452015e-15,-3.6246788220435314e-19
9549.645651118557,1.319489268684289e-15,-3.6246788220435314e-19
9551.921760721989,1.3378762757997462e-15,-3.6246788220435314e-19
9554.196875522273,1.3948716043075762e-15,-3.6246788220435314e-19
9556.472985125705,1.473193957197632e-15,-3.6246788220435314e-19
9558.749094729135,1.5518458263442372e-15,-3.6246788220435314e-19
9561.02420952942,1.596433037147112e-15,-3.6246788220435314e-19
9563.300319132852,1.5522009716429627e-15,-3.6246788220435314e-19
9565.575433933134,1.4219981148050717e-15,-3.6246788220435314e-19
9567.851543536566,1.2803244309475218e-15,-3.6246788220435314e-19
9570.126658336849,1.2119534690052583e-15,-3.6246788220435314e-19
9572.40276794028,1.332673580238005e-15,-3.6246788220435314e-19
9574.677882740565,1.524638767428474e-15,-3.6246788220435314e-19
9576.953992343997,1.4263953261841365e-15,-3.6246788220435314e-19
9579.230101947429,1.1024991524547618e-15,-3.6246788220435314e-19
9581.50521674771,9.58617709678331e-16,-3.6246788220435314e-19
9583.781326351142,1.0055737762366221e-15,-3.6246788220435314e-19
9586.056441151426,1.0060167925370941e-15,-3.6246788220435314e-19
9588.332550754858,9.668922290094605e-16,-3.6246788220435314e-19
9590.607665555142,1.0066794863419324e-15,-3.6246788220435314e-19
9592.883775158572,1.0669480096648198e-15,-3.6246788220435314e-19
9595.159884762004,1.0320961735971103e-15,-3.6246788220435314e-19
9597.434999562287,9.399561056824159e-16,-3.6246788220435314e-19
9599.71110916572,8.735878703216249e-16,-3.6246788220435314e-19
9601.986223966003,8.656575124140023e-16,-3.6246788220435314e-19
9604.262333569433,9.286866497084259e-16,-3.6246788220435314e-19
9606.537448369718,9.69612568771863e-16,-3.6246788220435314e-19
9608.81355797315,9.031418172423677e-16,-3.6246788220435314e-19
9611.089667576582,8.959510402661117e-16,-3.6246788220435314e-19
9613.364782376864,1.0920791161643216e-15,-3.6246788220435314e-19
9615.640891980296,1.297785131252901e-15,-3.6246788220435314e-19
9617.916006780579,1.3465571985139535e-15,-3.6246788220435314e-19
9620.19211638401,1.3441480685494034e-15,-3.6246788220435314e-19
9622.467231184295,1.3968560244303516e-15,-3.6246788220435314e-19
9624.743340787725,1.5528380364056249e-15,-3.6246788220435314e-19
9627.019450391157,1.7948896945916047e-15,-3.6246788220435314e-19
9629.294565191442,1.93177074756223e-15,-3.6246788220435314e-19
9631.570674794873,1.877682484695514e-15,-3.6246788220435314e-19
9633.845789595156,1.790510789671237e-15,-3.6246788220435314e-19
9636.121899198586,1.761015423418325e-15,-3.6246788220435314e-19
9638.39701399887,1.749921709447828e-15,-3.6246788220435314e-19
9640.673123602302,1.7510713550540116e-15,-3.6246788220435314e-19
9642.948238402587,1.80039261607598e-15,-3.6246788220435314e-19
9645.224348006019,1.8815048732714872e-15,-3.6246788220435314e-19
9647.500457609449,1.921801050155741e-15,-3.6246788220435314e-19
9649.775572409731,1.9166642578453096e-15,-3.6246788220435314e-19
9652.051682013165,1.926659584293975e-15,-3.6246788220435314e-19
9654.326796813448,1.9345643131594215e-15,-3.6246788220435314e-19
9656.60290641688,1.868316900426032e-15,-3.6246788220435314e-19
9658.878021217162,1.7465240307136297e-15,-3.6246788220435314e-19
9661.154130820594,1.6395703764211695e-15,-3.6246788220435314e-19
9663.430240424026,1.5610210234432687e-15,-3.6246788220435314e-19
9665.70535522431,1.4985227734510634e-15,-3.6246788220435314e-19
9667.98146482774,1.4463017693714606e-15,-3.6246788220435314e-19
9670.256579628023,1.3954940239032806e-15,-3.6246788220435314e-19
9672.532689231455,1.3846126648536712e-15,-3.6246788220435314e-19
9674.80780403174,1.4570110477093163e-15,-3.6246788220435314e-19
9677.083913635171,1.4560847408992386e-15,-3.6246788220435314e-19
9679.360023238602,1.2219341502869659e-15,-3.6246788220435314e-19
9681.635138038886,1.0199150559800004e-15,-3.6246788220435314e-19
9683.911247642318,1.1146253506957802e-15,-3.6246788220435314e-19
9686.1863624426,1.2072926446209538e-15,-3.6246788220435314e-19
9688.462472046032,1.024008380144692e-15,-3.6246788220435314e-19
9690.737586846315,8.303589987540814e-16,-3.6246788220435314e-19
9693.013696449747,8.492000060452289e-16,-3.6246788220435314e-19
9695.289806053179,9.212945016865008e-16,-3.6246788220435314e-19
9697.564920853463,9.21847356739156e-16,-3.6246788220435314e-19
9699.841030456895,9.08578835475433e-16,-3.6246788220435314e-19
9702.116145257176,9.228871635931563e-16,-3.6246788220435314e-19
9704.39225486061,9.624071466286492e-16,-3.6246788220435314e-19
9706.667369660892,1.0121055206997794e-15,-3.6246788220435314e-19
9708.943479264324,1.0340403195107519e-15,-3.6246788220435314e-19
9711.218594064609,9.922356904298498e-16,-3.6246788220435314e-19
9713.494703668039,8.406875027510358e-16,-3.6246788220435314e-19
9715.77081327147,6.508129131437857e-16,-3.6246788220435314e-19
9718.045928071755,6.523982524669623e-16,-3.6246788220435314e-19
9720.322037675187,8.571230413693726e-16,-3.6246788220435314e-19
9722.59715247547,1.0438855329981003e-15,-3.6246788220435314e-19
9724.8732620789,1.138083246870359e-15,-3.6246788220435314e-19
9727.148376879184,1.1899893798603702e-15,-3.6246788220435314e-19
9729.424486482616,1.2093393067032996e-15,-3.6246788220435314e-19
9731.700596086048,1.181443924940522e-15,-3.6246788220435314e-19
9733.97571088633,1.1883601050363204e-15,-3.6246788220435314e-19
9736.251820489762,1.355666492361675e-15,-3.6246788220435314e-19
9738.526935290045,1.573608544443456e-15,-3.6246788220435314e-19
9740.803044893477,1.6406101832751698e-15,-3.6246788220435314e-19
9743.078159693761,1.5145519086863225e-15,-3.6246788220435314e-19
9745.354269297191,1.224760667509812e-15,-3.6246788220435314e-19
9747.630378900623,1.0173192001367389e-15,-3.6246788220435314e-19
9749.905493700908,1.1569938187045557e-15,-3.6246788220435314e-19
9752.18160330434,1.3933375230687517e-15,-3.6246788220435314e-19
9754.456718104622,1.4053355760988898e-15,-3.6246788220435314e-19
9756.732827708054,1.3644133183271923e-15,-3.6246788220435314e-19
9759.007942508337,1.4671601484110382e-15,-3.6246788220435314e-19
9761.284052111769,1.4946271590403015e-15,-3.6246788220435314e-19
9763.559166912053,1.2864863849449957e-15,-3.6246788220435314e-19
9765.835276515485,1.1945733171181464e-15,-3.6246788220435314e-19
9768.111386118915,1.4394295247765355e-15,-3.6246788220435314e-19
9770.3865009192,1.6030856042376706e-15,-3.6246788220435314e-19
9772.662610522631,1.4247257771509529e-15,-3.6246788220435314e-19
9774.937725322914,1.2134619212019066e-15,-3.6246788220435314e-19
9777.213834926346,1.158040948142035e-15,-3.6246788220435314e-19
9779.488949726629,1.1150171089119001e-15,-3.6246788220435314e-19
9781.76505933006,1.0278856880967567e-15,-3.6246788220435314e-19
9784.041168933492,9.847263810722625e-16,-3.6246788220435314e-19
9786.316283733777,1.049366486732039e-15,-3.6246788220435314e-19
9788.592393337207,1.2971736955324151e-15,-3.6246788220435314e-19
9790.86750813749,1.5673294291103202e-15,-3.6246788220435314e-19
9793.143617740923,1.3759939840990344e-15,-3.6246788220435314e-19
9795.418732541206,8.356788556514847e-16,-3.6246788220435314e-19
9797.694842144638,6.620823691177756e-16,-3.6246788220435314e-19
9799.970951748068,8.846522939582062e-16,-3.6246788220435314e-19
9802.246066548352,9.905844478553633e-16,-3.6246788220435314e-19
9804.522176151784,9.259040679864532e-16,-3.6246788220435314e-19
9806.797290952069,9.09699190747701e-16,-3.6246788220435314e-19
9809.0734005555,9.475459634582707e-16,-3.6246788220435314e-19
9811.348515355781,9.564795153024992e-16,-3.6246788220435314e-19
9813.624624959213,9.2019245287293e-16,-3.6246788220435314e-19
9815.900734562645,8.482151185673201e-16,-3.6246788220435314e-19
9818.17584936293,7.80851011853402e-16,-3.6246788220435314e-19
9820.451958966361,7.646131829889949e-16,-3.6246788220435314e-19
9822.727073766644,8.638122213773256e-16,-3.6246788220435314e-19
9825.003183370076,1.1206371917319373e-15,-3.6246788220435314e-19
9827.278298170359,1.3051186986069953e-15,-3.6246788220435314e-19
9829.55440777379,1.1992927221702819e-15,-3.6246788220435314e-19
9831.829522574075,1.1119269786838144e-15,-3.6246788220435314e-19
9834.105632177505,1.3316484185509624e-15,-3.6246788220435314e-19
9836.381741780937,1.5533835688748011e-15,-3.6246788220435314e-19
9838.656856581221,1.509781245549835e-15,-3.6246788220435314e-19
9840.932966184653,1.3717468856812863e-15,-3.6246788220435314e-19
9843.208080984936,1.309087538852546e-15,-3.6246788220435314e-19
9845.484190588368,1.3854474393702631e-15,-3.6246788220435314e-19
9847.75930538865,1.586858759248482e-15,-3.6246788220435314e-19
9850.035414992082,1.6985464637600353e-15,-3.6246788220435314e-19
9852.311524595514,1.6093940099047223e-15,-3.6246788220435314e-19
9854.586639395797,1.457267338131077e-15,-3.6246788220435314e-19
9856.862748999229,1.3355879684625975e-15,-3.6246788220435314e-19
9859.137863799513,1.2390104149597043e-15,-3.6246788220435314e-19
9861.413973402945,1.2006071259047402e-15,-3.6246788220435314e-19
9863.689088203228,1.312415653043695e-15,-3.6246788220435314e-19
9865.965197806658,1.5077528899261865e-15,-3.6246788220435314e-19
9868.24130741009,1.5301197211624125e-15,-3.6246788220435314e-19
9870.516422210374,1.4038454303609385e-15,-3.6246788220435314e-19
9872.792531813806,1.4273582459116088e-15,-3.6246788220435314e-19
9875.06764661409,1.5456033239284955e-15,-3.6246788220435314e-19
9877.34375621752,1.4348638939774565e-15,-3.6246788220435314e-19
9879.618871017803,1.232778896419181e-15,-3.6246788220435314e-19
9881.894980621235,1.345975053127383e-15,-3.6246788220435314e-19
9884.171090224669,1.5968028276127952e-15,-3.6246788220435314e-19
9886.446205024951,1.5412097738411701e-15,-3.6246788220435314e-19
9888.722314628381,1.3433389230749875e-15,-3.6246788220435314e-19
9890.997429428666,1.3789120336153663e-15,-3.6246788220435314e-19
9893.273539032098,1.479941717873416e-15,-3.6246788220435314e-19
9895.54865383238,1.3509031518086663e-15,-3.6246788220435314e-19
9897.824763435814,1.1793789563994791e-15,-3.6246788220435314e-19
9900.099878236095,1.2224979892148395e-15,-3.6246788220435314e-19
9902.375987839527,1.3308941924526382e-15,-3.6246788220435314e-19
9904.652097442959,1.318870510380324e-15,-3.6246788220435314e-19
9906.927212243243,1.3154252348535129e-15,-3.6246788220435314e-19
9909.203321846673,1.426197616430207e-15,-3.6246788220435314e-19
9911.478436646958,1.392019458042554e-15,-3.6246788220435314e-19
9913.75454625039,1.0560996022408653e-15,-3.6246788220435314e-19
9916.029661050672,7.839045291640933e-16,-3.6246788220435314e-19
9918.305770654104,8.266977070146435e-16,-3.6246788220435314e-19
9920.581880257534,9.487139155231513e-16,-3.6246788220435314e-19
9922.856995057818,1.0025825008855013e-15,-3.6246788220435314e-19
9925.13310466125,1.152281736235899e-15,-3.6246788220435314e-19
9927.408219461535,1.4055259632693405e-15,-3.6246788220435314e-19
9929.684329064967,1.437141217439387e-15,-3.6246788220435314e-19
9931.959443865248,1.2066079830656788e-15,-3.6246788220435314e-19
9934.23555346868,1.1467678308763056e-15,-3.6246788220435314e-19
9936.511663072113,1.3453379883647208e-15,-3.6246788220435314e-19
9938.786777872396,1.42604750346889e-15,-3.6246788220435314e-19
9941.062887475828,1.3264237552387845e-15,-3.6246788220435314e-19
9943.33800227611,1.3111268783514129e-15,-3.6246788220435314e-19
9945.614111879542,1.4122993529873007e-15,-3.6246788220435314e-19
9947.889226679825,1.4632315823746214e-15,-3.6246788220435314e-19
9950.165336283259,1.5280254622874542e-15,-3.6246788220435314e-19
9952.44144588669,1.8378403079869507e-15,-3.6246788220435314e-19
9954.716560686971,2.147252411595109e-15,-3.6246788220435314e-19
9956.992670290403,1.9494621092471943e-15,-3.6246788220435314e-19
9959.267785090688,1.6017455714610365e-15,-3.6246788220435314e-19
9961.54389469412,1.8223457213456493e-15,-3.6246788220435314e-19
9963.819009494404,2.2383892855731976e-15,-3.6246788220435314e-19
9966.095119097834,2.1379344241182397e-15,-3.6246788220435314e-19
9968.370233898117,1.8227484634369875e-15,-3.6246788220435314e-19
9970.646343501548,1.819164058824078e-15,-3.6246788220435314e-19
9972.92245310498,1.975523183848513e-15,-3.6246788220435314e-19
9975.197567905265,2.0243501704856573e-15,-3.6246788220435314e-19
9977.473677508695,1.853814523846118e-15,-3.6246788220435314e-19
9979.74879230898,1.4432336068938116e-15,-3.6246788220435314e-19
9982.024901912411,1.2729615732595121e-15,-3.6246788220435314e-19
9984.300016712694,1.666162338324707e-15,-3.6246788220435314e-19
9986.576126316124,1.8411171640937475e-15,-3.6246788220435314e-19
9988.852235919558,1.2787720432500001e-15,-3.6246788220435314e-19
9991.12735071984,8.274812234468832e-16,-3.6246788220435314e-19
9993.403460323272,1.0312467539135608e-15,-3.6246788220435314e-19
9995.678575123557,1.3145758151699634e-15,-3.6246788220435314e-19
9997.954684726987,1.280752802081036e-15,-3.6246788220435314e-19
10000.22979952727,9.958933208775483e-16,-3.6246788220435314e-19
10002.505909130703,6.486088155166442e-16,-3.6246788220435314e-19
10004.782018734135,7.007858840953738e-16,-3.6246788220435314e-19
10007.057133534418,1.1856104749400025e-15,-3.6246788220435314e-19
10009.333243137848,1.4508783840457579e-15,-3.6246788220435314e-19
10011.608357938132,1.2999489546709089e-15,-3.6246788220435314e-19
10013.884467541564,1.0878539854970102e-15,-3.6246788220435314e-19
10016.159582341848,1.0211672177548882e-15,-3.6246788220435314e-19
10018.43569194528,1.1953092367577734e-15,-3.6246788220435314e-19
10020.71180154871,1.4751234579443158e-15,-3.6246788220435314e-19
10022.986916348993,1.5229399280613748e-15,-3.6246788220435314e-19
10025.263025952427,1.3301948857304055e-15,-3.6246788220435314e-19
10027.53814075271,1.1001961999506555e-15,-3.6246788220435314e-19
10029.81425035614,9.863629784797914e-16,-3.6246788220435314e-19
10032.089365156424,1.1119269786838144e-15,-3.6246788220435314e-19
10034.365474759856,1.3466633759743973e-15,-3.6246788220435314e-19
10036.640589560138,1.457692047972852e-15,-3.6246788220435314e-19
10038.91669916357,1.3640069149441145e-15,-3.6246788220435314e-19
10041.192808767002,1.0610533299643247e-15,-3.6246788220435314e-19
10043.467923567285,8.144397022710054e-16,-3.6246788220435314e-19
10045.744033170717,9.181750811244997e-16,-3.6246788220435314e-19
10048.019147971001,1.1822164574975434e-15,-3.6246788220435314e-19
10050.295257574433,1.3443347944281147e-15,-3.6246788220435314e-19
10052.570372374714,1.4682329068906936e-15,-3.6246788220435314e-19
10054.846481978147,1.6391456665793948e-15,-3.6246788220435314e-19
10057.12259158158,1.8198706881297895e-15,-3.6246788220435314e-19
10059.397706381862,1.9518053359604343e-15,-3.6246788220435314e-19
10061.673815985294,1.8787076463825566e-15,-3.6246788220435314e-19
10063.948930785577,1.5575098446651476e-15,-3.6246788220435314e-19
10066.225040389008,1.3348337423642733e-15,-3.6246788220435314e-19
10068.500155189293,1.424191228556995e-15,-3.6246788220435314e-19
10070.776264792725,1.617185238726246e-15,-3.6246788220435314e-19
10073.052374396157,1.7621980206501635e-15,-3.6246788220435314e-19
10075.327489196437,1.8892155536747432e-15,-3.6246788220435314e-19
10077.603598799871,1.964301324667136e-15,-3.6246788220435314e-19
10079.878713600154,1.8554071857527737e-15,-3.6246788220435314e-19
10082.154823203586,1.548323663690898e-15,-3.6246788220435314e-19
10084.42993800387,1.155408479381379e-15,-3.6246788220435314e-19
10086.7060476073,8.698679979143559e-16,-3.6246788220435314e-19
10088.982157210732,1.0208999434579092e-15,-3.6246788220435314e-19
10091.257272011017,1.3809550344059727e-15,-3.6246788220435314e-19
10093.533381614448,1.1592638195830073e-15,-3.6246788220435314e-19
10095.808496414731,6.14328140960287e-16,-3.6246788220435314e-19
10098.084606018161,7.937863555688362e-16,-3.6246788220435314e-19
10100.359720818446,1.5050069211216079e-15,-3.6246788220435314e-19
10102.635830421877,1.8355410167745837e-15,-3.6246788220435314e-19
10104.910945222162,1.7036576270282908e-15,-3.6246788220435314e-19
10107.187054825592,1.4120650303159767e-15,-3.6246788220435314e-19
10109.463164429024,1.1590734324125564e-15,-3.6246788220435314e-19
10111.738279229306,1.115760351135006e-15,-3.6246788220435314e-19
10114.014388832738,1.1094995422605672e-15,-3.6246788220435314e-19
10116.289503633023,8.774395492315135e-16,-3.6246788220435314e-19
10118.565613236453,6.222841279100856e-16,-3.6246788220435314e-19
10120.840728036737,6.153789316895056e-16,-3.6246788220435314e-19
