id,log_lsun,log_lsun_u,t_exp,t_exp_u,v_start,v_start_u,X,X_u,Z,Z_u
0,7.693549952016344,0.20752775112019106,13.094467618419182,0.5236169046047956,5820.213600417329,0.016844667014440873,0.7327354347497744,0.8654708694995489,0.016318395357336354,0.31956354257245156
1,8.474414567689372,0.6413414264940959,12.988955230964464,0.49723880774111584,5932.275636297393,0.11022969691449402,0.6105862876116291,0.6211725752232583,0.007290269065319601,0.1371771528347394
2,9.084484148196328,0.9802689712201823,12.968550555796417,0.49213763894910445,6264.948397619949,0.3874569980166245,0.6973673149280192,0.7947346298560384,0.03682132971407279,0.733764236647935
3,7.805277844496951,0.2695988024983059,13.75728439036011,0.6893210975900277,5861.005057213708,0.05083754767809012,0.5482296567086882,0.4964593134173765,0.0193564200440728,0.3809377786681374
4,8.422840772800084,0.6126893182222689,13.709720589595676,0.6774301473989192,5946.215291912091,0.12184607659340929,0.500262769843627,0.400525539687254,0.04486480565909519,0.8962587001837411
5,8.948709521411196,0.9048386230062203,14.586767906186092,0.896691976546523,6509.6711061654205,0.5913925884711841,0.6583319933798891,0.7166639867597783,0.044056496734177046,0.8799292269530715
6,8.540289156759457,0.6779384204219207,14.147789561710416,0.786947390427604,6556.05321765383,0.630044348044858,0.47869428929692265,0.3573885785938453,0.011840539320695528,0.22910180445849548
7,8.385810495411054,0.5921169418950295,11.771161241028082,0.19279031025702076,6783.223027985266,0.8193525233210546,0.49079905936860546,0.38159811873721095,0.04495644846164855,0.8981100699322938
8,8.546858925215382,0.6815882917863234,11.210665858109758,0.052666464527439616,6288.962065458308,0.4074683878819234,0.5279921295048093,0.4559842590096187,0.017986487100839246,0.3532623656735201
9,8.48750847253272,0.6486158180737338,13.045469489760698,0.5113673724401744,5894.282742096508,0.07856895174709011,0.3747872522403103,0.1495745044806206,0.010354488902784209,0.19908058389463046
10,7.547927120291504,0.12662617793972442,13.669526882220866,0.6673817205552167,6202.602090105824,0.33550174175485303,0.368204564402737,0.13640912880547407,0.016134918232546945,0.31585693399084735
11,8.23847056418069,0.510261424544827,11.543314441864233,0.13582861046605843,6609.946588820591,0.6749554906838264,0.3930481509444754,0.18609630188895088,0.04452770128077453,0.8894485107227178
12,7.622493218800274,0.16805178822237454,14.448603722740302,0.8621509306850752,6315.489255350266,0.4295743794585547,0.319502791713879,0.03900558342775806,0.02523476991779896,0.4996923215716961
13,7.987816345022339,0.37100908056796644,12.773522408861579,0.44338060221539477,6184.966218302839,0.3208051819190323,0.6780412433422078,0.7560824866844158,0.0050299323311209405,0.09151378446708969
14,8.793904694030406,0.8188359411280033,13.801487145176402,0.7003717862941008,6919.167271977123,0.9326393933142695,0.5476902506614396,0.49538050132287925,0.017987423515662734,0.35328128314470164
15,7.669346321761491,0.19408128986749495,13.27262414343059,0.5681560358576475,6149.607170708616,0.2913393089238463,0.3595633738401039,0.11912674768020781,0.026404110802921755,0.523315369755995
16,9.07967923347887,0.9775995741549286,13.480471295733398,0.6201178239333496,6009.919132050968,0.1749326100424735,0.793563076283285,0.9871261525665702,0.0029064223159559702,0.04861459224153475
17,7.43191392665128,0.06217440369515559,13.26591567658687,0.5664789191467176,6738.696733218846,0.7822472776823718,0.3652647290577055,0.13052945811541106,0.012691877196055038,0.24630054941525326
18,8.60755396263606,0.715307757020034,13.501402145514703,0.6253505363786755,6539.833900329114,0.6165282502742616,0.540486656880705,0.48097331376141006,0.02605144557399272,0.5161908196766206
19,7.839459960038815,0.2885888666882309,14.708275565405557,0.9270688913513895,6006.73682937594,0.17228069114661682,0.5485014157804624,0.49700283156092473,0.01825493429111421,0.3586855412346305
20,7.32160782461935,0.0008932358996388556,14.08827037624975,0.7720675940624375,6837.802271012195,0.8648352258434961,0.4537884389531594,0.3075768779063188,0.016156570764520938,0.31629435887921087
21,7.770509492904599,0.2502830516136658,11.090107511639637,0.02252687790990915,6563.594729211109,0.6363289410092575,0.7798455246048148,0.9596910492096298,0.047158331829536465,0.9425925622128578
22,8.326776306728354,0.5593201704046413,14.666209935157804,0.916552483789451,6644.40342335428,0.7036695194618996,0.6407315757148604,0.6814631514297207,0.030596253668391762,0.6080051246139749
23,7.824651222439082,0.28036179024393426,11.537166790926054,0.13429169773151384,6072.231616135137,0.22685968011261437,0.5518060410891028,0.5036120821782057,0.049473965837777856,0.9893730472278355
24,7.611117199755815,0.1617317776421192,12.734067967591173,0.43351699189779347,6388.692678404423,0.49057723200368564,0.35072073374687374,0.1014414674937475,0.02150023224641368,0.4242471160891652
25,8.867931441589741,0.8599619119943006,13.57857452093689,0.6446436302342224,6475.243122737589,0.562702602281324,0.712583035684599,0.8251660713691981,0.02143641673436408,0.42295791382553694
26,7.580347495231589,0.14463749735088238,12.30339896213978,0.325849740534945,6528.81888350302,0.6073490695858497,0.5753607992897305,0.5507215985794611,0.03275390788708667,0.6515940987290235
27,7.530550088786535,0.11697227154807532,11.062760223142387,0.01569005578559657,6197.138406872137,0.33094867239344794,0.3541320895983672,0.10826417919673437,0.03147054050355806,0.6256674849203648
28,7.861665540935941,0.30092530051996713,14.501688446365709,0.8754221115914274,6531.72888198542,0.6097740683211833,0.7413174872242592,0.8826349744485184,0.025973435818243896,0.5146148650150282
29,8.973592380265702,0.9186624334809453,14.591938312160714,0.8979845780401786,5807.1518971532605,0.005959914294383473,0.6221011815724928,0.6442023631449856,0.03449158013771815,0.6866985886407707
30,7.95514919325503,0.35286066291946117,14.50038002047924,0.8750950051198099,6896.056364143915,0.9133803034532626,0.37954831221648455,0.15909662443296912,0.010062243375651788,0.19317663385155126
31,8.934922662623741,0.8971792570131902,12.909462243902624,0.4773655609756562,5806.606617278806,0.005505514399005262,0.3999679714490421,0.19993594289808425,0.03783621898880326,0.7542670502788537
32,8.468391566500632,0.6379953147225734,14.488528644375743,0.8721321610939358,5858.969725690951,0.049141438075793076,0.6783230251955605,0.756646050391121,0.001964364848864806,0.029583128259895064
33,8.181345900962643,0.47852550053480225,12.804919568435228,0.45122989210880715,6852.5119079786145,0.8770932566488454,0.6447534543243477,0.6895069086486955,0.015541154453445952,0.30386170613022123
34,8.494937218413618,0.6527428991186769,11.385578904741267,0.09639472618531675,6444.250990204081,0.5368758251700677,0.4031385458146577,0.2062770916293154,0.03198521318424998,0.6360649128131309
35,7.343005823495179,0.012781013052877377,11.817765059264493,0.20444126481612324,6570.024832757607,0.6416873606313394,0.4275448416464914,0.25508968329298287,0.005742270570421634,0.10590445596811382
36,8.996168442291712,0.9312046901620623,13.530487319684271,0.6326218299210679,6299.103346978673,0.4159194558155601,0.6054320185667921,0.6108640371335841,0.042872932247606826,0.8560188332849863
37,7.5981738305627395,0.1545410169792999,14.709707016881103,0.9274267542202758,6082.852147308643,0.2357101227572025,0.7292135286454792,0.8584270572909584,0.011822420427215236,0.22873576620636837
38,8.901652486364766,0.8786958257582035,11.525755369742571,0.13143884243564286,6236.543479241175,0.36378623270097954,0.5576388220516619,0.515277644103324,0.021302709517156643,0.4202567579223564
39,7.947977156065563,0.34887619781420187,14.068421891956882,0.7671054729892207,6218.682614940183,0.3489021791168193,0.720336455385172,0.840672910770344,0.020181813976173444,0.39761240355905947
40,7.722353313485605,0.2235296186031136,14.073813952360913,0.7684534880902283,6074.8671996844,0.22905599973699953,0.5368871024343018,0.4737742048686038,0.008547004153602131,0.16256574047681072
41,8.754431930389664,0.7969066279942586,14.958561802581512,0.9896404506453779,6673.200557390282,0.7276671311585683,0.6285928456131034,0.6571856912262067,0.006917870771119069,0.12965395497210241
42,8.014520356224741,0.3858446423470785,11.778544132316291,0.19463603307907273,5949.304234003631,0.12442019500302581,0.7227543670236439,0.8455087340472879,0.01928317850982525,0.3794581517136414
43,8.723295813026997,0.7796087850149986,14.147110610046527,0.7867776525116318,5855.7994822603205,0.04649956855026738,0.6584863060633018,0.7169726121266037,0.02088834696081464,0.41188579718817453
44,8.416249380590777,0.6090274336615435,11.679588398282611,0.16989709957065302,5841.578658190703,0.0346488818255859,0.6685823475585013,0.7371646951170027,0.03233562467378422,0.6431439328037216
45,8.922487419811299,0.8902707887840553,12.022594224322658,0.2556485560806644,6064.9468620202515,0.2207890516835429,0.7086807612650992,0.8173615225301983,0.04880412860158071,0.9758409818501153
46,7.831708991583904,0.28428277310216876,14.522838414806916,0.8807096037017289,6396.688269565515,0.4972402246379294,0.4385743896186727,0.2771487792373454,0.009782552235378885,0.187526307785432
47,7.567708588382525,0.13761588243473555,14.430256704247999,0.8575641760619996,6470.321479495268,0.5586012329127236,0.7051036470560833,0.8102072941121666,0.03476473248537553,0.6922168178863743
48,8.827055097552613,0.8372528319736738,11.927890561616337,0.23197264040408438,6369.469777864111,0.4745581482200927,0.4749719981722353,0.3499439963444706,0.031002832324544052,0.6162188348392738
49,8.699244132015284,0.7662467400084912,12.94907016337737,0.48726754084434243,6477.719300101214,0.5647660834176784,0.5189053025808199,0.4378106051616397,0.02614057969892522,0.5179915090691963
50,7.484319525718801,0.09128862539933402,11.597326144065429,0.1493315360163573,6316.00972798441,0.4300081066536753,0.7008016379523574,0.8016032759047149,0.03817691601047369,0.7611498183934078
51,8.214984605106125,0.49721366950340307,12.225994988372065,0.30649874709301606,6672.563127694417,0.7271359397453476,0.44919627121995337,0.29839254243990676,0.007332687602592732,0.13803409298167135
52,8.781827095353863,0.8121261640854798,14.427354382932066,0.8568385957330164,6437.605798019504,0.5313381650162531,0.3708388769961757,0.14167775399235139,0.03772854953535932,0.7520919098052388
53,8.930618140734287,0.8947878559634931,11.496953941194837,0.12423848529870929,6337.220348017336,0.4476836233477801,0.41123402503981854,0.2224680500796371,0.03896563002583805,0.7770834348654151
54,8.175895774372172,0.47549765242898423,11.471771442886594,0.11794286072164839,6468.581632174488,0.5571513601454062,0.5708267989172953,0.5416535978345905,0.049916316307666346,0.9983094203568958
55,9.064842925728092,0.9693571809600513,12.81327817770797,0.4533195444269925,6069.742593768151,0.22478549480679244,0.7738306083397057,0.9476612166794114,0.005270904685868683,0.09638191284583197
56,8.938515814935043,0.899175452741691,12.380714835923623,0.34517870898090586,6153.488045097165,0.2945733709143046,0.6079740669227862,0.6159481338455726,0.02008759144284794,0.3957089180373321
57,8.99407924662836,0.9300440259046446,12.413456595861222,0.35336414896530544,6092.9529429374215,0.2441274524478514,0.7535374505716218,0.9070749011432436,0.04898895721586484,0.9795748932497947
58,8.012822082579493,0.3849011569886073,12.932308476195052,0.48307711904876294,6237.197791628777,0.36433149302398105,0.7164236868158136,0.8328473736316272,0.03237860402732937,0.6440122025723105
59,8.061847647190957,0.41213758177275395,14.200715698193648,0.8001789245484118,6274.577337047649,0.395481114206374,0.5754995332797238,0.5509990665594476,0.014382571452541076,0.2804559889402237
60,8.959122157357116,0.910623420753954,11.690327039194328,0.17258175979858192,6708.80176461544,0.7573348038462001,0.3925419810077046,0.18508396201540922,0.0007271598375291771,0.004589087626852062
61,8.548302731289166,0.6823904062717591,14.039915959500643,0.7599789898751609,5934.148732775355,0.11179061064612916,0.6332585129594449,0.6665170259188898,0.04140986737885226,0.8264619672495406
62,8.772331347110025,0.806850748394459,14.437355559483315,0.8593388898708287,6684.621404488655,0.7371845037405458,0.34810458596412097,0.09620917192824197,0.013029393373904434,0.2531190580586754
63,8.574447554731782,0.6969153081843236,12.449619403061746,0.3624048507654366,6635.360780114048,0.6961339834283734,0.6037142280569567,0.6074284561139135,0.018274142535234534,0.35907358657039457
64,8.204754902023492,0.49153050112416174,12.05404919569636,0.2635122989240898,6594.163982033473,0.6618033183612275,0.31245676772118214,0.0249135354423643,0.021233697661185002,0.4188625790138384
65,8.020753008401648,0.38930722688980446,12.738143030349239,0.43453575758730956,5978.122444427536,0.14843537035627974,0.7310350397946547,0.8620700795893094,0.03148337311997999,0.6259267296965655
66,8.350375067839265,0.5724305932440363,11.622719081639376,0.15567977040984393,6853.554807994851,0.8779623399957093,0.31653373615724784,0.033067472314495694,0.04862870391482308,0.9722970487843047
67,7.886822557474162,0.3149014208189793,12.387253153947881,0.34681328848697013,6634.717537515096,0.6955979479292467,0.7950075789278733,0.9900151578557467,0.04824818831852083,0.9646098650206228
68,8.710064547757163,0.7722580820873131,14.940276931492942,0.9850692328732357,6503.285667948045,0.5860713899567038,0.5490131475426929,0.49802629508538576,0.0422075408050126,0.8425765819194464
69,8.093452619414666,0.4296958996748147,12.630134780846085,0.40753369521152105,6715.5907125230715,0.7629922604358932,0.38161968764844,0.16323937529688004,0.04155699774892734,0.8294342979581281
70,8.581348977422225,0.7007494319012363,11.057117232729922,0.014279308182480466,6547.989416962767,0.623324514135639,0.6323181701062301,0.6646363402124604,0.032848608649005635,0.6535072454344573
71,8.051655745519275,0.40647541417737476,12.382117381402585,0.3455293453506464,6328.060053196918,0.44005004433076467,0.5809386072110824,0.5618772144221648,0.03610438670567293,0.7192805395085441
72,7.648621171905462,0.18256731772525658,11.091016930052367,0.022754232513091943,6162.8762940540555,0.3023969117117127,0.38000010355191427,0.16000020710382856,0.018079424617461322,0.35513989126184486
73,8.427537078335439,0.6152983768530216,12.74590163052915,0.43647540763228754,6818.0210130159885,0.8483508441799905,0.3506135391743354,0.10122707834867084,0.031262111101840705,0.6214567899361758
74,8.550296210008598,0.6834978944492213,14.341389463198295,0.8353473657995738,6095.272206110533,0.24606017175877748,0.4133322483288213,0.22666449665764266,0.005833692774550805,0.10775136918284456
75,8.024982145409346,0.39165674744963686,12.247595239386028,0.31189880984650686,5969.657606473129,0.14138133872760728,0.7776908837525153,0.9553817675050306,0.04298165750203837,0.8582153030714822
76,7.580199582666773,0.1445553237037629,13.496602936256,0.6241507340640001,5867.24147304848,0.05603456087373326,0.3243423528599516,0.04868470571990324,0.013193688614783304,0.25643815383400614
77,8.411276486744715,0.6062647148581747,12.060274072492115,0.2650685181230289,5992.498019343748,0.16041501611978992,0.47811646093710486,0.35623292187420974,0.012410923648195316,0.2406247201655619
78,8.621972257469267,0.7233179208162601,12.183256418290298,0.29581410457257473,6016.366799917036,0.18030566659752956,0.766050196072322,0.9321003921446441,0.04636111628859276,0.9264871977493487
79,8.969087094973379,0.9161594972074326,14.586627987804375,0.8966569969510939,6615.190081038904,0.6793250675324202,0.3474437066954112,0.0948874133908224,0.03177983038542038,0.6319157653620278
80,9.02741537272072,0.9485640959559558,14.37696004070189,0.8442400101754725,6883.409209990401,0.9028410083253341,0.6188627753692266,0.6377255507384532,0.03149424054212865,0.6261462735783565
81,7.580799116249821,0.1448883979165675,12.70513456943746,0.4262836423593649,6164.275809981773,0.303563174984811,0.43317139325869997,0.26634278651739995,0.03566523656288368,0.7104088194521955
82,8.358164132789662,0.5767578515498122,13.588519976669046,0.6471299941672615,6192.037459300445,0.3266978827503715,0.6686079055480336,0.7372158110960673,0.021307288911250256,0.4203492709343486
83,8.478226039422559,0.6434589107903106,12.61305799567705,0.4032644989192623,5803.803355446389,0.0031694628719910467,0.7261036372074685,0.8522072744149369,0.011801252329862098,0.22830812787600197
84,8.586143939053944,0.7034132994744132,11.909442020683896,0.22736050517097406,6794.341491071098,0.8286179092259147,0.414404260134956,0.22880852026991205,0.033816901217917215,0.673068711473075
85,8.873404639778387,0.8630025776546604,13.464040993667036,0.6160102484167588,5977.882482903195,0.14823540241932887,0.317974141501213,0.03594828300242603,0.00818516796644067,0.15525591851395293
86,8.236166335177487,0.5089812973208258,13.660320345144054,0.6650800862860136,6717.706769642096,0.7647556413684133,0.7820205288678815,0.9640410577357631,0.01969318251425164,0.38774106089397253
87,8.928018437634053,0.8933435764633635,13.747575661169794,0.6868939152924486,6013.883901090933,0.17823658424244448,0.5662790905159972,0.5325581810319945,0.0022233591170346886,0.03481533569767048
88,8.046911504233087,0.40383972457393746,11.390681142505574,0.0976702856263938,6890.794677648992,0.9089955647074929,0.3413723289711204,0.08274465794224084,0.04533273759376546,0.9057118705811203
89,8.212230684084851,0.4956837133804731,13.463357321237732,0.6158393303094328,5966.993862535162,0.13916155211263515,0.30024770551834684,0.0004954110366937048,0.02883473308387148,0.5724188501792218
90,8.936224602981428,0.8979025572119049,11.965660689839446,0.24141517245986144,6380.101576288718,0.48341798024059857,0.49241936228692706,0.38483872457385415,0.0031998955465848272,0.05454334437545105
91,7.9357958784436,0.3421088213575557,13.98646361311186,0.7466159032779651,6019.145664290383,0.1826213869086526,0.6603297407033317,0.7206594814066636,0.021901299530650505,0.4323494854676869
92,8.0402442225446,0.400135679191444,12.699136273760445,0.4247840684401113,5901.107331998375,0.08425610999864608,0.5820501566406573,0.5641003132813146,0.04365002799086271,0.8717177371891457
93,8.735198581887392,0.7862214343818849,14.539217113822364,0.8848042784555911,6519.89618331004,0.5999134860917,0.7121253267736549,0.8242506535473098,0.02108726506364657,0.4159043447201327
94,7.4510959492208215,0.07283108290045626,12.491001649717724,0.37275041242943097,6803.06022665228,0.8358835222102337,0.4910631866142996,0.3821263732285992,0.043020742875390115,0.8590049065735377
95,8.364326465773694,0.5801813698742742,11.035360641638817,0.008840160409704256,6709.957284954341,0.7582977374619511,0.5574593106152306,0.5149186212304613,0.03443195077453074,0.6854939550410251
96,7.366256706611065,0.025698170339480075,14.96517906019988,0.9912947650499698,5893.300018274354,0.07775001522862846,0.6511920132852038,0.7023840265704075,0.045039157529747846,0.8997809601969261
97,8.092196376821288,0.4289979871229378,11.683657595046608,0.1709143987616517,5818.365548100372,0.015304623416976026,0.6437083527253709,0.6874167054507417,0.014361812678598077,0.2800366197696581
98,7.809139000994353,0.2717438894413071,11.75921727097056,0.18980431774263962,6276.6616785491315,0.39721806545760974,0.4075655658033605,0.21513113160672104,0.0031795437867067487,0.05413219771124744
99,8.455963584109776,0.6310908800609868,14.828516791925278,0.9571291979813193,6981.453032345526,0.9845441936212713,0.6313297186975674,0.6626594373951348,0.02590472010958762,0.5132266688805579
100,8.394722335183296,0.5970679639907204,12.13365866370823,0.28341466592705766,6647.867217401412,0.7065560145011764,0.37905115103393916,0.15810230206787834,0.009122466044353673,0.1741912332192661
101,8.054910406196804,0.4082835589982239,12.367530661096382,0.3418826652740956,6628.208695867945,0.6901739132232875,0.6456927484346092,0.6913854968692185,0.005955683305631671,0.11021582435619537
102,7.626187484555033,0.17010415808612955,13.257716049843037,0.5644290124607593,6890.125008789954,0.908437507324962,0.5994526844644872,0.5989053689289744,0.02009542197344665,0.3958671105746797
103,8.994223785590988,0.9301243253283265,14.118782088525837,0.7796955221314593,6592.889620781871,0.6607413506515591,0.7148895769273799,0.8297791538547598,0.027203297121426263,0.5394605479076012
104,8.971636235583109,0.9175756864350607,11.21913296422614,0.054783241056535426,6933.483054630375,0.9445692121919785,0.45338972589903687,0.30677945179807375,0.00894020973685292,0.17050928761319029
105,8.786109608854908,0.8145053382527262,14.565859673125198,0.8914649182812996,6159.7762610677655,0.2998135508898049,0.3511583774188216,0.10231675483764324,0.01423736957797968,0.2775226177369632
106,8.420910522883082,0.6116169571572682,13.506944031057145,0.6267360077642865,6653.666357473859,0.7113886312282157,0.57235304223284,0.5447060844656801,0.0132937580336364,0.2584597582552808
107,8.710546413583504,0.772525785324169,14.434480847516562,0.8586202118791407,6286.114420266253,0.4050953502218769,0.6397506634425906,0.6795013268851812,0.021481550788349037,0.4238697128959401
108,8.775132074244144,0.8084067079134134,13.458892510149244,0.6147231275373111,5901.080769062252,0.08423397421854395,0.386796919962711,0.173593839925422,0.016839062380473616,0.3300820682923963
109,8.538105214958893,0.6767251194216081,14.037845752697041,0.7594614381742604,6116.640618280404,0.2638671819003364,0.7402714801248549,0.8805429602497097,0.0429841126776308,0.8582649025783999
110,8.389664128065961,0.5942578489255342,11.849831336573276,0.21245783414331898,6026.514610122262,0.1887621751018851,0.7756468017127625,0.951293603425525,0.0026403214839248036,0.043238817857066736
111,7.447287190555366,0.07071510586409224,12.938306057770385,0.4845765144425962,5869.834614272459,0.05819551189371519,0.4509830716231199,0.3019661432462398,0.01837989198016157,0.361209938993163
112,7.378107005456329,0.0322816696979602,11.653562905234459,0.1633907263086145,5854.665222192374,0.04555435182697842,0.5629407653880014,0.525881530776003,0.020570852058772085,0.4054717587630724
113,7.957443655354174,0.35413536408565205,11.334579354689396,0.08364483867234884,6039.462472771173,0.19955206064264475,0.7425990292903359,0.8851980585806718,0.04668439453097063,0.9330180713327401
114,8.735614550306959,0.7864525279483106,13.720582178802271,0.6801455447005678,6607.440903676217,0.6728674197301806,0.4895476490620811,0.3790952981241622,0.042436360619872875,0.8471992044418762
115,8.763197777226871,0.8017765429038173,13.391693441373128,0.5979233603432822,6496.891387772885,0.5807428231440709,0.5648763408979917,0.5297526817959833,0.020286206219655465,0.3997213377708174
116,7.848269220881254,0.29348290048958536,14.536976291261913,0.8842440728154783,5804.792026139364,0.003993355116136743,0.5157778548933607,0.4315557097867214,0.04155840898285408,0.8294628077344258
117,7.471016648434836,0.08389813801935353,13.211162041651246,0.5527905104128114,6824.0828050004475,0.8534023375003726,0.4184105598005686,0.23682111960113728,0.004093117138730079,0.07258822502485007
118,8.210150910516585,0.49452828362032575,13.00473648299123,0.5011841207478075,6633.67222871633,0.6947268572636083,0.6734961477573613,0.7469922955147227,0.007686562912741914,0.1451830891463013
119,7.344348789473335,0.013527105262963746,13.247183453479934,0.5617958633699833,6390.707071997837,0.4922558933315312,0.5644543610228694,0.5289087220457389,0.0291477413608842,0.5787422497148322
120,8.149638232524946,0.460910129180526,12.4021539591038,0.3505384897759496,6043.569314261964,0.20297442855163694,0.5869143244653379,0.5738286489306759,0.01378422878992547,0.2683682583823327
121,7.8141548020141345,0.2745304455634079,12.267304547151323,0.31682613678783045,6162.750964072375,0.3022924700603119,0.6655344064764379,0.7310688129528757,0.020059916977805698,0.39514983793546865
122,7.566816812837013,0.1371204515761184,13.866392347863787,0.7165980869659465,6187.305442516988,0.3227545354308228,0.334923370279179,0.06984674055835804,0.0037061421289134194,0.06477054805885696
123,7.572680290675498,0.1403779392641653,12.569355773345299,0.3923389433363247,6499.669972998913,0.5830583108324278,0.5699269831283912,0.5398539662567824,0.02870550855844211,0.5698082537059012
124,8.648233569942576,0.7379075388569866,13.072245543174894,0.5180613857937234,6290.564412503698,0.40880367708641485,0.6982998446699629,0.7965996893399256,0.00805929523179165,0.1527130349856899
125,8.8750145335389,0.8638969630771675,14.76580287920461,0.9414507198011524,6835.373942933532,0.8628116191112766,0.7822633070946008,0.9645266141892016,0.03059956184779082,0.6080719565210266
126,8.49979350482787,0.6554408360154836,14.018236387228159,0.7545590968070396,6783.804498492132,0.8198370820767764,0.7655298745698975,0.931059749139795,0.025802598781779002,0.5111636117531111
127,9.036983325815843,0.953879625453247,11.445497677115597,0.11137441927889902,6619.216058521226,0.6826800487676882,0.5184519054441195,0.4369038108882388,0.025991164350848237,0.5149730171888532
128,8.379151629642147,0.5884175720234147,13.656910320116058,0.6642275800290145,6363.563742447759,0.46963645203979953,0.41579036529410174,0.2315807305882035,0.04095216166756946,0.8172153872236254
129,9.11130278290443,0.9951682127246831,12.75934256283559,0.43983564070889747,6632.849781851328,0.6940414848761068,0.3336799010047998,0.06735980200959957,0.008821483682340845,0.1681107814614312
130,8.783501234763158,0.8130562415350878,11.063392529075413,0.0158481322688534,6372.869863123724,0.4773915526031036,0.41313994731115716,0.22627989462231435,0.01865846413452169,0.3668376592832664
131,7.519532403871552,0.11085133548419557,13.86297984305594,0.7157449607639851,5851.255101944297,0.04271258495358099,0.3786837699279819,0.15736753985596386,0.04503720787649667,0.899741573262559
132,7.55580931646475,0.13100517581375026,14.870198115943603,0.9675495289859009,6192.663281099876,0.32721940091656365,0.3651463555701123,0.13029271114022467,0.03412916663761135,0.6793771037901282
133,8.226127904269859,0.5034043912610329,11.630441893859356,0.1576104734648388,6558.267091408139,0.6318892428401158,0.31036903830272494,0.020738076605449907,0.019288058419725786,0.3795567357520361
134,8.871966547867448,0.8622036377041382,14.210394873000084,0.8025987182500209,6354.3300854871595,0.4619417379059666,0.6734387772907395,0.7468775545814791,0.04995206778716841,0.9990316724680486
135,7.478564211867276,0.08809122881515319,14.753290433641197,0.9383226084102992,6918.068101423687,0.9317234178530722,0.49136917166287764,0.3827383433257553,0.003510413324464989,0.0608164307972725
136,7.418442391521247,0.05469021751180381,14.709028353160916,0.927257088290229,6362.935952840608,0.46911329403384006,0.6287771239999018,0.6575542479998037,0.002516284690184327,0.04073302404412782
137,8.023046377651923,0.3905813209177351,11.612362918268563,0.15309072956714043,6354.652474444076,0.4622103953700628,0.7116651986573113,0.8233303973146224,0.00710430045966789,0.133420211306422
138,7.443296403999532,0.06849800222196178,14.081595897180623,0.7703989742951557,6782.59594511998,0.8188299542666498,0.6547524289170807,0.7095048578341614,0.014426732916252329,0.28134813972226924
139,8.41537394547985,0.6085410808221385,13.662388219797485,0.6655970549493715,5909.057101072109,0.09088091756009031,0.6162284455441092,0.6324568910882182,0.04318812331363676,0.8623863295684193
140,7.771615558618757,0.25089753256597636,11.06363518725772,0.015908796814429804,6537.53488438004,0.6146124036500332,0.6280701012680581,0.6561402025361162,0.03517311794265764,0.7004670291445988
141,8.180919172776871,0.47828842932048465,11.516828761745687,0.12920719043642193,6815.660816661502,0.8463840138845856,0.6835150897773279,0.7670301795546558,0.022905956539152325,0.4526455866495419
142,9.047452738544767,0.9596959658582037,14.766205313682773,0.9415513284206934,6737.706823685322,0.7814223530711014,0.38487167622064183,0.1697433524412837,0.017514811414720242,0.3437335639337422
143,9.015771581624254,0.9420953231245862,14.929047176097257,0.9822617940243139,6967.978954464497,0.9733157953870808,0.44872879716763475,0.2974575943352695,0.040690539047797715,0.8119300817736912
144,7.7669490335819305,0.2483050186566278,13.93220578535822,0.7330514463395552,6110.7238870436495,0.2589365725363749,0.6174314226020882,0.6348628452041764,0.024090891860358787,0.47658367394664214
145,8.91776882523065,0.8876493473503615,12.386147066877745,0.34653676671943623,6949.67406073309,0.9580617172775756,0.670195899716473,0.7403917994329461,0.03097061716661055,0.6155680235678899
146,8.115160191954894,0.44175566219716345,13.240491151197523,0.5601227877993807,5934.525390626839,0.11210449218903218,0.6925521293691386,0.785104258738277,0.04400451554710845,0.8788791019617868
147,8.25789156107569,0.5210508672642722,13.9888444688507,0.7472111172126752,6122.054253694024,0.26837854474501965,0.3336848850077968,0.06736977001559363,0.0142623338750853,0.27802694697142016
148,7.986414230355171,0.37023012797509525,13.484731931098503,0.6211829827746257,6190.123870068524,0.3251032250571033,0.7114103804125447,0.8228207608250895,0.013073647953272934,0.25401308996510974
149,8.807092674642009,0.8261625970233388,11.540022112400301,0.13500552810007516,5878.585994357758,0.06548832863146492,0.5584509659205346,0.5169019318410691,0.03722054824586092,0.7418292574921398
150,8.881243577208956,0.8673575428938641,11.57352792411288,0.1433819810282202,6283.236369899017,0.4026969749158472,0.5532097442910051,0.5064194885820104,0.008228063384294201,0.15612249261200406
151,8.377573397050716,0.5875407761392867,11.50639160681255,0.12659790170313734,6634.870373734677,0.6957253114455639,0.5936992575180307,0.5873985150360613,0.04844956259425495,0.9686780322071707
152,8.502742311158652,0.6570790617548069,11.378676528737646,0.09466913218441142,6196.084383764312,0.3300703198035936,0.4543379558370091,0.3086759116740182,0.02857132487372442,0.5670974721964529
153,7.638121109302758,0.1767339496126431,12.353589906790923,0.3383974766977307,6939.159073287909,0.9492992277399247,0.38986936860989846,0.17973873721979694,0.04185715438930942,0.8354980684708974
154,8.638082423389612,0.7322680129942293,14.264888339149001,0.8162220847872503,6483.121818521731,0.569268182101443,0.5101430983974478,0.42028619679489554,0.01240151172706424,0.24043458034473209
155,8.13120883257655,0.45067157365363963,13.646609913574947,0.6616524783937368,6426.962509959968,0.5224687582999734,0.7971141551975023,0.9942283103950047,0.018110468458220192,0.3557670395600039
156,8.41496135474364,0.6083118637464675,11.122797765539296,0.030699441384823833,6374.223945532836,0.47851995461069674,0.5692870951546473,0.5385741903092945,0.035415613318405516,0.7053659256243539
157,7.88662026911004,0.3147890383944666,14.65936350979985,0.9148408774499626,6104.576626432337,0.25381385536028145,0.7435149966693084,0.887029993338617,0.03465825785341313,0.6900658152204673
158,8.896475957184599,0.8758199762136668,11.771260518806274,0.19281512970156867,6542.984719759295,0.6191539331327462,0.3210206581822577,0.04204131636451547,0.034172089181807495,0.6802442258951009
159,7.559655912768608,0.13314217376033766,14.770746542459136,0.9426866356147842,6338.235990094184,0.4485299917451534,0.6687950103823905,0.737590020764781,0.04792430035902561,0.9580666739197092
160,8.753838127826624,0.7965767376814578,14.885038931292605,0.9712597328231511,6314.634601043787,0.42886216753648976,0.7538785493938434,0.9077570987876867,0.012227516392673004,0.23691952308430309
161,7.33419463042035,0.007885905789083214,14.724669413779111,0.9311673534447776,6517.449635564438,0.5978746963036984,0.7470236846969636,0.894047369393927,0.03749103778884626,0.7472936927039647
162,7.517080317512621,0.10948906528478908,12.555890795868052,0.38897269896701314,5905.107272853506,0.08758939404458865,0.7131391368359846,0.8262782736719693,0.03973718883866652,0.7926704815892225
163,8.431074668470437,0.6172637047057987,11.961883513017257,0.24047087825431435,6496.014416650018,0.5800120138750148,0.6777083307507717,0.7554166615015435,0.03186565166310471,0.63364952854757
164,7.754650389658796,0.241472438699331,12.08860372243899,0.27215093060974727,6636.317224045246,0.6969310200377051,0.6464094738371959,0.6928189476743919,0.009008708719314999,0.17189310544070702
165,9.035412860739719,0.9530071448553997,13.445828043245745,0.6114570108114364,6049.135403558652,0.20761283629887695,0.647929284935207,0.6958585698704138,0.01614643523598567,0.3160896007269832
166,7.466510083259455,0.08139449069969695,13.354320292498736,0.5885800731246841,6010.010590107711,0.17500882508975923,0.6157316215559221,0.6314632431118442,0.019602507118042685,0.38590923470793304
167,8.93435967324929,0.8968664851384945,11.65942652100525,0.16485663025131236,6801.045501646875,0.8342045847057288,0.6163847656950978,0.6327695313901958,0.007591261426486511,0.1432578065956871
168,8.992257589468013,0.9290319941488964,11.563076488471797,0.140769122117949,6402.877132446599,0.5023976103721659,0.6025792557770857,0.6051585115541716,0.014078161469258244,0.2743062923082473
169,8.256293108862875,0.5201628382571529,12.943353806911844,0.48583845172796125,6428.286697632181,0.5235722480268177,0.7544683830946053,0.9089367661892105,0.001703843770319502,0.024320076168070748
170,8.268758933143541,0.5270882961908561,12.347308141402168,0.33682703535054204,6841.745715895961,0.8681214299133013,0.3660323953187924,0.1320647906375848,0.03173883352876506,0.6310875460356578
171,8.56585411276975,0.692141173760973,13.089160323624919,0.5222900809062296,6645.8945734248455,0.7049121445207048,0.5424896347053586,0.48497926941071723,0.01002947233211989,0.19251459256807857
172,7.925761425178155,0.33653412509897507,13.957775819726605,0.7394439549316513,6922.518677935397,0.9354322316128307,0.7329048940952132,0.8658097881904264,0.03787500435975439,0.7550505931263513
173,8.392276840899951,0.5957093560555284,12.653020260820277,0.4132550652050695,6505.161418729667,0.5876345156080557,0.3326543477196733,0.06530869543934659,0.04313957154041783,0.8614054856650066
174,8.303614437600064,0.5464524653333688,12.563273867271416,0.39081846681785426,6490.16588108629,0.5751382342385748,0.7263309703724464,0.8526619407448929,0.005270855099847734,0.09638091110803504
175,8.04094129536905,0.4005229418716949,12.219098400994277,0.30477460024856917,5879.250919976227,0.06604243331352244,0.3011734869133593,0.002346973826718668,0.027752409883780402,0.5505537350258667
176,8.48750871744749,0.6486159541374945,12.855194479101732,0.4637986197754328,6753.638535042092,0.7946987792017439,0.7093072579673192,0.8186145159346384,0.029378134592189454,0.5833966584280698
177,8.110041257466277,0.43891180970348675,14.446734303142373,0.8616835757855933,6530.609044705386,0.6088408705878213,0.6065982914393875,0.6131965828787751,0.03331888057115591,0.66300768830618
178,8.145577426748043,0.458654125971135,14.48625599023416,0.87156399755854,6595.728803102006,0.6631073359183386,0.6377495676011753,0.6754991352023505,0.0075209816532113526,0.14183801319618894
179,7.789563600621216,0.2608686670117868,14.014022311364087,0.7535055778410216,6823.686348336716,0.8530719569472637,0.5793651087555496,0.5587302175110991,0.04630884967801098,0.9254313066264844
180,8.69267177927262,0.7625954329292338,14.411873126067775,0.8529682815169435,6698.203200915543,0.7485026674296194,0.7455603296266029,0.8911206592532057,0.0008270159251560519,0.006606382326384885
181,8.716290004838358,0.7757166693546432,13.273450787777517,0.5683626969443789,6784.481177068281,0.820400980890234,0.39399647957153294,0.1879929591430659,0.030301053104088812,0.602041476850279
182,8.432212132347388,0.6178956290818826,14.187339131925821,0.7968347829814554,6000.934458978843,0.16744538248236918,0.44738512817825327,0.29477025635650655,0.003293900381908087,0.056442431957739125
183,7.909870015353573,0.3277055640853185,11.502030222526399,0.12550755563159965,6096.519407406324,0.24709950617193632,0.5704364402414352,0.5408728804828705,0.017050995672509214,0.3343635489395801
184,7.799477134684698,0.26637618593594325,13.91084683914147,0.7277117097853677,5841.822529499629,0.03485210791635762,0.6714896615456631,0.7429793230913263,0.007218245679623319,0.13572213494188523
185,8.228008923386831,0.5044494018815732,13.323041021878286,0.5807602554695714,5851.8142208457975,0.04317851737149814,0.45649857123499915,0.3129971424699983,0.044348485656295136,0.8858279930564673
186,8.727287765668388,0.7818265364824382,13.825189839752383,0.706297459938096,6064.66981969902,0.22055818308251673,0.5537909376072325,0.5075818752144652,0.029645139126761196,0.5887906894295191
187,8.78238463276654,0.8124359070925229,11.924856325422972,0.23121408135574328,5856.6133809268695,0.04717781743905758,0.6408590498137701,0.6817180996275403,0.0018275366626000977,0.026818922476769647
188,7.785412465502964,0.25856248083498024,11.205547670491784,0.051386917622946005,6517.745144742551,0.5981209539521258,0.5303511173798057,0.46070223475961136,0.027914612091994473,0.5538305473130196
189,7.42274458998836,0.05708032777131089,13.192813038315423,0.5482032595788559,6867.887639757666,0.8899063664647215,0.5603661858001655,0.520732371600331,0.0350576213944284,0.698133765544008
190,8.111888220731512,0.4399379004063959,13.038739450021598,0.5096848625053997,6394.482246428414,0.4954018720236788,0.40867560907370726,0.21735121814741454,0.02431021379478296,0.48101442009662543
191,8.434989724856695,0.6194387360314971,14.223678674858832,0.8059196687147078,6928.781403214925,0.9406511693457711,0.41988154024404206,0.23976308048808415,0.035943032520000015,0.7160208589898992
192,8.555205192745246,0.6862251070806924,11.25837519226398,0.06459379806599497,5897.220037213727,0.08101669767810549,0.40193729455374055,0.20387458910748113,0.0055945202943548,0.10291960190615757
193,7.824431225994996,0.2802395699972198,14.201661827622907,0.8004154569057267,6801.317848687761,0.8344315405731343,0.5580622137930571,0.5161244275861141,0.02729298723766522,0.5412724694477822
194,8.655866265625802,0.7421479253476682,11.284276854047084,0.07106921351177109,6662.437414928986,0.7186978457741547,0.4101926813817761,0.22038536276355225,0.03309980466733033,0.6585819124713198
195,7.4579088539031595,0.07661602994619943,11.080311671166882,0.020077917791720523,6110.698173332486,0.25891514444373775,0.5692004627051016,0.5384009254102032,0.03374341235155374,0.6715840879101765
196,8.036235365608999,0.3979085364494436,11.646954114763872,0.16173852869096794,6830.735881228726,0.858946567690605,0.30239577162755327,0.004791543255106556,0.00370832676581419,0.0648146821376604
197,7.448304563808143,0.07128031322674566,12.797394376016513,0.4493485940041284,5940.486426526736,0.11707202210561318,0.5570860342197606,0.514172068439521,0.047059577047382964,0.9405975161087468
198,7.942362642883587,0.34575702382421536,11.95293653631825,0.2382341340795624,5886.94009739448,0.07245008116206686,0.6490098298389024,0.6980196596778049,0.00802054699221348,0.15193024226693896
199,7.73653109750869,0.2314061652826056,11.21381409440377,0.053453523600942354,6152.6595602988,0.29388296691566673,0.5381876856811716,0.4763753713623432,0.010546602889593849,0.20296167453724945
200,7.446517321695533,0.07028740094196284,11.141718778627084,0.03542969465677093,5992.253746202215,0.16021145516851243,0.5445776143477158,0.4891552286954316,0.0055969300678515195,0.1029682841990206
201,8.983233729752913,0.9240187387516183,12.827082996831786,0.45677074920794636,6196.351271475006,0.3302927262291716,0.778645351236086,0.9572907024721722,0.016887135646288794,0.3310532453795716
202,8.179005091678167,0.4772250509323154,14.527058459573588,0.8817646148933973,6877.013911830468,0.8975115931920568,0.568881730467859,0.5377634609357179,0.042513622366737266,0.848760047812874
203,8.296060777323124,0.5422559874017356,13.89911719955091,0.7247792998877274,6295.681804116641,0.41306817009720065,0.32021088750470145,0.040421775009402916,0.0012294278994078383,0.014735917159754308
204,7.79373671494843,0.2631870638602388,13.533176845653308,0.6332942114133273,5917.174054481846,0.09764504540153829,0.46925103563712295,0.3385020712742459,0.0355831270892348,0.7087500422067635
205,7.988227696689995,0.37123760927221927,13.37591341324305,0.5939783533107623,6074.054060385075,0.22837838365422924,0.7362118563142557,0.8724237126285115,0.026122487078400383,0.5176260015838461
206,8.59330455353933,0.7073914186329613,11.381061275931009,0.09526531898275226,6974.96912687811,0.9791409390650916,0.4118359666941052,0.22367193338821045,0.02895129588736907,0.5747736542902842
207,8.904874855733118,0.8804860309628437,12.484238568206212,0.3710596420515532,6467.869065477009,0.5565575545641738,0.44110186146297986,0.28220372292595974,0.008314334749732423,0.1578653484794429
208,9.027258110743963,0.9484767281910912,13.785048850056292,0.6962622125140732,5973.517397973069,0.1445978316442238,0.6860999938955474,0.772199987791095,0.0025999992779108176,0.04242422783658217
209,7.752033882947356,0.24001882385964224,12.280145535404955,0.3200363838512388,6876.918715259377,0.8974322627161473,0.6632353760740815,0.726470752148163,0.008758585328361526,0.1668401076436672
210,9.03050053234001,0.9502780735222283,14.885353411742582,0.9713383529356455,6844.51067412737,0.8704255617728082,0.7442316789495922,0.8884633578991845,0.009399369930110946,0.17978525111335242
211,8.453118691705072,0.6295103842805957,11.61050271390477,0.15262567847619268,6848.017976301683,0.8733483135847359,0.45114486766426287,0.30228973532852577,0.0362896337858949,0.7230229047655534
212,8.169381532371798,0.471878629095443,14.103646285719467,0.7759115714298667,5901.67057665111,0.08472548054259221,0.44027466647381736,0.28054933294763473,0.0041279427037131215,0.07329177179218427
213,9.003568623673637,0.9353159020409093,11.795497990363565,0.19887449759089137,5942.503420103995,0.11875285008666259,0.6495910638643113,0.6991821277286226,0.030815551993881033,0.6124353938157784
214,8.18797727644682,0.48220959802601127,14.42412154090685,0.8560303852267122,6327.930349139233,0.43994195761602706,0.3933253347612248,0.18665066952244957,0.025060405970695462,0.49616981758980727
215,8.670641618921007,0.7503564549561146,13.148181665556793,0.5370454163891982,6952.198685471756,0.9601655712264634,0.5713158838322114,0.542631767664423,0.002071511480511143,0.03174770667699278
216,8.79007441333581,0.8167080074087839,11.439682705239488,0.10992067630987212,6202.067897590577,0.3350565813254802,0.489468251069622,0.378936502139244,0.0011297883753732946,0.012722997482288778
217,8.91227163090631,0.8845953505035067,12.01427207793147,0.25356801948286734,6106.705129097174,0.2555876075809782,0.30951519704548297,0.019030394090965963,0.0006347429417279887,0.002722079630868457
218,7.940727139722058,0.3448484109566988,14.136289202738288,0.784072300684572,6274.859426051496,0.3957161883762461,0.47390334349360363,0.3478066869872073,0.03155853901368114,0.627445232599619
219,7.911452125595927,0.3285845142199596,14.848029713712712,0.9620074284281781,6620.911055947776,0.6840925466231463,0.3299671590334988,0.05993431806699767,0.02587412554097273,0.5126085967873278
220,8.950005707914372,0.9055587266190962,12.7020125714429,0.4255031428607251,6153.352961617798,0.29446080134816566,0.43954102366988046,0.27908204733976094,0.0368794086394881,0.7349375482724868
221,8.473082501257753,0.640601389587641,11.62440406810083,0.1561010170252074,6019.429673330163,0.18285806110846892,0.33303059189396944,0.0660611837879389,0.023478869737034374,0.464219590647159
222,7.485015136386669,0.09167507577037148,14.02164372819338,0.7554109320483452,6130.7951562994795,0.27566263024956605,0.4001602872455888,0.20032057449117757,0.030598118671945444,0.6080428014534432
223,7.610101779158249,0.16116765508791597,14.015405206109143,0.7538513015272857,6933.837083909137,0.9448642365909471,0.3141563319445157,0.02831266388903142,0.008805483106304725,0.16778753750110553
224,7.842672413902502,0.29037356327916797,13.857271933141611,0.714317983285403,6529.478455289419,0.6078987127411826,0.7426571168658738,0.8853142337317474,0.023969503401671186,0.47413138185194315
225,8.801335099740198,0.8229639443001101,14.71281653063725,0.9282041326593125,6136.9808959794445,0.28081741331620347,0.6129494317711239,0.6258988635422479,0.042399058281092285,0.8464456218402482
226,8.58626209085771,0.703478939365395,12.084217810188305,0.27105445254707605,6572.225460292681,0.6435212169105679,0.3186022162120472,0.037204432424094436,0.04766212830531098,0.9527702687941612
227,8.439046584224863,0.6216925467915914,13.328739444120314,0.5821848610300787,6764.317577285601,0.8035979810713346,0.5948185260550855,0.5896370521101709,0.029384004183349233,0.5835152360272572
228,8.858426491038855,0.8546813839104754,11.39780372591974,0.09945093147993522,5953.650397966477,0.12804199830539753,0.6018509692051043,0.6037019384102086,0.037911652269712846,0.7557909549436939
229,8.35158602610529,0.5731033478362723,11.475300066426637,0.11882501660665934,5812.574064216385,0.01047838684698743,0.41963394702684614,0.2392678940536923,0.03923285050411375,0.7824818283659343
230,7.821360089971312,0.2785333833173953,11.817742436922174,0.2044356092305437,6645.649621013079,0.7047080175108991,0.598076866438437,0.5961537328768741,0.023494346361402844,0.46453224972530993
231,7.555490533025409,0.13082807390300522,13.175209143510443,0.543802285877611,6701.521300249657,0.7512677502080468,0.7719828301387619,0.9439656602775237,0.038795403868749835,0.7736445226010067
232,8.824707839668438,0.8359487998157995,13.277973399283905,0.5694933498209764,5920.2873102263575,0.10023942518863138,0.41172809821929596,0.22345619643859194,0.04249937995501993,0.8484723223236349
233,8.076140112739159,0.4200778404106441,12.297189050530086,0.32429726263252157,6956.427584414389,0.9636896536786574,0.491412058972159,0.38282411794431803,0.006935676157979423,0.13001365975716006
234,7.738562479002799,0.2325347105571105,12.868065510868487,0.46701637771712157,6996.973410752575,0.9974778422938119,0.5699496228153575,0.5398992456307151,0.012462920185278281,0.2416751552581471
235,8.54998984631017,0.6833276923945392,13.442692593900645,0.6106731484751615,6105.003253351889,0.25416937779324045,0.7341981126372413,0.8683962252744827,0.04858462141252396,0.9714064931823022
236,8.82860827120572,0.8381157062253999,13.315433010221662,0.5788582525554157,6669.9524908040685,0.7249604090033902,0.3118243786798857,0.023648757359771455,0.005037765843476644,0.09167203724195239
237,7.936690478720173,0.34260582151120733,13.007827360669944,0.5019568401674862,6315.491497116899,0.42957624759741575,0.7461377340831802,0.8922754681663604,0.006708182539260459,0.12541782907596888
238,8.197603710183884,0.48755761676882436,13.374025215728079,0.5935063039320196,6813.496934231597,0.8445807785263312,0.6278139819013272,0.6556279638026544,0.020727351651959842,0.4086333667062594
239,8.380714216432908,0.5892856757960602,11.269026382449423,0.06725659561235597,6511.335851884223,0.592779876570186,0.5363459722023033,0.4726919444046066,0.008511998156318637,0.1618585486124977
240,8.51824326445358,0.6656907024742115,13.960107244044659,0.7400268110111647,6764.9407650718495,0.8041173042265409,0.4476700356360511,0.29534007127210227,0.03414535542949984,0.6797041500909059
241,8.304891241759977,0.5471618009777656,11.283957505773069,0.0709893764432673,6164.035897708409,0.30336324809034076,0.5984277565224292,0.5968555130448585,0.028525299969084986,0.566167676143131
242,8.34359722392297,0.5686651244016497,12.32627265664193,0.3315681641604822,6192.879878451673,0.32739989870972763,0.4870199870628021,0.3740399741256042,0.01916568618827935,0.37708456946018887
243,8.311830264388172,0.5510168135489849,12.528833822616447,0.38220845565411155,6798.103694305511,0.8317530785879259,0.47623546735550326,0.35247093471100654,0.00892698976117501,0.17024221739747492
244,7.541163011252577,0.12286833958476484,13.999338781588989,0.7498346953972475,6962.001796930793,0.9683348307756606,0.7201707463226241,0.8403414926452482,0.032019432794896205,0.6367562180787112
245,7.982788653031782,0.36821591835099,12.695556701441532,0.4238891753603833,6362.411795162464,0.46867649596871985,0.5175276614695852,0.4350553229391704,0.007936582063056787,0.15023398107185426
246,7.603470489457272,0.15748360525404004,12.360472264154673,0.3401180660386681,6500.829216969991,0.584024347474992,0.36754254992776597,0.13508509985553196,0.0031602016228132602,0.05374144692552041
247,7.392988685409239,0.04054926967179917,13.755829015094958,0.6889572537737395,6940.805753958397,0.9506714616319976,0.4097759971014255,0.219551994202851,0.0023231027946979677,0.03683035948884783
248,7.763208845251915,0.24622713625106407,14.127483093693694,0.7818707734234238,6846.94943453228,0.8724578621102332,0.4544832859550343,0.3089665719100686,0.011512961344527114,0.2224840675662043
249,9.104547443399909,0.9914152463332828,13.476118912952783,0.6190297282381958,6138.908660709165,0.2824238839243044,0.6704783120739211,0.7409566241478421,0.008680154627876455,0.16525564904800916
250,8.435056274137375,0.6194757078540972,12.884600810984946,0.4711502027462364,6260.310745519925,0.38359228793327116,0.43625109934018425,0.2725021986803685,0.04193696362248499,0.8371103762118178
251,8.231832060920274,0.5065733671779302,14.179722037367844,0.794930509341961,6738.928023231666,0.7824400193597219,0.5605051898794421,0.5210103797588842,0.021894211789439722,0.43220629877656
252,7.7789079784376085,0.2549488769097823,11.391057438089835,0.09776435952245888,6148.618577276794,0.2905154810639947,0.3284664177450457,0.05693283549009143,0.025443296756734613,0.5039049849845376
253,7.645547783554967,0.1808598797527594,13.743761681285589,0.6859404203213972,6651.042317246139,0.7092019310384488,0.5689834610515645,0.5379669221031291,0.002273282524387715,0.035823889381569995
254,8.291617848747558,0.5397876937486439,14.269630955906397,0.8174077389765992,6503.539807974717,0.5862831733122644,0.6641594096424116,0.7283188192848232,0.0445815429826687,0.8905362218720948
255,7.75523964629171,0.24179980349539454,12.15625024436871,0.28906256109217743,6248.0688554129465,0.37339071284412195,0.3095060457135661,0.019012091427132227,0.028198839236931162,0.5595725098369931
256,8.744078470976403,0.7911547060980016,13.393683460710598,0.5984208651776494,6113.869997464852,0.2615583312207099,0.5181840702624313,0.4363681405248626,0.026544224272022753,0.5261459448893485
257,8.336826499445692,0.5649036108031622,13.11863634189921,0.5296590854748023,6033.371819903357,0.1944765165861313,0.795101182600354,0.990202365200708,0.03267166333452222,0.6499325926166105
258,8.058007153078435,0.41000397393246457,12.022429464233305,0.25560736605832624,6295.229317438342,0.41269109786528546,0.70775714577665,0.8155142915533001,0.03587661294934424,0.7146790494817017
259,8.302209227128788,0.5456717928493268,11.810664158516419,0.2026660396291048,6332.441129585003,0.4437009413208358,0.6977623165401808,0.7955246330803617,0.03476887540892948,0.6923005133117066
260,8.990654934527514,0.9281416302930636,11.417403429176003,0.10435085729400073,5831.532034463658,0.026276695386381665,0.5105781508559368,0.4211563017118737,0.013357564056094588,0.25974876880999165
261,7.638808802243657,0.17711600124647642,11.731616948728975,0.1829042371822439,6251.702482012114,0.37641873501009493,0.618204709522171,0.6364094190443421,0.0021950104914709697,0.03424263619133272
262,7.905095108610958,0.325052838117199,12.776177506023261,0.4440443765058153,6467.124349964598,0.5559369583038319,0.5040253832313704,0.40805076646274085,0.029196619938032468,0.5797296957178276
263,7.791671300967212,0.2620396116484509,14.652027821739583,0.9130069554348957,6684.378153643197,0.7369817947026643,0.6440225768261292,0.6880451536522583,0.011652750041888666,0.22530808165431648
264,7.467400261577853,0.08188903420991822,11.46298483224122,0.11574620806030522,6811.318890234861,0.8427657418623843,0.758246129623394,0.916492259246788,0.04423627994941631,0.8835612110993194
265,7.344795243276882,0.013775135153822893,13.02605900170607,0.5065147504265175,6326.4320007102915,0.4386933339252429,0.7056749600797843,0.8113499201595685,0.043344776652686774,0.8655510434886217
266,7.7378386999441275,0.23213261108007088,12.437935783633543,0.35948394590838584,6811.929240394669,0.8432743669955577,0.42009461100803347,0.24018922201606696,0.038233682384656506,0.7622966138314445
267,8.897081876775479,0.8761565982085995,14.156076585600283,0.789019146400071,6632.023264689675,0.6933527205747292,0.46006772289436176,0.32013544578872355,0.03986073546061615,0.7951663729417404
268,7.591572416353579,0.1508735646408773,14.548292017870459,0.8870730044676146,5840.438577189056,0.0336988143242134,0.6255429716497279,0.6510859432994559,0.012306614375587626,0.23851746213308334
269,8.768475316938927,0.8047085094105152,14.755354197067433,0.9388385492668585,5989.851489634114,0.1582095746950949,0.7517419396773191,0.9034838793546381,0.009658585616263513,0.18502193164168712
270,7.672940776849674,0.1960782093609299,11.104306244039527,0.02607656100988187,6841.581533490564,0.8679846112421367,0.5996627742227002,0.5993255484454004,0.01779697775288578,0.34943389399769254
271,9.087770003040625,0.9820944461336808,13.057571636009715,0.5143929090024291,5973.562952582561,0.14463579381880076,0.37324969974347716,0.14649939948695434,0.049151043334427005,0.9828493602914545
272,7.673894990926377,0.1966083282924317,11.086527956054432,0.02163198901360819,5967.340018763311,0.13945001563609194,0.6336456832575994,0.6672913665151989,0.04629103310968098,0.9250713759531511
273,8.767987011560667,0.8044372286448151,11.98591289241719,0.24647822310429757,6022.78475558899,0.18565396299082504,0.3919915870065783,0.18398317401315667,0.034026729349458835,0.6773076636254309
274,8.794709161011525,0.8192828672286256,11.922369722479226,0.23059243061980672,6861.819920884028,0.8848499340700233,0.7331320828507547,0.8662641657015094,0.02060471001799544,0.4061557579393018
275,8.027697753456255,0.39316541858680853,13.612246448557036,0.6530616121392591,5870.936821665775,0.059114018054812534,0.5771729863800481,0.5543459727600962,0.03224971360455006,0.641408355647476
276,8.690169378418698,0.7612052102326106,12.785592088856397,0.4463980222140994,6958.047759244127,0.9650397993701058,0.6308943095867239,0.6617886191734478,0.024991851549155585,0.4947848797809209
277,7.647436139729183,0.1819089665162127,13.21587369410431,0.5539684235260774,6375.153560228933,0.47929463352411106,0.3276842891514777,0.055368578302955385,0.026786637437371696,0.5310431805529635
278,7.385080205788925,0.036155669882736,13.36874360839283,0.5921859020982072,6945.426249503139,0.9545218745859491,0.41722568748551386,0.23445137497102775,0.04813317836429301,0.962286431601879
279,7.398817036222996,0.04378724234610887,11.721031340697259,0.18025783517431448,6280.624076248611,0.4005200635405094,0.3450629455185939,0.09012589103718782,0.028407307655193843,0.563783993034219
280,8.689601993339489,0.7608899962997162,13.331629263543217,0.582907315885804,6537.327696921747,0.6144397474347888,0.6264374245752621,0.6528748491505242,0.006211859370618418,0.11539109839633166
281,9.010367607936393,0.9390931155202187,14.809630221118146,0.9524075552795367,5987.564148701445,0.15630345725120443,0.4053940967426135,0.21078819348522704,0.020286239614275045,0.3997220124095968
282,8.21078300017861,0.4948794445436725,13.09425114392098,0.523562785980245,6999.248329677119,0.9993736080642658,0.41135100428107785,0.22270200856215572,0.007699041976075216,0.14543519143586292
283,7.689173889813544,0.20509660545196873,13.695486996318134,0.6738717490795336,6169.297471807633,0.30774789317302764,0.7028254604630058,0.8056509209260115,0.04686022476499888,0.9365701972727046
284,7.65934600087661,0.18852555604256127,14.21149584392341,0.8028739609808527,5804.305803316072,0.0035881694300605727,0.5198562015572853,0.4397124031145706,0.014295566133660417,0.27869830573051346
285,9.002674380282631,0.9348191001570175,14.601873729229272,0.9004684323073182,6599.539855666899,0.6662832130557489,0.43998715310783687,0.27997430621567376,0.009612210917450906,0.18408506903941224
286,7.7826470690997525,0.25702614949986247,13.041626760240355,0.5104066900600889,6858.148074146731,0.8817900617889426,0.3125143877196519,0.02502877543930382,0.014677788495025627,0.2864199695964773
287,7.71356232475211,0.21864573597339465,12.899249681763775,0.47481242044094385,6898.882065897766,0.9157350549148051,0.33640829104418385,0.07281658208836772,0.020111583610114735,0.39619360828514616
288,8.65069979258237,0.7392776625457618,13.975972519714414,0.7439931299286038,6170.846121547805,0.3090384346231707,0.5101132278442237,0.4202264556884474,0.04423333106560754,0.8835016376890412
289,8.536494421840047,0.6758302343555813,14.866283974013264,0.9665709935033161,6967.89530842151,0.9732460903512581,0.6895428040053052,0.7790856080106104,0.015071059368281861,0.29436483572286587
290,8.679374501872296,0.7552080565957208,11.318082635405265,0.0795206588513162,6618.180165080636,0.6818168042338626,0.5284324681818353,0.45686493636367054,0.003482861865526304,0.06025983566719806
291,8.683869750037529,0.7577054166875165,12.021698773082415,0.2554246932706036,6687.81924079613,0.7398493673301081,0.7454136972354817,0.8908273944709633,0.007675383698868219,0.1449572464417822
292,8.224905874750135,0.5027254859722976,11.663525764105094,0.16588144102627356,6132.249930600882,0.2768749421674018,0.43338023443887463,0.2667604688777493,0.023666166810439992,0.4680033699078786
293,7.545360193634944,0.1252001075749689,12.574020696606716,0.39350517415167896,5986.764294363409,0.15563691196950769,0.605242100036862,0.6104842000737241,0.04957080697148145,0.991329433767302
294,8.592982797818609,0.7072126654547827,12.744241410743886,0.43606035268597143,6566.356149316028,0.6386301244300231,0.7884050352019087,0.9768100704038176,0.0440456074132406,0.8797092406715272
295,8.176979036731453,0.47609946485080756,13.196468512625712,0.5491171281564281,6144.062062700148,0.28671838558345697,0.5191494264232874,0.4382988528465749,0.03501283693978155,0.697229029086496
296,8.49139251025259,0.6507736168069943,11.15915616115189,0.03978904028797248,6110.300182218495,0.25858348518207963,0.36492993366691984,0.1298598673338397,0.03604072940077911,0.7179945333490729
297,8.253368385765171,0.5185379920917619,14.821323332547061,0.9553308331367654,6074.09449007559,0.22841207506299166,0.6694666369351137,0.7389332738702272,0.0074255791051820105,0.13991068899357595
298,8.291139064163973,0.5395217023133181,13.140913597306898,0.5352283993267244,6227.937351136136,0.3566144592801135,0.5952085266119039,0.5904170532238079,0.010808896119530745,0.20826052766728775
299,8.047111394348883,0.4039507746382691,14.394633941438045,0.848658485359511,6763.5163520354,0.8029302933628332,0.336800020298654,0.07360004059730807,0.019712819382782083,0.3881377653087289
300,7.7161367306747195,0.22007596148595532,13.601349492806024,0.6503373732015061,6433.359748983549,0.5277997908196245,0.38173711207265426,0.16347422414530854,0.042750804143913045,0.8535515988669301
301,7.987329207592935,0.3707384486627414,13.230608235469965,0.5576520588674914,6955.209155044318,0.9626742958702649,0.6711407341894993,0.7422814683789986,0.04934994502255564,0.9868675762132452
302,8.618985657349212,0.7216586985273402,14.698196438492207,0.9245491096230516,6340.309263833903,0.4502577198615857,0.6937199276871312,0.7874398553742624,0.007927929873253402,0.1500591893586546
303,8.486801155986276,0.6482228644368205,12.457500430218403,0.36437510755460045,6629.603729355992,0.6913364411299934,0.6269768194019927,0.6539536388039853,0.02898677587669208,0.5754904217513551
304,7.458964836836059,0.07720268713114375,13.589127919258567,0.6472819798146419,5898.896118616087,0.08241343218007202,0.7732026090321549,0.9464052180643098,0.02190168659685616,0.4323573049869931
305,8.986925004060456,0.9260694467002543,13.431354419221481,0.6078386048053701,6819.445841199482,0.8495382009995679,0.6150046396742661,0.6300092793485323,0.004387667002396187,0.0785387273211351
306,8.918860310079141,0.888255727821746,13.815344912561816,0.703836228140454,5811.351210867297,0.00945934238941426,0.5713862142093834,0.5427724284187668,0.028137403937326402,0.5583313926732606
307,7.965197154819661,0.3584428637887008,14.879752304604462,0.9699380761511155,6618.602085206756,0.6821684043389629,0.7165187304564817,0.8330374609129634,0.002344296703201758,0.037258519256601175
308,7.511708821751597,0.1065049009731096,14.764544312072234,0.9411360780180584,6899.242988862402,0.9160358240520018,0.6889527536131005,0.777905507226201,0.03728647988387609,0.7431612097752744
309,8.699284528966128,0.7662691827589604,14.832157213944594,0.9580393034861485,6603.209587644335,0.6693413230369459,0.5385860217430907,0.47717204348618136,0.036326667927788,0.7237710692482424
310,7.547835050075425,0.1265750278196801,11.739111379403951,0.1847778448509877,6069.091181106537,0.22424265092211426,0.6535849343176832,0.7071698686353662,0.04067418463344677,0.8115996895645812
311,7.759532610653271,0.24418478369626162,14.476422218926746,0.8691055547316867,6640.074858391831,0.7000623819931925,0.6449477248865559,0.6898954497731119,0.003848187962727802,0.06764016086318791
312,7.7558138681075075,0.2421188156152818,11.459130374337828,0.11478259358445697,6375.8958723062715,0.4799132269218931,0.3517371304564382,0.10347426091287637,0.020576927562038463,0.4055944962027972
313,7.619044455666126,0.16613580870340316,11.976993247708952,0.24424831192723817,6020.602463751128,0.18383538645927355,0.46869878672058174,0.3373975734411635,0.028729577298856213,0.570294490885984
314,8.754605583263874,0.797003101813264,12.478701390982405,0.36967534774560096,6249.897035652471,0.3749141963770586,0.7373819742081152,0.8747639484162305,0.04042977324115699,0.8066620856799391
315,7.418696559626693,0.05483142201482938,11.232978621171277,0.05824465529281919,5814.87471248333,0.012395593736108212,0.34228443489272614,0.0845688697854523,0.02921577105523221,0.5801165869743881
316,7.851414037723121,0.29523002095728923,11.964915441666756,0.24122886041668912,6472.057670025344,0.5600480583544538,0.4078295087251853,0.21565901745037064,0.0035409280871493806,0.06143289064948243
317,7.799225447186008,0.26623635954778213,14.907141278457718,0.9767853196144297,5965.556419274177,0.13796368272848092,0.6934795185135008,0.7869590370270017,0.011246650214957743,0.21710404474662104
318,8.01199114344407,0.3844395241355938,11.11141456239069,0.02785364059767259,6449.232176717126,0.5410268139309383,0.7351597774216665,0.8703195548433329,0.021505486946416595,0.42435327164477965
319,7.339114262742177,0.010619034856764742,14.560976785344838,0.8902441963362095,6303.292879419332,0.4194107328494432,0.6878511194705683,0.7757022389411368,0.024379002208168694,0.48240408501350895
320,7.5993825629726715,0.15521253498481724,12.904844590266398,0.47621114756659966,5976.112171888719,0.14676014324059894,0.6646109876124056,0.729221975224811,0.030176353266151996,0.5995222882050908
321,7.549320428727741,0.12740023818207813,12.27307045465505,0.31826761366376255,5937.736620519754,0.11478051709979531,0.7015031926831754,0.8030063853663509,0.0031896994036140266,0.05433736168917225
322,7.82820708009107,0.2823372667172609,11.343112123002197,0.08577803075054935,6368.554232280839,0.4737951935673659,0.5386941749834273,0.47738834996685464,0.017505731380927095,0.34355012890761805
323,7.327585986074206,0.004214436707892011,13.905848785152537,0.7264621962881345,6794.567910459711,0.8288065920497595,0.42010579434921613,0.2402115886984323,0.04440676062540202,0.8870052651596367
324,8.14854668025852,0.4603037112547327,12.679486134283152,0.4198715335707879,5994.650077311842,0.1622083977598685,0.6049755833323567,0.6099511666647134,0.04727157132424919,0.9448802287727108
325,8.505477768532247,0.6585987602956929,11.745411111005822,0.1863527777514553,6913.7507046179835,0.928125587181653,0.7020326467896176,0.8040652935792352,0.036600459625392934,0.7293022146544026
326,9.054428193444924,0.9635712185805141,14.919140773587781,0.9797851933969451,6044.988966677582,0.20415747223131808,0.6868178490568864,0.7736356981137728,0.008379251040214593,0.15917678869120389
327,9.092541875347697,0.9847454863042769,11.538531773794157,0.13463294344853927,6907.734230272241,0.9231118585602004,0.50873683258281,0.41747366516562,0.029831257231745473,0.5925506511463732
328,9.069007010878565,0.971670561599203,14.19388407232098,0.7984710180802448,5857.41893876574,0.047849115638116224,0.5344771706969227,0.4689543413938455,0.006466571212892366,0.12053679217964375
329,8.151850959855468,0.4621394221419264,13.374028562593132,0.593507140648283,6971.957318101548,0.9766310984179567,0.7472037697206628,0.8944075394413257,0.02406008908434489,0.47596139564333106
330,8.582530986179213,0.7014061034328968,14.19976360445003,0.7999409011125075,6849.841758276339,0.8748681318969489,0.4879868462434519,0.3759736924869038,0.041209727876661814,0.8224187449830669
331,8.659505151405773,0.7441695285587625,14.100096078047539,0.7750240195118849,6324.179333777964,0.436816111481636,0.725307749035431,0.8506154980708621,0.005989180691250878,0.11089253921718945
332,8.692042600824948,0.7622458893471936,14.062565898595,0.76564147464875,6028.1468765735,0.19012239714458312,0.49142742582051063,0.3828548516410213,0.03416557617203856,0.680112649940173
333,7.953715407601907,0.3520641153343925,12.440785202230629,0.36019630055765717,6888.952700730711,0.9074605839422586,0.37483498257111275,0.14966996514222553,0.022376811508708582,0.4419557880547188
334,8.646608115191118,0.7370045084395099,12.261117114883069,0.3152792787207671,6167.112952002296,0.30592746000191295,0.3287629302758464,0.05752586055169284,0.0457451750891772,0.9140439411954989
335,8.970789824031604,0.9171054577953356,14.695699456022108,0.9239248640055269,6949.880733872694,0.9582339448939114,0.3428200370416724,0.08564007408334484,0.019888736914386328,0.39169165483608737
336,7.4576296644442985,0.07646092469127708,14.246773929512393,0.8116934823780986,6563.506771284539,0.6362556427371159,0.7988322549590117,0.9976645099180235,0.0446063765032595,0.8910379091567575
337,8.332807710206847,0.5626709501149155,11.59091093538939,0.1477277338473476,6459.913451818808,0.5499278765156739,0.615143425483374,0.630286850966748,0.0014821121781432665,0.01984065006350033
338,7.3748019559282945,0.030445531071274345,14.009509036869359,0.7523772592173396,6015.009807275688,0.17917483939640722,0.6550638508649729,0.7101277017299458,0.0190388927642028,0.3745230861455111
339,8.678081022042322,0.7544894566901792,13.473635608933794,0.6184089022334485,6434.493435284027,0.528744529403356,0.7428182024417864,0.8856364048835729,0.0022169049805994463,0.034684949103019114
340,8.029074392481704,0.3939302180453911,11.37894371481438,0.09473592870359504,6617.524025830744,0.6812700215256202,0.4724945784896183,0.3449891569792366,0.024718886036412018,0.48927042497802054
341,7.733266482677426,0.22959249037634732,11.104037971511708,0.026009492877927087,5840.10086005088,0.0334173833757333,0.5074313790095099,0.41486275801901973,0.04796714723252941,0.9589322673238264
342,8.874004308799371,0.8633357271107627,14.636655885971816,0.909163971492954,6396.152121213849,0.4967934343448742,0.49866964616282267,0.39733929232564535,0.03448194261068022,0.686503891124853
343,9.007419164745352,0.9374550915251963,12.94937360232217,0.4873434005805426,5905.880590476535,0.08823382539711266,0.3026153347503383,0.005230669500676632,0.033313854813979714,0.662906157858176
344,8.552368812557969,0.6846493403099829,11.005564770163769,0.001391192540942443,6087.004337630629,0.23917028135885798,0.5886075035250014,0.5772150070500027,0.027496988110131692,0.5453936991945796
345,8.59231783900027,0.7068432438890394,12.355291487580395,0.33882287189509863,6601.139578185211,0.6676163151543425,0.7460851488552794,0.8921702977105589,0.02707933508970919,0.5369562644385695
346,7.373223009236678,0.02956833846482143,12.758956179834712,0.4397390449586779,6079.801444582422,0.2331678704853516,0.45792763709371226,0.31585527418742454,0.0013159746626089253,0.016484336618362128
347,7.584173015645695,0.14676278646983065,11.85407500371269,0.21351875092817285,6113.692106398945,0.2614100886657873,0.3063491325355091,0.012698265071018233,0.04262680732252506,0.8510466125762638
348,8.738925517373085,0.7882919540961583,12.07867457117956,0.26966864279489,6976.437394569585,0.9803644954746542,0.48838894891883533,0.3767778978376707,0.03784577871074304,0.7544601759746068
349,7.577524494275817,0.14306916348656507,11.941345544582813,0.2353363861457033,6983.737609391521,0.9864480078262671,0.49917919057585675,0.3983583811517135,0.02146752876496383,0.423586439696239
350,8.575180564716652,0.6973225359536955,12.243774464729652,0.3109436161824132,6635.684587572359,0.6964038229769661,0.6837625784100134,0.767525156820027,0.03543641498272739,0.7057861612672199
351,9.116621423696625,0.998123013164792,13.270751445839746,0.5676878614599365,6508.741822945431,0.5906181857878587,0.4549986619401629,0.30999732388032586,0.0389109693754268,0.7759791793015514
352,8.95071655929055,0.905953644050306,12.374235448974833,0.34355886224370846,6443.392158779324,0.5361601323161035,0.3092078376900023,0.01841567538000466,0.029261199936288756,0.5810343421472476
353,7.808248903601791,0.27124939088988376,14.166132201177273,0.7915330502943185,6472.736586465203,0.5606138220543356,0.5694619608174063,0.5389239216348125,0.034763343180079925,0.6921887511127257
354,7.845572796819567,0.2919848871219821,12.137138108653627,0.2842845271634069,6858.841704130302,0.8823680867752511,0.5672421588519146,0.5344843177038293,0.047332110465690476,0.9461032417311207
355,8.288485940309396,0.5380477446163316,14.488827666012538,0.8722069165031346,6173.353563816867,0.3111279698473892,0.5896657662038,0.5793315324075999,0.012006661539449247,0.23245780887776257
356,8.882458188922788,0.8680323271793275,14.683324710653665,0.9208311776634163,6888.854331177753,0.9073786093147942,0.4286802899417433,0.2573605798834866,0.036162417970118634,0.7204528882852249
357,8.396850177650991,0.5982500986949951,13.739974705247409,0.6849936763118525,6716.077099984225,0.7633975833201876,0.39962005454494237,0.19924010908988476,0.0357206316757845,0.7115279126421111
358,8.622689680554103,0.7237164891967247,14.667710631088479,0.9169276577721197,6477.00482055293,0.5641706837941085,0.5372991954352728,0.4745983908705458,0.020968188375753854,0.4134987550657344
359,8.442882423807854,0.6238235687821408,12.355257572274372,0.33881439306859307,6056.055680104296,0.21337973342024652,0.6036117792757654,0.6072235585515309,0.042058170790845055,0.8395590058756576
360,8.41686991515569,0.6093721750864951,14.952005311835125,0.9880013279587813,5887.9487571797545,0.07329063098312893,0.47443067079110973,0.3488613415822195,0.036055783626596574,0.718298659123163
361,7.529290395055651,0.11627244169758388,12.539495942388221,0.3848739855970552,6466.524639457103,0.5554371995475861,0.43495544358285204,0.2699108871657041,0.0429349169490815,0.8572710494763939
362,7.588138064473237,0.14896559137402055,13.754909208808323,0.6887273022020807,6945.968712968142,0.9549739274734524,0.7662532631849427,0.9325065263698854,0.04611013642338427,0.9214168974421063
363,7.980836279855895,0.3671312665866082,13.99020807476679,0.7475520186916974,5872.829246756158,0.06069103896346506,0.7702519370839666,0.9405038741679331,0.02380618148946531,0.47083194928212746
364,8.700603961197944,0.7670022006655248,14.562520735156498,0.8906301837891245,6804.579901735026,0.8371499181125217,0.4524374585169529,0.3048749170339058,0.04862456440787321,0.9722134223812768
365,8.726387921895283,0.7813266232751576,11.636675268081026,0.15916881702025643,6426.965041196825,0.5224708676640213,0.6086010848515794,0.6172021697031588,0.016734131761311374,0.32796225780427013
366,8.885560916643312,0.8697560648018405,13.163604043158001,0.5409010107895003,6449.337306041563,0.541114421701303,0.62148945352295,0.6429789070459001,0.02450747399330491,0.48499947461222037
367,7.716118388661784,0.22006577147876905,14.316402249171428,0.8291005622928569,6573.108187819203,0.6442568231826687,0.7501125110347362,0.9002250220694723,0.03201799901286603,0.6367272527851724
368,7.5220572139724435,0.1122540077624683,11.818303633749046,0.2045759084372616,6121.1215863532,0.2676013219609996,0.5404163192798891,0.4808326385597782,0.027506631057595057,0.5455885062140415
369,7.599469510225111,0.1552608390139505,13.806344010125867,0.7015860025314667,6221.232692527322,0.35102724377276795,0.5812221473357171,0.5624442946714343,0.028735815717950447,0.5704205195545544
370,7.695407158631948,0.20855953257330417,13.53691855550719,0.6342296388767977,5930.251294932296,0.10854274577691381,0.7884017646663309,0.9768035293326619,0.004248594725942539,0.07572918638267756
371,7.850570213439542,0.2947612296886343,12.583029071542814,0.39575726788570365,6630.423750466545,0.6920197920554545,0.557894253667168,0.5157885073343362,0.03439075080024866,0.6846616323282556
372,8.170254312939178,0.47236350718843256,13.521426796038803,0.6303566990097005,6921.446346319504,0.9345386219329207,0.6001942495867639,0.6003884991735279,0.0423097418549453,0.8446412495948545
373,8.098505199010875,0.43250288833937456,12.64937256533877,0.4123431413346923,6165.28911098784,0.3044075924898665,0.5355150016629756,0.47103000332595124,0.0020006078376368077,0.03031530985124864
374,9.086703870531196,0.9815021502951095,11.579112663254612,0.14477816581365333,6823.764736071271,0.8531372800593924,0.38693133812847497,0.17386267625694996,0.03796674186004804,0.7569038759605664
375,8.457535027154437,0.631963903974687,11.766106477002248,0.19152661925056214,6699.242667876509,0.7493688898970908,0.31122211294002144,0.022444225880042912,0.039477184091976064,0.7874178604439608
376,8.447348488801856,0.6263047160010311,11.59828312708543,0.1495707817713574,5841.419730594607,0.034516442162172645,0.3656816647886025,0.13136332957720498,0.0037681751567512373,0.06602374054042903
377,8.00371474700128,0.3798415261118232,11.25708878204157,0.06427219551039265,6558.486442719691,0.6320720355997426,0.6643760194595552,0.7287520389191102,0.02701672760602837,0.5356914667884519
378,8.798949712674732,0.82163872926374,14.669481438120563,0.9173703595301407,6731.05045189113,0.7758753765759419,0.7601656749930477,0.9203313499860954,0.0440677301344687,0.8801561643327009
379,7.569400809340916,0.13855600518939748,12.885396767125272,0.47134919178131796,6726.062738097502,0.7717189484145851,0.7378595401638579,0.8757190803277157,0.0005561186948983012,0.0011337110080464896
380,7.887035826960813,0.3150199038671183,11.677115638783087,0.16927890969577186,6501.846938318156,0.5848724485984638,0.4602872168694775,0.320574433738955,0.04685363005046828,0.9364369707165309
381,8.443111137186088,0.6239506317700495,12.188279570374938,0.29706989259373473,6892.78528143775,0.9106544011981254,0.7782264751502082,0.9564529503004163,0.046654061140128655,0.9324052755581546
382,8.423822335723191,0.613234630957328,14.464656716312382,0.8661641790780955,6761.1262650074605,0.800938554172884,0.3428404229278728,0.08568084585574565,0.011295223470802586,0.2180853226424765
383,8.733238230746357,0.7851323504146432,13.853258954229549,0.7133147385573871,5956.176622597266,0.1301471854977213,0.683974666581185,0.7679493331623699,0.006108964943521795,0.1133124231014504
384,8.952546294938756,0.9069701638548653,12.29223780173232,0.32305945043308004,6152.958096037646,0.2941317466980381,0.5592516372807349,0.5185032745614698,0.02055431894183956,0.4051377564007992
385,7.8935541884272435,0.3186412157929134,12.758498407710945,0.4396246019277362,5843.064983826279,0.035887486521899215,0.682126872221828,0.764253744443656,0.04098486737093907,0.8178761085038195
386,8.188675961260513,0.4825977562558402,13.687259456445055,0.671814864111264,6840.820681571309,0.8673505679760912,0.3970112836225798,0.19402256724515965,0.015671112055435466,0.30648711223101954
387,8.33555339320861,0.5641963295603394,11.045128085169889,0.011282021292472022,6127.382780267941,0.2728189835566174,0.6194004754398206,0.6388009508796413,0.041689034986351306,0.8321017168959859
388,7.683247364501789,0.2018040913898831,14.637381089369786,0.9093452723424463,6678.604117642626,0.7321700980355219,0.6180128986928598,0.6360257973857196,0.04667660801563105,0.9328607679925465
389,8.378996497407137,0.5883313874484095,14.087415111858524,0.7718537779646311,6162.500633231791,0.3020838610264922,0.3801777175023208,0.16035543500464167,0.02070331932658825,0.408147865183601
390,7.624190170023524,0.16899453890195748,12.3402366364046,0.3350591591011499,6081.353633237955,0.23446136103162984,0.7712100719873894,0.9424201439747789,0.046599941477620414,0.9313119490428367
391,9.114360725152983,0.9968670695294348,14.032846713788427,0.7582116784471069,5811.016898276103,0.00918074856341966,0.390786073443048,0.18157214688609602,0.0014755952098291195,0.01970899413796201
392,8.920540414972434,0.8891891194291301,13.300516824400551,0.5751292061001377,6917.397567010765,0.9311646391756374,0.7910068275573473,0.9820136551146946,0.038558749744240034,0.7688636311967683
393,8.075849116119752,0.41991617562208394,11.676068309040321,0.1690170772600803,5821.3222198924395,0.017768516577032933,0.4544958439797909,0.3089916879595819,0.01525535643039163,0.29808800869478036
394,7.995076596207248,0.3750425534484715,11.882862887334102,0.22071572183352584,6230.0891316535735,0.35840760971131125,0.6847285375109216,0.7694570750218431,0.025439877397260596,0.5038359070153655
395,7.968148325638256,0.3600824031323644,14.113499134345574,0.7783747835863932,6007.322484638372,0.17276873719864305,0.4066390278763912,0.21327805575278247,0.018544126483369706,0.3645278077448425
396,8.072256169903945,0.41792009439108047,12.292386155681209,0.3230965389203023,6419.022564297767,0.5158521369148058,0.7155579434195167,0.8311158868390335,0.03491356880149936,0.6952236121515022
397,7.373311978800958,0.02961776600053212,11.522996969029066,0.13074924225726647,6613.332128685049,0.6777767739042073,0.6566867849249907,0.7133735698499815,0.012389485927805038,0.24019163490515227
398,8.110197079232941,0.4389983773516346,11.423446345396332,0.10586158634908316,6551.2814823147855,0.6260679019289881,0.7284751302390815,0.8569502604781629,0.03614322430676017,0.7200651375103063
399,8.693465630384283,0.7630364613246025,14.066288878372085,0.7665722195930212,5857.690016405178,0.048075013670981104,0.5598737561915972,0.5197475123831944,0.03515894911329454,0.7001807901675664
400,8.261690342486032,0.5231613013811287,14.19230288008288,0.7980757200207197,6403.889782284229,0.5032414852368575,0.5550273294806809,0.5100546589613617,0.014704617880835312,0.28696197739061235
401,8.816694240666056,0.8314968003700319,14.516592325990073,0.8791480814975184,6676.796093242587,0.7306634110354887,0.5516326747505266,0.5032653495010532,0.0049168430891717435,0.08922915331660086
402,8.427856261479612,0.6154757008220069,12.418856454920036,0.3547141137300087,6073.812916095484,0.22817743007956992,0.3345122500854414,0.0690245001708828,0.007734889374421287,0.14615938130144013
403,7.820640180789407,0.2781334337718927,11.056231255508632,0.014057813877157654,6814.0358172040105,0.8450298476700087,0.46023263161054623,0.3204652632210925,0.002759514116928577,0.04564674983694095
404,9.042639678800187,0.9570220437778819,14.2737833267106,0.8184458316776497,6192.756787120565,0.3272973226004704,0.3539923919036137,0.10798478380722742,0.0016934736574815406,0.02411057893902102
405,8.966705758612369,0.9148365325624276,14.372844288155585,0.8432110720388963,6006.706398785502,0.17225533232125112,0.46802086338011195,0.3360417267602239,0.023809077336986235,0.47089045125224716
406,7.910949919263106,0.32830551070172576,13.574110098552325,0.6435275246380813,5825.891302901543,0.02157608575128578,0.315061279216518,0.030122558433036017,0.04070965277983319,0.8123162177744079
407,8.217268321395265,0.4984824007751474,11.102997300894774,0.025749325223693664,6423.849358476069,0.5198744653967239,0.543128340501328,0.48625668100265595,0.03514748789038464,0.6999492503108007
408,9.088161828236714,0.9823121267981749,13.422493081705651,0.605623270426413,6865.1507035043705,0.8876255862536419,0.34797081116980355,0.09594162233960712,0.0008064397427728126,0.0061907018741982345
409,7.943652578832645,0.346473654907025,13.57871465685231,0.6446786642130773,6652.291627061496,0.7102430225512469,0.5916952970510088,0.5833905941020177,0.0277505606425016,0.5505163766161939
410,8.896088156547481,0.8756045314152673,12.168875780051351,0.29221894501283785,6636.26259113969,0.6968854926164086,0.6344509533789697,0.6689019067579395,0.015379439356842713,0.30059473448167096
411,7.582352068866355,0.14575114937019706,12.370332168946257,0.34258304223656433,6950.632601994063,0.9588605016617197,0.4611255527740317,0.32225110554806347,0.004837386381059227,0.0876239672941258
412,7.824007074782486,0.2800039304347145,11.89694054362272,0.22423513590567956,5877.134406262453,0.0642786718853775,0.32358888903701755,0.047177778074035115,0.032990811595954926,0.6563800322415136
413,8.01744045763634,0.38746692090907753,13.284676319258699,0.5711690798146747,6453.354241669444,0.54446186805787,0.6567767778160749,0.71355355563215,0.021149842011321692,0.4171685254812463
414,9.059940000244866,0.9666333334693706,14.659162930726335,0.9147907326815838,6312.273119295756,0.42689426607979675,0.47634437206283387,0.35268874412566775,0.027099603374922517,0.5373657247459094
415,8.415281441549906,0.6084896897499484,11.463573043475057,0.11589326086876406,5987.058409940971,0.15588200828414223,0.7762777774161819,0.9525555548323638,0.032789237709772025,0.652307832520647
416,9.047276086075085,0.9595978255972695,14.888997131828411,0.9722492829571026,6951.077432579863,0.9592311938165521,0.6260976520279524,0.652195304055905,0.002484398826899806,0.04008886518989507
417,8.653868619978654,0.7410381222103635,12.943726151766418,0.4859315379416044,6216.914598066722,0.34742883172226835,0.7519870044185517,0.9039740088371033,0.04090780544429454,0.8163193019049401
418,8.642897848654396,0.7349432492524426,13.554888525166913,0.6387221312917284,6908.292117425766,0.9235767645214714,0.5554365723157229,0.5108731446314456,0.02372130479213008,0.4691172685278804
419,8.81635253603025,0.8313069644612497,12.158214125578011,0.2895535313945028,6744.240338201189,0.7868669485009905,0.331318724538655,0.06263744907731006,0.014343886640206065,0.2796744775799205
420,9.052005858183977,0.9622254767688764,14.625747536147053,0.9064368840367634,6559.349395509483,0.6327911629245693,0.6539734159318635,0.7079468318637271,0.010633798532199035,0.20472320267068755
421,8.040376194554836,0.40020899697490964,12.71703124480201,0.42925781120050255,5938.622500052653,0.11551875004387724,0.5740709042489303,0.5481418084978605,0.049061529252691256,0.9810409950038638
422,8.635856964458549,0.7310316469214162,13.255730910790204,0.5639327276975511,6882.468644943404,0.902057204119503,0.7852223762576613,0.9704447525153226,0.03595935935627488,0.7163506940661591
423,8.117809072018833,0.44322726223268516,14.52519209537926,0.8812980238448154,5904.565639675906,0.08713803306325474,0.6492590928877596,0.6985181857755193,0.044915559768668664,0.89728403573068
424,8.211845824546076,0.49546990252559764,13.738890799858178,0.6847226999645444,6413.723047706727,0.5114358730889389,0.39320806365950156,0.18641612731900314,0.048560917127474096,0.9709276187368504
425,8.636426328368172,0.7313479602045406,13.75524868891715,0.6888121722292876,5921.8654551140935,0.10155454592841162,0.4998170361170088,0.3996340722340176,0.006091015040540984,0.11294979879880773
426,8.898797144174099,0.8771095245411659,11.265560997390859,0.06639024934771454,6851.06923249301,0.8758910270775078,0.6257791513639093,0.6515583027278185,0.014516001588766364,0.28315154724780534
427,7.560933967804047,0.13385220433558176,13.801359095326534,0.7003397738316335,6751.05213186181,0.7925434432181752,0.3008944281182866,0.0017888562365732108,0.009972753736849797,0.19136876236060196
428,8.106926727063085,0.4371815150350472,14.269618205919032,0.817404551479758,6980.06412193213,0.9833867682767751,0.3995774340053527,0.19915486801070548,0.00912018738904486,0.17414519977868403
429,7.466720254386108,0.08151125243672652,13.118013847313758,0.5295034618284394,6010.304501283765,0.17525375106980356,0.6122032459105942,0.6244064918211885,0.021293297425427016,0.4200666146550912
430,7.51088156605306,0.10604531447392185,12.427005266099155,0.3567513165247884,5892.567549282756,0.07713962440229682,0.5981109205077219,0.5962218410154437,0.01920854381064589,0.37795038001304826
431,9.099499699008346,0.988610943893526,11.999800676752168,0.24995016918804203,6358.309817270824,0.46525818105901995,0.381512966368295,0.16302593273659005,0.02325503297360705,0.45969763583044543
432,8.372762285163486,0.5848679362019371,11.553162543449837,0.13829063586245915,6956.132653114145,0.963443877595121,0.6562574958477546,0.7125149916955092,0.021330073281003142,0.42080956123238666
433,7.64014301688176,0.177857231600978,12.496067672165031,0.3740169180412579,6808.859207031461,0.8407160058595505,0.4662384866528034,0.33247697330560677,0.0499437272567163,0.9988631769033596
434,7.974484083700846,0.3636022687226921,13.360205725720174,0.5900514314300436,6296.67005335558,0.41389171112965006,0.39849605029206087,0.19699210058412175,0.04362142075993153,0.87113981333195
435,8.747832455400095,0.7932402530000532,14.651265717294372,0.9128164293235929,6214.273199706387,0.34522766642198865,0.5805402677527807,0.5610805355055614,0.003264091845598156,0.05584023930501325
436,7.844083039086946,0.291157243937192,14.212191180495772,0.8030477951239428,5829.39647400905,0.024497061674208176,0.5391681938386916,0.4783363876773834,0.036932658382321196,0.7360133006529535
437,7.670421039002518,0.19467835500139885,12.921508003295518,0.48037700082387924,5834.3882382567135,0.02865686521392763,0.6429208672103308,0.6858417344206615,0.011760698088756166,0.22748885027790233
438,8.182035014286498,0.4789083412702765,12.740385844165719,0.4350964610414296,6264.324749245719,0.3869372910380998,0.6685254050504631,0.7370508101009262,0.021085212769255825,0.4158628842273904
439,7.539329104555189,0.12184950253066018,11.827365610889288,0.2068414027223222,5928.723200935753,0.10726933411312789,0.39466378676906994,0.1893275735381399,0.02959709278921,0.5878200563476768
440,8.745706499868533,0.7920591665936298,13.587349330550477,0.6468373326376194,6067.781793157059,0.223151494297549,0.3433022833289411,0.08660456665788219,0.03285953740007292,0.6537280282843013
441,7.934943354401366,0.3416351968896474,14.311525441864728,0.8278813604661817,6154.301927772058,0.2952516064767148,0.49604059655973076,0.39208119311946155,0.03834084953389327,0.7644616067453186
442,8.012462355509554,0.3847013086164187,14.220869099075351,0.805217274768838,6299.067955471082,0.4158899628925685,0.6785078414338539,0.7570156828677078,0.02031434029002109,0.4002897028287089
443,7.574690275129169,0.1414945972939824,14.428914395855857,0.8572285989639643,6899.288754275081,0.9160739618959012,0.6577612514446892,0.7155225028893785,0.006138852383488505,0.11391620976744454
444,7.456306214399486,0.07572567466638103,12.54904394278432,0.3872609856960797,6960.969098993037,0.9674742491608643,0.5977719625546298,0.5955439251092598,0.035411299598242504,0.7052787797624748
445,9.10248065374209,0.9902670298567173,11.635995961232437,0.15899899030810916,5951.9654741577415,0.12663789513145107,0.34955563689909336,0.09911127379818674,0.011648320677732013,0.22521859955014167
446,7.769238073814839,0.24957670767491058,11.816690823629106,0.20417270590727665,6582.027751353184,0.6516897927943195,0.7084934038426972,0.8169868076853944,0.041266507585293634,0.8235658098039118
447,7.975263239837104,0.36403513324283554,12.86565469148131,0.46641367287032776,6462.940754143613,0.5524506284530107,0.7713606297524762,0.9427212595049526,0.04403569318718828,0.8795089532765308
448,8.564012090910776,0.6911178282837643,11.032963831178819,0.008240957794704462,6786.3351636528,0.8219459697106661,0.4392714484753294,0.2785428969506588,0.006802065171006519,0.1273144478991216
449,7.719188715982,0.22177150887888897,11.350824834120608,0.08770620853015199,6714.877540105064,0.762397950087554,0.7966039126141197,0.9932078252282394,0.0034366335710881244,0.05932593072905301
450,8.850010677877613,0.8500059321542298,11.180894204062763,0.045223551015690644,6987.358415591101,0.9894653463259173,0.574876527788194,0.5497530555763879,0.04935032573403888,0.9868752673543207
451,7.457979395289683,0.07665521960537902,13.33893357209083,0.5847333930227078,6804.2249120379665,0.8368540933649724,0.7059100510448721,0.8118201020897444,0.00304056924659319,0.05132463124430686
452,7.8331181554430485,0.2850656419128047,13.236578137748088,0.5591445344370222,6502.715566200707,0.5855963051672561,0.7449266374384439,0.8898532748768878,0.03413096393162744,0.6794134127601503
453,7.915986516493301,0.3311036202740558,11.207469698651957,0.051867424662989436,6984.062733903978,0.9867189449199819,0.5081619383599285,0.41632387671985693,0.01064536902117,0.20495694992262625
454,7.560834039607406,0.13379668867078098,12.095859786295362,0.27396494657384063,6110.314400977259,0.2585953341477152,0.3988225356421796,0.19764507128435926,0.02928604307608246,0.5815362237592416
455,8.469343085381594,0.6385239363231076,11.025872463254327,0.006468115813581754,6421.94644232266,0.5182887019355499,0.714869636952667,0.8297392739053341,0.02686106951780149,0.5325468589454846
456,7.480758072857236,0.08931004047624203,11.830391025290703,0.20759775632267596,6675.318620089148,0.7294321834076234,0.5981554884983231,0.5963109769966463,0.014964222948443618,0.29220652421098214
457,8.279541896296704,0.5330788312759474,12.425962474015957,0.3564906185039892,6453.555675269715,0.5446297293914293,0.6332744847641711,0.6665489695283422,0.016324457752564383,0.31968601520332085
458,8.184131399204652,0.4800729995581404,13.626244027923367,0.6565610069808415,6281.829283693838,0.4015244030781985,0.612173191113645,0.62434638222729,0.01792721447965667,0.352064938982963
459,8.642477844249438,0.7347099134719105,13.475216223013748,0.618804055753437,5853.84805433101,0.04487337860917451,0.3732461269322595,0.14649225386451903,0.011657180861984003,0.22539759317139396
460,8.278545860851903,0.5325254782510577,11.832916501357163,0.20822912533929083,6993.867980254346,0.9948899835452878,0.6614442249688963,0.7228884499377926,0.02037419883179546,0.40149896629889814
461,8.67561228239928,0.7531179346662671,14.17155531133989,0.7928888278349727,6450.585294527227,0.5421544121060229,0.6682060614162064,0.736412122832413,0.01723521786249839,0.3380852093434018
462,8.207748703497215,0.4931937241651193,13.082990403360519,0.5207476008401298,6364.665261573627,0.4705543846446886,0.5689089340198547,0.5378178680397093,0.015460958423974134,0.30224158432270976
463,7.687229701341155,0.20401650074508637,12.462531620136826,0.36563290503420653,6935.974790746189,0.9466456589551573,0.3733431830900972,0.14668636618019437,0.006777942106441299,0.12682711326144036
464,8.77417651796527,0.8078758433140394,14.272729575637989,0.8181823939094973,6735.024730223607,0.7791872751863391,0.32680300895537073,0.05360601791074149,0.04502360378972201,0.8994667432267073
465,8.662462905131603,0.7458127250731134,11.385265264501529,0.09631631612538227,5919.347693497163,0.09945641124763582,0.45803819979531785,0.3160763995906357,0.016077790237687843,0.3147028330846029
466,9.015204975580113,0.941780541988952,14.414966921866782,0.8537417304666953,5865.550129156283,0.05462510763023565,0.7922966859904039,0.9845933719808078,0.024940783851735638,0.4937532091259724
467,8.056533278315184,0.4091851546195472,14.184638135734629,0.796159533933657,6466.614574261074,0.555512145217562,0.4790795021055953,0.3581590042111906,0.03484227530122493,0.6937833394186855
468,8.974329313439718,0.9190718407998438,13.293210669117368,0.5733026672793418,6929.9651040229055,0.9416375866857543,0.3677208667192282,0.13544173343845645,0.04247942085704179,0.8480691082230664
469,7.96487416478939,0.35826342488299445,11.955374234676128,0.23884355866903217,6783.789826090457,0.8198248550753806,0.48545855345648736,0.37091710691297475,0.021908699889009543,0.4324989876567584
470,7.617999404991689,0.16555522499538278,11.483934088146604,0.12098352203665086,5993.840223674768,0.16153351972897312,0.45558587086016444,0.3111717417203289,0.04796719272409636,0.9589331863453809
471,7.77585855137308,0.253254750762822,14.895251485703191,0.9738128714257979,6531.614176771207,0.6096784806426727,0.7555288976045111,0.9110577952090222,0.005618822533750159,0.10341055623737694
472,8.094927645336266,0.430515358520148,14.687192356820947,0.921798089205237,6578.149760862238,0.6484581340518643,0.4604684834055909,0.3209369668111818,0.049865297757110835,0.9972787425678956
473,8.25021249780572,0.5167847210031778,13.15584279050015,0.5389606976250376,6616.473394850871,0.6803944957090592,0.49456573010702115,0.3891314602140423,0.04626119089187057,0.9244685028660721
474,8.290224091358523,0.5390133840880686,11.957421483115537,0.23935537077888414,6275.431338077402,0.3961927817311679,0.7649044286852501,0.9298088573705002,0.028422202475240195,0.5640848984897009
475,7.933410821174486,0.340783789541381,11.429739868700935,0.10743496717523371,5954.261812581635,0.1285515104846957,0.64779965117463,0.6955993023492599,0.03990821378082038,0.7961255309256642
476,8.188757421138353,0.48264301174352964,12.737834598467625,0.43445864961690617,6775.214705035443,0.8126789208628693,0.5298835930574224,0.4597671861148449,0.015835752495848305,0.30981318173430916
477,7.410244560980204,0.05013586721122443,11.972460798252127,0.24311519956303185,6150.526407005978,0.29210533917164827,0.37377417840463,0.14754835680926004,0.031430306013184715,0.6248546669330246
478,7.386680884526125,0.037044935847847404,14.64648117194886,0.9116202929872149,5984.044910491141,0.15337075874261752,0.7899834697712145,0.9799669395424291,0.02638338019148467,0.5228965695249428
479,8.921668129719947,0.8898156276221927,14.51399896959673,0.8784997423991828,6071.970090655025,0.2266417422125211,0.5327056885248251,0.4654113770496502,0.008116683084178504,0.15387238553895966
480,9.073167487546307,0.9739819375257269,12.62019295607376,0.4050482390184401,6450.482317342833,0.5420685977856944,0.6599155169517159,0.7198310339034318,0.029390862749453493,0.5836537929182524
481,8.660313177506387,0.7446184319479929,11.601523753283264,0.150380938320816,6973.001866555925,0.9775015554632708,0.32996496141439646,0.05992992282879295,0.03894804125086668,0.7767281060781146
482,7.626326605683087,0.17018144760171527,14.883931547390578,0.9709828868476443,6407.720265943448,0.506433554952873,0.7356007019426237,0.8712014038852475,0.039148654127828475,0.7807808914712823
483,8.28036592760637,0.5335366264479834,13.356678047440965,0.5891695118602412,6429.601190821505,0.5246676590179206,0.6733462116015884,0.7466924232031767,0.009072697441622332,0.17318580690146124
484,8.70982825313455,0.7721268072969723,14.944999171154567,0.986249792788642,5934.583876196775,0.11215323016397938,0.5447088648788834,0.48941772975776665,0.0007061865512890701,0.0041653848745266675
485,8.601170149552516,0.7117611941958425,12.106835291825794,0.2767088229564484,6104.381356197282,0.2536511301644019,0.7728216133766622,0.9456432267533245,0.011931338269457324,0.2309361266557035
486,8.507170487267985,0.6595391595933254,11.924205019018908,0.2310512547547271,5825.528739107247,0.021273949256039204,0.4474154252212281,0.29483085044245627,0.032396305202716434,0.6443698020750794
487,8.007659013324217,0.38203278518012085,14.784039783065042,0.9460099457662606,6363.465836065426,0.46955486338785446,0.37415790709176266,0.14831581418352535,0.007671228362453444,0.14487330025158474
488,9.07068522107794,0.9726029005988559,14.476329129248274,0.8690822823120683,6247.646691204582,0.373038909337151,0.6300634791766901,0.6601269583533802,0.040442954253785926,0.806928368763352
489,7.971091540962417,0.36171752275689806,11.211004332675241,0.0527510831688105,6893.960506876777,0.9116337557306473,0.5772635905664323,0.5545271811328647,0.004316830916942262,0.07710769529176287
490,7.858566868578382,0.29920381587687905,11.025690611834008,0.006422652958502195,6863.924556410018,0.8866037970083483,0.43993227310469246,0.27986454620938495,0.02225506788291417,0.4394963208669529
491,7.546938574567714,0.12607698587095229,14.635762781501093,0.9089406953752733,6145.9984592238825,0.2883320493532353,0.7440080873551407,0.8880161747102813,0.037440775885377885,0.7462783007147047
492,7.702054199569455,0.2122523330941417,12.588172591340896,0.3970431478352241,6993.104285971962,0.9942535716433019,0.4362405918387292,0.27248118367745844,0.026321354058631986,0.5216435163359997
493,8.210528181296855,0.49473787849825324,12.761285782652418,0.4403214456631047,6253.69909005075,0.37808257504229126,0.5861897538615235,0.5723795077230471,0.04231513743367809,0.8447502511854159
494,8.918023231541381,0.887790684189657,12.678540674707573,0.4196351686768932,6147.156071076947,0.2892967258974559,0.7957717890727578,0.9915435781455157,0.0077467271205715685,0.14639852768831452
495,7.978380618831141,0.3657670104617451,11.328832843560114,0.08220821089002861,6121.88558740461,0.2682379895038417,0.4495857403522899,0.2991714807045798,0.002739279872736564,0.04523797722700129
496,7.939744601215392,0.34430255623077355,12.64527979875917,0.4113199496897926,6864.665280497358,0.8872210670811317,0.7788432508504817,0.9576865017009635,0.009788525110585203,0.1876469719310142
497,8.028010766471548,0.3933393147064158,12.976905274002354,0.4942263185005885,6802.015276417509,0.8350127303479239,0.7165069688045549,0.8330139376091098,0.03220443793320932,0.6404936956203903
498,7.623819722769986,0.16878873487221457,11.507914903287167,0.12697872582179193,6789.808029049329,0.8248400242077745,0.3638412206939941,0.12768244138798823,0.0035466848717697714,0.06154918932868225
499,7.489387536146343,0.0941041867479685,12.904211780394377,0.47605294509859397,6486.755523149011,0.5722962692908425,0.31117413897162766,0.022348277943255335,0.016025962218643584,0.3136558023968401
500,8.513432653676182,0.6630181409312123,14.579294132642309,0.8948235331605773,6978.422829197644,0.98201902433137,0.333819380604944,0.06763876120988799,0.03498859223177361,0.6967392370055275
501,7.650928663139073,0.18384925729948498,11.055666853358517,0.013916713339629072,6438.086919053993,0.5317390992116608,0.30141282467881714,0.0028256493576342967,0.04500200428875272,0.8990303896717721
502,7.56810516876053,0.13783620486696102,12.532165905724153,0.38304147643103836,6870.022615778235,0.8916855131485295,0.35494131217243313,0.10988262434486629,0.04994874168015813,0.9989644783870328
503,8.50690911891885,0.6593939549549171,11.392568709192524,0.09814217729813113,6213.478805482018,0.34456567123501536,0.43054094467845344,0.2610818893569069,0.03892071749524815,0.7761761110151141
504,8.67918574208528,0.7551031900473788,12.877956063486948,0.4694890158717372,6521.241823554464,0.6010348529620533,0.4621060204615486,0.3242120409230972,0.03230347076086664,0.6424943588053866
505,8.35927831529549,0.577376841830828,12.671091478888098,0.41777286972202454,5846.333494025271,0.03861124502105917,0.4534964148553318,0.30699282971066366,0.02732003036516424,0.5418187952558432
506,8.81682159690427,0.831567553835705,11.138973777429005,0.034743444357251185,6834.90035124195,0.8624169593682918,0.33067868983011944,0.06135737966023891,0.0031423640212839316,0.05338109133906932
507,8.364765726378838,0.5804254035437987,12.509800327936162,0.37745008198404073,5816.5371276118185,0.01378093967651517,0.6267459112878977,0.6534918225757955,0.04889366950239896,0.9776498889373527
508,7.580489268539989,0.14471626029999385,13.1136182585442,0.5284045646360499,6455.224708340278,0.5460205902835649,0.349823777405471,0.09964755481094201,0.007359705726519245,0.13857991366705547
509,7.393614872889826,0.040897151605458704,13.038753169079857,0.5096882922699641,6550.360111433614,0.6253000928613456,0.5469295831160366,0.49385916623207304,0.03289929010531847,0.6545311132387569
510,8.671266212415935,0.7507034513421859,11.157292507655615,0.039323126913903717,6669.066309391555,0.7242219244929622,0.6794510030223015,0.7589020060446031,0.015631632530796528,0.3056895460766975
511,7.486410788203937,0.0924504378910761,12.988176019861273,0.4970440049653181,5929.547856615125,0.10795654717927072,0.4533410463380995,0.30668209267619906,0.008885042633819847,0.1693948006832292
512,8.613320443446401,0.7185113574702229,13.80541324331398,0.7013533108284951,5961.630967643874,0.13469247303656162,0.5681198156959824,0.5362396313919646,0.04253526319692638,0.849197236301543
513,8.962860222459772,0.9127001235887627,13.012551709624221,0.5031379274060553,6914.283338187371,0.9285694484894753,0.5401367414651813,0.48027348293036265,0.03175636866251484,0.6314417911619159
514,9.006249338530072,0.9368051880722629,11.246413213498938,0.06160330337473441,6861.546314171036,0.8846219284758635,0.5818084003372282,0.5636168006744565,0.02839795930348715,0.5635951374441848
515,8.4718606526547,0.6399225848081663,13.57023347059447,0.6425583676486177,6820.560978349196,0.8504674819576639,0.39163821221052986,0.18327642442105974,0.04932241232025786,0.9863113600052091
516,8.160117989586174,0.46673221643676344,14.626480441118906,0.9066201102797266,6840.823305285501,0.8673527544045846,0.5186473151641934,0.4372946303283868,0.02851621831566749,0.565984208397323
517,7.414382812774273,0.05243489598570694,11.339133434585705,0.08478335864642617,6245.76759631353,0.37147299692794156,0.4733522620989755,0.34670452419795106,0.036249898310551955,0.7222201678899385
518,7.854930558559758,0.29718364364431027,12.84538737264355,0.4613468431608876,6583.481597062735,0.6529013308856129,0.4823753604084398,0.36475072081687965,0.04768208729820992,0.9531734807719175
519,9.025800635101191,0.9476670195006625,12.219040172178632,0.304760043044658,6650.827909687037,0.7090232580725314,0.5393340798878017,0.4786681597756035,0.028877667052835978,0.5732862030875955
520,8.848385583448229,0.8491031019156832,11.370741959093051,0.09268548977326285,6606.977970667625,0.6724816422230211,0.6032042733738827,0.6064085467477653,0.009536538937630047,0.18255634217434435
521,8.483394963470637,0.6463305352614649,12.42827295237364,0.3570682380934096,6270.640189318523,0.39220015776543615,0.7499690562502845,0.8999381125005692,0.04261032022516444,0.8507135399023119
522,8.410387803238132,0.6057710017989626,11.444373496228497,0.11109337405712427,6754.735322299532,0.795612768582943,0.35501638228829335,0.11003276457658673,0.012080305204105,0.23394555967888886
523,8.518955567158187,0.6660864261989936,12.731888560719634,0.4329721401799086,6034.84193079066,0.19570160899221678,0.348090804816274,0.09618160963254807,0.0011546657552155065,0.013225570812434473
524,7.970311477430293,0.36128415412794057,14.172566158800601,0.7931415397001502,5926.138351159188,0.10511529263265618,0.7865678978793103,0.9731357957586206,0.041467567329592565,0.8276276228200518
525,8.462656562881145,0.6348092016006364,13.541163762047296,0.6352909405118238,6031.651464705957,0.19304288725496388,0.49183740433668005,0.3836748086733601,0.010968073228146266,0.21147622683123768
526,8.732373480985057,0.7846519338805876,12.836383681525144,0.4590959203812859,5943.893457113712,0.11991121426142703,0.5456815029798312,0.4913630059596624,0.032149892515267314,0.6393917679851983
527,8.525010842967978,0.6694504683155436,11.316191582970319,0.07904789574257987,6657.154116771454,0.7142950973095448,0.5096730831164765,0.41934616623295307,0.03334179323513329,0.6634705704067331
528,8.584443153063212,0.7024684183684513,12.204172872474429,0.30104321811860724,6789.876110216745,0.8248967585139539,0.6673558101750492,0.7347116203500985,0.005749987793426895,0.1060603594631696
529,7.928097764420372,0.337832091344651,12.056916908939675,0.2642292272349187,6236.3444392397805,0.3636203660331506,0.47195928385626446,0.34391856771252893,0.03864528186039706,0.7706117547554961
530,8.23494576907373,0.5083032050409613,14.179883707684365,0.794970926921091,5877.4677636634715,0.0645564697195592,0.6376686273551837,0.6753372547103675,0.022223853582264624,0.4388657289346388
531,7.557299967608882,0.13183331533826803,14.386003278063178,0.8465008195157947,6679.861726531445,0.7332181054428712,0.44246944011243633,0.2849388802248727,0.030913873131244867,0.6144216794190882
532,8.62764012566485,0.726466736480473,14.667382448756097,0.9168456121890242,6294.615458470751,0.412179548725626,0.7752260334750396,0.9504520669500791,0.011236139440696525,0.21689170587265705
533,7.4529831669746,0.07387953720811113,13.203957793399445,0.5509894483498613,6203.976998390151,0.336647498658459,0.39449459650518254,0.1889891930103651,0.007187527578023319,0.13510156723279432
534,8.488759947601277,0.6493110820007095,11.836313641770031,0.20907841044250786,6133.471309026839,0.2778927575223654,0.362584890238306,0.12516978047661198,0.043879872990362875,0.8763610705123813
535,8.638638329304925,0.732576849613847,13.168970970361189,0.5422427425902973,6039.1215099280125,0.19926792494001055,0.6497769496185986,0.699553899237197,0.00874776816105256,0.1666215790111628
536,7.925458880886241,0.3363660449368008,11.031286194750843,0.007821548687710678,6393.406772638006,0.4945056438650053,0.31995400536123375,0.039908010722467524,0.025530982293268677,0.5056764099650237
537,8.30821028239066,0.5490057124392557,14.391279984790241,0.8478199961975603,6499.23701839641,0.5826975153303418,0.33799911588591575,0.07599823177183151,0.03734608913583353,0.7443654370875461
538,8.05530554826394,0.40850308236885513,12.91290704677293,0.4782267616932323,6251.38467084672,0.37615389237226693,0.7367067334806275,0.8734134669612551,0.01203276391396899,0.23298512957513107
539,8.11089013247409,0.4393834069300505,14.672436933717627,0.918109233429407,6153.275141059493,0.2943959508829107,0.5587335724703153,0.5174671449406306,0.027652170278621078,0.5485286924973954
540,8.906341216320195,0.8813006757334418,13.007844029048872,0.5019610072622179,6659.834924323508,0.7165291036029234,0.5208736396149152,0.44174727922983026,0.02594587120030309,0.514058004046527
541,8.905523181130388,0.8808462117391052,13.263020111156106,0.5657550277890264,6837.132975726941,0.8642774797724511,0.7448248917378975,0.8896497834757949,0.020075248114412133,0.3954595578669118
542,8.137692808414407,0.45427378245244865,14.460960660315674,0.8652401650789187,6674.92452127599,0.7291037677299913,0.5007813652145897,0.40156273042917945,0.04711730266541369,0.9417636902103775
543,7.89540206559494,0.31966781421941126,12.705776113565499,0.42644402839137485,6628.914973265156,0.6907624777209632,0.7257731757140395,0.8515463514280791,0.04555232283733039,0.9101479361076846
544,7.650368297572176,0.18353794309565352,11.813900449714382,0.20347511242859517,5979.906952029296,0.14992246002441312,0.4214246626896811,0.2428493253793622,0.026494807313158675,0.525147622488054
545,7.5981594301668745,0.1545330167593746,13.889318738949232,0.7223296847373079,6381.411298682794,0.48450941556899496,0.6625392749492419,0.7250785498984839,0.010314371098121904,0.19827012319438186
546,7.6959628906390325,0.20886827257724028,14.197311851876858,0.7993279629692145,6251.535227851543,0.3762793565429524,0.45156327440578675,0.3031265488115735,0.0011764657358035373,0.013665974460677521
547,7.3909916387212204,0.03943979928956698,13.930605212327603,0.7326513030819004,6321.1010048304015,0.434250837358668,0.512420043453231,0.424840086906462,0.009470283302989522,0.1812178445048388
548,8.03342315795952,0.3963461988664001,14.530682331041792,0.8826705827604479,6909.60998672895,0.9246749889407917,0.3693194923453442,0.13863898469068847,0.02423869367580613,0.4795695692082046
549,9.028377694449922,0.9490987191388464,12.177636634906957,0.29440915872673923,6224.950498525847,0.3541254154382061,0.7391948150781764,0.8783896301563527,0.017600007645402604,0.3454546999071233
550,7.346892461290259,0.014940256272365948,13.45607407590532,0.6140185189763303,6956.323257019196,0.9636027141826632,0.6156229615867093,0.6312459231734184,0.006849009515027432,0.12826281848540266
551,9.069042285873815,0.9716901588187868,13.636936006454647,0.6592340016136615,5868.330700817199,0.05694225068099856,0.5275802667239992,0.45516053344799834,0.040328879499778286,0.8046238282783491
552,8.63732637817075,0.7318479878726389,12.061563320659193,0.26539083016479803,6733.489155857984,0.7779076298816536,0.5324104338971608,0.46482086779432163,0.008564012014850096,0.16290933363333526
553,8.844365501764464,0.8468697232024801,13.67168758661617,0.6679218966540423,6275.097395587415,0.39591449632284603,0.66660002650418,0.7332000530083602,0.0480327109752906,0.960256787379608
554,9.09500970315457,0.9861165017525394,14.272690866215758,0.8181727165539393,6888.106271571534,0.9067552263096121,0.44094492609698394,0.2818898521939679,0.028962325087118296,0.5749964664064302
555,7.35480707241789,0.019337262454382942,14.809337288897492,0.9523343222243732,6328.433077029019,0.4403608975241824,0.5629071620577454,0.5258143241154908,0.001717973085819157,0.02460551688523549
556,7.8332890191410325,0.2851605661894627,12.898174086613224,0.47454352165330604,6291.69709982197,0.4097475831849756,0.33988972232686987,0.07977944465373976,0.022257546571358887,0.4395463953809876
557,8.63977534741142,0.7332085263396783,12.176522471091983,0.2941306177729959,6258.266169363187,0.3818884744693227,0.596338950733462,0.5926779014669241,0.032634991502431064,0.6491917475238599
558,8.947666427417037,0.9042591263427983,13.113279637853827,0.5283199094634569,5903.780510770079,0.08648375897506588,0.5545083807904805,0.509016761580961,0.012628738747061198,0.2450250251931555
559,8.691949876555862,0.762194375864368,12.892716268443966,0.47317906711099156,6509.207700055817,0.5910064167131814,0.46203141557352345,0.3240628311470469,0.020989644662402107,0.4139322154020627
560,7.646601135064228,0.18144507503568186,14.56513826408356,0.89128456602089,6513.717816037872,0.5947648466982262,0.7641627121673272,0.9283254243346545,0.031001502609337876,0.6161919719058156
561,8.68112699643066,0.7561816646837005,11.201815860936502,0.050453965234125486,6691.759779900197,0.7431331499168305,0.3261912769504712,0.052382553900942375,0.029198531227752438,0.5797683076313623
562,7.725938696881985,0.22552149826776935,14.4592140919323,0.8648035229830747,6395.810940474595,0.49650911706216194,0.7535544326135074,0.9071088652270148,0.04901669980134079,0.9801353495220361
563,8.477926992845182,0.6432927738028793,11.48751978512003,0.12187994628000764,6324.693636637067,0.4372446971975559,0.714440526093373,0.8288810521867461,0.005366173917579211,0.098306543789479
564,8.999849771245511,0.9332498729141737,11.92638749454008,0.2315968736350198,5952.918865280884,0.12743238773407006,0.3224843702931051,0.044968740586210254,0.020429215315602777,0.4026104104162177
565,7.489394590481583,0.09410810582310147,11.55362761650164,0.1384069041254098,6888.1122079165025,0.9067601732637522,0.4882266148742874,0.37645322974857487,0.04081192855317171,0.8143823950135698
566,8.93307860688736,0.8961547816040895,11.093113910240191,0.023278477560048083,6087.965121408617,0.2399709345071811,0.4821250798261973,0.3642501596523946,0.025332847169315144,0.5016736801881847
567,8.988380571713016,0.9268780953961208,13.883202241865305,0.7208005604663263,5818.653411115757,0.015544509263130557,0.3046156869198099,0.009231373839619805,0.023065758908255785,0.4558739173385007
568,8.389341892451755,0.5940788291398641,11.36016042979292,0.09004010744823021,6575.650644725479,0.6463755372712324,0.4842326679383846,0.3684653358767692,0.031875961563907526,0.6338578093718692
569,7.631167461105173,0.17287081172509633,11.815061128137364,0.20376528203434097,6027.870508783757,0.18989209065313095,0.6564855497802784,0.7129710995605567,0.038188421998192425,0.761382262589746
570,7.382556418517879,0.03475356584326583,14.72919577096966,0.9322989427424149,6115.024728827312,0.2625206073560933,0.6291313146898307,0.6582626293796615,0.03581000903098346,0.7133335157774436
571,7.608124287549026,0.16006904863834748,12.90421225589442,0.4760530639736049,6073.99088269023,0.22832573557519187,0.45398055672181503,0.3079611134436301,0.0293007854414912,0.5818340493230545
572,8.669130207443544,0.7495167819130804,14.161116971455801,0.7902792428639501,6168.9472657971055,0.307456054830921,0.4035555796652373,0.20711115933047464,0.01954266035269326,0.38470020914531833
573,8.968503890086593,0.9158354944925519,13.468130823247792,0.6170327058119481,5945.260732310865,0.1210506102590545,0.4002783706596353,0.2005567413192706,0.027275811928486313,0.5409254935047739
574,7.515770051450847,0.10876113969491474,13.474092957078028,0.6185232392695068,6998.831125524842,0.9990259379373684,0.5450883097611632,0.4901766195223263,0.019287224499043652,0.3795398888695687
575,9.031451854255295,0.9508065856973861,13.371901097136892,0.5929752742842227,5902.313372074247,0.08526114339520596,0.38531337519448233,0.1706267503889647,0.0029385230806310927,0.049263092538001874
576,8.452735176688323,0.629297320382402,14.247065114242286,0.8117662785605715,6516.826573772943,0.5973554781441199,0.5065214520486641,0.41304290409732813,0.033851648734299675,0.6737706815010035
577,7.643416243239281,0.17967569068848965,12.942997774063075,0.48574944351576876,6413.339174037023,0.5111159783641859,0.677272926399402,0.754545852798804,0.018918698144257548,0.37209491200520295
578,7.6316341777990155,0.17313009877723085,12.331461365390995,0.3328653413477488,6452.234802615565,0.5435290021796376,0.3123030342213211,0.024606068442642237,0.030587438326877416,0.6078270369066144
579,8.584984381346917,0.702769100748288,13.470387002701749,0.6175967506754371,6627.191891593646,0.6893265763280383,0.5497747648793352,0.4995495297586704,0.029392223874823074,0.5836812904004661
580,7.677752562384582,0.19875142354699005,12.344997275581484,0.3362493188953709,6094.813289121834,0.24567774093486117,0.33424681698405073,0.06849363396810149,0.02246174223624674,0.443671560328217
581,7.377626021597497,0.032014456443053896,11.366917140781382,0.0917292851953454,6487.797870864593,0.5731648923871614,0.5043094614088037,0.4086189228176075,0.023722828374321766,0.4691480479660962
582,7.652853183924999,0.1849184355138882,13.101804271628351,0.525451067907088,6369.11768123483,0.47426473436235883,0.3362306088814573,0.07246121776291459,0.04978751173841594,0.9957073078467866
583,8.993121188619615,0.9295117714553417,13.513027659340345,0.6282569148350862,6678.292397720784,0.7319103314339862,0.30059485031789673,0.0011897006357934892,0.0291017694770614,0.5778135247891192
584,7.6248997247207555,0.16938873595597514,12.116140026487315,0.2790350066218288,6282.338087399956,0.4019484061666302,0.7265429859817703,0.8530859719635404,0.037914680354229985,0.7558521283682825
585,7.92128932398883,0.3340496244382388,11.574768197783955,0.1436920494459888,6256.504747097833,0.3804206225815274,0.573840896133994,0.5476817922679881,0.010415304014303824,0.20030917200613785
586,8.295655198860661,0.5420306660337006,13.856413976057084,0.7141034940142711,5972.135668740801,0.14344639061733355,0.5878907073566824,0.5757814147133647,0.02395447542813334,0.4738277864269361
587,8.226119674670597,0.5033998192614427,11.587860142851314,0.14696503571282848,6043.227991842461,0.20268999320205117,0.6954009266197305,0.7908018532394612,0.009661100892166336,0.1850727452962896
588,8.781798449860412,0.8121102499224513,12.81835957316556,0.45458989329139,6725.217860698375,0.771014883915313,0.757872001788382,0.9157440035767641,0.03271444147170118,0.6507967974081046
589,8.891967002441486,0.8733150013563813,12.749269043411253,0.4373172608528131,6393.821044278871,0.49485087023239316,0.3619701241211741,0.12394024824234817,0.027027016938636163,0.5358993320936598
590,7.810386124096367,0.2724367356090931,14.279284490530866,0.8198211226327168,6447.306981651288,0.5394224847094068,0.3924077384174269,0.18481547683485378,0.02167824783923298,0.4278433906915753
591,7.440697376140694,0.06705409785594096,12.56796982449869,0.3919924561246724,6501.497889107696,0.5845815742564132,0.4082090252801003,0.21641805056020058,0.0447928504620498,0.8948050598393898
592,7.983242171785001,0.36846787321388974,12.035141379838795,0.2587853449596985,6503.650305070054,0.5863752542250449,0.4008947941255282,0.20178958825105642,0.04534844237681414,0.906029138925538
593,8.431562058653487,0.6175344770297156,11.66549772366939,0.1663744309173475,6718.541349610896,0.7654511246757463,0.5385506545270151,0.47710130905403036,0.038731468843541055,0.7723529059301223
594,8.015684881912943,0.38649160106274605,12.226593728825259,0.30664843220631477,6348.567437482703,0.4571395312355858,0.4414054122506964,0.28281082450139283,0.00813550477692773,0.15425262175611576
595,8.126063410889527,0.4478130060497372,14.726909553905408,0.931727388476352,5819.489345823985,0.016241121519987578,0.5839682259075667,0.5679364518151334,0.03885091248992616,0.774765908887397
596,8.623600048728687,0.7242222492937148,14.192956149854762,0.7982390374636906,6889.88812929873,0.9082401077489415,0.786566959962454,0.9731339199249079,0.03359335865730797,0.6685527001476357
597,7.993417908809802,0.3741210604498898,13.861871488288774,0.7154678720721932,6785.451960383749,0.8212099669864571,0.7810830144309602,0.9621660288619205,0.006556472109962318,0.12235297191843064
598,9.017298252158112,0.9429434734211735,13.053779600209458,0.5134449000523644,6471.9984708141565,0.5599987256784638,0.49786578403375303,0.3957315680675061,0.01933944684090649,0.38059488567487854
599,8.3071037282379,0.5483909601321671,13.439277234908827,0.6098193087272068,6426.028613908168,0.5216905115901401,0.5481140873875617,0.4962281747751235,0.0006575665654928544,0.003183162939249584
600,7.608043936224219,0.16002440901345505,11.039809232897879,0.009952308224469686,6169.867190018871,0.30822265834905904,0.7156715183969617,0.8313430367939235,0.03307896974896827,0.6581610050296619
601,7.782764796019583,0.2570915533442125,14.85492961105411,0.9637324027635276,6941.929999864777,0.9516083332206472,0.35872008976076963,0.11744017952153929,0.00903090932080525,0.1723416024405101
602,8.158674078278427,0.4659300434880149,11.861232129184593,0.21530803229614803,6265.892956509422,0.3882441304245189,0.6740954440151894,0.7481908880303787,0.002221809585771421,0.03478403203578628
603,8.36683843076217,0.581576905978984,13.521814714995365,0.6304536787488411,5899.345262130368,0.08278771844197286,0.6932746937155416,0.7865493874310832,0.0027310449542346155,0.045071615237062934
604,7.6214721838380255,0.16748454657668077,13.835773731989109,0.7089434329972771,6870.213057497375,0.891844214581146,0.6390007196686567,0.6780014393373134,0.03817824808273705,0.7611767289441829
605,7.727249551440576,0.2262497508003204,13.358914936096626,0.5897287340241567,6925.797850191824,0.9381648751598537,0.7457873267344808,0.8915746534689616,0.02878999418181254,0.5715150339760109
606,8.930535944952675,0.8947421916403753,11.143744369611353,0.03593609240283835,5886.477820859387,0.07206485071615554,0.640976093394845,0.6819521867896899,0.041032554326955614,0.8188394813526386
607,8.423953157325915,0.6133073096255088,11.564592143252664,0.14114803581316615,6153.637323804125,0.2946977698367712,0.4440780711412266,0.28815614228245323,0.04734917449520281,0.9464479696000567
608,7.816116744902541,0.2756204138347449,11.208116194567395,0.052029048641848874,6285.6376431487015,0.4046980359572514,0.32045087797913735,0.04090175595827472,0.014375936249757519,0.28032194443954583
609,8.499409851097077,0.6552276950539325,13.301324838359974,0.5753312095899934,6822.4891147839,0.8520742623199162,0.4680721200863722,0.33614424017274447,0.03459781088639591,0.6888446643716345
610,8.404003913099547,0.6022243961664151,12.784046116471611,0.44601152911790265,6071.3503970138345,0.22612533084486208,0.6442361723939609,0.6884723447879217,0.011465803032260038,0.22153137438909165
611,8.64394366056201,0.7355242558677838,11.203931396705224,0.05098284917630613,6937.248308081199,0.9477069234009993,0.6269390969358334,0.6538781938716668,0.04761697800146479,0.951858141443733
612,9.079636436139529,0.9775757978552946,11.042346912217718,0.010586728054429617,5806.680454202934,0.005567045169111551,0.3657360966909221,0.13147219338184424,0.010478713396407687,0.20159016962439769
613,8.400513619085764,0.6002853439365353,12.715876808405083,0.42896920210127076,6614.288012731368,0.6785733439428068,0.4117133749460168,0.2234267498920336,0.03026268972519344,0.6012664590948169
614,7.942534025986097,0.3458522366589427,11.749341077040185,0.18733526926004607,6139.3908134991425,0.28282567791595226,0.4346384254918089,0.26927685098361787,0.010619572754715815,0.2044358132265821
615,8.954958258480104,0.9083101436000587,11.468496489283684,0.11712412232092106,6085.148084645369,0.23762340387114078,0.6998079142160729,0.799615828432146,0.022434082601954952,0.44311277983747377
616,7.843062365820644,0.2905902032336908,14.884329610153788,0.9710824025384472,6823.919181929914,0.8532659849415949,0.753912655548683,0.9078253110973661,0.0007297718919865664,0.004641856403769018
617,8.10409002342364,0.43560556856868815,12.34325873758787,0.3358146843969677,6568.123069241015,0.6401025577008458,0.4178938212434588,0.23578764248691764,0.04728539685354773,0.9451595323949037
618,8.474553700412393,0.6414187224513292,12.635434363842885,0.4088585909607212,6301.469396476533,0.41789116373044377,0.37220774008893914,0.1444154801778783,0.044581452547325366,0.8905343948954619
619,8.108941005983484,0.4383005588797133,12.88881519339891,0.4722037983497277,6625.457434371079,0.6878811953092324,0.5029401325815186,0.4058802651630372,0.020643104179288985,0.4069313975613936
620,8.181271555303189,0.4784841973906606,11.300838814613112,0.07520970365327806,6173.193320552571,0.31099443379380964,0.49125622770035526,0.38251245540071055,0.036560255371095564,0.72849000749688
621,9.081814174534287,0.9787856525190484,11.08759710732343,0.021899276830857572,6981.058906743164,0.9842157556193032,0.6924929207380557,0.7849858414761113,0.03693744984404021,0.7361100978593981
622,8.237043834919374,0.5094687971774302,12.64048847212749,0.4101221180318727,6969.582378243436,0.9746519818695305,0.5373599398908433,0.4747198797816867,0.02782682007516622,0.5520569712154791
623,7.943837154071227,0.3465761967062376,11.754545251756173,0.18863631293904337,6871.2185107045125,0.8926820922537602,0.5169151122628923,0.4338302245257847,0.03994287903122307,0.7968258390146075
624,8.440492203206794,0.6224956684482198,11.169495486337606,0.042373871584401424,6451.485503529057,0.5429045862742136,0.6834245732732548,0.7668491465465096,0.038379906610133324,0.7652506385885519
625,7.33148899638239,0.0063827757679943975,11.665719647899193,0.16642991197479828,6875.696185965786,0.8964134883048213,0.6237529799450177,0.6475059598900355,0.005196087209683486,0.09487044868047445
626,8.103609416645035,0.4353385648027973,11.248899553779843,0.06222488844496077,6356.996666847926,0.4641638890399381,0.5434009166547666,0.4868018333095334,0.006882588933962697,0.128941190585105
627,7.563445602465755,0.13524755692541945,13.549463748739093,0.6373659371847731,6186.00532914192,0.32167110761826667,0.5971475299259146,0.5942950598518292,0.030308810226985134,0.60219818640374
628,8.147243749531134,0.4595798608506295,11.629628205073303,0.15740705126832566,6888.035302458895,0.9066960853824124,0.6377295305442605,0.675459061088521,0.034791606214472075,0.6927597215044863
629,7.535948986813078,0.11997165934059884,13.341959433400088,0.5854898583500223,5973.16565335591,0.14430471112992493,0.35896732927218755,0.11793465854437513,0.033202021539655326,0.6606468997910167
630,7.699500892117812,0.21083382895434,11.79044880250208,0.1976122006255201,6027.975241354719,0.18997936779559954,0.3457740843022575,0.09154816860451498,0.04661053094480082,0.9315258776727438
631,7.392852976713072,0.040473875951706484,12.935163672655886,0.48379091816397124,6314.712053433937,0.42892671119494774,0.7454008033680811,0.8908016067361623,0.030435697707687705,0.6047615698522768
632,8.129692459965042,0.449829144425024,12.341799519446568,0.335449879861642,6018.357441476805,0.18196453456400485,0.6764723828211283,0.7529447656422567,0.014828262889073783,0.2894598563449249
633,8.572454943669525,0.695808302038625,14.928509831198012,0.9821274577995028,5941.740465905608,0.11811705492133995,0.5699462653893266,0.5398925307786531,0.007056769373903761,0.13245998735159115
634,7.364240271167012,0.024577928426117834,14.0138169099282,0.75345422748205,6970.910313305816,0.9757585944215138,0.7502462180355096,0.9004924360710194,0.02529700729328822,0.5009496422886509
635,7.918265927172904,0.3323699595405023,11.842365634724677,0.21059140868116932,6147.040087484812,0.28920007290400984,0.3613995920828439,0.1227991841656878,0.04872657230152274,0.9742741879095502
636,7.891585666352076,0.31754759241781993,13.987150973505367,0.7467877433763416,6014.677158931443,0.17889763244286894,0.7652174172944209,0.9304348345888419,0.0216579084540658,0.4274324940215313
637,7.693257374694841,0.20736520816380077,14.729215766089975,0.9323039415224939,6376.8758567457435,0.48072988062145283,0.3802241517329501,0.16044830346590022,0.00815933833912501,0.1547341078611113
638,8.455352065036944,0.6307511472427472,12.306715012707599,0.32667875317689965,6313.29199513189,0.4277433292765751,0.7462160069947205,0.8924320139894409,0.025749472489546937,0.5100903533241805
639,9.080396184249604,0.9779978801386696,14.4300836165406,0.8575209041351498,5871.693000844321,0.05974416737026822,0.40280164012984404,0.2056032802596881,0.011717268647394863,0.2266114878261588
640,7.992377402300043,0.3735430012778017,13.139657111973207,0.5349142779933017,6474.653194539039,0.5622109954491988,0.42653855632647525,0.2530771126529505,0.02976603612853296,0.591233053101676
641,8.039365519420224,0.3996475107890134,13.274149624115392,0.5685374060288482,6167.659077650502,0.30638256470875114,0.7788508439197359,0.957701687839472,0.012417290301338037,0.24075333942097044
642,8.1558545640876,0.4643636467153329,11.050695168969124,0.012673792242281268,6779.290776692043,0.8160756472433691,0.39776914539885133,0.19553829079770269,0.026655427036782642,0.5283924653895483
643,9.115233073260157,0.9973517073667539,14.862267791048891,0.9655669477622227,6187.631857605061,0.3230265480042174,0.4343779724890962,0.26875594497819244,0.04407848227722606,0.8803733793379
644,9.076141108349464,0.9756339490830357,12.60475371162931,0.40118842790732756,6937.256896346465,0.9477140802887203,0.3398873305085377,0.07977466101707542,0.02197664171488498,0.4338715497956561
645,8.53371050516795,0.6742836139821947,14.809744660025821,0.952436165006455,5817.99023180856,0.014991859840466581,0.5332810482671808,0.46656209653436176,0.01790619000259143,0.3516402020725541
646,7.949155145604549,0.3495306364469716,12.013633032224941,0.25340825805623557,5963.902345279006,0.136585287732505,0.4373309095688538,0.2746618191377076,0.0051437041611756065,0.09381220527627487
647,8.182807781578836,0.47933765643268667,11.75276235413983,0.18819058853495751,6359.538919048324,0.4662824325402698,0.7104764741121096,0.8209529482242192,0.027185302744116166,0.5390970251336599
648,8.7549882861047,0.7972157145026117,13.981046083510542,0.7452615208776352,6695.729924127459,0.7464416034395491,0.7764015725853037,0.9528031451706074,0.031886643019330856,0.6340735963501183
649,8.767391802246848,0.8041065568038053,13.047327004538193,0.5118317511345484,6235.435519169021,0.3628629326408508,0.6763099520574206,0.7526199041148413,0.02504086582683017,0.49577506720869025
650,9.026528933475495,0.9480716297086084,14.245485442921254,0.8113713607303137,6808.025648975821,0.8400213741465178,0.6177762842981741,0.6355525685963482,0.011594714325008401,0.22413564292946264
651,8.843311090448953,0.846283939138308,13.483091481951183,0.6207728704877958,6310.478745579232,0.42539895464935984,0.5884955784977672,0.5769911569955346,0.0327424465065305,0.6513625556874848
652,8.322355254357447,0.5568640301985822,11.114187536998466,0.02854688424961649,5834.721390209351,0.028934491841125842,0.5303917961739082,0.4607835923478163,0.030397566174567875,0.603991235849856
653,8.220622114588249,0.5003456192156938,14.34508729448854,0.8362718236221347,6554.69879140608,0.6289156595050667,0.6489036476864137,0.6978072953728275,0.017484264956933924,0.3431164637764429
654,8.672819428905699,0.7515663493920556,13.723869206929667,0.6809673017324166,6664.348051388398,0.7202900428236646,0.38007254276044106,0.16014508552088214,0.0453001356214968,0.9050532448787232
655,8.555346556143567,0.686303642301982,12.157688235815982,0.2894220589539954,6811.352904469522,0.8427940870579353,0.4743291012531493,0.34865820250629864,0.03507727009320597,0.698530708953656
656,8.535218141454628,0.6751211896970162,11.157694500171267,0.039423625042817045,6683.158322983999,0.7359652691533327,0.4401714533881999,0.28034290677639984,0.025595690563997638,0.506983647757528
657,8.763258061348031,0.8018100340822395,14.487046447831293,0.8717616119578233,6356.906672975074,0.46408889414589527,0.46592976843734873,0.3318595368746975,0.015071061256208341,0.29436487386279475
658,8.185436502843404,0.4807980571352243,11.315235696320084,0.07880892408002094,6180.972218733775,0.3174768489448121,0.4955385394592832,0.39107707891856647,0.02450233226528045,0.48489560131879694
659,8.311273351307324,0.550707417392958,13.775695959003667,0.6939239897509168,6681.75258313817,0.7347938192818081,0.5978676276902336,0.5957352553804672,0.02618676082321313,0.5189244610750127
660,8.371052656149239,0.5839181423051331,14.770183242084254,0.9425458105210636,6495.5718268633545,0.5796431890527957,0.33470865523216586,0.06941731046433175,0.024806885841275668,0.4910481988136498
661,7.4167641182894535,0.05375784349414092,14.150343864541732,0.7875859661354327,6271.533580188482,0.3929446501570687,0.559143222752486,0.5182864455049719,0.046332825235814334,0.9259156613295825
662,9.031068024553376,0.9505933469740981,14.007550459336484,0.7518876148341209,6105.359555224185,0.25446629602015447,0.317946535097058,0.03589307019411603,0.043763081975572125,0.8740016560721641
663,8.057504500293081,0.40972472238504565,14.308115541600655,0.8270288854001638,6994.061307051112,0.99505108920926,0.6088041838081393,0.6176083676162786,0.02850847379175645,0.5658277533688172
664,7.777479752717558,0.25415541817642107,13.127375381011811,0.5318438452529528,6022.69639311926,0.18558032759938348,0.41709591786193323,0.23419183572386648,0.010695134770818685,0.20596231860239766
665,8.427817063358185,0.6154539240878811,13.770085987284315,0.6925214968210789,6708.789631790895,0.7573246931590791,0.6468903928351953,0.6937807856703907,0.016214650064729087,0.31746767807533505
666,8.80742255155296,0.8263458619738673,13.427889643824917,0.6069724109562292,5975.579214649809,0.14631601220817414,0.3940716758430561,0.18814335168611218,0.017799974534970182,0.34949443504990263
667,7.328393429455547,0.004663016364192418,13.11499167869315,0.5287479196732874,6766.899819492961,0.8057498495774676,0.7800555864691783,0.9601111729383567,0.02196209411826643,0.4335776589548773
668,8.81329531962159,0.8296085109008834,13.524147229569905,0.6310368073924766,6497.14368841235,0.5809530736769579,0.3089796131562776,0.0179592263125552,0.027915210354383813,0.5538426334218952
669,7.786252362113833,0.2590290900632407,11.505670986981908,0.12641774674547712,6283.989358237205,0.40332446519767085,0.6485463410170036,0.6970926820340071,0.02453284215094084,0.4855119626452694
670,7.390833953119671,0.03935219617759489,13.00143754017683,0.5003593850442078,6253.481324302055,0.377901103585046,0.7930346742393761,0.9860693484787522,0.04481661900181304,0.8952852323598592
671,8.492916742314566,0.6516204123969818,13.022566221062283,0.5056415552655706,6896.703329275438,0.9139194410628647,0.38624866424357623,0.1724973284871525,0.028149692368210223,0.5585796438022267
672,7.801442445479587,0.2674680252664371,14.678079659720883,0.9195199149302206,6183.294749443618,0.31941229120301484,0.6984876241254496,0.7969752482508994,0.009602909492149158,0.18389716145755874
673,7.6553155129107475,0.1862863960615262,14.999163590667568,0.9997908976668917,6569.189343021523,0.6409911191846027,0.6867736110127443,0.7735472220254885,0.013558076386015328,0.2637995229498046
674,8.445647607084817,0.6253597817137878,13.471938544505656,0.617984636126414,6925.021119227265,0.9375175993560544,0.5517444442993162,0.5034888885986324,0.024195500952222143,0.47869698893378065
675,9.054574141191793,0.9636523006621077,11.401739211728941,0.1004348029322355,6219.509815350584,0.3495915127921535,0.6178912023477532,0.6357824046955065,0.019568749603247493,0.3852272647120706
676,7.910756231416945,0.32819790634274715,14.990736410629863,0.9976841026574658,6122.5083978502325,0.26875699820852694,0.5695659484832808,0.5391318969665616,0.0034081836976734797,0.05875118581158545
677,7.498411552121329,0.09911752895629378,14.184326463135406,0.7960816157838513,5969.244609683017,0.14103717473584787,0.6155475547344471,0.6310951094688944,0.013927993108663923,0.2712725880538166
678,7.7484019910859265,0.23800110615884806,12.86471238470063,0.46617809617515726,6562.092046078249,0.6350767050652076,0.3701334105661868,0.14026682113237365,0.01487361606102187,0.29037608204084586
679,8.790963020859392,0.8172016782552184,14.22786788482143,0.8069669712053577,5957.046975658849,0.13087247971570792,0.4847061527603103,0.36941230552062065,0.036382788805725624,0.7249048243580933
680,7.896297666212251,0.32016537011791746,11.00568826825023,0.0014220670625576526,6755.160093151571,0.7959667442929762,0.5010102845114346,0.4020205690228692,0.0427180923680634,0.8528907549103716
681,8.895149655234972,0.8750831417972074,14.7036641206418,0.9259160301604499,6646.646438266261,0.7055386985552171,0.661727673218526,0.723455346437052,0.0029043126726253925,0.04857197318435136
682,8.183216866380993,0.4795649257672183,13.046244268512869,0.511561067128217,6084.499894422359,0.2370832453519659,0.5350399847074727,0.47007996941494545,0.049756123377875494,0.9950731995530402
683,7.390051825296001,0.03891768072000046,14.284588387570015,0.8211470968925036,5885.701853275019,0.07141821106251578,0.7681416944585957,0.9362833889171914,0.017868549062295257,0.35087977903626777
684,8.302868553600012,0.5460380853333402,12.157217377544915,0.289304344386229,6390.737990657523,0.4922816588812692,0.5050422969844415,0.41008459396888297,0.018981617465850125,0.37336600941111364
685,8.326819558467434,0.5593441991485751,13.822612117164926,0.7056530292912314,6960.134146794124,0.9667784556617696,0.42123880317492957,0.24247760634985915,0.0014336046026374428,0.018860699043180662
686,8.103497211034512,0.435276228352507,14.860457982717872,0.9651144956794679,6502.076775975932,0.5850639799799435,0.7044159070012872,0.8088318140025745,0.022604296517200705,0.4465514447919334
687,7.573107213212226,0.14061511845123653,13.268260463191066,0.5670651157977662,6971.485197563786,0.976237664636488,0.44019191209619873,0.2803838241923975,0.0141632048519925,0.2760243404442929
688,8.630873085234658,0.728262825130366,13.167883661461202,0.5419709153653004,6060.319922092307,0.21693326841025573,0.6241174525681428,0.6482349051362857,0.04910522378636462,0.9819237128558509
689,9.025060735218993,0.9472559640105527,12.992051328645028,0.498012832161257,6713.672421704688,0.7613936847539065,0.7421078985628402,0.8842157971256803,0.01170499231974987,0.22636348120706806
690,8.862713084047336,0.857062824470742,13.705769686454541,0.6764424216136352,6112.499369062804,0.26041614088567033,0.3367082688921252,0.07341653778425039,0.013420124745786539,0.26101262112700074
691,7.914544887580686,0.33030271532260325,14.594831796589183,0.8987079491472958,6371.136125045113,0.4759467708709275,0.5768236873735685,0.553647374747137,0.03453105873074498,0.6874961359746461
692,8.725354448057704,0.7807524711431693,11.052728989821546,0.013182247455386431,6195.800831846294,0.3298340265385785,0.6933073540463908,0.7866147080927816,0.04887240958728618,0.977220395702751
693,7.8474457915005305,0.29302543972251693,14.703164563347745,0.9257911408369363,6250.385496330369,0.3753212469419742,0.4839852746376221,0.3679705492752442,0.004137645531537039,0.07348778851589977
694,8.335729829383801,0.5642943496576679,11.09651693328113,0.024129233320282384,6904.796088681029,0.9206634072341904,0.7837403861656118,0.9674807723312238,0.013554840986664993,0.2637341613467675
695,7.526300657535555,0.11461147640864133,14.758091953778276,0.9395229884445693,6483.923561283378,0.5699363010694817,0.7151807199799017,0.8303614399598035,0.04005074130561859,0.7990048748609815
696,7.991349425847962,0.37297190324886775,12.624287528963919,0.40607188224097956,6946.080136277497,0.9550667802312478,0.6171520008401579,0.6343040016803158,0.04223231431304615,0.8430770568292152
697,8.71559725151918,0.7753318063995447,13.804833079864672,0.7012082699661681,6460.211361365995,0.5501761344716624,0.7300058614366376,0.8600117228732751,0.029721626271068252,0.5903358842640051
698,8.299404860295228,0.5441138112751269,13.405096429282285,0.6012741073205714,6387.279784441735,0.48939982036811214,0.7316546226611789,0.8633092453223576,0.020346586040002054,0.4009411321212536
699,8.105144999292042,0.4361916662733568,14.119754501274123,0.7799386253185309,6873.145720764806,0.8942881006373385,0.5621810551644376,0.5243621103288753,0.03802919621405058,0.7581655800818298
700,8.410647457962448,0.6059152544235817,14.706260108109639,0.9265650270274095,5810.786239727085,0.008988533105903862,0.43619551757945774,0.2723910351589155,0.023026450181706,0.4550798016506262
701,7.981855055663484,0.36769725314638013,14.02425742516705,0.7560643562917625,6582.61446111218,0.6521787175934834,0.4494283963702919,0.29885679274058385,0.04731977783251468,0.9458540976265593
702,8.70445933645517,0.7691440758084275,12.204708926569896,0.30117723164247423,6162.13638809954,0.3017803234162839,0.6038453360813244,0.6076906721626488,0.04327441998300912,0.8641296966264468
703,8.672517745486715,0.7513987474926201,12.921756630910778,0.4804391577276944,6535.754986863014,0.6131291557191787,0.7634978382572047,0.9269956765144095,0.019699860412755617,0.3878759679344569
704,7.991409958509046,0.37300553250502577,13.398417294851752,0.5996043237129379,6706.476968838979,0.755397474032482,0.40273903630141045,0.20547807260282092,0.014308986066732985,0.27896941548955523
705,8.370546283209102,0.5836368240050568,12.99290291645044,0.4982257291126102,6266.494927961415,0.38874577330117865,0.6848513518704122,0.7697027037408244,0.01653516362001809,0.32394269939430487
706,8.742518696752022,0.7902881648622351,14.290993071508474,0.8227482678771186,5868.376609699803,0.05698050808316946,0.5768728396337737,0.5537456792675474,0.03627459482156741,0.722719087304392
707,8.333911715760218,0.5632842865334545,11.881612255433382,0.22040306385834563,6043.873724791689,0.20322810399307434,0.596167303609945,0.59233460721989,0.009873921615634417,0.18937215385120032
708,8.460441842997492,0.6335788016652737,13.563369526985149,0.6408423817462869,6357.7900676137915,0.4648250563448262,0.5286000095482526,0.4572000190965051,0.04533653993910021,0.905788685638388
709,7.61006547986934,0.16114748881630026,13.235163684588848,0.5587909211472117,6455.701421254087,0.546417851045073,0.45438662651579587,0.30877325303159175,0.03718956877665561,0.7412034096294061
710,8.843501790428157,0.8463898835711982,12.19823107502574,0.29955776875643503,5852.661996447987,0.04388499703998938,0.5275626790431176,0.45512535808623533,0.03736536450126777,0.7447548384094499
711,8.222691276102417,0.501495153390232,13.925305210017374,0.7313263025043433,6527.9689724918035,0.6066408104098364,0.5254666888420017,0.45093337768400343,0.0014043475040859373,0.018269646547190654
712,7.438384333412544,0.06576907411807997,12.086538918477574,0.2716347296193936,5972.874231679674,0.14406185973306218,0.788285195822879,0.9765703916457581,0.03286542041698784,0.6538468771108654
713,7.4775979835941255,0.08755443533006979,12.109218419252386,0.2773046048130964,6814.418078202595,0.8453483985021628,0.7543019255220162,0.9086038510440326,0.0462691857593387,0.9246300153401757
714,7.321244083143968,0.0006911573022044815,11.769040935434179,0.19226023385854463,6528.089903674469,0.6067415863953904,0.6456231513309278,0.6912463026618556,0.038893556746747916,0.7756274090252104
715,8.35868322274713,0.5770462348595166,11.739548686643452,0.184887171660863,6415.060832205536,0.5125506935046134,0.7051138371290465,0.8102276742580931,0.010345345820497565,0.19889587516156693
716,7.70113451665282,0.21174139814045556,14.391964936290584,0.847991234072646,6725.199005369101,0.7709991711409171,0.538356995309437,0.4767139906188741,0.007831269002455182,0.1481064444940441
717,8.840639125624946,0.8447995142360815,13.104510676577144,0.5261276691442861,6130.148123432815,0.275123436194012,0.38156733700581014,0.1631346740116203,0.03951204111676339,0.7881220427628967
718,9.054637127078758,0.9636872928215323,14.00561878970183,0.7514046974254575,6780.936982480713,0.8174474854005941,0.7408079980982649,0.88161599619653,0.020503968450787884,0.4041205747633916
719,7.721168572047342,0.22287142891519018,12.45291698989854,0.36322924747463525,5815.447237585361,0.012872697987801107,0.7752928375266674,0.9505856750533349,0.0033101309819798374,0.056770322868279544
720,8.69746934245376,0.7652607458076441,13.998875464588613,0.7497188661471532,6728.091906911168,0.7734099224259734,0.7392000362100037,0.8784000724200074,0.012261310606140892,0.23760223446749273
721,8.958370411910751,0.9102057843948621,12.888171925842734,0.4720429814606837,6219.037491731344,0.34919790977612,0.5287141264974162,0.45742825299483236,0.04721072481407703,0.9436510063449904
722,7.680058615937322,0.2000325644096237,14.475968843008648,0.8689922107521617,6240.024094015684,0.3666867450130695,0.38539582076357304,0.1707916415271461,0.006429643007297986,0.11979076782420173
723,8.160436516916185,0.4669091760645474,13.645985159576135,0.6614962898940338,6751.537789091466,0.7929481575762214,0.6553705108714809,0.7107410217429618,0.029864095278678844,0.593214046033916
724,8.986126482126215,0.9256258234034531,11.782709935410246,0.19567748385256145,6804.87864736823,0.8373988728068587,0.7284947259200665,0.8569894518401329,0.02651850694559538,0.5256264029413208
725,7.792170328084804,0.26231684893600227,14.181362091140475,0.7953405227851187,5819.9963949679395,0.01666366247328277,0.3242543580645509,0.04850871612910179,0.004567770329316882,0.08217717837003802
726,7.3758910866716665,0.03105060370648116,12.468292761082317,0.3670731902705795,6191.899875565985,0.3265832296383211,0.7207105157950388,0.8414210315900775,0.03584734429235264,0.7140877634818714
727,9.024164139888898,0.9467578554938321,14.836474353710784,0.9591185884276963,5929.61893629725,0.10801578024770853,0.49114688276583507,0.38229376553167016,0.04418872089692046,0.8826004221600093
728,7.473049348644806,0.08502741591378093,13.7415197410083,0.6853799352520751,6821.175645547212,0.8509797046226769,0.5675737983491462,0.5351475966982924,0.04109477706030502,0.8200965062687882
729,8.562407093522616,0.6902261630681198,13.799897850626397,0.6999744626565993,6588.912725158556,0.6574272709654634,0.5580876538209205,0.5161753076418412,0.018463480590365892,0.36289859778516953
730,8.605586395004957,0.7142146638916436,14.946280097340424,0.9865700243351057,6174.155750567484,0.31179645880623663,0.49453211115947876,0.38906422231895754,0.01062244066377549,0.2044937507833432
731,7.62280337798047,0.1682240988780388,13.731977961494069,0.6829944903735172,6870.245375950599,0.8918711466254993,0.43497297684034003,0.2699459536806801,0.018586003766892827,0.36537381347258235
732,8.229285779393766,0.5051587663298703,14.232678284898732,0.8081695712246828,6422.900846800498,0.5190840390004147,0.7308405214533114,0.8616810429066226,0.04309294592324289,0.8604635540049068
733,8.373557182800472,0.5853095460002616,14.661746531665766,0.9154366329164417,6212.401206858845,0.34366767238237095,0.796448630969567,0.992897261939134,0.03231812939524484,0.642790492833229
734,7.410593850799867,0.050329917111037514,14.776333195200275,0.9440832988000686,6039.15799346997,0.19929832789164215,0.6688785926446601,0.7377571852893202,0.0379292272925187,0.7561460059094687
735,9.05093588869769,0.9616310492764956,12.796127466104066,0.44903186652601645,6396.857066304785,0.497380888587321,0.3848746681127924,0.16974933622558486,0.04677655941111364,0.9348799881033057
736,8.43048107554668,0.6169339308592673,13.797297665720366,0.6993244164300917,6437.283924864715,0.5310699373872628,0.7222944847489651,0.8445889694979302,0.03368245376735987,0.6703526013608054
737,8.578641229159222,0.6992451273106796,14.110898403780608,0.777724600945152,6757.302673502461,0.7977522279187177,0.36859750575535055,0.13719501151070113,0.043425492593821904,0.8671816685620586
738,9.03030265128517,0.9501681396028725,11.423332730058355,0.10583318251458884,6502.2631511679465,0.5852192926399555,0.41817299872346114,0.2363459974469223,0.039210335128601316,0.782026972294976
739,8.78520952078275,0.8140052893237502,14.701902449050104,0.9254756122625261,6005.972233978883,0.17164352831573626,0.6827067863035441,0.7654135726070883,0.020010606973417912,0.3941536762306649
740,7.905873506737922,0.32548528152106826,12.646004253787954,0.41150106344698856,6628.414309677948,0.6903452580649568,0.7039409636401079,0.8078819272802159,0.04950185853685271,0.9899365360980346
741,8.293312520128241,0.5407291778490231,13.660130937050265,0.6650327342625665,6307.968165025554,0.4233068041879622,0.6582484972185925,0.716496994437185,0.016344151608491977,0.3200838708786258
742,8.678641260600683,0.7548007003337129,11.356074009482588,0.08901850237064712,5903.782877663447,0.08648573138620552,0.6906645729055785,0.781329145811157,0.020216237304004327,0.3983078243233197
743,7.741866439418162,0.2343702441212011,12.711266805354482,0.4278167013386205,6683.905667175099,0.7365880559792487,0.34500299119900524,0.0900059823980105,0.0038930946755789506,0.06854736718341314
744,8.152579210612643,0.46254400589591327,13.536382573239411,0.6340956433098527,6734.699059554958,0.7789158829624648,0.31433388813691987,0.028667776273839762,0.030303590537981897,0.6020927381410484
745,7.673052358530031,0.19614019918335046,12.038044028039002,0.25951100700975027,6445.292656415822,0.5377438803465183,0.37029799657752566,0.14059599315505134,0.03591188558172719,0.7153916279136806
746,7.336851040814022,0.009361689341123136,14.444753449440464,0.861188362360116,6100.046237996074,0.2500385316633943,0.4535544557731858,0.30710891154637165,0.044373747456676285,0.8863383324581067
747,8.637342588045495,0.7318569933586088,11.018589342631316,0.004647335657829044,6989.988709088795,0.9916572575739955,0.45376605210605747,0.30753210421211497,0.04748717591566755,0.9492358770841929
748,8.13292989915319,0.45162772175177257,13.259553131783381,0.5648882829458451,6258.724692654143,0.3822705772117858,0.4857313748495854,0.3714627496991708,0.04580690153459014,0.91529094009273
749,8.77999203205372,0.8111066844742895,13.752592545320615,0.6881481363301539,6621.848763717112,0.6848739697642602,0.5359722408624423,0.47194448172488457,0.020487831095112125,0.4037945675780227
750,8.024983833847287,0.39165768547071556,14.45526639429383,0.8638165985734574,6576.98477162565,0.6474873096880416,0.4936890161931803,0.3873780323863606,0.03563031940542142,0.7097034223317458
751,8.92199677980798,0.8899982110044339,13.869036970517435,0.7172592426293585,5979.189399205818,0.14932449933818104,0.4845527127315935,0.36910542546318703,0.021601925078537018,0.42630151673812156
752,7.975770702772077,0.36431705709559836,13.603280245080077,0.6508200612700193,6075.408265625959,0.22950688802163233,0.505261450463246,0.410522900926492,0.01751949834808342,0.3438282494562307
753,9.048758919039654,0.9604216216886975,13.254601549087269,0.563650387271817,5825.326750968446,0.02110562580703801,0.38198433753129984,0.1639686750625997,0.020935052425565384,0.4128293419306138
754,7.749036792863781,0.23835377381321188,14.02593391472728,0.7564834786818203,6121.866902440385,0.26822241870032104,0.6646754500160537,0.7293509000321073,0.005787797416941541,0.10682419024124323
755,8.25015433471815,0.5167524081767508,12.688726516390748,0.4221816290976872,6818.199743151094,0.8484997859592447,0.48772591803592796,0.37545183607185595,0.0013181460329501071,0.01652820268586075
756,8.845278618219382,0.8473770101218792,13.834609402164661,0.7086523505411654,6316.187065024398,0.43015588752033185,0.48296127378323667,0.36592254756647336,0.03508119471122013,0.6986099941660632
757,7.837264879090101,0.2873693772722786,14.81920009580298,0.954800023950745,6530.344655582495,0.6086205463187454,0.4160878010058583,0.2321756020117166,0.03961447505336229,0.7901914152194401
758,7.501180417788508,0.10065578766028249,11.874019244767467,0.2185048111918667,6482.569381007972,0.568807817506643,0.5863287777275343,0.5726575554550687,0.003573498161435629,0.062090871948194515
759,7.4933480650468525,0.0963044805815847,11.374924585047648,0.09373114626191181,6814.1747718717825,0.8451456432264856,0.42314031217524306,0.24628062435048614,0.02664761091442652,0.5282345639278084
760,8.362046966848185,0.578914981582325,11.508121229415638,0.12703030735390952,6244.579804950733,0.37048317079227744,0.5285723922264609,0.45714478445292195,0.030396501299714385,0.6039697232265532
761,8.156207455129861,0.4645596972943671,13.105182785810932,0.526295696452733,6103.103251017358,0.25258604251446526,0.6241147493275137,0.6482294986550272,0.037440512341764105,0.746272976601295
762,8.248311200034781,0.5157284444637674,14.2351650124228,0.8087912531057001,6340.401337412741,0.45033444784395027,0.5192771659052098,0.4385543318104197,0.010002546868457163,0.1919706438072154
763,7.342007271006561,0.012226261670311489,13.540011352672204,0.6350028381680511,6805.18405030057,0.8376533752504749,0.3092806150303352,0.018561230060670453,0.00371502453486297,0.06494999060329232
764,7.551706069331457,0.12872559407303152,11.04303987526717,0.010759968816792309,6221.093977938549,0.35091164828212396,0.716800422472824,0.8336008449456481,0.00693931522971703,0.13008717635791978
765,8.456309966171812,0.6312833145398954,12.389103028084078,0.3472757570210193,6064.804012246837,0.22067001020569743,0.42299845824236654,0.2459969164847331,0.03583309890269414,0.7137999778322048
766,8.912290779125804,0.8846059884032252,14.57943823002352,0.8948595575058798,6174.328720705804,0.31194060058816997,0.42138312359601676,0.24276624719203355,0.00896752210403801,0.17106105260682847
767,8.083961828340293,0.4244232379668298,13.0105691675743,0.5026422918935747,6255.830288792754,0.3798585739939617,0.6790590839062585,0.7581181678125168,0.03376488508834951,0.6720178805727173
768,8.304019629655373,0.5466775720307627,14.770812340481676,0.9427030851204192,5913.852064881769,0.09487672073480813,0.6505731358175219,0.7011462716350437,0.02316939578864251,0.45796759168974766
769,8.335399218547153,0.5641106769706403,13.613108006377729,0.6532770015944322,6419.276678698907,0.5160638989157557,0.3891038585921092,0.17820771718421846,0.020537903143851243,0.40480612411820693
770,8.90345333455898,0.8796962969772113,13.79655840329832,0.6991396008245799,6391.1368335831385,0.4926140279859488,0.5293452213049261,0.45869044260985226,0.03246218820704125,0.6457007718594191
771,7.360802067403081,0.022667815223933574,12.921524284878881,0.4803810712197203,6213.16653573238,0.3443054464436497,0.4378546916377333,0.27570938327546657,0.0066901101369678685,0.12505273003975492
772,8.603769468408041,0.7132052602266894,12.858289387622658,0.4645723469056646,5893.023779535662,0.07751981627971771,0.7790365853789087,0.9580731707578175,0.014663515872366193,0.2861316337851756
773,9.112750237850028,0.995972354361127,14.381895409845622,0.8454738524614055,6141.729171816963,0.2847743098474689,0.7001420978465719,0.8002841956931438,0.021445081133089,0.42313295218361613
774,8.4531102044125,0.6295056691180562,11.857364400170784,0.21434110004269613,6997.587166124107,0.9979893051034222,0.3455074660714006,0.09101493214280121,0.0017028687156398264,0.024300378093733865
775,8.042584949406823,0.4014360830037905,12.138064173056119,0.2845160432640298,6696.268637568792,0.7468905313073269,0.6110757415363135,0.6221514830726271,0.04590409299540083,0.9172544039474915
776,8.658434969124333,0.7435749828468521,13.259670792732695,0.564917698183174,6515.703634440973,0.5964196953674772,0.4579818296187577,0.31596365923751546,0.008723229217600766,0.16612584277981346
777,7.667940868038731,0.19330048224373975,11.0454140340445,0.011353508511124821,5884.7684313573,0.07064035946441627,0.6446964133249797,0.6893928266499595,0.041637978465609765,0.8310702720325205
778,8.693524990786324,0.7630694393257356,14.676788661570837,0.9191971653927095,6287.618005523235,0.4063483379360292,0.3417755811961737,0.08355116239234739,0.017577891813453716,0.34500791542330733
779,8.966167629397225,0.9145375718873472,13.905099369004327,0.7262748422510817,6207.909700208351,0.33992475017362556,0.5509238729117671,0.5018477458235344,0.005639148078352207,0.10382117330004459
780,8.801326173047544,0.8229589850264137,13.290356105500939,0.5725890263752347,6051.759277871058,0.20979939822588123,0.3757802484791855,0.15156049695837104,0.004706249616142655,0.08497473972005365
781,7.951272173245586,0.35070676291421465,12.18919568550638,0.29729892137659497,6800.154736292065,0.8334622802433874,0.48257031827405034,0.3651406365481007,0.016203251296431468,0.31723739992790845
782,8.314188941759891,0.5523271898666067,13.167636147488697,0.541909036872174,6188.710199208249,0.32392516600687404,0.453460936185912,0.306921872371824,0.040229737321098046,0.8026209559817786
783,8.26976225865458,0.5276456992525443,13.26861289647181,0.5671532241179525,6233.910946051674,0.36159245504306115,0.47572017049661597,0.35144034099323196,0.025240046082917716,0.49979891076601446
784,7.855120387418989,0.2972891041216602,12.180717028315629,0.295179257078907,6410.097074480595,0.5084142287338298,0.5786770433850644,0.5573540867701289,0.01771304432992294,0.3477382692913725
785,7.41511564150802,0.052842023060010845,11.214741882342311,0.05368547058557782,6059.8186993994805,0.2165155828329004,0.5901427046110232,0.5802854092220465,0.03304438306263516,0.6574622840936395
786,8.66770217324241,0.7487234295791171,13.073482300012047,0.518370575003012,6722.4589131620205,0.7687157609683504,0.503240811973269,0.406481623946538,0.028490490276129432,0.5654644500228168
787,7.932852768603851,0.34047376033547294,11.311648321349107,0.07791208033727703,5941.802344228192,0.11816862019015961,0.35427047855903,0.10854095711806,0.03633909266296964,0.7240220739993867
788,7.489305943943254,0.09405885774625222,14.429965410264936,0.8574913525662341,6822.80500576138,0.8523375048011501,0.5579982611336084,0.5159965222672168,0.012823144087777339,0.2489524058136836
789,7.352222802286995,0.0179015568261085,13.654617932111698,0.6636544830279246,6360.100930219811,0.466750775183176,0.40169389434664876,0.20338778869329754,0.00963697562380022,0.1845853661373782
790,8.539453185846861,0.6774739921371452,11.66395072786201,0.16598768196550273,6128.502404542437,0.273752003785364,0.3730005421780275,0.14600108435605508,0.04086350614541189,0.8154243665739775
791,7.618483297328167,0.16582405407120382,14.617134892243195,0.9042837230607987,6283.469239901606,0.4028910332513379,0.5895638727680674,0.579127745536135,0.015261974847408046,0.2982217140890514
792,8.837368267090223,0.8429823706056803,13.67815457203068,0.6695386430076699,6311.150524781123,0.4259587706509359,0.7248115835354414,0.8496231670708829,0.0011252580992161328,0.012631476751841064
793,8.463528845796343,0.6352938032201914,14.954374587936812,0.9885936469842028,6818.520670423488,0.8487672253529069,0.6682689037951383,0.7365378075902765,0.017081902841953423,0.33498793620107925
794,8.554417809993636,0.6857876722186871,14.759225550574861,0.939806387643715,5888.695439225307,0.07391286602108982,0.5857208955438712,0.5714417910877424,0.03324253904970611,0.6614654353475982
795,8.513930569606098,0.6632947608922765,11.995926240046305,0.24898156001157623,6911.542861595821,0.9262857179965172,0.43090719525155763,0.2618143905031153,0.03636634536248363,0.7245726335855278
796,7.650491853181616,0.18360658510089767,12.306477744203063,0.3266194360507656,6210.148734114588,0.3417906117621563,0.48892904014316846,0.37785808028633694,0.01662329132294606,0.32572305702921334
797,8.392005563656502,0.5955586464758348,13.897038312000692,0.7242595780001728,6116.626722996958,0.2638556024974654,0.5332539528351145,0.46650790567022893,0.02547230052365019,0.5044909196697007
798,7.715602520054032,0.21977917780779566,11.120527982431756,0.03013199560793911,6393.093921113289,0.4942449342610745,0.6433236570791065,0.6866473141582132,0.02001075484209222,0.3941566634766105
799,8.885413206814258,0.8696740037856993,13.381099939696558,0.5952749849241393,6671.610868653855,0.7263423905448787,0.3938890975612837,0.18777819512256744,0.02834812547333622,0.5625883934007316
800,7.82972150980205,0.2831786165566943,12.509134168653883,0.37728354216347104,6764.012045998626,0.803343371665521,0.7216770681274165,0.843354136254833,0.021314761240187042,0.42050022707448564
801,8.950368209732193,0.9057601165178858,11.472825251781712,0.11820631294542816,5994.010508437379,0.1616754236978155,0.3260592440330706,0.05211848806614128,0.030010729547740145,0.5961763544998009
802,7.377891378758451,0.03216187708802831,13.049505918405732,0.5123764796014327,6933.215168030514,0.9443459733587619,0.4841267489920568,0.36825349798411366,0.042336640185114814,0.8451846502043396
803,8.175872555555685,0.4754847530864922,13.228078718660479,0.5570196796651196,6040.766249238222,0.20063854103185186,0.4481847885038943,0.29636957700778865,0.03909933387548155,0.7797845227370009
804,7.750574609296523,0.23920811627584593,12.951403082646843,0.4878507706617109,6160.921514555708,0.30076792879642333,0.36386469927476844,0.1277293985495369,0.04205676118244536,0.8395305289382902
805,8.406556738658589,0.6036426325881052,11.86147442700653,0.21536860675163294,6075.421867520918,0.22951822293409818,0.5277779753675317,0.4555559507350634,0.02733967372897559,0.5422156308883957
806,8.149286589507042,0.46071477194835686,11.969434418544209,0.2423586046360522,6007.882177169633,0.17323514764136083,0.6173902707534911,0.6347805415069822,0.04720458202801636,0.9435269096568961
807,8.2200973091565,0.5000540606425005,14.02424477079956,0.7560611926998901,6904.072878369339,0.9200607319744497,0.6067457868491224,0.6134915736982449,0.012429903213821602,0.24100814573376972
808,7.600422387347405,0.1557902151930024,11.702126601407574,0.17553165035189333,6806.104532184873,0.8384204434873945,0.5365664873579983,0.4731329747159966,0.029716430713470632,0.5902309235044572
809,7.552559746203096,0.12919985900171993,13.699351063728654,0.6748377659321637,6808.782941556676,0.84065245129723,0.36279701289290284,0.1255940257858057,0.010767592470692696,0.20742611051904436
810,8.72006752006877,0.7778152889270952,12.920449544756206,0.4801123861890516,6351.246459800119,0.45937204983343216,0.31200353509552664,0.024007070191053304,0.04070442653019452,0.8122106369736266
811,8.296036637263327,0.542242576257404,11.361318576707745,0.09032964417693612,6863.734019121078,0.8864450159342315,0.5528020515427858,0.5056041030855718,0.017304731856984838,0.3394895324643401
812,7.830626020960347,0.2836811227557485,13.620947709677733,0.6552369274194333,6113.9567210609985,0.2616306008841651,0.30482568218248945,0.009651364364978932,0.019630545011543772,0.3864756567988641
813,8.31019634293957,0.5501090794108726,11.318954774210438,0.07973869355260943,6440.642033929441,0.5338683616078673,0.3794800764428777,0.15896015288575538,0.02264355776911986,0.4473446013963608
814,7.748941023601959,0.23830056866775484,12.762474071221575,0.44061851780539374,6719.280766600271,0.7660673055002256,0.5294411444070775,0.45888228881415494,0.004981353146886969,0.09053238680579734
815,7.86657431479248,0.30365239710693326,13.041696094850357,0.5104240237125891,5967.519040270102,0.13959920022508476,0.5764356484620319,0.5528712969240637,0.00625929465513245,0.11634938697237274
816,7.725219725243231,0.2251220695795726,12.853843861876499,0.4634609654691245,6608.621267099104,0.6738510559159203,0.48524395934600106,0.37048791869200215,0.020124101861601122,0.3964465022545681
817,8.415298750635822,0.6084993059087905,12.004416664150359,0.25110416603758945,6710.149109770771,0.7584575914756426,0.7842159987329017,0.9684319974658034,0.02292981127536377,0.45312750051239936
818,8.992957651233503,0.9294209173519463,14.720596592643183,0.930149148160796,6103.737838732996,0.2531148656108303,0.6688915404869059,0.7377830809738118,0.03120661065866537,0.6203355688619266
819,8.977091345860492,0.9206063032558292,12.77086362113286,0.4427159052832147,6827.681414526642,0.8564011787722013,0.7289970168956501,0.8579940337913001,0.02038671619392715,0.4017518423015586
820,8.304358022426484,0.5468655680147142,14.319964150999196,0.8299910377497991,6454.979463297674,0.5458162194147285,0.3898097422612242,0.17961948452244847,0.03639761887321066,0.7252044216810235
821,7.540272587854602,0.12237365991922322,14.37938364887389,0.8448459122184726,6251.967772302885,0.37663981025240456,0.7234042841312103,0.8468085682624205,0.006712667963900838,0.12550844371516845
822,8.24909449783915,0.516163609910639,13.618449530429597,0.6546123826073994,6122.1647775253905,0.26847064793782527,0.45112148917654354,0.3022429783530871,0.047862696477219455,0.9568221510549384
823,8.833774413354753,0.840985785197085,11.000154103255628,3.8525813907175355e-05,5894.985907639024,0.07915492303252014,0.4896738883428722,0.3793477766857444,0.0390438521099238,0.7786636789883596
824,7.628760134663103,0.17153340814616813,13.63848435922629,0.6596210898065722,6640.952955642444,0.7007941297020365,0.5586722916338258,0.5173445832676516,0.02033483093196981,0.40070365519130924
825,7.640113037700817,0.1778405765004537,11.549444786656593,0.13736119666414837,6898.099806804525,0.9150831723371037,0.786173107030629,0.9723462140612581,0.031456076877795364,0.6253752904605124
826,8.625507681339162,0.7252820451884232,11.495856244785333,0.1239640611963333,6999.712136259932,0.9997601135499428,0.49753264929251034,0.3950652985850207,0.028280638327758685,0.5612250167223977
827,8.14471249582325,0.4581736087906939,12.581589548458854,0.3953973871147136,6800.121369829981,0.8334344748583176,0.758876799963123,0.9177535999262458,0.02392639770287617,0.473260559654064
828,8.423579909824436,0.6130999499024651,12.37249901071383,0.3431247526784573,6539.969357422031,0.616641131185026,0.7787073338166955,0.9574146676333911,0.0033714562366423395,0.058009216901865446
829,7.528920998205226,0.11606722122512547,13.273369790029312,0.5683424475073279,6531.683413937664,0.6097361782813868,0.6702844156181936,0.7405688312363873,0.046481097455943976,0.9289110597160398
830,7.951852200852925,0.3510290004738472,12.814371148935964,0.45359278723399077,6299.488800276334,0.41624066689694494,0.40724677409135357,0.21449354818270716,0.0362432193225331,0.7220852388390524
831,7.977269021850298,0.36514945658349895,11.16838074407768,0.04209518601941997,6926.2831391128375,0.9385692825940314,0.6251051881423662,0.6502103762847323,0.036494319014627435,0.7271579598914633
832,8.499505443832962,0.6552808021294241,11.51188231640655,0.12797057910163778,6665.047341381088,0.7208727844842397,0.5292963989851287,0.4585927979702574,0.028859579702964766,0.5729208020800962
833,8.09849637145836,0.432497984143533,11.476586188574911,0.11914654714372785,6480.614600832013,0.5671788340266771,0.6494045560979386,0.6988091121958772,0.046247944857143924,0.9242009062049277
834,8.356782128698223,0.5759900714990132,11.950831795087073,0.23770794877176837,6524.720583854037,0.6039338198783637,0.38159431830372187,0.16318863660744376,0.031280130949446254,0.6218208272615405
835,7.375141266052884,0.030634036696046585,11.198478817876833,0.04961970446920794,6969.283354819051,0.9744027956825425,0.6036435736336584,0.6072871472673168,0.01460564217398113,0.28496246816123494
836,7.912750476744539,0.32930582041363265,14.966580346062607,0.9916450865156518,6187.523901647879,0.3229365847065655,0.5509114384994964,0.5018228769989928,0.04679793026738894,0.9353117225735138
837,8.27091934283555,0.5282885237975278,13.235282760926081,0.5588206902315203,6095.513522416333,0.24626126868027765,0.586810419212701,0.5736208384254021,0.004381133538679512,0.07840673815514165
838,8.229382330535884,0.5052124058532688,12.48433567954773,0.37108391988693235,6701.032757718979,0.7508606314324828,0.5615808617126044,0.5231617234252086,0.04549925800639606,0.9090759193211324
839,8.303700853253197,0.5465004740295537,12.43183629005448,0.35795907251362,6148.780715597449,0.29065059633120716,0.7890937210804012,0.9781874421608026,0.01817655789340621,0.35710217966477187
840,8.79424098124399,0.8190227673577722,11.404159532186577,0.10103988304664446,6331.1282768851715,0.4426068974043099,0.5681627161515942,0.5363254323031884,0.042183405040887266,0.8420889907249952
841,8.149818972754185,0.4610105404189918,14.398925523086216,0.849731380771554,6309.030488290039,0.42419207357503286,0.7387063875385684,0.8774127750771369,0.037481020528281936,0.7470913238036754
842,7.662608927503452,0.1903382930574734,11.401158031736404,0.10028950793410107,6050.968226811162,0.2091401890093013,0.37950951769624497,0.15901903539248996,0.0035847673952739967,0.06231853323785852
843,8.446900098152177,0.6260556100845431,14.88157166947305,0.9703929173682626,6312.447095752756,0.42703924646062996,0.34520364203053294,0.0904072840610659,0.03481284058502271,0.6931886986873274
844,8.413672198703585,0.607595665946436,11.569831202252963,0.14245780056324098,5903.547277165583,0.08628939763798571,0.5180883677551824,0.43617673551036495,0.03310535792629825,0.6586940995211766
845,7.581843081908408,0.14546837883800423,11.587526803135438,0.14688170078385931,6232.623294589816,0.3605194121581806,0.4555132833889814,0.3110265667779628,0.04749617012084326,0.9494175781988538
846,7.9904748369429015,0.3724860205238343,11.20455836827084,0.051139592067710016,6841.511770365223,0.8679264753043523,0.5494813593889187,0.4989627187778376,0.004969769191452731,0.09029836750409559
847,7.491364607758801,0.0952025598660009,14.366370608959757,0.8415926522399394,6902.693600409255,0.9189113336743792,0.7752432590265488,0.9504865180530977,0.042705080456704674,0.8526278880142358
848,8.051049717624355,0.4061387320135311,13.381352988621106,0.5953382471552768,6169.639165282079,0.30803263773506606,0.5087714287071703,0.4175428574143406,0.010849790275286306,0.20908667222800614
849,7.321292464223721,0.0007180356798451859,11.18249061327759,0.04562265331939752,6056.18715683836,0.2134892973653001,0.6233925114526335,0.6467850229052672,0.03274350242059391,0.6513838872847254
850,8.456919722899183,0.6316220682773239,12.87688185527876,0.4692204638196903,6405.8500762508065,0.5048750635423386,0.3378913937443407,0.07578278748868139,0.029624545570405763,0.5883746579879952
851,7.767765060888464,0.2487583671602578,12.23685232303258,0.3092130807581447,5847.449716465986,0.03954143038832192,0.42497144572811113,0.24994289145622228,0.04424584512344541,0.8837544469382911
852,8.827654832356538,0.8375860179758551,14.12037105979664,0.7800927649491598,6254.549468304735,0.3787912235872789,0.785730177653919,0.9714603553078378,0.02600628240333125,0.5152784323905303
853,8.43717833557947,0.6206546308774828,13.637701079629446,0.6594252699073616,6536.48363096953,0.6137363591412753,0.3872941445024109,0.17458828900482182,0.020734865773744504,0.4087851671463536
854,8.79366509317273,0.8187028295404061,12.337275928270666,0.3343189820676665,6201.308342132367,0.3344236184436392,0.4537297778593894,0.3074595557187788,0.007906518902871397,0.14962664450245244
855,7.86192914437164,0.3010717468731333,13.61756507080131,0.6543912677003276,6063.451529634653,0.21954294136221042,0.6324507629466811,0.6649015258933624,0.036034634696432755,0.7178714080087425
856,9.068372367466878,0.971317981926044,11.323511459056238,0.08087786476405945,6786.306576822669,0.821922147352224,0.6214124628253148,0.6428249256506298,0.04912498585159944,0.9823229464969584
857,8.584278628480895,0.70237701582272,13.840416072474387,0.7101040181185969,6478.596542673711,0.5654971188947595,0.7071576832600839,0.8143153665201677,0.0012735556852436353,0.015627387580679497
858,7.897891541471078,0.32105085637282116,13.71809684647517,0.6795242116187926,6663.288227910636,0.7194068565921964,0.5546607579686809,0.5093215159373616,0.016964361067734284,0.3326133549037229
859,8.465884957264397,0.6366027540357756,12.42642318241126,0.356605795602815,5983.263788713787,0.15271982392815564,0.451909952270388,0.303819904540776,0.029802906553193877,0.5919779101655328
860,7.647684036309929,0.18204668683884928,13.06556079012911,0.5163901975322777,6599.333242526776,0.66611103543898,0.51701813525338,0.4340362705067602,0.049118942118682354,0.9822008508824718
861,8.89828073654749,0.8768226314152726,14.432572479947712,0.8581431199869283,6888.492356877687,0.9070769640647393,0.6404499028029529,0.6808998056059058,0.010746610439439837,0.20700223109979465
862,7.441475214625121,0.0674862303472894,12.460604117361722,0.3651510293404304,5912.249882309994,0.09354156859166185,0.7181077866683401,0.8362155733366803,0.025376239950375416,0.5025503020277862
863,7.860168250880909,0.3000934727116158,14.104802753746542,0.7762006884366355,6109.719304442946,0.2580994203691219,0.38292237967772924,0.1658447593554585,0.04234994633507851,0.8454534613147173
864,8.939617222300956,0.8997873457227542,12.261427020344783,0.3153567550861959,5898.464814265165,0.08205401188763717,0.7660793705615727,0.9321587411231455,0.03563181768631608,0.7097336906326479
865,8.04077963414723,0.4004331300817946,12.255307204668117,0.3138268011670291,5921.556170621077,0.10129680885089776,0.4005816457447118,0.20116329148942358,0.013499456558469321,0.2626152840094812
866,8.404044172934006,0.6022467627411144,14.142409430971941,0.7856023577429854,6200.794322811112,0.33399526900925947,0.6231404165751819,0.6462808331503639,0.038085676100135475,0.7593065878815247
867,7.3763572437180684,0.03130957984337113,13.680934204134882,0.6702335510337205,6520.375961716958,0.600313301430798,0.5193308311034086,0.43866166220681724,0.009484767204309645,0.181510448571912
868,8.133835705417173,0.45213094745398485,11.498721452162114,0.12468036304052832,6250.058856837287,0.37504904736440603,0.3090241437678378,0.018048287535675667,0.013374816164989277,0.2600972962624096
869,7.7634048890983225,0.24633604949906807,14.313778946861964,0.828444736715491,6353.655596853227,0.4613796640443555,0.5189923355488257,0.4379846710976515,0.012437110370348703,0.24115374485552932
870,8.806183672647569,0.8256575959153165,11.13011837365353,0.03252959341338291,6352.549538537135,0.4604579487809458,0.5370024178324235,0.4740048356648472,0.032135640550752964,0.6391038495101609
871,7.341724990125019,0.01206943895834367,11.910675354972135,0.22766883874303356,6359.17149654745,0.4659762471228749,0.7583401885373409,0.9166803770746819,0.008018435438913478,0.15188758462451468
872,8.517235912510372,0.665131062505763,11.931656053991551,0.23291401349788765,6452.320549954201,0.5436004582951671,0.5792020651597856,0.5584041303195711,0.013809663057157093,0.2688820819627695
873,7.909437890104413,0.32746549450245144,11.957612712704936,0.23940317817623413,6287.638309859898,0.40636525821658176,0.3758624028718454,0.15172480574369085,0.035925162294628166,0.7156598443359224
874,8.361003805693281,0.5783354476073783,12.376997265717492,0.34424931642937306,6552.67250455716,0.6272270871309668,0.6700759984526787,0.7401519969053574,0.024807996502461283,0.49107063641335924
875,7.93245302009485,0.3402516778304724,11.764153025680494,0.1910382564201235,6488.337183585244,0.57361431965437,0.46773233304280243,0.3354646660856049,0.045004246171801786,0.8990756802384199
876,9.002308673220044,0.934615929566692,13.611674791866774,0.6529186979666933,5825.130071000362,0.02094172583363485,0.4700832347317713,0.3401664694635427,0.032470625429300896,0.6458712207939574
877,8.673029903697774,0.7516832798320972,13.295247002425441,0.5738117506063604,5938.031313259799,0.1150260943831658,0.30065571564675736,0.001311431293514742,0.03956963545868581,0.7892855648219355
878,7.852228836070513,0.2956826867058403,14.179691492245889,0.7949228730614722,6916.216800853593,0.9301806673779942,0.6821426552340222,0.7642853104680444,0.04832932939828749,0.9662490787532826
879,7.48466069665096,0.09147816480608895,11.270978826359855,0.0677447065899639,6317.448991349413,0.4312074927911771,0.4734792711506501,0.3469585423013002,0.023453925610030547,0.463715668889506
880,8.877490593020093,0.8652725516778296,12.555613792518944,0.3889034481297359,6523.7495377617715,0.6031246148014762,0.6073554697971009,0.6147109395942018,0.03973470974268945,0.7926203988422111
881,8.752983678571958,0.7961020436510879,13.03323340142811,0.5083083503570276,5918.62849522527,0.09885707935439181,0.7257022498894967,0.8514044997789935,0.017524907470627408,0.3439375246591395
882,7.529267009112303,0.11625944950683487,11.329276537051983,0.08231913426299575,6700.907672471219,0.7507563937260155,0.7864284877070186,0.9728569754140372,0.04318081957049193,0.8622387792018571
883,7.494933662711816,0.09718536817323098,12.118963978657522,0.27974099466438074,6242.611530511835,0.36884294209319557,0.6243268614838027,0.6486537229676055,0.0033324105004794457,0.05722041415109991
884,8.537895250211996,0.6766084723399983,11.738668260060114,0.1846670650150286,6854.669169030076,0.8788909741917296,0.3036609227406326,0.007321845481265243,0.019404343394564663,0.3819059271629225
885,7.779283377154896,0.2551574317527202,11.913806742748363,0.22845168568709062,6167.862409818098,0.3065520081817481,0.3633978338866342,0.12679566777326845,0.0332389478033165,0.6613928849154849
886,8.673510118812205,0.7519500660067804,12.186741257268865,0.29668531431721645,5966.935829547788,0.13911319128982313,0.4882259882274759,0.3764519764549519,0.022257257287246857,0.43954055125751224
887,7.56111236601936,0.13395131445520014,11.39836799224245,0.0995919980606127,5945.650948267249,0.1213757902227075,0.4815016790496576,0.3630033580993153,0.0287485743528509,0.5706782697545636
888,7.9372305884737795,0.34290588248543286,12.917206991937233,0.47930174798430814,5952.356613774976,0.1269638448124797,0.6752649315308776,0.7505298630617552,0.014257398007340327,0.27792723247152173
889,8.986161276038764,0.92564515335487,12.53618331257846,0.3840458281446151,6509.830845619573,0.591525704682977,0.7862291578145133,0.9724583156290266,0.019610306504372794,0.38606679806813726
890,7.803602429185923,0.26866801621440173,13.974307305178861,0.7435768262947156,6459.101372189525,0.5492511434912714,0.7630241399905742,0.9260482799811482,0.04521851468939945,0.9034043371595848
891,8.286785866758203,0.537103259310113,11.802322826527405,0.20058070663185135,6180.787583459632,0.3173229862163597,0.7019032629236757,0.8038065258473512,0.009984319360768113,0.19160241132864875
892,8.599610495621253,0.7108947197895849,12.653265637926792,0.4133164094816978,6913.977356374651,0.9283144636455427,0.3009073532703679,0.0018147065407357887,0.042583899544908696,0.8501797887860342
893,7.595951821645172,0.1533065675806511,14.27427989573073,0.8185699739326827,6235.226528723542,0.3626887739362854,0.5340150012402405,0.4680300024804811,0.005115796650267498,0.09324841717712118
894,8.303647390999402,0.5464707727774458,12.796168246947374,0.4490420617368438,6940.128424931155,0.9501070207759624,0.5670300507854633,0.5340601015709265,0.012229284533738468,0.2369552431058276
895,8.359954447350082,0.5777524707500461,11.081286898824182,0.02032172470604532,6630.868971123529,0.6923908092696077,0.5038319424976743,0.40766388499534845,0.044731479273306805,0.8935652378445819
896,9.032299122093978,0.9512772900522098,11.001875472454666,0.0004688681136665318,6230.653115158148,0.3588775959651229,0.6981901663307422,0.7963803326614844,0.006477497893040238,0.12075753319273208
897,8.675600622002037,0.7531114566677981,14.821026954322743,0.9552567385806856,6192.011467679815,0.32667622306651256,0.6951942506608748,0.7903885013217495,0.03812140725594236,0.7600284294129769
898,8.16629571578964,0.47016428654980014,11.867550215498817,0.21688755387470415,6745.009865201321,0.7875082210011012,0.7553380993593861,0.9106761987187721,0.025265933160642084,0.5003218820331734
899,8.207917077020287,0.4932872650112703,12.94366910063286,0.48591727515821515,6765.308078331634,0.8044233986096947,0.5389511240832252,0.4779022481664503,0.045725115522512697,0.9136386974244989
900,7.5930357409954095,0.1516865227752272,11.13215535573013,0.03303883893253279,6765.8975566332965,0.804914630527747,0.45989055714562593,0.3197811142912519,0.0035346173867500576,0.06130540175252641
901,7.867515939826107,0.30417552212561483,11.621653775420608,0.15541344385515188,5827.657407342231,0.023047839451859176,0.39383579611003866,0.18767159222007734,0.008001185930782976,0.1515391097127874
902,7.599088920411208,0.1550494002284485,13.614507431617604,0.6536268579044008,5819.552779879699,0.016293983233082954,0.7357097120261751,0.8714194240523501,0.017509685794855446,0.3436300160576857
903,8.837153640737062,0.8428631337428125,12.824343060874039,0.45608576521850963,5998.065036965193,0.16505419747099426,0.5379035429395795,0.475807085879159,0.028764922928435254,0.571008544008793
904,8.273694234586504,0.5298301303258355,14.917730601664385,0.9794326504160961,6223.651266511525,0.35304272209293763,0.35430427974145606,0.10860855948291215,0.03853428370306898,0.7683693677387672
905,7.350957818099204,0.01719878783289097,12.41089614460298,0.3527240361507449,6753.64734955081,0.794706124625675,0.34170920614619643,0.08341841229239289,0.012736643175437398,0.24720491263509892
906,8.684426431235044,0.7580146840194693,13.642223859825558,0.6605559649563894,6607.054432342132,0.67254536028511,0.5257403439272511,0.45148068785450224,0.029553813826549626,0.5869457338696894
907,7.964265078896035,0.35792504383113044,14.924156660633749,0.9810391651584374,6968.154412768778,0.9734620106406476,0.7178456733048515,0.8356913466097031,0.019253395030524728,0.3788564652631258
908,8.96886223783406,0.9160345765744783,13.684913080796106,0.6712282701990264,6372.554525220137,0.47712877101678086,0.6151709510591918,0.6303419021183838,0.0242406504218068,0.4796090994304404
909,8.992452255508411,0.9291401419491179,12.914944050836812,0.4787360127092032,5850.03395329929,0.04169496108274162,0.4681440376520491,0.3362880753040982,0.011365119394591458,0.21949736150689814
910,8.519489887361305,0.6663832707562807,12.943451909129475,0.4858629772823688,6358.31302955506,0.46526085796254957,0.4152070467586339,0.23041409351726783,0.01918011007451117,0.3773759611012357
911,8.935138167185569,0.8972989817697606,11.607825214570347,0.15195630364258672,6188.938031182453,0.32411502598537745,0.6791769996462789,0.7583539992925579,0.0069811187186505,0.13093169128586868
912,8.611092398091273,0.7172735544951521,14.522227482431724,0.8805568706079308,6325.037427371353,0.4375311894761277,0.39990706619609495,0.19981413239218992,0.025529929233903875,0.5056551360384621
913,7.600419606525252,0.15578867029180676,11.853727181321737,0.21343179533043433,6807.263097022535,0.8393859141854452,0.31315529416759336,0.026310588335186735,0.049156179324387525,0.9829531176643944
914,8.609507069490018,0.7163928163833432,14.31714427421062,0.8292860685526551,6220.027816786649,0.35002318065554117,0.6958747388182462,0.7917494776364924,0.039863569673181894,0.7952236297612503
915,7.913059965581498,0.32947775865638784,13.3272239477997,0.581805986949925,6036.564867892223,0.19713738991018648,0.37583895995453215,0.15167791990906432,0.010641197367831652,0.20487267409760912
916,8.966565748731417,0.9147587492952319,14.011514526028545,0.7528786315071364,5883.115867759615,0.06926322313301259,0.45413971508751316,0.30827943017502635,0.017466387108262416,0.34275529511641245
917,8.118211861564092,0.4434510342022735,11.923440785298808,0.23086019632470212,5820.35856186733,0.01696546822277467,0.7600925800016232,0.9201851600032462,0.04836678997806413,0.9670058581427097
918,7.685721487108743,0.20317860394930165,14.052805282984597,0.763201320746149,6313.541263188248,0.4279510526568735,0.4629351586643666,0.3258703173287332,0.03423470602027687,0.6815092125308457
919,7.789893403443566,0.26105189080198077,12.806341794590093,0.45158544864752337,6406.9022415481295,0.5057518679567747,0.3417729789584517,0.08354595791690345,0.04665452808892589,0.9324147088671896
920,7.467318298643192,0.0818434992462177,13.294950407762947,0.5737376019407365,6673.576521738536,0.7279804347821134,0.7934173055592179,0.9868346111184357,0.021028952322765335,0.4147263095508148
921,7.46790305667195,0.08216836481775025,11.077422825011391,0.01935570625284777,6629.440704794608,0.6912005873288398,0.7487827319399334,0.8975654638798668,0.027054505862291404,0.5364546638846748
922,8.893272553976185,0.8740403077645479,12.745861208790835,0.43646530219770896,6497.897414411273,0.5815811786760609,0.4373571396451279,0.2747142792902558,0.0415970125101883,0.8302426769735008
923,8.921689132542713,0.889827295857063,14.008198676993135,0.7520496692482838,6019.971437752857,0.1833095314607146,0.7733293755099075,0.9466587510198151,0.03793728866775185,0.7563088619747849
924,8.825363259827293,0.8363129221262744,13.698837677628589,0.6747094194071471,6148.471596074372,0.2903929967286438,0.7961435699904267,0.9922871399808535,0.01312253836935256,0.25500077513843555
925,7.4456955044924715,0.0698308358291505,14.746788441029903,0.9366971102574757,6420.075720743668,0.5167297672863903,0.7871475483436574,0.9742950966873147,0.01590235348552058,0.311158656273143
926,8.304739066353468,0.5470772590852601,12.371001502115691,0.34275037552892273,6477.747152189595,0.5647892934913292,0.4274597774431454,0.2549195548862908,0.03261757009177031,0.6488397998337436
927,7.702232880047866,0.21235160002659215,12.273023160708515,0.318255790177129,6480.818401164931,0.5673486676374425,0.4815473246960281,0.36309464939205627,0.04560741309275936,0.9112608705607951
928,8.312928875870552,0.5516271532614185,11.642360186058932,0.16059004651473296,6128.681076605622,0.2739008971713518,0.4582602390159609,0.31652047803192185,0.03749413621494493,0.7473562871706045
929,8.388109066674517,0.5933939259302873,12.11565014388832,0.2789125359720803,6613.00476622635,0.6775039718552917,0.42980288772549247,0.25960577545098495,0.009151762799736875,0.17478308686337118
930,8.401632111198996,0.6009067284438868,14.782789564198808,0.945697391049702,6449.917848332853,0.5415982069440446,0.5422989465081476,0.4845978930162952,0.008992665128828764,0.1715689925015912
931,7.769874594265791,0.24993033014766142,13.711541949812624,0.6778854874531559,6328.553393348109,0.44046116112342437,0.5138633158691657,0.42772663173833136,0.030551902827521935,0.6071091480307461
932,7.581927692821706,0.14551538490094795,13.50077112210406,0.6251927805260151,6381.859778090547,0.484883148408789,0.4783441980303891,0.3566883960607782,0.0031857636133001913,0.054257850773741234
933,8.015027282761356,0.3861262682007529,11.264588712024592,0.06614717800614811,6002.059179606622,0.1683826496721852,0.4634794975532356,0.3269589951064712,0.00982465980689382,0.18837696579583474
934,7.567952312890236,0.13775128493902034,11.478764002648887,0.11969100066222205,6753.5336878542985,0.7946114065452485,0.5063121034151092,0.4126242068302186,0.03298252264345573,0.6562125786556713
935,8.725304757812438,0.7807248654513548,12.96369935348416,0.49092483837103973,6131.761954544863,0.2764682954540527,0.7870434044521901,0.9740868089043804,0.013070399462231985,0.25394746388347444
936,8.87935154147378,0.8663064119298777,11.92921212012558,0.23230303003139496,6513.657212040462,0.594714343367051,0.3065766656484494,0.013153331296898774,0.022841822676659594,0.4513499530638302
937,8.19128413153965,0.48404673974424983,12.188913871744486,0.29722846793612145,5913.4164692720005,0.09451372439333416,0.682473342525947,0.764946685051894,0.046699460774941505,0.9333224398978082
938,7.401910263719563,0.04550570206642379,12.876599990383124,0.469149997595781,5885.576300096579,0.07131358341381588,0.7676478736611005,0.935295747322201,0.005504046256958104,0.10109184357491119
939,8.062195055948179,0.41233058663787736,14.935257172263569,0.9838142930658923,6580.255429805197,0.650212858170998,0.7484011087922595,0.8968022175845192,0.03425045040881073,0.6818272809860754
940,7.459345134111227,0.07741396339512585,14.5889940569226,0.8972485142306499,6802.673731004242,0.8355614425035346,0.40575482837666926,0.21150965675333855,0.0399963870107972,0.7979068082989332
941,8.890000358715207,0.872222421508449,12.653495201941519,0.41337380048537964,6610.475292785918,0.6753960773215987,0.4738570958397909,0.34771419167958184,0.008666374763621735,0.16497726795195422
942,8.860593639192484,0.8558853551069353,12.330165205500442,0.3325413013751106,6597.001563692964,0.6641679697441368,0.7432514952074405,0.886502990414881,0.024067228658927332,0.4761056294732794
943,8.36193413037038,0.5788522946502104,12.402150837973693,0.3505377094934232,5966.634765815728,0.13886230484644047,0.636228779065794,0.672457558131588,0.003310495607718159,0.056777689044811286
944,8.387837844885443,0.5932432471585795,11.509471777366128,0.12736794434153198,6931.6309147399415,0.9430257622832846,0.6551841832771166,0.7103683665542333,0.008703280678761024,0.16572284199517218
945,8.662860994232878,0.7460338856849327,11.220578434511792,0.0551446086279479,6221.238998351467,0.3510324986262221,0.7429430644255115,0.8858861288510229,0.00772490253613793,0.14595762699268544
946,7.429711020337665,0.06095056685425837,13.48941557121782,0.6223538928044551,5928.441919039135,0.10703493253261287,0.7565147034140601,0.9130294068281203,0.02057504411211422,0.4055564467093782
947,8.946925120943408,0.9038472894130054,13.543199689840087,0.6357999224600217,6060.811385208456,0.21734282100704705,0.4695997731356633,0.33919954627132665,0.021039317303745336,0.4149357031059664
948,8.98375676850571,0.924309315836506,12.50062946137465,0.37515736534366284,6038.109882757716,0.19842490229809695,0.5781739891955697,0.5563479783911394,0.017280399404467215,0.3389979677670144
949,8.55390487768289,0.6855027098238279,12.477906275909376,0.36947656897734416,6880.409374111993,0.9003411450933279,0.4310662538942082,0.26213250778841646,0.018933050003537524,0.3723848485563136
950,8.741810373591905,0.789894651995503,11.630159686210744,0.15753992155268604,5806.362994497079,0.005302495414232444,0.750936857027708,0.901873714055416,0.0132254152821382,0.25707909660885253
951,8.49095973916456,0.6505331884247558,14.927129900324992,0.9817824750812478,5915.150021494122,0.09595835124510133,0.3095017064537002,0.019003412907400374,0.011366395571158597,0.21952314285168884
952,7.8275095515197,0.281949750844278,11.18187544896508,0.04546886224127,6215.230133293216,0.3460251110776795,0.5930997949462583,0.5861995898925166,0.04166972192237801,0.8317115539874345
953,8.507354797045714,0.6596415539142856,11.38642595668579,0.09660648917144732,6473.915752030028,0.5615964600250231,0.5135438782482571,0.4270877564965143,0.025433787860598026,0.5037128860726874
954,7.530418350521621,0.11689908362312273,14.204902842700681,0.8012257106751702,6029.418826482842,0.19118235540236828,0.37759582801742925,0.15519165603485852,0.009463236110532215,0.1810754769804488
955,8.653236417533865,0.7406868986299249,11.938459579830353,0.23461489495758825,6630.692804258661,0.6922440035488846,0.7457625773221362,0.8915251546442725,0.010107889103648082,0.1940987697706683
956,7.385196496127111,0.03622027562617225,14.442432110500977,0.8606080276252444,5962.3782148563905,0.13531517904699197,0.7553256469918809,0.9106512939837618,0.03334386397875246,0.6635124036111608
957,7.818896534802023,0.2771647415566795,12.910718414340453,0.4776796035851133,6678.907650437885,0.7324230420315714,0.7689405757284804,0.9378811514569608,0.004491711059074517,0.08064062745605083
958,9.103262068188084,0.9907011489933805,14.189289066727069,0.7973222666817672,6256.157945306031,0.38013162108835963,0.37849804405362086,0.15699608810724175,0.009966538381656512,0.1912431996294245
959,7.732594101580232,0.229218945322351,14.128689597206488,0.7821723993016223,6085.097391809682,0.23758115984140182,0.7887422938469556,0.9774845876939112,0.0020696611412304397,0.031710326085463425
960,7.964394101250868,0.3579967229171489,11.80865355940734,0.20216338985183502,6352.9169077593715,0.46076408979947636,0.7069321968351654,0.8138643936703308,0.04298687883648101,0.8583207845753739
961,8.765039840745313,0.8027999115251746,11.70930991825523,0.17732747956380746,6705.342962099077,0.754452468415898,0.4189078644609466,0.23781572892189318,0.0033854906077357455,0.058292739550217076
962,7.453919148210113,0.07439952678339556,12.896873653641372,0.47421841341034265,6046.731760259432,0.2056098002161938,0.412457532346839,0.22491506469367806,0.0436736463186988,0.8721948751252282
963,8.320044604053702,0.5555803355853909,12.933439715885118,0.48335992897127933,6441.659859002275,0.5347165491685626,0.3223797417583882,0.04475948351677639,0.009419410894999803,0.1801901190909051
964,8.845459170235658,0.847477316797588,12.164262721166004,0.29106568029150104,6019.220373608795,0.18268364467399567,0.39661710488710145,0.19323420977420291,0.04163103975787333,0.8309300961186531
965,8.156588082981354,0.4647711572118638,12.697171504138918,0.42429287603472954,6265.626595736352,0.3880221631136267,0.5337702190950728,0.46754043819014557,0.0057908549674675625,0.10688595893873865
966,7.465925178711748,0.08106954372874886,11.392016920034711,0.09800423000867786,5816.30904399355,0.013590869994625554,0.5329130927038995,0.4658261854077991,0.012057188816598827,0.23347856195149141
967,7.936977204454016,0.3427651135855644,11.882927937706489,0.22073198442662223,6001.66291813124,0.16805243177603346,0.6541570594842927,0.7083141189685853,0.01680948328710578,0.3294845108506218
968,8.894918561291982,0.8749547562733235,12.342015048865596,0.335503762216399,6862.763050470003,0.8856358753916688,0.4374541314885303,0.2749082629770606,0.002261983680485388,0.03559562990879572
969,7.871225356746725,0.30623630930373613,14.094658843857482,0.7736647109643707,6513.60901130323,0.594674176086025,0.5961143991818152,0.5922287983636305,0.0013913674479322877,0.018007423190551264
970,8.107963901043412,0.4377577228018953,14.470479661318777,0.8676199153296943,6238.522307272077,0.36543525606006444,0.4041739910856515,0.20834798217130301,0.0420835055080527,0.8400708183444989
971,7.479744465549556,0.08874692530530881,11.232376117862445,0.058094029465611485,6058.192792923471,0.21516066076955886,0.6594400149796822,0.7188800299593643,0.025034018596869875,0.4956367393307045
972,7.492437709400996,0.09579872744499773,11.502376182087094,0.12559404552177333,6004.118923915798,0.17009910326316569,0.5916201190301491,0.5832402380602981,0.042730234527206847,0.8531360510546837
973,8.091662038691258,0.4287011326062542,13.81846033608321,0.7046150840208023,5999.225969492337,0.16602164124361418,0.542181291798519,0.4843625835970381,0.03839433742315733,0.7655421701647944
974,7.917290746791449,0.3318281926619159,13.918264226402155,0.7295660566005387,6225.011678413374,0.35417639867781225,0.4662521217934103,0.3325042435868206,0.04156226847463381,0.8295407772653295
975,8.688024221480047,0.7600134563778044,11.551359377823925,0.1378398444559814,6318.3446553890935,0.43195387949091124,0.44346613146794883,0.2869322629358977,0.023928710094631496,0.4733072746390201
976,7.5771236361906595,0.14284646455036643,13.470065334596546,0.6175163336491364,6634.780342280777,0.6956502852339808,0.4026673164869072,0.20533463297381438,0.026011123586083283,0.5153762340622885
977,7.691499758169318,0.20638875453851013,12.55350326755792,0.38837581688947986,6041.473591320572,0.20122799276714387,0.45422905215173903,0.3084581043034781,0.033781386348247254,0.6723512393585304
978,7.654199454581095,0.18566636365616374,13.476017158329585,0.6190042895823963,6134.728513799478,0.2789404281662311,0.3759638744386309,0.1519277488772618,0.01679600903240254,0.32921230368489973
979,7.959973345413632,0.3555407474520179,13.695399243659724,0.673849810914931,6833.790107319818,0.8614917560998485,0.3668545534777851,0.13370910695557026,0.03528666427073304,0.7027608943582432
980,8.178445229601731,0.4769140164454063,14.92742712343389,0.9818567808584728,5910.227977340522,0.09185664778376823,0.32995947639648837,0.059918952792976765,0.0035369053456242687,0.061351623143924616
981,7.74339174460947,0.23521763589415023,11.405024197189354,0.10125604929733834,6916.571846813046,0.9304765390108718,0.7914963935291623,0.9829927870583248,0.0062624546192615,0.11641322463154546
982,7.918269760384288,0.3323720891023826,11.8166528479733,0.2041632119933251,6618.844961796954,0.6823708014974615,0.5810048108935784,0.5620096217871567,0.007289524440611305,0.13716210991133948
983,8.31101685439031,0.5505649191057284,14.222793933091202,0.8056984832728004,6749.986053189418,0.7916550443245155,0.42547800047772855,0.2509560009554571,0.028270717747563723,0.5610246009608832
984,8.269526611671647,0.5275147842620269,14.106849079331827,0.7767122698329568,6101.708250600678,0.2514235421672315,0.5361357641027285,0.47227152820545704,0.027648912196293358,0.548462872652391
985,8.641465658699083,0.734147588166158,12.68487862003438,0.42121965500859526,5812.475708996341,0.010396424163618079,0.6122298778552578,0.6244597557105157,0.013653481828839664,0.2657269056331245
986,8.102602556968481,0.43477919831582323,11.093757754949173,0.02343943873729315,6588.460096270374,0.6570500802253121,0.5532946887788583,0.5065893775577168,0.04764927456742511,0.9525105973217194
987,7.426568901994429,0.059204945552460586,13.743415009939447,0.6858537524848619,6368.2982178241855,0.4735818481868209,0.7636134727223696,0.9272269454447393,0.0308883317982964,0.6139056928948767
988,7.872051511873846,0.3066952843743589,12.838311392367281,0.45957784809182023,6029.873634432373,0.19156136202697793,0.6854500182523358,0.7709000365046714,0.0015505438296900445,0.021223107670505947
989,8.927985966521303,0.8933255369562801,14.415188772004356,0.853797193001089,6354.515074716862,0.46209589559738484,0.4050016299321234,0.21000325986424684,0.031563146769774696,0.6275383185813069
990,8.854689468284397,0.8526052601579985,12.456942045238726,0.36423551130968146,6253.095102372834,0.37757925197736153,0.5210297493648655,0.4420594987297308,0.04013234888133,0.8006535127541413
991,9.00018368243628,0.9334353791312668,14.151775155107597,0.7879437887768994,6134.63557449805,0.2788629787483753,0.3974721787702876,0.19494435754057526,0.030486225741135745,0.6057823382047625
992,7.742594444114914,0.23477469117495253,11.946829339985333,0.23670733499633345,6272.263436867742,0.39355286405645173,0.5578117301672022,0.5156234603344044,0.006937400294287988,0.13004849079369674
993,8.011035568215311,0.38390864900850574,12.623862169251382,0.40596554231284565,6854.709750265627,0.8789247918880225,0.5967535974068541,0.5935071948137083,0.03246147626356359,0.6456863891629008
994,7.944616987787793,0.3470094376598849,11.306084361932157,0.07652109048303923,6115.562264893055,0.2629685540775457,0.7593973411176556,0.918794682235311,0.03857986088032195,0.7692901187943827
995,8.050403445182901,0.4057796917682782,14.312019573582287,0.8280048933955718,5995.954024865834,0.16329502072152868,0.4476513327224408,0.2953026654448816,0.02844687685207562,0.5645833707490024
996,8.366679574548346,0.5814886525268591,11.476765135016889,0.11919128375422228,6063.69725322555,0.2197477110212923,0.32666230088436,0.053324601768720004,0.014081412952204947,0.27437197883242315
997,7.851201012509882,0.29511167361660107,12.933233785477512,0.48330844636937775,6400.483436054504,0.500402863378753,0.37941746236849383,0.15883492473698768,0.0337693847307694,0.6721087824397859
998,8.641574272097635,0.7342079289431309,11.550577193814016,0.137644298453504,6835.57779911012,0.8629814992584337,0.3853409924192199,0.17068198483843977,0.007407775786148853,0.1395510259828051
999,8.401247037626238,0.6006927986812438,14.946730272224556,0.9866825680561391,6933.291081878721,0.9444092348989346,0.765553365248541,0.931106730497082,0.04794865534066271,0.9585586937507619
1000,7.502879761682302,0.10159986760127881,11.53361013161879,0.13340253290469772,6552.665666731042,0.6272213889425349,0.5687811936612757,0.5375623873225513,0.033727080302216536,0.671254147519526
1001,8.019513702889887,0.38861872382771523,12.511503515386242,0.37787587884656015,5811.373012226182,0.009477510188485527,0.5251390051270968,0.45027801025419345,0.015093816879697146,0.29482458342822515
1002,7.904391110889262,0.3246617282718123,14.860306057621369,0.965076514405342,6457.646528869821,0.5480387740581844,0.7936844032795207,0.9873688065590415,0.017860976533804897,0.35072679866272516
1003,8.301621438574342,0.545345243652412,12.993395265612973,0.49834881640324313,5894.700572764199,0.07891714397016614,0.5824765843337479,0.5649531686674959,0.026552347861576994,0.5263100578096362
1004,7.790984478464132,0.2616580435911847,13.96515776191319,0.7412894404782973,5871.353057516151,0.059460881263459164,0.7067904666815921,0.8135809333631842,0.010505426345246191,0.2021298251564887
1005,7.550404646562535,0.12800258142363052,12.071205053573962,0.26780126339349064,6994.974744657436,0.9958122872145296,0.5055641738390981,0.4111283476781963,0.02752973264024519,0.5460552048534382
1006,7.518158287334181,0.11008793740787837,13.295868948628277,0.5739672371570692,6525.400595254689,0.6045004960455734,0.4167869734361516,0.23357394687230326,0.0241369235443615,0.477513606956798
1007,8.86373515877174,0.8576306437620783,12.859959475734764,0.46498986893369076,6912.59564813355,0.9271630401112914,0.7973264518460744,0.9946529036921489,0.006580860708046156,0.12284567086961928
1008,8.625779662347702,0.7254331457487235,14.192442122907664,0.7981105307269162,5977.105281219684,0.14758773434973682,0.5540646181469082,0.5081292362938166,0.03710626985472052,0.739520603125667
1009,8.682183861502757,0.756768811945977,14.425808979525545,0.8564522448813864,6144.567881505557,0.2871399012546312,0.333189396049697,0.06637879209939401,0.03014634799413369,0.5989161210936098
1010,7.549861531598724,0.12770085088817973,11.448990730044265,0.1122476825110661,6518.762424032659,0.5989686866938826,0.5100987486252884,0.42019749725057676,0.028273649246119855,0.5610838231539365
1011,8.588588817397596,0.7047715652208874,11.872462098845899,0.21811552471147477,6109.258141821164,0.25771511818430304,0.47702853095387754,0.3540570619077551,0.012911446415542562,0.25073629122308205
1012,7.839190301658185,0.2884390564767695,13.30029760091924,0.5750744002298098,6250.573105809842,0.3754775881748684,0.6682663715132557,0.7365327430265116,0.03336840417832524,0.6640081652186917
1013,7.5096473546151,0.10535964145283327,14.191773756103562,0.7979434390258903,6237.533735209241,0.36461144600770057,0.31693219912219006,0.033864398244380145,0.04154106729836476,0.8291124706740355
1014,7.773644733658981,0.25202485203276703,12.945831886955789,0.4864579717389471,6396.925399911834,0.49743783325986135,0.39527462847856415,0.19054925695712832,0.015054801722917097,0.29403639844276963
1015,7.856243899791187,0.29791327766177067,13.938530371076377,0.7346325927690941,5901.446488170324,0.0845387401419373,0.4638584675089718,0.32771693501794363,0.040371892514887764,0.8054927780785406
1016,8.723186563161782,0.7795480906454354,13.274305068075417,0.5685762670188542,6825.349524185741,0.8544579368214509,0.31785490370221,0.03570980740441998,0.04527243654438737,0.9044936675633811
1017,8.396291773131631,0.5979398739620179,11.622602444385134,0.1556506110962832,5837.487693784355,0.03123974482029579,0.7876065728178085,0.9752131456356171,0.0025904638952619304,0.042231593843675364
1018,8.754372991615714,0.7968738842309525,14.27049031255215,0.8176225781380374,6736.574990669955,0.7804791588916292,0.5741360005908718,0.5482720011817437,0.008097794122758725,0.15349079035876212
1019,8.449209253954017,0.6273384744188981,11.246687515530564,0.06167187888264114,6168.374555348204,0.3069787961235033,0.7851531943438225,0.970306388687645,0.03666978032839727,0.7307026328969144
1020,7.766995380840415,0.2483307671335636,13.915219088821157,0.7288047722052893,6786.741647408597,0.8222847061738309,0.6143938619299978,0.6287877238599957,0.0362355030473218,0.7219293544913494
1021,7.538597211022101,0.12144289501227867,12.01698805830868,0.25424701457717014,5985.685543731807,0.15473795310983907,0.36091764282895894,0.1218352856579179,0.004876394451862514,0.08841200912853564
1022,8.703973263452946,0.7688740352516371,11.245187128963606,0.061296782240901515,6929.527469296597,0.9412728910804976,0.7908262062700477,0.9816524125400956,0.045684660769108744,0.9128214296789645
1023,7.407735870105825,0.0487421500587919,13.93775702738664,0.7344392568466601,6313.461192529728,0.42788432710810664,0.535389003217832,0.47077800643566403,0.02314584269557637,0.4574917716278054
1024,8.042614818638375,0.40145267702132004,14.296423251116924,0.8241058127792308,6871.16898762025,0.892640823016875,0.39055261491017657,0.18110522982035315,0.04216270046702602,0.8416707165055761
1025,7.401880890369037,0.045489383538353745,13.276269396342016,0.5690673490855038,6976.869609511637,0.9807246745930307,0.7327731664479707,0.8655463328959415,0.022753798663845675,0.44957169017870047
1026,8.5265441897039,0.670302327613278,11.837534724412935,0.2093836811032338,6333.063571023661,0.44421964251971735,0.5088880958773223,0.41777619175464475,0.011355568082571628,0.21930440570851772
1027,8.943115891487668,0.901731050826483,13.346736788052034,0.5866841970130087,5991.799606624263,0.15983300552021906,0.4104977066992161,0.2209954133984322,0.035676170624954304,0.7106297095950365
1028,8.958586948113032,0.9103260822850179,13.986220585407418,0.7465551463518545,6010.25630265656,0.17521358554713362,0.49839891970156747,0.39679783940313496,0.04349692941435043,0.8686248366535441
1029,8.131098069114481,0.4506100383969338,14.38657589205851,0.8466439730146273,6953.177520092115,0.9609812667434287,0.5573167227356339,0.5146334454712678,0.03904815259793627,0.7787505575340661
1030,8.238240001544089,0.5101333341911607,12.738865735226923,0.43471643380673075,5868.222235952008,0.05685186329334002,0.44370027778934906,0.28740055557869815,0.00897023777200418,0.171115914585943
1031,7.334655949538983,0.008142194188323848,11.211769548692956,0.05294238717323896,6747.571706190428,0.7896430884920234,0.4236763721253356,0.24735274425067122,0.005439807720947853,0.09979409537268391
1032,8.757285852744769,0.7984921404137602,13.928594572756916,0.732148643189229,6346.869889359606,0.45572490779967145,0.6446872451303951,0.6893744902607903,0.009309417821993484,0.17796803680794915
1033,8.632300783263526,0.7290559907019588,11.919773292087296,0.2299433230218242,5975.307471284525,0.1460895594037701,0.40025969652314514,0.2005193930462903,0.014148589516598961,0.2757290811434133
1034,7.766488992386017,0.24804944021445352,11.958075306622591,0.23951882665564772,6469.480617069051,0.5579005142242089,0.519408758590118,0.4388175171802361,0.017984132451101996,0.35321479699195946
1035,7.8466308122629975,0.29257267347944316,13.149173743137009,0.5372934357842521,5976.414686555473,0.1470122387962275,0.7038675673941712,0.8077351347883425,0.025229911451067757,0.49959417072864154
1036,7.403114243970719,0.04617457998373253,13.051663993293472,0.5129159983233681,6593.541106071042,0.661284255059202,0.4160856939366968,0.23217138787339364,0.031484691515370596,0.6259533639468807
1037,8.72361194181611,0.7797844121200611,13.782417193794787,0.6956042984486966,6138.032035441741,0.2816933628681171,0.4286081903554335,0.25721638071086705,0.04789918683593376,0.9575593300188638
1038,7.430960728773569,0.06164484931864933,11.314684088807377,0.0786710222018443,5931.944905516994,0.10995408793082839,0.7275857836609521,0.855171567321904,0.037091902892673244,0.7392303614681462
1039,7.773301794258823,0.25183433014379075,12.718310487962723,0.4295776219906807,6139.793156711899,0.2831609639265831,0.5193858483564193,0.43877169671283855,0.01249204807133668,0.242263597400741
1040,9.095802834230259,0.9865571301279218,14.509910787051474,0.8774776967628688,6751.117590978333,0.7925979924819445,0.6102234547978046,0.6204469095956092,0.04805917345626888,0.9607913829549268
1041,8.430053354158735,0.6166963078659641,11.761959744873526,0.1904899362183815,6111.511736940515,0.25959311411709596,0.5091124336569677,0.4182248673139355,0.014160993858572012,0.2759796739105457
1042,7.863538201243097,0.3019656673572759,12.631936087454072,0.40798402186351823,6800.316784839004,0.8335973206991699,0.6001389092023467,0.6002778184046934,0.04975975039947228,0.9951464727166117
1043,8.018906407505407,0.3882813375030041,14.176183400720994,0.7940458501802486,6640.730991533744,0.7006091596114528,0.7944136258345071,0.9888272516690142,0.009149774917568845,0.17474292762765342
1044,7.396063411282725,0.04225745071262499,14.152662470894974,0.7881656177237436,5848.3684632022705,0.04030705266855872,0.35000220688966904,0.10000441377933811,0.04512016533637158,0.9014174815428602
1045,9.086916169527964,0.9816200941822022,14.030564212029747,0.7576410530074367,6166.702176360069,0.305585146966724,0.7527026726188353,0.9054053452376706,0.04875452154612027,0.9748388191135408
1046,7.6426888967083615,0.17927160928242292,14.134825570350776,0.7837063925876938,6788.192720345345,0.8234939336211207,0.3552645478526072,0.11052909570521441,0.037760726332771805,0.7527419461166021
1047,7.956191662647496,0.35343981258194257,13.815143148908955,0.703785787227239,6997.194499080314,0.9976620825669286,0.7415485660941268,0.8830971321882535,0.014835124487987206,0.28959847450479204
1048,8.346039073867082,0.5700217077039353,11.446440931476463,0.11161023286911576,5914.249916472093,0.0952082637267444,0.7815601285564232,0.9631202571128464,0.022428191197714133,0.4429937615699825
1049,7.954335390909169,0.35240855050509434,11.809283842521323,0.20232096063033056,6993.190302225716,0.9943252518547628,0.6539668676387798,0.7079337352775594,0.04820210453109685,0.9636788794160979
1050,8.003870109746996,0.37992783874833114,11.324555372918041,0.08113884322951026,6562.485822435325,0.6354048520294376,0.5985076801714414,0.5970153603428828,0.027406619731328196,0.5435680753803676
1051,7.788723560614256,0.2604019781190313,12.284207494313195,0.3210518735782989,6424.821007621452,0.5206841730178763,0.32865426929295016,0.05730853858590035,0.030567418558998288,0.6074225971514805
1052,8.267969095325068,0.5266494974028156,11.901483055273292,0.225370763818323,6057.488473377141,0.2145737278142844,0.72598875949105,0.8519775189821001,0.03622944950062544,0.7218070606186957
1053,7.566571213360999,0.13698400742277694,11.720139541965963,0.1800348854914906,6355.993418151156,0.4633278484592972,0.47333906881276483,0.3466781376255297,0.027779016853470843,0.5510912495650675
1054,9.094384974812812,0.9857694304515623,12.570336505062016,0.3925841262655043,5926.558290808116,0.10546524234009658,0.5385813879603338,0.4771627759206678,0.01675318758889027,0.3283472240179852
1055,7.442854568998349,0.06825253833241607,12.564200219587661,0.39105005489691524,6781.125818193989,0.8176048484949914,0.49038596040259447,0.38077192080518896,0.004944843553729688,0.0897948192672664
1056,8.97876251012747,0.9215347278485948,14.15781419684854,0.7894535492121347,6009.682323775024,0.17473526981252008,0.7538503980328928,0.9077007960657857,0.005454419002874548,0.10008927278534441
1057,8.183894582246946,0.47994143458163663,11.959102434857437,0.2397756087143592,6324.771347165685,0.4373094559714047,0.7967275744283886,0.9934551488567771,0.004021645511371548,0.07114435376508177
1058,8.246467083381459,0.514703935211922,11.745188100468054,0.18629702511701363,6528.493335691082,0.6070777797425686,0.4978570483335289,0.3957140966670578,0.04698298300521766,0.9390501617215687
1059,7.96344146454477,0.3574674803026504,14.490378883941688,0.872594720985422,6556.325142604382,0.630270952170318,0.7515634906915052,0.9031269813830105,0.0013937330774508034,0.018055213685874816
1060,7.440799380222887,0.06711076679049266,12.554723099671161,0.3886807749177904,6433.226697462064,0.5276889145517201,0.5491785346811133,0.4983570693622267,0.030013536905981686,0.5962330688077108
1061,7.54232463529926,0.1235136862773667,13.638658296490068,0.6596645741225169,6174.802618860421,0.31233551571701745,0.7218234716005263,0.8436469432010526,0.006717827055400614,0.125612667785871
1062,8.869784153239255,0.8609911962440314,13.297110522429948,0.574277630607487,6968.443619293625,0.9737030160780209,0.45746023893548193,0.3149204778709639,0.045745309165864924,0.9140466498154529
1063,8.19631288304492,0.4868404905805106,12.598301293553055,0.39957532338826374,6613.7891352155,0.6781576126795832,0.39394841780911694,0.1878968356182339,0.017667502791252225,0.34681823820711566
1064,8.812968246247529,0.8294268034708494,12.02897977533311,0.25724494383327734,6699.7713863856425,0.7498094886547017,0.5840813602278366,0.5681627204556733,0.02832703624922699,0.5621623484692321
1065,8.058597144117131,0.41033174673173944,13.91541072427744,0.7288526810693599,6034.60213280999,0.19550177734165808,0.7080322583831349,0.8160645167662699,0.02443226356805447,0.48348007208190846
1066,7.668052238164876,0.19336235453604222,14.002251026459675,0.7505627566149186,6526.763901944763,0.6056365849539693,0.6940823605097035,0.7881647210194072,0.0048420748483392635,0.08771868380483361
1067,8.204274167272533,0.4912634262625192,11.191821348898191,0.0479553372245477,6615.989752890829,0.6799914607423573,0.3989480282483819,0.19789605649676378,0.0113175885207617,0.21853714183356965
1068,7.599832179205351,0.1554623217807506,11.777943211803725,0.19448580295093143,6779.728817716281,0.816440681430234,0.33162694733343373,0.06325389466686748,0.04094109558003642,0.8169918298997255
1069,8.70372125207043,0.7687340289280166,11.97370976896053,0.24342744224013246,6244.862782269955,0.3707189852249625,0.7495392070974854,0.8990784141949709,0.0444044094876756,0.8869577674277899
1070,8.872046839041285,0.8622482439118258,14.307338693688296,0.8268346734220738,6478.200563109949,0.5651671359249577,0.7788714396163872,0.9577428792327743,0.03612322312065437,0.7196610731445326
1071,8.10646884292505,0.4369271349583612,14.623611671792144,0.9059029179480362,6723.250431973993,0.769375359978327,0.3054445119566003,0.010889023913200568,0.04066106926498839,0.8113347326260281
1072,8.818224633472788,0.8323470185959939,12.498085505924221,0.3745213764810552,6766.636921416508,0.80553076784709,0.6448030012761052,0.6896060025522105,0.034163366333882283,0.6800680067450966
1073,7.736046675001261,0.23113704166736715,11.80313544731077,0.2007838618276928,6358.118088077195,0.465098406730996,0.7624474569167945,0.924894913833589,0.015772649569616368,0.30853837514376503
1074,8.422121804050233,0.6122898911390184,14.559274866198578,0.8898187165496445,6592.383103015535,0.6603192525129458,0.3102802312453516,0.020560462490703202,0.002072052418120784,0.03175863470951079
1075,7.837059444809628,0.2872552471164602,13.495476884703807,0.6238692211759518,6582.7838870460555,0.652319905871713,0.7537770939215143,0.9075541878430285,0.032356811532037025,0.6435719501421621
1076,7.870673861559865,0.30592992308881417,14.469080705209386,0.8672701763023464,6903.198119077593,0.9193317658979943,0.5681038327275731,0.5362076654551463,0.04811049830678877,0.9618282486219952
1077,9.088831599154279,0.9826842217523771,12.34935451247004,0.33733862811751014,6027.244295384555,0.18937024615379583,0.6878006955800023,0.7756013911600047,0.029935228464140685,0.5946510800836502
1078,8.278384976850612,0.53243609825034,13.97593704627652,0.74398426156913,6859.868694544819,0.8832239121206822,0.3035198205864057,0.007039641172811417,0.01638411528495748,0.32089121787792885
1079,8.048645319914366,0.40480295550798095,11.283510091594763,0.07087752289869076,5992.697791858495,0.16058149321541293,0.5480518155772931,0.4961036311545861,0.04026213447137808,0.8032754438662237
1080,8.661918381018358,0.7455102116768656,13.93147755643823,0.7328693891095576,6259.499430427412,0.38291619202284355,0.5006749601909649,0.40134992038192985,0.01577232527861037,0.3085318238103105
1081,7.72416751986474,0.22453751103596664,12.72190840720141,0.43047710180035237,6117.944113452432,0.2649534278770267,0.4403950953438061,0.28079019068761224,0.02868683922240136,0.5694310954020476
1082,8.072085486974174,0.417825270541208,12.10642486427392,0.27660621606848024,6416.224825647949,0.513520688039957,0.7581830900183217,0.9163661800366435,0.028566870560250018,0.5670074860656569
1083,8.360023132404068,0.5777906291133716,11.447540517974227,0.11188512949355667,5921.765116880195,0.101470930733496,0.4143635709708717,0.22872714194174337,0.0009808761991518117,0.00971467068993559
1084,7.574111463833193,0.14117303546288484,14.128944618253353,0.7822361545633385,6607.065378202521,0.672554481835434,0.6914860794927531,0.7829721589855062,0.005087639519281529,0.09267958624811168
1085,7.5583587558533445,0.13242153102963572,14.78868399622513,0.9471709990562824,6333.589201515736,0.4446576679297801,0.5901493825103468,0.5802987650206934,0.004764682034010806,0.08615519260627891
1086,7.5857255520291,0.1476253066828329,12.734273644593154,0.4335684111482886,6265.435432417623,0.3878628603480191,0.6150518622526604,0.6301037245053207,0.04534695990292699,0.9059991899581209
1087,7.831952598723323,0.28441811040184617,11.874976288412238,0.2187440721030598,5861.177822550589,0.050981518792156955,0.7084940938945743,0.8169881877891486,0.009258777659378749,0.1769450032197727
1088,8.980291479833074,0.9223841554628193,14.595442568134878,0.8988606420337194,6934.853947335791,0.9457116227798262,0.7383949963840957,0.8767899927681915,0.0065035286206127415,0.12128340647702507
1089,7.543860108307127,0.124366726837293,14.931910971534112,0.9829777428835282,6332.26046775582,0.4435503897965165,0.530482281417606,0.46096456283521214,0.019636968481099526,0.3866054238605965
1090,7.7393875217609125,0.2329930676449513,11.298449327091745,0.07461233177293636,6820.163594603817,0.8501363288365141,0.34382532487246725,0.08765064974493453,0.025373495667687488,0.5024948619734846
1091,7.498924298631071,0.09940238812837265,11.886575671524321,0.2216439178810804,6595.654580410894,0.6630454836757449,0.4495119776352632,0.2990239552705264,0.01238717595598907,0.24014496880785996
1092,8.852551596419993,0.851417553566663,12.411428514558919,0.3528571286397296,6413.146110211398,0.5109550918428318,0.3180584936940871,0.03611698738817426,0.03707546237601563,0.7388982298184975
1093,7.758293665781151,0.24349648098952859,14.969363054810849,0.992340763702712,5937.532883456459,0.11461073621371554,0.5988145219981504,0.5976290439963009,0.03913129694759265,0.7804302413655081
1094,8.501743786293524,0.6565243257186246,11.41403466046937,0.10350866511734269,6865.856976865328,0.8882141473877729,0.4231345591953241,0.24626911839064825,0.032470276361509405,0.6458641689193819
1095,7.790820743016323,0.26156707945351276,11.834932545236262,0.20873313630906554,6404.847536850344,0.5040396140419536,0.7406868446983197,0.8813736893966394,0.012268876565145349,0.23775508212414842
1096,8.604652511772313,0.7136958398735073,12.64555869698632,0.41138967424658035,6474.64457417162,0.5622038118096832,0.6168014777844353,0.6336029555688707,0.048478958383274436,0.9692718865307967
1097,7.363985445859178,0.02443635881065398,12.21352585346324,0.30338146336581007,6943.660293149753,0.9530502442914606,0.5638975641164453,0.5277951282328907,0.011678378652282597,0.2258258313592444
1098,7.358606392492829,0.02144799582934942,11.195173680254104,0.04879342006352594,5850.048929915782,0.04170744159648465,0.3277133967313538,0.055426793462707624,0.017446985916227592,0.3423633518429816
1099,7.850644383280599,0.29480243515588855,12.89566065487357,0.4739151637183926,6493.805535416999,0.5781712795141662,0.596682413318561,0.593364826637122,0.02011675173781997,0.3962980149054539
1100,9.064588352972155,0.9692157516511977,11.910132380784738,0.22753309519618425,6676.981482871868,0.7308179023932236,0.3490300391812018,0.0980600783624036,0.02857274175358659,0.5671260960320523
1101,8.283142508983987,0.5350791716577712,13.88858463271998,0.7221461581799951,6924.653788436147,0.9372114903634556,0.520206954363353,0.44041390872670605,0.02781512991033926,0.5518208062694799
1102,8.850538248908757,0.8502990271715316,14.653356159725512,0.9133390399313781,6092.458670315432,0.24371555859619332,0.6252238690415997,0.6504477380831992,0.014440411591094484,0.28162447658776735
1103,8.834545769794069,0.8414143165522603,14.555041527216492,0.8887603818041229,6464.933363602706,0.5541111363355878,0.6084980681703466,0.6169961363406932,0.027609514470518452,0.5476669590003728
1104,8.953503233214882,0.9075017962304907,13.240339539756508,0.560084884939127,6293.249496180327,0.411041246816939,0.7984956615370289,0.9969913230740578,0.023836182829071222,0.4714380369509338
1105,8.611624884229752,0.7175693801276395,11.768792650510742,0.1921981626276853,6437.077591186809,0.530897992655674,0.5830958466183785,0.5661916932367571,0.025290220214941577,0.5008125295947793
1106,8.757906915366512,0.7988371752036181,11.518300967530887,0.12957524188272196,6743.289070922214,0.7860742257685117,0.5785379145441847,0.5570758290883694,0.01880636733547829,0.3698256027369351
1107,8.675356530974836,0.7529758505415762,12.39789571934923,0.3494739298373074,6407.808457868096,0.5065070482234134,0.5649584268714463,0.5299168537428927,0.04040591122786978,0.80618002480545
1108,8.13004593661317,0.45002552034065046,11.419793378084513,0.10494834452112856,6084.996542800155,0.23749711900012904,0.5699560091669882,0.5399120183339765,0.011212713236174638,0.21641844921564923
1109,8.221337949464548,0.5007433052580821,14.016056225939327,0.7540140564848317,6928.8197452934955,0.9406831210779127,0.39319565708929377,0.18639131417858756,0.036321771042426725,0.7236721422712469
1110,8.013048879934452,0.3850271555191396,13.910470083497671,0.7276175208744178,6091.905520351867,0.243254600293223,0.6314027822941629,0.6628055645883258,0.006149487243196224,0.11413105541810553
1111,8.348206136689615,0.5712256314942312,14.763445144759396,0.9408612861898491,5872.130374459202,0.06010864538266891,0.3541786312253246,0.10835726245064925,0.027755535849714894,0.5506168858528261
1112,8.352008117689182,0.5733378431606571,12.81918650348423,0.4547966258710575,6703.2404962334485,0.7527004135278738,0.7558341909250057,0.9116683818500115,0.014981530462191077,0.29255617095335507
1113,8.887182802790075,0.870657112661153,11.7031979089518,0.1757994772379503,6367.171126918407,0.47264260576533923,0.3827685931996618,0.16553718639932358,0.013676712634022594,0.26619621482873923
1114,7.9589451604092645,0.3549695335607024,14.975558573839491,0.9938896434598729,6578.031091947232,0.6483592432893598,0.49729278158465656,0.39458556316931315,0.003141765527937491,0.053369000564393754
1115,8.614643401062244,0.7192463339234695,12.784879830936317,0.4462199577340794,5967.094873091769,0.13924572757647402,0.6281310865023453,0.6562621730046905,0.02123290077492551,0.4188464803015255
1116,7.983550723288986,0.3686392907161036,13.0909304073639,0.5227326018409749,6735.328830939002,0.7794406924491685,0.4937383845023791,0.38747676900475825,0.014256297979711412,0.2779050096911396
1117,8.425788441706086,0.6143269120589366,11.85388055512583,0.21347013878145726,6864.113231692735,0.8867610264106128,0.5322044685022866,0.4644089370045732,0.028258290030553097,0.5607735359707696
1118,8.402299944978047,0.6012777472100266,12.78729883492409,0.44682470873102265,6257.172261306205,0.38097688442183764,0.5842089121721945,0.5684178243443889,0.009503154348683743,0.181881906034015
1119,8.551746487042696,0.6843036039126091,13.135115753239457,0.5337789383098641,6088.755242397354,0.2406293686644616,0.598103083022872,0.5962061660457438,0.029989501161591423,0.5957474982139681
1120,8.66239035271959,0.7457724181775505,11.951505666178958,0.23787641654473946,6969.7973425779,0.9748311188149169,0.5982554452738302,0.5965108905476604,0.02308930627433137,0.456349621703664
1121,7.789921500958852,0.26106750053269556,13.641638956613262,0.6604097391533155,6733.655947862972,0.778046623219144,0.34071309908176095,0.08142619816352192,0.01612846262963054,0.3157265177703139
1122,8.684670886891118,0.7581504927172882,13.16193782186189,0.5404844554654724,6691.946447099384,0.7432887059161537,0.7454001175568189,0.8908002351136378,0.012339053270262601,0.2391727933386384
1123,9.0606543932221,0.9670302184567227,14.343515938142357,0.8358789845355894,6034.387051499089,0.1953225429159069,0.5043143631113357,0.40862872622267143,0.040057435249314224,0.7991401060467519
1124,7.488535196287618,0.09363066460423186,12.705595394041126,0.4263988485102812,6968.012214518651,0.9733435120988756,0.6424395101187204,0.6848790202374408,0.004801627080217271,0.08690155717610648
1125,8.020824884998826,0.38934715833268085,11.145094118276148,0.03627352956903729,6126.3563810987625,0.2719636509156357,0.7076152770672655,0.815230554134531,0.014049550567372901,0.2737282942903616
1126,8.276016037632898,0.5311200209071656,13.616704130514673,0.6541760326286685,6996.29768104781,0.9969147342065089,0.40916506467065233,0.2183301293413047,0.02091784770351512,0.41248177178818424
1127,8.339735845884205,0.5665199143801138,14.492231173646317,0.8730577934115795,6476.284895314149,0.5635707460951246,0.6627566180141536,0.7255132360283073,0.0005750339769794981,0.0015158379187777404
1128,9.048076932892736,0.9600427404959642,13.915335475381012,0.7288338688452528,5802.543727701346,0.002119773084454768,0.5346899796088745,0.4693799592177491,0.03543838370571927,0.7058259334488741
1129,8.09273475080158,0.42929708377865505,12.010913342878803,0.2527283357197009,6842.399405191732,0.8686661709931096,0.4954069630117589,0.39081392602351783,0.01703072770040141,0.3339540949576042
1130,7.5372484181894075,0.12069356566078193,11.820798366458716,0.20519959161467893,6811.470396909072,0.8428919974242268,0.7356052018306746,0.8712104036613492,0.021169596174183385,0.41756759947845223
1131,8.691238918056024,0.7617993989200136,13.315589796119683,0.5788974490299207,5981.486793558797,0.15123899463233104,0.5988113243727262,0.5976226487454526,0.039121984678398634,0.7802421147151238
1132,8.465901762526803,0.6366120902926687,12.29051289298845,0.3226282232471126,6186.453612376639,0.32204467698053296,0.774151687978804,0.9483033759576079,0.043097034648364826,0.8605461545124207
1133,8.17980510250353,0.4776695013908496,14.768821364481003,0.9422053411202505,6604.382802375037,0.6703190019791972,0.6283863907467651,0.65677278149353,0.049953683311798364,0.9990643093292598
1134,8.688954415530642,0.7605302308503564,12.335444296445445,0.33386107411136146,5995.9974192104955,0.16333118267541313,0.3994189925187927,0.19883798503758543,0.004295702927129855,0.07668086721474454
1135,8.559428126828294,0.6885711815712753,13.103573291962187,0.5258933229905466,6015.794009415688,0.17982834117974034,0.6652212884985844,0.730442576997169,0.01406928481708544,0.27412696600172604
1136,8.530673721772246,0.6725965120956923,13.873233019241123,0.718308254810281,6819.843100491094,0.849869250409245,0.777844991446374,0.955689982892748,0.01024154548143816,0.1967988986149123
1137,7.533472514477333,0.1185958413762962,14.083609957794176,0.7709024894485439,5846.4809969348535,0.03873416411237751,0.5198462910145982,0.4396925820291965,0.025767156679936648,0.5104476096956898
1138,8.577859373844879,0.6988107632471552,12.253331951490583,0.31333298787264596,6362.076783367558,0.46839731947296515,0.48435532712651186,0.36871065425302374,0.020932145740784548,0.4127706210259504
1139,7.9348312649022095,0.34157292494567193,13.959816475691001,0.7399541189227504,5867.139171688368,0.05594930974030665,0.7352584636034541,0.8705169272069083,0.029517477395957708,0.5862116645648021
1140,7.908535409501536,0.32696411638974265,13.443466798741696,0.6108666996854237,6098.474909445475,0.24872909120456244,0.5647528141298066,0.5295056282596132,0.01862314491535239,0.36612413970408864
1141,8.80371240507626,0.824284669486811,12.775775924072992,0.44394398101824795,6475.598832283148,0.5629990269026236,0.49995848055051856,0.39991696110103714,0.046464190126975766,0.9285694975146619
1142,8.695943742681186,0.7644131903784364,14.487474955064389,0.8718687387660972,6043.358066456699,0.2027983887139161,0.4605556002118207,0.3211112004236414,0.028865087980332847,0.5730320804107646
1143,7.789987304937073,0.2611040582983738,14.362426682758601,0.8406066706896502,6411.85097476858,0.5098758123071502,0.682073021258214,0.7641460425164279,0.02647420980304237,0.5247315111725731
1144,8.791601424416891,0.8175563468982734,14.790331207429007,0.947582801857252,5873.479521891032,0.06123293490919368,0.5501972636484123,0.5003945272968245,0.03176693802136328,0.6316553135628945
1145,9.117837898936532,0.9987988327425187,14.886397766624553,0.9715994416561381,6077.7462463735355,0.2314552053112794,0.6528487535280002,0.7056975070560004,0.005960405956613242,0.11031123144673216
1146,7.880131198921268,0.31118399940070485,14.3127199807638,0.8281799951909502,6630.895357826954,0.692412798189128,0.5176786049929216,0.43535720998584315,0.04833039867934471,0.9662706803908022
1147,7.756703501581057,0.24261305643392017,12.225690869159752,0.3064227172899383,6561.728671878121,0.6347738932317671,0.3270365139168522,0.05407302783370438,0.030564757309792873,0.6073688345412701
1148,7.914695364662147,0.33038631370119276,12.2153760903813,0.30384402259532484,6861.455660026599,0.8845463833554992,0.7176611638539626,0.8353223277079252,0.016776485063352428,0.32881788006772583
1149,8.84321893122532,0.8462327395696223,11.058252780664274,0.01456319516606841,6000.213852228244,0.1668448768568701,0.4351613867619291,0.27032277352385825,0.025222167740463132,0.4994377321305683
1150,8.914039027129554,0.8855772372941975,13.169407507720623,0.5423518769301556,6452.564176314441,0.5438034802620341,0.5347898349241029,0.469579669848206,0.000978519017316849,0.00966705085488584
1151,8.765695899256269,0.8031643884757056,13.594100465938602,0.6485251164846506,5859.151982384988,0.049293318654156426,0.5364287048249563,0.47285740964991263,0.0020836923582155525,0.0319937850144556
1152,8.656162778604125,0.74231265478007,14.51425467764907,0.8785636694122674,6799.96911557788,0.8333075963149001,0.6514986892393797,0.7029973784787593,0.032756774207086795,0.6516520041835716
1153,9.063648552076033,0.9686936400422411,12.264589688756041,0.3161474221890105,6072.659253230261,0.22721604435855125,0.607136850122708,0.614273700245416,0.014008459408471214,0.27289816986810533
1154,8.184107717536016,0.4800598430755638,14.188926246127604,0.7972315615319008,6668.50911102105,0.7237575925175417,0.5822484040334355,0.564496808066871,0.048148906931600476,0.9626041804363732
1155,8.807207636652183,0.8262264648067684,11.700038358820239,0.17500958970505975,6180.958252117754,0.3174652100981278,0.7602916618823221,0.9205833237646441,0.04683637954156655,0.936088475587203
1156,7.348812861603745,0.016007145335413697,11.762747157868349,0.19068678946708728,6776.494167741408,0.8137451397845066,0.4329829893591198,0.26596597871823957,0.018482064472882587,0.36327402975520373
1157,7.906885622288524,0.32604756793806866,12.35520596150024,0.33880149037506,5979.652900921228,0.14971075076769047,0.6859245430100992,0.7718490860201984,0.04963470373158042,0.9926202774056649
1158,8.459435604573963,0.6330197803188686,11.83660875714077,0.2091521892851924,6827.915293891192,0.8565960782426596,0.4986025773423266,0.3972051546846532,0.008203683750748765,0.15562997476260132
1159,7.649612523605458,0.18311806866969893,11.868864149980249,0.21721603749506213,6242.30573761549,0.36858811467957553,0.38253608607603096,0.16507217215206194,0.010212475125178167,0.196211618690468
1160,9.070920126063973,0.9727334033688741,13.595436081751215,0.6488590204378037,6313.267025049554,0.4277225208746285,0.6448971209243098,0.6897942418486197,0.04857394614966684,0.9711908313064007
1161,8.604390510467328,0.7135502835929601,12.193781331235222,0.29844533280880536,6579.228355059473,0.6493569625495605,0.534276625235879,0.4685532504717581,0.03275943155363086,0.6517056879521386
1162,8.514669245563951,0.6637051364244175,13.750078243339615,0.6875195608349036,6385.920220747628,0.48826685062302333,0.344248635772807,0.08849727154561404,0.041497615507640424,0.8282346567200085
1163,8.432462783203393,0.6180348795574407,12.400925171531615,0.3502312928829039,6453.6500777080855,0.5447083980900712,0.6865393960911149,0.7730787921822299,0.011323111021778737,0.21864870751068155
1164,7.508956514952158,0.10497584164008733,12.436695115407156,0.35917377885178914,6698.08053505706,0.748400445880883,0.31708306136459197,0.034166122729183956,0.038219452349058894,0.7620091383648261
1165,8.054096836664149,0.40783157592452757,12.2785311176236,0.31963277940590007,6825.902323697418,0.8549186030811817,0.7721331969660152,0.9442663939320305,0.035597667273229196,0.7090437832975595
1166,8.263382919225204,0.5241016217917808,14.620028246398562,0.9050070615996403,6667.791768464961,0.7231598070541344,0.7949969237391125,0.9899938474782249,0.048775444427569106,0.9752615035872546
1167,8.317987250622426,0.5544373614569038,12.416874530095885,0.35421863252397123,6409.513822871469,0.5079281857262238,0.5093206931432153,0.41864138628643044,0.0044540017871002,0.07987882398182222
1168,8.852949145119146,0.851638413955081,13.957931459026867,0.7394828647567167,6360.152678808439,0.4667938990070327,0.5417284670253675,0.4834569340507351,0.0398938393402022,0.795835138185903
1169,8.72489446577144,0.780496925428578,11.170955340582722,0.04273883514568033,6009.165031009608,0.174304192508007,0.7211701271099821,0.8423402542199642,0.04376805408524864,0.8741021027322957
1170,8.740168883723754,0.7889827131798641,14.72070029576781,0.9301750739419522,6368.5799031910055,0.47381658599250465,0.32391509361410314,0.04783018722820631,0.017878221205936923,0.3510751758775136
1171,8.36761908500392,0.5820106027799554,13.009404533051054,0.5023511332627637,6801.286404996451,0.8344053374970427,0.3982853556464933,0.19657071129298664,0.001946728676600544,0.02922684195152614
1172,8.50410562924658,0.657836460692544,14.988768639907072,0.9971921599767678,6483.376201838696,0.5694801681989137,0.6881006189002763,0.7762012378005525,0.04228064514741013,0.8440534373214167
1173,8.468100856635122,0.637833809241734,11.453711882798771,0.11342797069969301,6708.153708952487,0.7567947574604058,0.6824331368259329,0.7648662736518657,0.012256936097140958,0.23751386054830215
1174,8.764794920030495,0.802663844461386,12.915951153832369,0.4789877884580921,6067.486173890304,0.2229051449085866,0.5807124690148653,0.5614249380297305,0.019948214601811513,0.3928932242790204
1175,7.582374310597806,0.14576350588766973,14.57347181004551,0.8933679525113775,6995.466475994,0.996222063328333,0.5334621939673143,0.46692438793462876,0.03135505985416916,0.6233345425084678
1176,8.21767873315154,0.49871040730641114,13.716977267408636,0.6792443168521588,6263.085484733858,0.38590457061154837,0.4994290848116715,0.398858169623343,0.015502485434017953,0.3030805138185445
1177,9.05744871966482,0.9652492887026777,14.650662515855295,0.9126656289638237,6861.780224725795,0.8848168539381626,0.46650783796564743,0.3330156759312949,0.01038716932059217,0.19974079435539738
1178,7.54421746182172,0.12456525656762207,12.319434760341249,0.32985869008531243,6665.071388741926,0.7208928239516047,0.7512921510006358,0.9025843020012717,0.0057712822503650195,0.10649055051242462
1179,7.561535063277799,0.13418614626544367,12.494131808405092,0.373532952101273,6761.206152547103,0.8010051271225858,0.31570381333987024,0.03140762667974051,0.03812105295791477,0.760021271877066
1180,9.043558650263599,0.957532583479777,13.786234516449206,0.6965586291123015,6353.3798917708555,0.461149909809046,0.6394516211729488,0.6789032423458977,0.021216680419539103,0.4185187963543253
1181,7.590440800689728,0.1502448892720708,13.312304367854484,0.5780760919636208,6761.204142513089,0.8010034520942407,0.7799521989467416,0.9599043978934833,0.027508121349951297,0.5456186131303292
1182,8.80407388301251,0.8244854905625062,11.095683250579397,0.023920812644849243,6546.232808199999,0.6218606734999993,0.7670744742707929,0.9341489485415859,0.00605263728530097,0.1121744906121408
1183,7.814052782434818,0.27447376801934287,12.42245295672836,0.3556132391820903,6717.536324486363,0.7646136037386357,0.3739078295858058,0.14781565917161166,0.040972023751331896,0.8176166414410484
1184,8.260441660038905,0.5224675889105032,13.745345162982709,0.6863362907456773,6616.434113531538,0.6803617612762816,0.5495769282278535,0.4991538564557072,0.0032317973207124564,0.0551878246608577
1185,8.642434406495003,0.734685781386113,13.043190581518441,0.5107976453796103,6087.934476477045,0.23994539706420415,0.7226164001333291,0.8452328002666581,0.02220575341235704,0.43850006893650584
1186,7.8601457041175244,0.30008094673195806,13.121976984295861,0.5304942460739652,5885.2803570779915,0.07106696423165926,0.484070236675841,0.368140473351682,0.01593510285698798,0.3118202597371309
1187,8.23459652846888,0.5081091824827105,13.70854649361383,0.6771366234034576,6015.520874850919,0.17960072904243285,0.6536677449746712,0.7073354899493424,0.027866852169226675,0.5528657003884176
1188,7.570535332370721,0.13918629576151165,12.592277419140347,0.39806935478508665,5891.18976958223,0.07599147465185863,0.5097673298743879,0.4195346597487758,0.012723318400628545,0.24693572526522312
1189,8.91791185998897,0.8877288111049841,11.436337435327635,0.10908435883190881,6739.649960727024,0.7830416339391867,0.36845727908930015,0.13691455817860032,0.026888144792515938,0.5330938341922411
1190,8.716063376531004,0.775590764739447,14.677979886682888,0.9194949716707221,5845.262769804625,0.03771897483718767,0.41066635969557874,0.2213327193911575,0.03976192703841901,0.7931702432003839
1191,8.53025257520132,0.6723625417785112,14.270124574321947,0.8175311435804871,6710.871912044526,0.7590599267037718,0.7030973291710412,0.8061946583420825,0.003746492760310621,0.0655857123295075
1192,9.06347148942665,0.9685952719036954,13.776277753304306,0.6940694383260767,6560.992300590189,0.6341602504918243,0.7784515706319257,0.9569031412638516,0.02052576687944527,0.4045609470595004
1193,7.999778925230509,0.3776549584613941,11.449121034484808,0.11228025862120194,6577.307451985045,0.6477562099875379,0.5855350398556054,0.5710700797112109,0.04001288879614331,0.7982401776998648
1194,8.847069097063617,0.8483717205908986,12.444076098810465,0.36101902470261626,6535.91176448021,0.6132598037335084,0.5998716741786132,0.5997433483572264,0.0007290805626791103,0.0046278901551335405
1195,8.77637712357092,0.8090984019838455,12.351353584410568,0.33783839610264166,6918.409109398918,0.9320075911657653,0.6657857550180746,0.7315715100361491,0.006830670547673378,0.12789233429643188
1196,9.110250004459116,0.9945833358106208,13.436328962277452,0.609082240569363,6553.75893621288,0.6281324468440671,0.3164865453944189,0.03297309078883781,0.01569193582899451,0.3069077945251416
1197,8.063847911038838,0.4132488394660211,13.467425164808791,0.6168562912021975,5828.366447730036,0.023638706441696633,0.7118514501506196,0.8237029003012392,0.003152595456093578,0.053587786991789454
1198,8.475220592387725,0.6417892179931802,13.876852609816863,0.7192131524542159,6180.68333893196,0.3172361157766329,0.4692053774756098,0.33841075495121964,0.030468415595653598,0.6054225372859312
1199,7.438653032255911,0.06591835125328371,13.786470969151743,0.6966177422879359,6188.3233525517335,0.32360279379311163,0.7178307155374364,0.8356614310748728,0.02275191154426497,0.44953356655080745
1200,8.655355919158337,0.74186439953241,11.185870969029413,0.046467742257353395,5852.791948663965,0.043993290553304365,0.31720787232324493,0.03441574464648989,0.022050688865908923,0.4353674518365439
1201,8.330683291936749,0.5614907177426385,14.29817712690518,0.8245442817262952,6231.648589630204,0.35970715802517006,0.5470692824358254,0.49413856487165075,0.048252129730014644,0.9646894894952452
1202,7.468974392518489,0.08276355139916036,12.25445549381491,0.3136138734537278,6748.90209107141,0.7907517425595078,0.6270644157609792,0.6541288315219583,0.013530643807776046,0.2632453294500211
1203,7.79307695651228,0.26282053139571115,11.434656411479065,0.10866410286976613,6246.421318186359,0.37201776515529916,0.33878369031769784,0.0775673806353957,0.04575756188609538,0.9142941795170784
1204,8.920467293486503,0.889148496381391,12.79717646194395,0.4492941154859875,6576.311824670448,0.6469265205587065,0.7812844506084216,0.962568901216843,0.016353653152717744,0.32027582126702514
1205,7.834113162610267,0.2856184236723708,13.834853571705002,0.7087133929262506,6490.1041104475535,0.5750867587062943,0.4998130996775807,0.3996261993551614,0.016425554846097257,0.3217283807292375
1206,7.394118068044591,0.041176704469217174,14.073063034670163,0.7682657586675407,6900.353138564615,0.9169609488038459,0.41321686999585666,0.22643373999171335,0.012378969597688503,0.23997918379168692
1207,7.70135015473467,0.21186119707481688,14.535953279130894,0.8839883197827236,6566.23825901287,0.6385318825107249,0.6098069041854677,0.6196138083709353,0.019816607670196173,0.39023449838780144
1208,8.20304533015028,0.49058073897237797,12.496886209834972,0.374221552458743,6263.583016122222,0.38631918010185196,0.7330032420119564,0.8660064840239129,0.015554130934240256,0.3041238572573789
1209,8.53216555764681,0.6734253098037832,12.261257436630082,0.3153143591575206,6324.300580528628,0.4369171504405235,0.7931828253639963,0.9863656507279925,0.01484011900102058,0.2896993737579915
1210,7.383673611647072,0.03537422869281737,12.978972803940277,0.4947432009850693,6146.983285463082,0.28915273788590157,0.3127153233874587,0.025430646774917465,0.04801119220551548,0.9598220647578884
1211,7.8455430667005635,0.2919683703892021,11.32717981673871,0.08179495418467764,6899.245464789196,0.9160378873243303,0.661049004405239,0.7220980088104779,0.04654063546877099,0.9301138478539593
1212,7.602589323815795,0.1569940687865523,12.034231486498104,0.2585578716245258,6165.363436029355,0.30446953002446264,0.6523536749865184,0.704707349973037,0.025265620147914267,0.5003155585437226
1213,8.696592747100118,0.7647737483889546,13.712436049300365,0.6781090123250912,6989.090570209524,0.990908808507937,0.3892240982244295,0.178448196448859,0.002961195973541523,0.04972113077861662
1214,8.301617100533088,0.545342833629493,11.997027198604776,0.2492567996511943,6783.056895759549,0.8192140797996239,0.5129034113822875,0.42580682276457493,0.01141312172327802,0.2204671055207681
1215,8.506981563837611,0.6594342021320062,13.672072543228698,0.6680181358071744,6972.2720413512125,0.9768933677926774,0.319434000050497,0.038868000100994005,0.03603421792179686,0.7178629883191285
1216,7.355905327546541,0.0199474041925225,12.162246157857025,0.2905615394642561,5969.388132706038,0.1411567772550314,0.7447724318322582,0.8895448636645165,0.04584446553880342,0.9160498088647154
1217,8.138825357652774,0.45490297647376343,11.8512483275997,0.21281208189992507,5810.64480418456,0.008870670153799831,0.3767336252431281,0.1534672504862562,0.030771437048427285,0.6115441827965108
1218,7.418647709544835,0.05480428308046381,14.538018642001997,0.8845046605004994,6972.169774011036,0.9768081450091965,0.674405517122034,0.7488110342440681,0.005552690858197257,0.10207456279186378
1219,7.376412660570318,0.031340366983509726,13.82070072153503,0.7051751803837575,6594.0588268563815,0.6617156890469844,0.40769971290886015,0.2153994258177203,0.010844132000077977,0.20897236363793892
1220,7.444276614926309,0.06904256384794971,11.269827639298324,0.06745690982458075,6749.796994328248,0.7914974952735396,0.41978039517867094,0.2395607903573419,0.04585827150223097,0.9163287172167872
1221,7.451290470645042,0.07293915035835652,11.156497989549976,0.039124497387493906,6433.500144063697,0.5279167867197477,0.722120691369095,0.8442413827381899,0.04152149633683857,0.8287170977139104
1222,8.965778492376053,0.9143213846533637,13.732115660605931,0.6830289151514826,6709.629446403589,0.7580245386696576,0.36228986905328436,0.12457973810656875,0.010461856585474194,0.20124962798937762
1223,7.501853084803926,0.10102949155773655,13.064930677293997,0.5162326693234994,6674.4190964700965,0.7286825803917468,0.7351253138310856,0.8702506276621712,0.008561940720803062,0.16286748930915274
1224,8.2839410102808,0.5355227834893338,13.30663827700872,0.5766595692521798,6527.675712535024,0.6063964271125201,0.3436736432425892,0.08734728648517842,0.03180385976669316,0.6324012074079426
1225,8.21449116778056,0.49693953765586674,12.631798431924974,0.4079496079812436,6570.595847498415,0.6421632062486797,0.5051060170167534,0.4102120340335068,0.010398786537683098,0.19997548560975953
1226,8.54685103920985,0.6815839106721394,12.998016219137533,0.4995040547843832,6749.271282058828,0.7910594017156893,0.7721341990381488,0.9442683980762977,0.01969621380252118,0.38780229904083185
1227,7.345911311637037,0.014395173131687367,13.084930588892254,0.5212326472230635,6073.131939026997,0.22760994918916455,0.5774370827022117,0.5548741654044235,0.024525308211166708,0.48535976184175167
1228,8.943023804155436,0.9016798911974648,14.56654548332091,0.8916363708302274,6493.896070479255,0.5782467253993793,0.4486053044142684,0.2972106088285368,0.029380432912371253,0.5834430891388132
1229,7.885542030964148,0.3141900172023041,14.358534853105857,0.8396337132764641,6177.184530185387,0.3143204418211559,0.6681889569425931,0.7363779138851861,0.04171259528455735,0.83257768251631
1230,9.00155367626057,0.9341964868114285,14.977237611335077,0.9943094028337695,5932.256825376289,0.11021402114690759,0.37698414746665226,0.15396829493330455,0.013457279761166578,0.2617632274983147
1231,8.645403020523908,0.736335011402171,14.659290816215664,0.914822704053916,6561.261449238968,0.6343845410324739,0.5911006462191589,0.5822012924383179,0.04119403926797256,0.822101803393385
1232,9.042155703823273,0.9567531687907079,14.256675833611364,0.8141689584028412,6927.697927883834,0.9397482732365285,0.5419535525584576,0.48390710511691504,0.0009912947820101357,0.009925147111315868
1233,8.041910822975492,0.40106156831971784,14.383771768732544,0.8459429421831358,6598.91681763354,0.6657640146946162,0.310030491953626,0.020060983907251972,0.021822379803270064,0.43075514754080935
1234,7.351117024210463,0.01728723567247925,14.273122292132282,0.8182805730330703,6307.639689422457,0.42303307451871464,0.49542791813325415,0.3908558362665083,0.0019892828460376516,0.030086522142174776
1235,7.575498834469845,0.14194379692769132,14.603132178196816,0.900783044549204,6461.471806627951,0.5512265055232928,0.7764913164593713,0.9529826329187426,0.025454879717174236,0.5041389841853381
1236,7.7084707492511315,0.2158170829172953,12.032996656284432,0.25824916407110776,6999.394439541957,0.9994953662849637,0.441554054016759,0.28310810803351805,0.03894074869910519,0.7765807818001047
1237,8.574127657546928,0.6967375875260711,13.688326651517896,0.672081662879474,6104.569778667384,0.25380814888948666,0.49273333590563206,0.38546667181126415,0.031092713991280534,0.6180346260864754
1238,8.18353698293305,0.47974276829613915,13.344640339122439,0.5861600847806097,6451.8931524222735,0.543244293685228,0.526838456335663,0.4536769126713258,0.03547681678618678,0.7066023593169045
1239,7.669095253043915,0.19394180724661925,13.593309665740566,0.6483274164351414,6109.32864418423,0.25777387015352493,0.323625017620667,0.047250035241333976,0.044366613279667684,0.8861942076700542
1240,7.994671231958982,0.3748173510883237,14.922200620800643,0.9805501552001606,6745.016008423979,0.7875133403533159,0.6266333217174137,0.6532666434348274,0.040250267206028326,0.8030357011318854
1241,7.39844895457053,0.04358275253918331,11.643918087427087,0.1609795218567719,6864.312812786871,0.8869273439890593,0.3507990307045875,0.10159806140917504,0.03199037057085161,0.6361691024414466
1242,9.074672560280588,0.9748180890447717,14.785084184481263,0.9462710461203159,6407.603329355,0.5063361077958329,0.3910738062788765,0.18214761255775302,0.04551126378775051,0.9093184603585961
1243,8.453337618168549,0.6296320100936382,12.49571638405606,0.37392909601401514,6361.306257278118,0.46775521439843193,0.3850569375360557,0.1701138750721114,0.049686300586500504,0.9936626381111212
1244,8.685787994483738,0.7587711080465209,14.488024440246619,0.872006110061655,6036.974909642752,0.19747909136896036,0.7402308915644957,0.8804617831289914,0.02802880243789992,0.5561374229878772
1245,8.29837486158656,0.5435415897703108,14.845439606457273,0.9613599016143181,6327.961714460805,0.43996809538400417,0.7179644711933512,0.8359289423867023,0.0252994666250029,0.5009993257576343
1246,7.558897216295583,0.13272067571976853,12.311337218194046,0.32783430454851137,6129.308877725975,0.27442406477164605,0.7976066698140272,0.9952133396280542,0.023871042536799923,0.4721422734707055
1247,7.420478426125359,0.055821347847421654,12.386098721709,0.3465246804272504,5900.044160254707,0.0833701335455892,0.3879127360639023,0.17582547212780464,0.008840225309103783,0.16848940018391478
1248,8.509757906865156,0.6609766149250866,12.570170390889967,0.3925425977224919,6943.426309655369,0.9528552580461406,0.7972674514056924,0.9945349028113849,0.027919055065757387,0.5539203043587351
1249,8.991515557795434,0.9286197543307975,12.403736681111369,0.350934170277842,6112.168187466921,0.2601401562224346,0.5563114994664535,0.5126229989329072,0.02455820175987636,0.4860242779773002
1250,9.021621239695554,0.9453451331641969,13.69603578288112,0.6740089457202799,6003.8430408438735,0.16986920070322775,0.7427070262835831,0.8854140525671663,0.0199364422009169,0.39265539799832117
1251,8.109905042748279,0.4388361348601555,13.388666638356929,0.5971666595892321,5970.619261053615,0.14218271754467937,0.5122876276718267,0.4245752553436535,0.00869149559367054,0.1654847594680917
1252,9.00955022570509,0.9386390142806058,11.023702140037102,0.005925535009275729,6364.866910005044,0.47072242500420347,0.3889580842453928,0.17791616849078562,0.027158978840086074,0.5385652290926479
1253,7.499868484915893,0.0999269360643853,12.253413150014389,0.31335328750359714,6641.732454477617,0.7014437120646803,0.5174579462325346,0.43491589246506934,0.021616509527043,0.4265961520614747
1254,7.6372334834627855,0.17624082414599185,13.124613891902127,0.5311534729755317,6119.229066511932,0.26602422209327625,0.4829571325597252,0.36591426511945047,0.02815796851611856,0.5587468387094658
1255,8.601420054742215,0.7119000304123417,13.436302551962713,0.6090756379906783,6780.410874267404,0.8170090618895037,0.7619315840634168,0.9238631681268336,0.002678890553182629,0.044017990973386434
1256,8.705048235198934,0.7694712417771854,14.054307088272562,0.7635767720681403,6121.286022000677,0.26773835166723114,0.35489941393454877,0.10979882786909756,0.026305053997980703,0.5213142221814283
1257,8.302468716154847,0.5458159534193592,11.759583797956921,0.18989594948923028,6550.861961410704,0.6257183011755862,0.6572431961309153,0.7144863922618306,0.006549572953678513,0.12221359502380835
1258,8.986733802039664,0.9259632233553695,12.105958144705795,0.27648953617644867,6903.504458808335,0.919587049006946,0.3032816004240228,0.006563200848045625,0.021756617266815874,0.4294266114508257
1259,9.000932666500262,0.9338514813890346,13.71767935062563,0.6794198376564077,6364.558496553417,0.47046541379451423,0.3902141220725413,0.18042824414508263,0.04804222929755558,0.9604490767182945
1260,7.640447927204862,0.17802662622492327,13.705089201687523,0.6762723004218806,6930.949640935092,0.9424580341125764,0.4183719835458778,0.2367439670917556,0.024989619582085707,0.494739789537085
1261,8.79485903278052,0.819366129322512,12.513393204605968,0.3783483011514923,6618.515794651976,0.6820964955433129,0.35356704978456677,0.10713409956913356,0.00734158295867471,0.13821379714494364
1262,8.513888067877456,0.6632711488208088,12.600217055973669,0.40005426399341715,6394.235469397615,0.49519622449801215,0.7965013042204114,0.9930026084408228,0.022941010237959247,0.4533537421809949
1263,7.5845045956656065,0.1469469975920037,11.769332733810042,0.19233318345251083,6364.677320600401,0.4705644338336671,0.40627621499204414,0.2125524299840883,0.0018688622063393263,0.027653781946249012
1264,7.949244435312563,0.3495802418403128,14.467524108428421,0.866881027107105,5952.138169457736,0.12678180788144633,0.5854607702362774,0.5709215404725548,0.01680938835437615,0.3294825930177
1265,8.868018909518806,0.8600105052882261,11.310488315425125,0.07762207885628147,5816.543792250734,0.013786493542278788,0.40309841661202817,0.20619683322405635,0.017709495319956442,0.34766657212033214
1266,9.029678766828173,0.949821537126763,13.615199239096055,0.6537998097740138,6180.715150906278,0.31726262575523145,0.3655742154258062,0.13114843085161243,0.03226168199459983,0.641650141305047
1267,9.04554023064835,0.9586334614713051,11.630048576777199,0.1575121441942997,6564.3265893069665,0.6369388244224718,0.5747982672341433,0.5495965344682866,0.02432091205747487,0.4812305466156539
1268,7.688994684107041,0.20499704672613417,12.190707510998795,0.29767687774969875,6538.12590665136,0.6151049222094667,0.7613519363561221,0.9227038727122443,0.02678369702154159,0.5309837782129614
1269,8.890710013192347,0.8726166739957483,13.315027660556204,0.578756915139051,6167.075465849373,0.3058962215411444,0.3630822401607417,0.12616448032148342,0.025434279884262903,0.5037228259447051
1270,7.625806861094432,0.16989270060801787,12.56758628998006,0.39189657249501486,6872.4127883164765,0.8936773235970633,0.5133797378569351,0.4267594757138703,0.017703393336886024,0.34754329973507114
1271,9.021579852381134,0.9453221402117419,11.13795084753334,0.03448771188333499,6342.447455347907,0.4520395461232555,0.7219369927063757,0.8438739854127515,0.018146358650660287,0.35649209395273307
1272,8.176551806348654,0.4758621146381413,12.689064733276199,0.42226618331904986,6485.550412176837,0.5712920101473643,0.6104996266436811,0.6209992532873622,0.04246953310534129,0.8478693556634603
1273,8.016222699413499,0.38679038856305514,13.044133111575563,0.5110332778938909,6296.943739775698,0.4141197831464153,0.5559565572806453,0.5119131145612905,0.03316877381228948,0.6599752285311005
1274,7.658981871083034,0.18832326171279679,14.578063070339901,0.8945157675849751,6693.76495136557,0.744804126137975,0.3149334985037854,0.029866997007570784,0.01948960432380954,0.38362837017797047
1275,9.110475673322952,0.9947087074016405,14.666450188885815,0.9166125472214537,6417.435368151318,0.5145294734594311,0.394474198639667,0.188948397279334,0.0014107284796832042,0.018398555145115236
1276,7.659391809907367,0.18855100550409298,12.316368552738162,0.3290921381845404,6123.77408290757,0.26981173575630857,0.5616428991413176,0.5232857982826351,0.04735879439057952,0.9466423109207984
1277,8.382700908259142,0.590389393477302,14.185266953014033,0.7963167382535083,6952.290345013175,0.9602419541776462,0.3921097491622266,0.18421949832445317,0.018153262764381933,0.3566315709976148
1278,7.741700541818762,0.23427807878820128,13.338349128750046,0.5845872821875113,6755.488550615686,0.7962404588464053,0.4016028684708384,0.20320573694167687,0.03356974107998665,0.6680755773734676
1279,8.507713311246118,0.659840728470066,11.562108612768325,0.14052715319208142,5838.685007523344,0.03223750626945332,0.6463851575747559,0.6927703151495117,0.002375933733665798,0.037897651185167636
1280,7.818501375182091,0.2769452084344951,11.254737649627462,0.0636844124068654,6401.338636325985,0.5011155302716539,0.3511120980029561,0.10222419600591226,0.013885335687692464,0.2704108219735851
1281,8.028375255266205,0.393541808481225,14.22756050091079,0.8068901252276979,6037.628845651461,0.19802403804288438,0.4787616154672782,0.3575232309345564,0.026986840548823367,0.5350876878550175
1282,7.664374422564258,0.1913191236468097,13.202780433244742,0.5506951083111855,6705.368728904394,0.7544739407536611,0.36220909812491203,0.12441819624982409,0.028879679175953233,0.5733268520394592
1283,7.397235090149359,0.042908383416310536,11.220837342174569,0.05520933554364227,6187.206589426574,0.32267215785547887,0.3494087735410134,0.09881754708202684,0.0217545434470934,0.42938471610289697
1284,8.854539426470966,0.8525219035949817,12.833330683545693,0.45833267088642327,5847.021965327553,0.0391849711062936,0.41489393700420385,0.22978787400840772,0.03181113323487216,0.6325481461590335
1285,7.5913237419952715,0.15073541221959497,12.663419079405363,0.41585476985134096,5959.7355029227465,0.13311291910228895,0.39177961812517365,0.1835592362503473,0.002548752570303602,0.04138894081421418
1286,7.444044982469758,0.06891387914986546,11.556520056489909,0.13913001412247716,6800.800226611493,0.8340001888429102,0.39590559986156953,0.1918111997231391,0.028530291061365592,0.566268506290214
1287,9.019275899029036,0.9440421661272425,12.381132670758056,0.3452831676895143,6395.900578869924,0.4965838157249365,0.3246912157064535,0.04938243141290699,0.027822977320019513,0.551979339798374
1288,7.422142086225877,0.056745603458820626,13.636749493494431,0.6591873733736076,5932.682683830091,0.11056890319174262,0.3647904866146854,0.1295809732293708,0.0136136577414783,0.2649223786157232
1289,7.609980171804577,0.1611000954469871,14.776977472836528,0.9442443682091317,6377.361733645594,0.48113477803799487,0.5577876596300791,0.5155753192601583,0.018471585650427263,0.3630623363722679
1290,8.744309401947982,0.7912830010822123,14.73674602105039,0.9341865052625976,5800.046801051571,3.900087630903659e-05,0.7471858831255872,0.8943717662511744,0.020478032094697906,0.403596607973695
1291,8.709796499217259,0.772109166231811,14.650399788952393,0.9125999472380983,5993.740219979991,0.16145018331665917,0.47983650772917896,0.35967301545835795,0.013672723538749584,0.2661156270454461
1292,8.821670170885398,0.8342612060474439,14.034325633433562,0.7585814083583907,6876.1029448318095,0.896752454026508,0.5699721430477686,0.5399442860955371,0.04109009476282961,0.8200019144005982
1293,7.607107535307711,0.15950418628206153,11.999627469475957,0.24990686736898926,6171.261611679675,0.3093846763997291,0.600069106314655,0.6001382126293102,0.04381815245426728,0.8751141909952985
1294,8.174329208427869,0.47462733801548307,12.489069428601596,0.3722673571503987,6118.318171332883,0.26526514277740243,0.3291954824382347,0.05839096487646944,0.02790512481888203,0.55363888522994
1295,7.556589700013114,0.13143872222950748,13.705247086545445,0.6763117716363614,6082.285787717448,0.23523815643120705,0.5075277233975339,0.4150554467950678,0.022600634511090602,0.4464774648705172
1296,8.980736219785333,0.9226312332140743,12.014973271568012,0.2537433178920031,6593.055641801204,0.6608797015010031,0.651970697729586,0.703941395459172,0.030499617374949807,0.6060528762616122
1297,9.060421879163563,0.9669010439797572,12.8446193695621,0.46115484239052507,6568.40809731603,0.6403400810966917,0.4663958954480893,0.3327917908961786,0.04255717681766638,0.849639935710432
1298,7.585199745323502,0.1473331918463897,13.43734104279015,0.6093352606975374,6524.925442248832,0.6041045352073601,0.5906710160860041,0.5813420321720083,0.013871523919428657,0.27013179635209406
1299,8.025513760644246,0.39195208924680325,13.018186075372263,0.5045465188430659,6285.584262743514,0.4046535522862613,0.7928977689872978,0.9857955379745955,0.007751431843722392,0.14649357260045237
1300,7.476521866845538,0.08695659269196587,13.330766721355275,0.5826916803388187,6596.984162747596,0.6641534689563301,0.47092791406868784,0.3418558281373757,0.03466549301119376,0.6902119800241163
1301,7.841956274629221,0.2899757081273452,11.063017461240653,0.015754365310163276,6046.974504925898,0.2058120874382483,0.5767714977270346,0.5535429954540693,0.034886532839958774,0.6946774311102782
1302,7.903308098426251,0.32406005468125054,11.08583806387724,0.02145951596930984,6930.8156353386,0.9423463627821665,0.6699937791194831,0.7399875582389662,0.02001501583046349,0.39424274404976745
1303,8.664088892070183,0.7467160511501016,12.369326922258479,0.3423317305646195,5844.167665664638,0.036806388053864714,0.322078366882436,0.04415673376487206,0.008436431201906871,0.16033194347286606
1304,7.868289361678491,0.30460520093249466,11.119045700443666,0.029761425110916395,6571.873197407885,0.6432276645065707,0.31374773405274897,0.027495468105497967,0.04711282579002623,0.9416732482833581
1305,7.490691153907908,0.09482841883772619,13.397553509968827,0.5993883774922064,6230.7950947073705,0.358995912256142,0.30030205835706963,0.0006041167141392911,0.024573218821378657,0.48632765295714453
1306,8.282884398662123,0.5349357770345133,13.66210833402944,0.6655270835073601,6618.898343473341,0.682415286227784,0.5298733894373587,0.4597467788747175,0.002163859092732738,0.03361331500470177
1307,8.977823674898733,0.9210131527215192,14.863057932872685,0.9657644832181713,5872.784464263417,0.06065372021951465,0.45896068760498576,0.31792137520997155,0.03851117910470329,0.7679026081758239
1308,8.205887900626873,0.4921599447927072,12.546810018175186,0.3867025045437964,6478.3307656799325,0.5652756380666102,0.5402641778999288,0.48052835579985753,0.014550923857517774,0.2838570476266217
1309,7.540937439661376,0.12274302203409759,12.373454626523085,0.3433636566307712,6661.4949876540995,0.7179124897117494,0.615213785023673,0.6304275700473461,0.019198801837311645,0.3777535724709423
1310,7.940579336044007,0.34476629780222634,14.021426547359571,0.7553566368398926,6237.427656902942,0.3645230474191181,0.3559846901927062,0.11196938038541238,0.034779883516960305,0.6925228993325314
1311,7.822866808436471,0.2793704491313729,14.769446590208515,0.9423616475521288,6543.35523917384,0.6194626993115335,0.7713167079359513,0.9426334158719025,0.0013096594392584537,0.016356756348655632
1312,7.9833594174251195,0.36853300968062197,11.261580437130824,0.06539510928270587,6038.107953104178,0.19842329425348115,0.43642315893577627,0.27284631787155256,0.012519729884864,0.24282282595684845
1313,7.537781406114474,0.12098967006359684,13.648954656769432,0.6622386641923578,6673.972930574051,0.728310775478376,0.6945532687043474,0.7891065374086949,0.014283721311410673,0.2784590163921348
1314,7.566392618711623,0.13688478817312377,14.46494894138521,0.8662372353463026,6431.983940021837,0.526653283351531,0.7037924437103562,0.8075848874207123,0.04811935968180322,0.9620072662990549
1315,8.378370661966278,0.5879837010923766,12.648148712086304,0.4120371780215757,6628.102076459702,0.6900850637164184,0.6453067750049479,0.690613550009896,0.025501452947448277,0.5050798575242076
1316,7.615475238972701,0.1641529105403896,13.86159498010457,0.7153987450261424,6908.367513487508,0.9236395945729232,0.5025627309373646,0.4051254618747292,0.017259688684108935,0.338579569375938
1317,7.440756476088264,0.06708693116014675,13.24778807206246,0.5619470180156151,6297.461533462741,0.41455127788561685,0.41084983601884795,0.22169967203769592,0.04032972508327796,0.804640910773292
1318,8.03515292980478,0.39730718322487835,12.552269344991949,0.38806733624798695,6357.3939810359425,0.4644949841966186,0.41848668409347073,0.23697336818694148,0.021122531259577512,0.416616793122778
1319,7.775705006863535,0.2531694482575194,12.310845960334937,0.32771149008373446,6396.76323144471,0.4973026928705917,0.6266345418641048,0.6532690837282096,0.021341565091944178,0.4210417190291753
1320,7.991768915349738,0.3732049529720767,12.887948132705878,0.4719870331764694,6550.678990339986,0.6255658252833218,0.7052703660683297,0.8105407321366594,0.032452523998663226,0.6455055353265298
1321,8.722755729949652,0.7793087388609179,12.755812393394438,0.4389530983486095,6279.390693415262,0.3994922445127179,0.5934962899789579,0.5869925799579158,0.03134881793845004,0.6232084432010109
1322,8.229339049717497,0.5051883609541654,12.567459923828038,0.3918649809570094,6419.512845392946,0.5162607044941214,0.5496187180297814,0.4992374360595627,0.03197373517229031,0.6358330337836426
1323,8.82182351065809,0.8343463948100505,14.548452670800518,0.8871131677001295,6592.551601548583,0.6604596679571527,0.3354494089947745,0.070898817989549,0.04611817502917848,0.9215792935187572
1324,8.249377985542873,0.5163211030793736,14.445687865153385,0.8614219662883464,5858.540652113392,0.04878387676116014,0.5605693955833522,0.5211387911667043,0.003545784654955946,0.061531003130423145
1325,8.903594846803346,0.8797749148907483,13.137914720544416,0.5344786801361037,6359.943701213453,0.4666197510112111,0.5017586681351995,0.403517336270399,0.005467611831768105,0.10035579458117383
1326,8.009616583567414,0.3831203242041188,11.367437015565752,0.09185925389143823,6785.020430398286,0.8208503586652385,0.692770132557335,0.7855402651146699,0.006256086095544532,0.1162845675867582
1327,8.527690627135573,0.6709392372975412,14.175927197673225,0.7939817994183065,6278.542528497246,0.39878544041437214,0.4643096743374299,0.32861934867485987,0.00752067125779911,0.1418317425818002
1328,8.041881564640018,0.40104531368889884,11.87310589272564,0.21827647318140975,6933.142053408097,0.9442850445067478,0.3447683794645174,0.08953675892903479,0.009267895699274182,0.17712920604594307
1329,7.357172397025592,0.02065133168088451,11.183184342910856,0.04579608572771421,6295.0294397166845,0.41252453309723713,0.3126597367771261,0.025319473554252236,0.013631844722307216,0.26528979236984274
1330,7.607966800201271,0.1599815556673726,12.636940061466207,0.4092350153665517,5911.766722619711,0.0931389355164256,0.43511298513513424,0.2702259702702685,0.0069508825464397635,0.1303208595240356
1331,8.470383433746374,0.6391019076368748,12.79486477618535,0.4487161940463372,6901.022018716635,0.9175183489305292,0.7770646879891837,0.9541293759783674,0.014035067581466961,0.27343570871650424
1332,8.897783078298811,0.876546154610451,14.341606164770049,0.8354015411925124,6864.9718998063745,0.8874765831719791,0.6087384309505257,0.6174768619010513,0.04385902820235725,0.8759399636839847
1333,7.882566873942277,0.312537152190154,13.677837603676869,0.6694594009192173,6026.000714862671,0.18833392905222568,0.7015195534818228,0.8030391069636456,0.027289159249630993,0.5411951363561817
1334,8.421294984046916,0.6118305466927312,13.488266281365718,0.6220665703414295,6922.461262527756,0.9353843854397966,0.37680397938067206,0.15360795876134414,0.015970014429158963,0.31252554402341337
1335,8.336650616634449,0.5648058981302492,11.663212467526908,0.16580311688172666,6994.166409937628,0.9951386749480231,0.6275264415707101,0.6550528831414203,0.026000064533405857,0.515152818856684
1336,8.285597235350314,0.5364429085279527,13.15219055296537,0.5380476382413427,6218.41862192621,0.34868218493850867,0.30181357680484383,0.0036271536096876833,0.026860581304681816,0.532536996054178
1337,9.084522079101736,0.9802900439454093,13.765374933035204,0.6913437332588009,6386.152125488393,0.4884601045736605,0.30602599307182116,0.012051986143642335,0.04807145858456711,0.961039567364992
1338,7.7839699058712215,0.2577610588173451,14.349126563319997,0.8372816408299991,5835.325263268763,0.029437719390635442,0.5500565079527645,0.500113015905529,0.02930521928415227,0.581923621902066
1339,8.198248220444293,0.48791567802460756,12.843667619044872,0.4609169047612178,6457.910724683788,0.5482589372364907,0.4260643458940221,0.2521286917880442,0.04002128963482789,0.7984098916126847
1340,7.770756998507221,0.25042055472623415,12.117883820152672,0.2794709550381679,6235.055551774427,0.362546293145356,0.36878989895875647,0.13757979791751296,0.042176222496220876,0.8419438888125429
1341,7.801983313849894,0.26776850769438587,13.270668180869562,0.5676670452173904,6037.302461173277,0.19775205097773085,0.5440313460938178,0.48806269218763554,0.001975250495308604,0.029803040309264728
1342,7.7410479325042445,0.23391551805791333,13.09778696934547,0.5244467423363677,6568.357092903621,0.6402975774196847,0.5147813321123129,0.42956266422462575,0.016686672991767123,0.32700349478317414
1343,7.646920328063704,0.18162240447983558,13.376822983714664,0.5942057459286662,6761.197033484754,0.8009975279039613,0.6282971716731596,0.6565943433463192,0.0020698594017058945,0.03171433134759383
1344,7.947469402855346,0.34859411269741447,13.904687478932809,0.7261718697332022,6592.6693729855315,0.6605578108212765,0.42775363724002774,0.2555072744800555,0.009647079765070074,0.18478949020343582
1345,7.728398504980033,0.2268880583222409,12.843550067351003,0.46088751683775075,6350.03398224063,0.458361651867192,0.7158235655354391,0.8316471310708783,0.0006122344051581561,0.0022673617203667895
1346,8.918284238750193,0.8879356881945518,12.37756837952831,0.34439209488207745,6111.846912820018,0.2598724273500145,0.33506131370792414,0.0701226274158483,0.014943030089131157,0.29177838563901326
1347,9.002937031254483,0.9349650173636024,13.950100475689723,0.7375251189224309,6368.773215596486,0.4739776796637384,0.613950795987741,0.6279015919754822,0.03712210994101842,0.739840604869059
1348,7.42256636722267,0.05698131512370519,13.316926563800596,0.5792316409501488,6081.5904403049735,0.23465870025414481,0.34833295654733976,0.09666591309467953,0.0011441213446459321,0.01301255241708954
1349,7.880301161701184,0.3112784231673247,11.016914201336927,0.004228550334231862,6409.214317506229,0.5076785979218578,0.308374220383833,0.016748440767666017,0.006380257240955579,0.11879307557486019
1350,7.646410976858902,0.18133943158827848,14.445119109405269,0.8612797773513172,6507.971212704129,0.5899760105867746,0.478293091776388,0.35658618355277605,0.014566842211200557,0.28417863052930414
1351,7.767057911711344,0.2483655065063023,13.320235706520789,0.5800589266301973,5965.114131748046,0.1375951097900382,0.6846355692664124,0.7692711385328249,0.01682226575047974,0.3297427424339341
1352,7.762696427326848,0.24594245962602668,11.273633226908235,0.06840830672705844,6548.130781504336,0.6234423179202799,0.5763432035792568,0.5526864071585138,0.04025270559012403,0.8030849614166471
1353,7.651221963053747,0.18401220169652577,12.532762159856425,0.38319053996410624,6701.981737474129,0.7516514478951076,0.5114891099554082,0.4229782199108163,0.03201109501462676,0.6365877780732678
1354,8.938707409895393,0.8992818943863301,13.80348202578062,0.7008705064451549,6307.593537610756,0.42299461467563015,0.6144472845952169,0.6288945691904338,0.007189123199353083,0.13513380200713299
1355,8.229160651938264,0.5050892510768137,13.19138047679942,0.5478451191998551,6916.431022871715,0.9303591857264293,0.3790478071923253,0.15809561438465058,0.03627883126502253,0.7228046720206571
1356,7.427676236007501,0.059820131115278175,13.689401936463103,0.6723504841157757,6464.933500457357,0.5541112503811311,0.6081046276792494,0.6162092553584988,0.024691049515341117,0.4887080710169922
1357,8.393865046061128,0.5965916922561827,14.66603790532571,0.9165094763314278,6265.401844082988,0.3878348700691565,0.7242699220550631,0.8485398441101263,0.016312218852914978,0.31943876470535304
1358,8.153614850339247,0.46311936129958176,11.742680115075725,0.18567002876893124,6528.336340299878,0.6069469502498991,0.6628751190254576,0.7257502380509153,0.041181556702370566,0.8218496303509205
1359,8.582220918876413,0.70123384382023,12.612764996564659,0.4031912491411648,6132.338488645372,0.2769487405378104,0.33639442093295235,0.07278884186590473,0.018399649819006846,0.3616090872526635
1360,8.634507129687544,0.730281738715302,14.057723219491292,0.764430804872823,6098.789917301665,0.24899159775138768,0.31783666538098204,0.035673330761964106,0.019002220625335995,0.3737822348552726
1361,8.480963564140401,0.6449797578557789,12.834638804855924,0.4586597012139808,6940.603453358928,0.9505028777991071,0.7818633540493163,0.9637267080986326,0.004090131302826662,0.07252790510760931
1362,8.430403988130472,0.6168911045169287,13.47150970344859,0.6178774258621476,6236.979140855564,0.3641492840463031,0.34796569024418844,0.0959313804883769,0.04865768719666303,0.9728825696295561
1363,8.24074768581237,0.5115264921179836,14.875864606690806,0.9689661516727014,5866.120639684986,0.05510053307082108,0.5573743285203997,0.5147486570407994,0.034464521092380046,0.6861519412602028
1364,7.395623390365589,0.042012994647549484,11.162384715617009,0.04059617890425227,6985.486971303764,0.9879058094198032,0.4360352447312022,0.2720704894624044,0.040638569621193166,0.8108801943675387
1365,8.358495791158811,0.5769421061993394,14.983848240659526,0.9959620601648815,6904.598186806696,0.92049848900558,0.30588365392758565,0.011767307855171327,0.04455944526622057,0.8900898033579913
1366,7.90670706576088,0.3259483698671557,11.898645375685671,0.2246613439214178,6291.803167084076,0.40983597257006366,0.3272452246408138,0.054490449281627606,0.01854148018791798,0.3644743472306662
1367,8.711498797758697,0.7730548876437213,13.577090321139377,0.644272580284844,5979.299532605545,0.14941627717128758,0.37629352935602245,0.15258705871204492,0.011416274581896592,0.22053079963427458
1368,8.469095481996963,0.6383863788872021,14.778458612443352,0.944614653110838,6368.123639808303,0.473436366506919,0.6788943549224731,0.7577887098449462,0.04331822666728612,0.8650146801471942
1369,8.042277740781946,0.401265411545526,11.654209495544702,0.1635523738861755,6746.142893189737,0.7884524109914474,0.6524971650850693,0.7049943301701387,0.022854142600985127,0.45159884042394194
1370,7.734988912744812,0.23054939596933965,13.34286763908031,0.5857169097700775,6051.670359743881,0.20972529978656718,0.7354205486483347,0.8708410972966696,0.01517381891896452,0.29644078624170744
1371,7.698211944117568,0.21011774673198225,12.794078261474443,0.4485195653686107,6176.1809538905045,0.31348412824208727,0.7647576907934301,0.9295153815868603,0.004813382669251156,0.08713904382325566
1372,7.8725200938349715,0.3069556076860952,12.764266547968788,0.44106663699219706,5809.453695829571,0.00787807985797584,0.4735624656674299,0.3471249313348598,0.03307732616802869,0.658127801374317
1373,8.425055400672836,0.613919667040464,13.3509265147285,0.5877316286821248,6899.748918233752,0.9164574318614603,0.6980339830271454,0.7960679660542906,0.002952868156615991,0.049552892052848296
1374,8.140386776269876,0.45577043126104233,13.734187266993983,0.6835468167484958,6415.547928269733,0.5129566068914445,0.3394651070467498,0.07893021409349965,0.029494256010779263,0.5857425456723083
1375,7.77358899147495,0.25199388415275026,12.813599137330009,0.45339978433250194,6775.941532653258,0.813284610544382,0.7249868659012209,0.8499737318024418,0.01992229496568198,0.39236959526630255
1376,7.653375584810306,0.18520865822794808,11.502630187885057,0.1256575469712643,6463.647443658224,0.5530395363818533,0.42895113882018215,0.25790227764036433,0.020316730451294267,0.4003379889150357
1377,8.615027438357409,0.7194596879763384,11.603851732464644,0.15096293311616105,6439.615237345906,0.5330126977882556,0.6369507260363331,0.6739014520726662,0.0017767642070669434,0.025793216304382693
1378,8.291266942053564,0.5395927455853141,12.523868518154714,0.3809671295386785,6528.5920329737155,0.6071600274780964,0.6283548712342348,0.6567097424684698,0.02869513554836422,0.5695986979467519
1379,8.536941169074362,0.676078427263535,13.929809059567619,0.7324522648919048,5931.356554240891,0.10946379520074179,0.4354094462991554,0.2708188925983108,0.012822814218296267,0.24894574178376294
1380,7.990974907881841,0.37276383771213417,13.632949871048167,0.6582374677620416,6894.814936227835,0.9123457801898617,0.677696800183173,0.7553936003663461,0.012299071498407376,0.23836508077590657
1381,9.094036808575954,0.985576004764419,14.663583094311045,0.9158957735777613,6637.957245583693,0.6982977046530778,0.36359656166007637,0.12719312332015276,0.008396710101783814,0.1595294970057336
1382,8.399606611421415,0.599781450789675,11.554004701760764,0.13850117544019125,5899.251378858256,0.08270948238188036,0.5583811524763846,0.5167623049527692,0.04489531344809964,0.8968750191535281
1383,7.443194424692641,0.06844134705146732,13.034005509717794,0.5085013774294483,5988.402439497375,0.15700203291447867,0.5983371317191755,0.5966742634383508,0.027281228440698146,0.5410349179939019
1384,8.535547867729461,0.6753043709608119,13.702384772218554,0.6755961930546384,6267.234612959183,0.389362177465986,0.6939933867260188,0.7879867734520376,0.02287647713418047,0.45205004311475694
1385,8.22933218462908,0.5051845470161553,12.793593446383008,0.44839836159575197,6042.280988456357,0.20190082371363038,0.5773352875409781,0.554670575081956,0.03536227467411643,0.7042883772548774
1386,9.03499166531204,0.952773147395578,12.126834623752883,0.2817086559382208,5851.710898413441,0.04309241534453401,0.7741323318500013,0.9482646637000027,0.049415314933995806,0.9881881804847636
1387,8.20094445146848,0.4894135841491555,13.783101173866871,0.6957752934667181,5971.218594374527,0.14268216197877281,0.768377249598406,0.9367544991968121,0.004913928978057177,0.08917028238499347
1388,9.09837279994492,0.9879848888582895,14.472630974618406,0.8681577436546014,6555.9029561768175,0.6299191301473477,0.4570791105076178,0.3141582210152356,0.025771757616070475,0.5105405579004136
1389,8.2000668169775,0.4889260094319452,14.165321507332688,0.7913303768331723,6466.506330071128,0.5554219417259403,0.5085146614150315,0.417029322830063,0.012954798143331059,0.25161208370365773
1390,8.634559284891706,0.7303107138287255,12.460800334601718,0.36520008365042966,6012.01759095836,0.17668132579863383,0.48597629413961707,0.37195258827923416,0.04924607693236244,0.9847692309568168
1391,8.211691152039226,0.4953839733551252,12.809568564665259,0.45239214116631465,6833.754115152353,0.8614617626269604,0.5789373678591274,0.5578747357182549,0.04314422344969529,0.8614994636302078
1392,8.328570297381706,0.5603168318787259,11.863860281211837,0.21596507030295908,6286.177115543653,0.4051475962863773,0.5455761245494746,0.49115224909894917,0.006099679925325355,0.11312484697626979
1393,8.601124595174282,0.7117358862079346,12.672868750016079,0.4182171875040198,6712.483849012938,0.7604032075107817,0.7326088089616309,0.865217617923262,0.0034695188142620094,0.059990279076000186
1394,7.700898585614851,0.2116103253415842,11.220221800187048,0.05505545004676182,6741.203152289457,0.7843359602412138,0.5470457885831518,0.4940915771663036,0.017208424224992164,0.3375439237372154
1395,7.333861270835635,0.007700706019797554,12.000089019545818,0.25002225488645435,6264.495771337466,0.3870798094478881,0.6662260773607047,0.7324521547214093,0.04615276094907731,0.9222779989712587
1396,7.375791832713847,0.030995462618803704,13.98396833045559,0.7459920826138978,6676.513723869103,0.7304281032242524,0.6720446460620301,0.7440892921240602,0.03931231306058614,0.7840871325370937
1397,8.320970322861571,0.5560946238119843,13.852497466583552,0.7131243666458881,6037.592134732942,0.19799344561078502,0.6374207914136136,0.6748415828272273,0.015602511611949114,0.30510124468584066
1398,8.904564366011657,0.8803135366731428,14.113893510695952,0.7784733776739883,6959.92911971611,0.9666075997634249,0.7252135049611808,0.8504270099223615,0.023763485888569823,0.4699694118902994
1399,8.613096701456811,0.718387056364895,14.48458747247849,0.8711468681196223,6616.170439389973,0.6801420328249775,0.5874925153654572,0.5749850307309144,0.03022304374732414,0.6004655302489725
1400,8.486870651324084,0.648261472957825,13.750884384633354,0.6877210961583385,6376.86143533562,0.4807178627796834,0.45386071187384625,0.3077214237476925,0.021266084198245792,0.41951685248981396
1401,7.378857522772238,0.032698623762354107,14.514658743032502,0.8786646857581255,6686.7423297586165,0.7389519414655136,0.5462802922804795,0.49256058456095886,0.029124148333196587,0.5782656228928603
1402,8.491180469514187,0.6506558163967715,13.218828079438074,0.5547070198595184,6232.967732062183,0.3608064433851522,0.4902454728463745,0.380490945692749,0.011690145888870707,0.2260635533105193
1403,8.648631219013119,0.7381284550072881,11.513408836517486,0.12835220912937162,6019.972925842048,0.18331077153504016,0.3696984154734807,0.13939683094696143,0.004441324044098359,0.079622707961583
1404,8.483431073157227,0.64635059619846,14.063824368833581,0.7659560922083951,6865.273975581273,0.8877283129843938,0.6771005154348004,0.7542010308696008,0.03538310981455987,0.7047092891830276
1405,8.14463589920352,0.4581310551130665,14.097769153734427,0.774442288433607,6705.324705199085,0.7544372543325708,0.6041778599723004,0.608355719944601,0.025168144460320997,0.4983463527337575
1406,8.974793066864219,0.9193294815912332,14.432888118561591,0.8582220296403976,6905.884556448856,0.9215704637073798,0.5371532878189602,0.47430657563792045,0.04640169786725055,0.9273070276212232
1407,7.95050348459866,0.3502797136659226,12.264740412438828,0.31618510310970704,6062.54205321308,0.21878504434423318,0.5488159556697894,0.49763191133957874,0.01565258994731223,0.30611292822852987
1408,8.87861657718554,0.8658980984364112,14.123017608147624,0.7807544020369059,6468.902571834031,0.5574188098616923,0.5919053560439766,0.5838107120879534,0.027890364323207326,0.5533406933981277
1409,7.32620496845265,0.003447204695916861,14.023646304230235,0.7559115760575589,6216.38907367659,0.3469908947304917,0.5794383572719866,0.5588767145439733,0.03567058701407022,0.7105169093751559
1410,7.637335027886064,0.17629723771448014,11.528412045547096,0.13210301138677394,6527.9355680931585,0.6066129734109651,0.7989455107497005,0.997891021499401,0.04507301292495954,0.9004649075749401
1411,9.072485911607368,0.9736032842263158,12.506312907312216,0.37657822682805386,6790.144624790332,0.8251205206586101,0.45273536353000493,0.3054707270600099,0.009278873180680238,0.1773509733470755
1412,8.802521894939561,0.823623274966423,14.457857919526731,0.8644644798816826,6817.70171871813,0.8480847655984413,0.6349489724569348,0.6698979449138697,0.0298335652084543,0.5925972769384706
1413,7.587330144958959,0.14851674719942176,11.646508370885794,0.16162709272144848,6488.136169915595,0.5734468082629959,0.6789590585666339,0.7579181171332678,0.04467485219201843,0.8924212564044127
1414,8.042809857473406,0.4015610319296701,12.530006186824696,0.382501546706174,6869.236836963816,0.891030697469847,0.5864648648317494,0.572929729663499,0.0229044110866516,0.4526143653869009
1415,7.354135451393077,0.01896413966282029,11.775910555970329,0.19397763899258214,6842.101698195824,0.8684180818298529,0.5282207694862224,0.4564415389724449,0.024150721307829463,0.47779234965312045
1416,7.748471545452231,0.2380397474734619,14.100636656153352,0.775159164038338,6093.962390865706,0.24496865905475462,0.5502390823519194,0.500478164703839,0.02821317335405128,0.5598620879606319
1417,8.640154545857705,0.7334191921431701,13.688522264260206,0.6721305660650514,6964.687538391387,0.9705729486594886,0.5613814833256197,0.5227629666512393,0.010136004093825545,0.194666749370213
1418,7.373685271265886,0.029825150703270187,12.34248400969359,0.33562100242339776,6580.560761306762,0.6504673010889683,0.6484486379788323,0.6968972759576648,0.03050911235718413,0.6062446940845279
1419,8.045548440695743,0.4030824670531905,12.573734983692725,0.3934337459231815,6425.460427805328,0.5212170231711074,0.6008260518595967,0.6016521037191935,0.03653161761221104,0.7279114669133543
1420,7.487292438490048,0.09294024360558184,12.595877660519735,0.39896941512993367,6474.574826046026,0.5621456883716885,0.35582571007678476,0.11165142015356955,0.04916118937698129,0.9830543308481068
1421,8.527073601128897,0.6705964450716103,12.444512914162722,0.3611282285406805,6858.093099929105,0.8817442499409212,0.7302067893345584,0.8604135786691168,0.021530356461510754,0.42485568609112634
1422,8.648976376457808,0.7383202091432272,11.637171939902945,0.15929298497573618,6445.72745889039,0.538106215741992,0.45867754486119666,0.31735508972239335,0.00839638283683581,0.1595228855926426
1423,8.0167127761901,0.3870626534389454,14.74807214162723,0.9370180354068076,6100.379264110427,0.2503160534253559,0.5607372336861354,0.5214744673722707,0.03607617049285168,0.7187105150071046
1424,7.9821942503699335,0.367885694649963,11.379948357714053,0.0949870894285133,6198.83811892907,0.3323650991075584,0.43106307329827004,0.2621261465965401,0.033205298049397106,0.6607130919070122
1425,9.025370174824847,0.9474278749026926,11.939428120875904,0.23485703021897597,6095.0699116786745,0.2458915930655622,0.7723732350534316,0.9447464701068633,0.03836852532251899,0.7650207135862422
1426,8.963011403558122,0.9127841130878458,12.870244296930387,0.46756107423259685,6850.630305345623,0.8755252544546858,0.5607774618423632,0.5215549236847264,0.0016400265756263124,0.023030839911642675
1427,7.461217572005921,0.07845420666995617,14.06611624478154,0.7665290611953852,6899.183636699862,0.915986363916552,0.6220525337733571,0.6441050675467143,0.025694776292581944,0.5089853796481201
1428,7.520106840038347,0.11117046668797048,13.546303910693808,0.6365759776734523,5888.2293630448985,0.07352446920408218,0.36101208775019805,0.12202417550039613,0.03850283693605033,0.7677340795161683
1429,7.689714388640369,0.20539688257798305,12.368564640670712,0.34214116016767826,6131.321696998761,0.2761014141656335,0.7453786462169182,0.8907572924338364,0.04406543478288063,0.880109793593548
1430,7.381522030911256,0.034178906061808956,12.141566000034093,0.2853915000085232,6646.701006038429,0.7055841716986908,0.7697531139708558,0.9395062279417117,0.02088049352492341,0.4117271419176446
1431,7.913253174704399,0.3295850970579993,12.260906985237257,0.31522674630931435,6147.305054637394,0.28942087886449563,0.48441188979124833,0.3688237795824967,0.013463590530715433,0.26189071779223094
1432,8.793140625578918,0.8184114586549547,14.54755977604134,0.8868899440103347,5864.615811497587,0.05384650958132231,0.540394247869569,0.48078849573913807,0.028010676661852647,0.5557712456939928
1433,9.099332846240031,0.9885182479111285,14.766342813310839,0.94158570332771,5819.236598657595,0.016030498881329236,0.46922748461598907,0.33845496923197815,0.0066815980808319665,0.12488076930973668
1434,7.425774593571108,0.058763663095060314,12.327106057967567,0.33177651449189194,6368.333013824897,0.47361084485408045,0.7824989906476781,0.9649979812953563,0.0008393924110055135,0.006856412343545726
1435,8.485006241760939,0.6472256898671886,12.378415645331188,0.3446039113327968,6379.7450793268945,0.48312089943907877,0.6466859035288651,0.6933718070577303,0.028204695055500096,0.5596908092020221
1436,8.363347588255138,0.5796375490306322,13.335775362575104,0.5839438406437759,5865.012613077304,0.054177177564419865,0.7034831650770129,0.8069663301540259,0.001726067454829349,0.024769039491502
1437,8.424918964448858,0.6138438691382547,14.025359555930855,0.7563398889827135,5984.322758770145,0.1536022989751209,0.45469321400314305,0.30938642800628613,0.017210713601069662,0.33759017375898304
1438,8.998076036924635,0.9322644649581314,12.421805237547108,0.35545130938677727,6886.087701519066,0.9050730845992221,0.7238763599673159,0.8477527199346319,0.0390534784643994,0.7788581507959474
1439,7.456303428683723,0.07572412704651277,12.551494664991868,0.38787366624796693,6237.114514841969,0.36426209570164125,0.7378490102761859,0.8756980205523718,0.00900574959329071,0.17183332511698401
1440,8.196319040115428,0.48684391117523784,13.670358786253724,0.6675896965634309,5944.33401050596,0.12027834208829935,0.48813349110491394,0.3762669822098279,0.017773318001507443,0.34895591922237257
1441,8.874711891811708,0.8637288287842828,14.268685873116564,0.817171468279141,6889.604223802178,0.9080035198351489,0.7138617856867537,0.8277235713735076,0.013480032317206446,0.2622228750950797
1442,8.954324753193559,0.9079581962186445,13.172160302359046,0.5430400755897618,6432.904461441982,0.5274203845349847,0.6618276110256949,0.7236552220513898,0.035470513750315055,0.7064750252588899
1443,8.173178710243876,0.4739881723577095,12.672578845546639,0.41814471138665965,6254.779706154613,0.37898308846217754,0.7640540577574191,0.9281081155148383,0.02447736877013471,0.48439128828554967
1444,7.5135574915670205,0.10753193975945563,14.871670511172104,0.967917627793026,6402.790517509967,0.502325431258306,0.48657206597924835,0.3731441319584967,0.03342481390320053,0.6651477556202128
1445,8.308540318167676,0.549189065648709,12.93686650917206,0.48421662729301485,6208.511498525803,0.34042624877150285,0.33621220024891774,0.0724244004978355,0.01904288176994021,0.3746036721200042
1446,8.883235462302498,0.8684641457236104,11.821912610258654,0.20547815256466329,6726.591309782544,0.7721594248187865,0.7648454772594065,0.9296909545188131,0.03470774839256254,0.6910656240921725
1447,8.794817356501017,0.8193429758338988,12.182609377642038,0.2956523444105097,6925.10698785007,0.9375891565417251,0.32856477875985085,0.057129557519701724,0.028622300518450466,0.5681272832010195
1448,7.435588125715717,0.0642156253976206,11.103658289660293,0.025914572415073223,6801.240783865616,0.8343673198880134,0.5329008035916438,0.4658016071832878,0.02371350838396603,0.46895976533264705
1449,8.85264653923541,0.8514702995752281,13.128729949871401,0.5321824874678502,6929.653588811066,0.9413779906758883,0.7555481249298097,0.9110962498596196,0.03477712694733052,0.6924672110571821
1450,7.437098797420908,0.06505488745605992,12.770951833935987,0.4427379584839968,5920.0882546014855,0.10007354550123804,0.7142842625589629,0.8285685251179258,0.031594444108142265,0.6281705880432781
1451,7.352020961820103,0.01778942323339039,12.891825536022711,0.4729563840056781,6575.3928604815865,0.6461607170679887,0.4197083098493774,0.23941661969875483,0.04246524652541753,0.847782758089243
1452,7.556462117934643,0.131367843297024,12.274557049224134,0.31863926230603357,6332.212171239378,0.44351014269948164,0.7216695773827824,0.8433391547655646,0.0369889058695472,0.737149613526206
1453,8.902293463448318,0.8790519241379546,13.389765179032214,0.5974412947580532,6250.620239980882,0.3755168666507349,0.6079632614703596,0.6159265229407193,0.006814826274768407,0.12757224797511935
1454,7.9327461991418,0.3404145550787776,14.981105266240833,0.9952763165602083,6407.242907509848,0.5060357562582068,0.578387537687586,0.5567750753751719,0.029260286826177238,0.581015895478328
1455,8.914367034070994,0.8857594633727744,11.669767778048783,0.16744194451219596,6797.377111417262,0.8311475928477187,0.3030462092177185,0.006092418435437064,0.044975653862606935,0.898498057830443
1456,7.460555280536442,0.07808626696469001,11.50109945174459,0.1252748629361473,6197.422071128443,0.3311850592737031,0.6455837257609172,0.6911674515218343,0.04321518731656308,0.8629330771022844
1457,8.506558785172736,0.6591993250959644,12.348716820020714,0.3371792050051785,6874.73062143212,0.8956088511934328,0.43762203528483223,0.2752440705696645,0.0026274239168802135,0.04297826094707502
1458,8.178972902501048,0.47720716805613783,12.505183890195642,0.3762959725489107,6624.766394341719,0.6873053286180996,0.6342870871111035,0.6685741742222071,0.0038956767860339795,0.06859953103098948
1459,8.726490246764795,0.7813834704248865,14.190922093159616,0.7977305232899039,6456.064842505644,0.5467207020880372,0.6240753682987952,0.6481507365975905,0.030411229348429002,0.6042672595642222
1460,8.132836919148534,0.4515760661936308,14.596437597913793,0.8991093994784484,6032.4490079282405,0.1937075066068673,0.6459661492094921,0.6919322984189844,0.013653044133371496,0.26571806330043424
1461,8.334147588846601,0.5634153271370013,14.747591896330151,0.9368979740825378,6802.800746844377,0.8356672890369804,0.7830236362955303,0.9660472725910607,0.04199963942924239,0.8383765541261088
1462,7.857007728056158,0.29833762669786557,13.948617042001331,0.7371542605003327,6600.371887208226,0.6669765726735222,0.37261394297612627,0.14522788595225256,0.04634137511751477,0.9260883862124196
1463,8.213146092902491,0.4961922738347172,12.172542107892172,0.2931355269730429,6434.824115209259,0.5290200960077155,0.7034116406025851,0.8068232812051702,0.04302375111769176,0.859065679145288
1464,8.514225442068987,0.6634585789272159,12.648349635513199,0.41208740887829987,5893.499005396337,0.07791583783028089,0.6662498317189063,0.7324996634378126,0.02948576420836029,0.5855709941082886
1465,8.660748349609243,0.7448601942273569,13.49491157173044,0.62372789293261,6697.439057547725,0.7478658812897702,0.46019297063915865,0.3203859412783173,0.0018284350556146737,0.026837071830599468
1466,7.703645937586303,0.21313663199239052,12.766293136737099,0.4415732841842749,6263.37222809882,0.38614352341568403,0.5006819978082258,0.40136399561645153,0.03560882621794769,0.7092692165241957
1467,8.943728030403395,0.9020711280018867,12.256267773166888,0.314066943291722,6879.601625608615,0.8996680213405125,0.309062460165351,0.01812492033070201,0.007888510029020057,0.14926282886909203
1468,8.900872558269453,0.8782625323719191,11.01126696915696,0.002816742289239782,6090.28694829375,0.24190579024479175,0.5138959504874978,0.42779190097499575,0.03317247999109009,0.6600501008301028
1469,8.203936120499161,0.49107562249953474,12.710994127812167,0.42774853195304174,6600.947293323563,0.6674560777696358,0.5407592418019245,0.48151848360384886,0.018471183852571803,0.3630542192438748
1470,7.7318691397712875,0.2288161887618264,11.393138943672826,0.09828473591820652,6178.198384119658,0.315165320099715,0.35688770006678927,0.11377540013357856,0.013076874299145972,0.2540782686696156
1471,7.6479870791704885,0.18221504398360466,14.811723420366828,0.9529308550917068,5987.466047499515,0.15622170624959586,0.7775619529809616,0.9551239059619233,0.048719115317337996,0.9741235417644039
1472,8.879617608971099,0.8664542272061668,13.143155773069312,0.5357889432673278,6558.24750754135,0.6318729229511251,0.517054781936674,0.4341095638733481,0.012293242568819576,0.23824732462261766
1473,9.045962725773851,0.9588681809854736,13.99728927106296,0.74932231776574,6202.164097170549,0.3351367476421242,0.41087323489318417,0.22174646978636836,0.013251873455638226,0.25761360516440857
1474,7.911626509032302,0.32868139390683426,13.688799201406,0.6721998003515003,6508.354770388214,0.5902956419901784,0.7284433950220984,0.8568867900441969,0.010203214877721013,0.19602454298426286
1475,8.930274699809804,0.8945970554498912,11.111742519882991,0.02793562997074761,5817.678873439582,0.01473239453298536,0.6737688786418472,0.7475377572836944,0.00527936989076856,0.09655292708623353
1476,8.439224722537691,0.6217915125209399,14.479292601554528,0.8698231503886319,5838.222744205306,0.031852286837754984,0.3592551316311914,0.11851026326238279,0.04734536398336665,0.9463709895629626
1477,7.7962592431028614,0.26458846839047856,12.525405197696948,0.38135129942423707,6442.605754025035,0.535504795020862,0.6381823586404745,0.6763647172809489,0.028352542382706344,0.5626776238930574
1478,7.403315396534476,0.04628633140804195,11.076321234421817,0.019080308605454288,6625.056971660368,0.6875474763836398,0.55310764339935,0.5062152867987002,0.0337332285782892,0.6713783551169534
1479,8.109008077625852,0.43833782090325135,11.649398513601277,0.1623496284003194,5894.989720207919,0.07915810017326563,0.4803588031647649,0.36071760632952987,0.00679075355512852,0.12708593040663674
1480,8.450781755126826,0.6282120861815705,12.778576854891217,0.44464421372280427,6396.956414203659,0.49746367850304885,0.5024153140099982,0.40483062801999636,0.029102219823760097,0.5778226227022242
1481,8.917207552246339,0.8873375290257441,14.110398433071373,0.7775996082678432,6402.263541932828,0.5018862849440234,0.48317778332165057,0.36635556664330116,0.04380021354038816,0.8747517886947103
1482,8.2389957163796,0.510553175766445,12.120569056390096,0.28014226409752396,6783.679100451931,0.8197325837099423,0.7434090435503262,0.8868180871006526,0.018766555197671255,0.3690213171246718
1483,7.75570746170678,0.24205970094821105,11.548690514820064,0.137172628705016,5931.875469125471,0.10989622427122592,0.5735074610929715,0.5470149221859429,0.025719399733698353,0.509482822902997
1484,8.473593574645566,0.6408853192475366,12.421527952513028,0.35538198812825694,6272.347954807019,0.39362329567251597,0.7073614712352955,0.814722942470591,0.0025357113421273195,0.041125481659137764
1485,7.9251789204374905,0.33621051135416125,14.702258907813983,0.9255647269534956,6647.122300163072,0.7059352501358935,0.5424017372418392,0.48480347448367833,0.01774609601954832,0.34840598019289537
1486,8.217089552748597,0.498383084860332,13.664715871962425,0.6661789679906062,5938.032100799925,0.11502675066660417,0.3023303196781087,0.004660639356217411,0.011615213348581852,0.22454976461781517
1487,7.611430141090702,0.16190563393927904,12.247282673816493,0.31182066845412304,6809.039727143984,0.8408664392866534,0.41167554056100214,0.2233510811220043,0.005262411407720663,0.0962103314691043
1488,8.174395640869543,0.4746642449275241,13.583138944968661,0.6457847362421655,6275.710532467642,0.39642544372303523,0.655953215084585,0.71190643016917,0.0499913831225761,0.999825921668204
1489,7.4302009728702885,0.061222762705715694,11.375964562329926,0.09399114058248181,6745.82603287074,0.7881883607256168,0.5128868530882826,0.4257737061765654,0.004644844708415004,0.08373423653363643
1490,8.753133342218831,0.7961851901215732,12.730773153524144,0.43269328838103593,6722.148174653319,0.7684568122110993,0.7751642670587643,0.9503285341175286,0.03354521376810088,0.66758007612325
1491,8.944728142561006,0.9026267458672256,12.63142459260656,0.4078561481516403,6718.304914426622,0.7652540953555188,0.3830255087222102,0.1660510174444204,0.005679230744594492,0.10463092413322206
1492,9.10553877502811,0.9919659861267287,11.83965767186821,0.20991441796705246,6186.493797917629,0.322078164931358,0.30547667767413084,0.010953355348261695,0.034026917738364346,0.6773114694619059
1493,8.961603132045209,0.9120017400251164,12.362667634292468,0.34066690857311666,6138.919775695202,0.28243314641266826,0.5924535593940683,0.5849071187881365,0.03316978852100514,0.6599957276970735
1494,8.900918149120345,0.8782878606224147,12.510331622778184,0.3775829056945459,6248.909121749503,0.37409093479125266,0.4358676474983406,0.27173529499668125,0.018123005212300626,0.35602030731920453
1495,8.179051744691463,0.47725096927303556,12.869902668638781,0.46747566715969524,6806.704226714531,0.8389201889287755,0.41055969895989364,0.2211193979197873,0.009894528904180362,0.18978846271071437
1496,8.443442833942697,0.6241349077459436,12.492325496048256,0.373081374012064,5861.480915907401,0.05123409658950073,0.6700365272905895,0.7400730545811789,0.022970542439957345,0.4539503523223706
1497,7.648839025270982,0.18268834737276773,14.701632207310608,0.9254080518276518,5826.295463547666,0.021912886289721878,0.664340342157898,0.7286806843157959,0.029610941259903597,0.5880998234323959
1498,8.695286213000182,0.764047896111213,14.010351085418408,0.7525877713546022,6256.591562580625,0.3804929688171873,0.40903951489903506,0.21807902979807015,0.03551448645049629,0.7073633626362886
1499,8.872582455013822,0.862545808341012,13.69118292622447,0.6727957315561178,6615.356220538303,0.6794635171152527,0.7818713822986281,0.9637427645972563,0.03444578370132219,0.685773408107519
1500,9.087776973643006,0.982098318690559,12.643187710400023,0.41079692760000575,6778.963965209555,0.8158033043412953,0.43904193214305287,0.27808386428610576,0.04894657424663036,0.9787186716490981
1501,7.680561957152924,0.20031219841829084,12.760267882164031,0.44006697054100796,6249.849994404321,0.374874995336934,0.3804816966766115,0.16096339335322307,0.017739538479553105,0.34827350463743645
1502,8.874172536772864,0.8634291870960359,13.4507161157371,0.6126790289342751,6283.727708793496,0.4031064239945804,0.34661270799415544,0.09322541598831091,0.0038110850798063578,0.0668906076728557
1503,7.367990159517654,0.026661199732029628,11.35811449272962,0.08952862318240462,6841.867557458529,0.8682229645487738,0.42697541329501604,0.2539508265900321,0.03474202446836865,0.6917580700680536
1504,8.517085426509318,0.6650474591718438,12.736281679202108,0.43407041980052685,6381.7884876623475,0.4848237397186227,0.3098757576996079,0.019751515399215824,0.0344935926187701,0.6867392448236384
1505,8.78685924946306,0.8149218052572559,14.007952461693366,0.7519881154233415,6790.866647109299,0.8257222059244161,0.7544461570249815,0.9088923140499631,0.044443887154798675,0.8877552960565388
1506,8.058560780798967,0.41031154488831456,13.589727274464313,0.6474318186160781,6518.6893435726315,0.598907786310526,0.7144117710820987,0.8288235421641975,0.028298392462834887,0.5615836861178765
1507,7.650206694024568,0.18344816334698255,13.29653211631582,0.5741330290789552,6543.0881563145995,0.6192401302621665,0.6070802720659252,0.6141605441318505,0.04552622562569342,0.909620719710978
1508,7.939188143968799,0.34399341331599964,14.518255862882347,0.8795639657205867,6566.352391081572,0.6386269925679764,0.4503528286279562,0.3007056572559125,0.048777087025978334,0.9752946873935017
1509,8.892285994169162,0.8734922189828682,11.748133633502857,0.18703340837571403,6465.741559387475,0.5547846328228957,0.648889199244968,0.6977783984899361,0.04371008489914023,0.8729310080634389
1510,9.073355135934627,0.9740861866303485,12.347760801844327,0.33694020046108164,6479.755169409928,0.5664626411749403,0.40159057991752933,0.2031811598350587,0.02993177720792381,0.5945813577358345
1511,8.078415221446651,0.42134178969258407,13.006252242795595,0.5015630606988988,6696.902351283072,0.7474186260692266,0.35009974403877764,0.1001994880775553,0.018887298574584314,0.3714605772643296
1512,8.557310293861153,0.6873946077006408,13.607538424900863,0.6518846062252159,6831.045024000873,0.8592041866673941,0.5698838318989776,0.5397676637979552,0.006133786163349947,0.11381386188585751
1513,7.668713854130644,0.19372991896146885,12.233391668098266,0.30834791702456654,6677.857875072122,0.7315482292267682,0.3645049319962356,0.12900986399247127,0.027941623779752456,0.5543762379747971
1514,7.376294283736465,0.031274602075813784,13.641424550380568,0.6603561375951422,5850.81233632467,0.042343613603891495,0.38104157079430817,0.16208314158861636,0.005696336122858421,0.10497648733047316
1515,7.360475117260327,0.02248617625573679,13.946377725565489,0.7365944313913722,6090.158414829987,0.24179867902498897,0.49194207521198074,0.3838841504239615,0.030376229213656732,0.6035601861344794
1516,7.763856846320339,0.2465871368446324,14.60823474212226,0.9020586855305649,6624.46524720598,0.6870543726716497,0.5515963473733286,0.5031926947466573,0.042253180633757874,0.8434985986617752
1517,8.857289321018442,0.8540496227880237,12.33426473923708,0.3335661848092698,6088.926438616895,0.24077203218074628,0.5305610179752358,0.46112203595047163,0.035494764772886336,0.7069649449067946
1518,7.8084980777794115,0.27138782098856207,14.204685156117558,0.8011712890293893,6444.533396055824,0.5371111633798532,0.5831062578009736,0.5662125156019472,0.011610997004089005,0.224464585941192
1519,8.586128587820605,0.7034047710114478,13.138116894618769,0.534529223654692,5824.118317587835,0.020098597989862133,0.7874513696422618,0.9749027392845238,0.047675361455459045,0.9530376051607887
1520,7.533759326922606,0.11875518162366983,11.827796752281483,0.20694918807037077,6585.121602247857,0.6542680018732141,0.727626889187817,0.8552537783756341,0.01600868235525926,0.31330671424766177
1521,8.6182734923496,0.7212630513053336,11.044709161177213,0.011177290294303144,6677.88121319688,0.7315676776640668,0.6931882290882322,0.7863764581764644,0.04160023063636617,0.8303076896235589
1522,7.457607037042742,0.07644835391263416,12.418863785633047,0.35471594640826176,6678.0215138866315,0.7316845949055263,0.6478151444892082,0.6956302889784165,0.023615443904083867,0.466978664728967
1523,7.602114352204474,0.15673019566915192,14.039662586281095,0.7599156465702738,6638.27451513934,0.6985620959494502,0.6139199815963629,0.6278399631927257,0.003488860646359342,0.06038102315877458
1524,7.9770543715851465,0.3650302064361928,12.925204561910299,0.4813011404775749,6886.306781886541,0.9052556515721178,0.3485320391421675,0.09706407828433505,0.004243642821072058,0.07562914790044561
1525,7.723615819923298,0.22423101106849885,11.842333835938085,0.21058345898452124,6765.470954330216,0.804559128608513,0.6945860610290295,0.7891721220580591,0.03517280369676858,0.7004606807427995
1526,8.606647945888259,0.714804414382366,14.444210644462817,0.8610526611157041,5834.756504397371,0.02896375366447601,0.5203176994463259,0.4406353988926517,0.0026545148512250776,0.04352555255000157
1527,9.077294877487164,0.9762749319373136,12.637874741566344,0.4094686853915862,6532.881855352992,0.6107348794608264,0.424420835440579,0.24884167088115805,0.0012779299668780899,0.015715756906628076
1528,8.829638692931859,0.8386881627399219,11.648856768884741,0.1622141922211855,6149.079125458808,0.2908992712156736,0.6309696601465523,0.6619393202931046,0.042388687441505465,0.8462361099294033
1529,8.380942529533472,0.5894125164074846,12.305226802616033,0.32630670065400835,6864.862834374326,0.8873856953119378,0.5569846041876862,0.5139692083753725,0.008372469995358874,0.15903979788603784
1530,8.020458604809914,0.3891436693388408,13.542090717113071,0.6355226792782677,6892.588680621146,0.9104905671842876,0.4288615136933754,0.2577230273867508,0.008175531272824627,0.15506123783484094
1531,8.865320877313025,0.8585115985072359,11.633065941085242,0.15826648527131026,6760.023479520204,0.8000195662668367,0.4935934844098143,0.38718696881962866,0.03685113976256697,0.7343664598498377
1532,8.989848844550352,0.9276938025279735,11.880885901961253,0.22022147549031335,6675.222048815093,0.7293517073459114,0.5125291934364224,0.4250583868728449,0.011976949837769176,0.23185757248018535
1533,7.794435823529145,0.26357545751619205,12.806246161781766,0.4515615404454415,5874.521701052923,0.062101417544102366,0.4014763617934633,0.20295272358692662,0.014048501714327824,0.273707105339956
1534,8.076933063254693,0.4205183684748296,13.560678789892158,0.6401696974730396,6357.39798342079,0.46449831951732556,0.6143109050213191,0.6286218100426384,0.03209336313365263,0.6382497602758107
1535,8.163075605460042,0.46837533636669026,13.895343521131732,0.7238358802829329,6647.171814015754,0.7059765116797945,0.6128149608844192,0.6256299217688385,0.03353785072969949,0.6674313278727169
1536,8.272939630944107,0.5294109060800594,13.946265671012178,0.7365664177530447,6815.213403138479,0.8460111692820658,0.6068951334696764,0.6137902669393527,0.04202529283925833,0.8388948048335015
1537,8.148410479571393,0.46022804420632946,14.419172210588872,0.854793052647218,6551.802224915267,0.6265018540960563,0.3777258422250266,0.1554516844500532,0.006276151902010389,0.1166899374143513
1538,8.708744327155996,0.7715246261977754,13.548059694927206,0.6370149237318014,6251.707280909569,0.3764227340913078,0.4141816165087546,0.22836323301750927,0.011138896985144751,0.21492721182110608
1539,8.974940810682037,0.919411561490021,12.966210602841143,0.49155265071028564,6656.705948157456,0.7139216234645469,0.45324883719887166,0.30649767439774334,0.02632099801961592,0.5216363236286045
1540,7.614531953029581,0.16362886279421163,14.302999961973374,0.8257499904933433,5834.734748973419,0.028945624144515958,0.526508849232451,0.45301769846490214,0.015330246735356908,0.29960094414862437
1541,9.064173057321216,0.9689850318451209,13.812394441056291,0.7030986102640727,6071.9151700690945,0.22659597505757878,0.3037618043193167,0.007523608638633439,0.04422293750396724,0.8832916667468129
1542,8.122004674025332,0.44555815223629547,11.511379240864597,0.12784481021614935,6658.076879697828,0.7150640664148571,0.5990775189098989,0.5981550378197978,0.03209001689385523,0.6381821594718229
1543,8.249169046887308,0.5162050260485045,12.172784152111848,0.2931960380279619,6551.127017228722,0.6259391810239355,0.673070169972737,0.746140339945474,0.017144137114621157,0.33624519423477084
1544,8.839179944200907,0.843988857889393,13.012918160608493,0.5032295401521232,6187.9169487213985,0.32326412393449877,0.520268290954099,0.4405365819081981,0.013546917199265306,0.26357408483364253
1545,7.493536023628061,0.09640890201558949,13.197271341893074,0.5493178354732686,6769.053910584052,0.80754492548671,0.44737471052974254,0.2947494210594851,0.008454923389390023,0.16070552301798025
1546,8.630287138989706,0.7279372994387254,13.757436477956379,0.6893591194890948,6516.044375868129,0.596703646556774,0.36760112335356543,0.13520224670713088,0.048898145796191075,0.9777403191149712
1547,8.15411430309974,0.46339683505541185,11.957087037418804,0.2392717593547009,6001.340447749212,0.1677837064576766,0.6682129596959749,0.73642591939195,0.03675041798562362,0.7323316764772447
1548,7.395644990936975,0.04202499496498591,12.288799520266117,0.32219988006652944,6298.451490744158,0.41537624228679804,0.5157515652200592,0.43150313044011834,0.037298590566923986,0.7434058700388684
1549,7.592703837981541,0.15150213221196707,12.84671332873189,0.4616783321829727,6230.4937537220485,0.35874479476837395,0.5403051646264923,0.4806103292529845,0.007070137724732672,0.1327300550451045
1550,8.938695641454746,0.899275356363748,11.997749846684737,0.24943746167118452,6469.835069785805,0.5581958914881705,0.44705239806145997,0.29410479612291995,0.028008982299360847,0.555737016148704
1551,7.6555113164801725,0.1863951758223178,11.258068455718304,0.06451711392957582,6622.157674768147,0.6851313956401226,0.5255601161885375,0.451120232377075,0.01141704781433934,0.2205464204917038
1552,8.193911685042856,0.4855064916904761,14.789763043290698,0.9474407608226746,6109.458622334468,0.2578821852787234,0.7728052761641377,0.9456105523282754,0.04240155414906675,0.8464960434154899
1553,8.988656555385573,0.9270314196586515,13.602011717109876,0.6505029292774692,6006.8902592155,0.17240854934625027,0.6079295367734199,0.6158590735468397,0.04647942836845992,0.9288773407769679
1554,8.781445919422518,0.8119143996791772,14.840093120034807,0.9600232800087015,5926.03515175623,0.10502929313019194,0.40990799992200094,0.2198159998440019,0.028054510612979998,0.5566567800602019
1555,8.929819920105707,0.8943444000587272,13.488308032143827,0.6220770080359569,5854.101398809776,0.04508449900814615,0.6382737908842293,0.6765475817684586,0.00512108923043,0.09335533798848483
1556,8.676235673421482,0.7534642630119345,13.907982651734738,0.7269956629336843,6084.08541555009,0.23673784629174188,0.6620125325323042,0.7240250650646084,0.04723562529887333,0.9441540464418854
1557,8.753733261178958,0.7965184784327546,12.916313725954218,0.4790784314885548,5811.22218838561,0.009351823654675129,0.3131414925340855,0.02628298506817106,0.04287207242620648,0.8560014631556864
1558,8.4976808620104,0.6542671455613333,12.164811539607694,0.2912028849019235,6740.479891242673,0.7837332427022278,0.5436560851801734,0.4873121703603468,0.001853344637977103,0.02734029571670915
1559,7.71394779104982,0.21885988391656708,11.821099971152726,0.20527499278818162,6185.46533584234,0.32122111320195057,0.3151464874304795,0.030292974860959054,0.015993852408008116,0.3130071193536993
1560,8.61910600778728,0.7217255598818224,12.918580008894923,0.47964500222373074,6999.184217060614,0.9993201808838456,0.6756002992335846,0.751200598467169,0.020090174217357253,0.39576109530014647
1561,8.89051527552277,0.872508486401539,13.438384836354123,0.6095962090885306,6471.130151000032,0.5592751258333604,0.38219012571114697,0.16438025142229395,0.033540726420171564,0.6674894226297285
1562,7.611443069418388,0.16191281634354882,11.618093649761533,0.1545234124403836,5877.839598701037,0.06486633225086413,0.40121071260895075,0.20242142521790152,0.03702277118454333,0.7378337613039055
1563,7.5973969447227265,0.15410941373484788,14.124641479199592,0.7811603697998983,6329.659690697981,0.44138307558165124,0.5019902130454486,0.403980426090897,0.03141086647658674,0.6244619490219543
1564,8.872506033175885,0.8625033517643803,11.551967993189814,0.13799199829745346,6995.738491661536,0.9964487430512796,0.3261798302123136,0.05235966042462725,0.008581937251138188,0.16327145961895329
1565,8.134303593159101,0.45239088508839,11.976561568911432,0.24414039222785788,6605.939038083734,0.671615865069778,0.4243059907804162,0.24861198156083242,0.02326441562816696,0.4598871844074133
1566,8.548862024126576,0.682701124514765,13.244493350923939,0.5611233377309848,6430.994563853211,0.5258288032110093,0.6380813894581614,0.6761627789163229,0.03503179463958138,0.697612012920836
1567,8.284371045006601,0.5357616916703337,13.325720183858202,0.5814300459645506,5942.769681989415,0.1189747349911795,0.380523894396687,0.161047788793374,0.008219249956469304,0.15594444356503645
1568,7.55415698865949,0.13008721592193873,11.178023641664836,0.044505910416209105,6593.580686638257,0.6613172388652144,0.5845103412788448,0.5690206825576896,0.006956053352908017,0.13042532026076803
1569,7.41347853473175,0.051932519295416424,11.871180345201346,0.21779508630033617,6915.8108200953675,0.9298423500794727,0.47146485611270283,0.3429297122254057,0.0352127063198752,0.7012667943409131
1570,9.1040774578232,0.9911541432351116,11.294583352034387,0.07364583800859659,6534.226412568163,0.611855343806803,0.33565546961808507,0.07131093923617016,0.04762685314504206,0.952057639293779
1571,7.3916272183464375,0.03979289908135408,13.793575426958572,0.6983938567396433,6514.780475309357,0.5956503960911308,0.4036804496508809,0.20736089930176183,0.04212908236476057,0.8409915629244559
1572,8.486945370815071,0.6483029837861507,13.649111884240813,0.6622779710602031,5968.505842597264,0.14042153549771952,0.5057200879807586,0.4114401759615173,0.022930401892290425,0.4531394321674833
1573,7.762022145716022,0.24556785873112363,11.690115226882325,0.17252880672058135,6943.295897003264,0.9527465808360535,0.548321013302297,0.496642026604594,0.048491036120853495,0.9695158812293635
1574,8.15738339883272,0.4652129993515106,14.055272720756793,0.7638181801891984,6878.081316013435,0.898401096677862,0.6670994368494882,0.7341988736989765,0.003523188607724336,0.061074517327764366
1575,8.943318849387948,0.9018438052155269,12.9723404389422,0.4930851097355504,6672.21829871432,0.7268485822619327,0.664287830289663,0.728575660579326,0.04599615277161805,0.9191141974064253
1576,7.714494626425626,0.21916368134757025,14.235909319535867,0.8089773298839669,6192.557111774856,0.32713092647904685,0.6610464826071122,0.7220929652142244,0.0022909461133731497,0.03618072956309393
1577,8.109459876626012,0.43858882034778457,12.01448502671878,0.25362125667969504,6347.6328583091745,0.4563607152576452,0.3340162471913939,0.0680324943827878,0.009417841935992993,0.18015842294935336
1578,8.869010114712058,0.860561174840033,12.905443614334242,0.4763609035835603,6703.687785114963,0.753073154262469,0.7004511547209051,0.8009023094418103,0.04751768788383743,0.9498522804815641
1579,8.164800798480742,0.46933377693374556,11.978902915105147,0.24472572877628662,6532.639760951914,0.6105331341265945,0.3871735309118897,0.17434706182377946,0.004294376804534654,0.07665407685928594
1580,7.46171646260884,0.07873136811602233,13.682624271009521,0.6706560677523804,6275.063954770091,0.39588662897507587,0.45793223344956885,0.3158644668991377,0.016265626781458514,0.31849751073653565
1581,8.642648631804574,0.7348047954469861,14.97272363015842,0.9931809075396048,6475.208456994715,0.5626737141622619,0.6664388393536382,0.7328776787072765,0.037827987825918244,0.7541007641599644
1582,8.949598879177508,0.905332710654171,12.478128248298718,0.3695320620746795,6894.029233271932,0.9116910277266099,0.7044167110503755,0.808833422100751,0.008943565934353604,0.17057708958290108
1583,8.123146018690951,0.4461922326060841,13.006984089344778,0.5017460223361946,5884.058587486819,0.07004882290568248,0.3195993878005393,0.03919877560107865,0.016806748889424263,0.3294292704934194
1584,8.079374626531402,0.421874792517446,13.429843644122702,0.6074609110306753,6443.277214792322,0.5360643456602686,0.396862640359976,0.193725280719952,0.026262509813856715,0.520454743714277
1585,8.766987538532677,0.8038819658514869,12.25110236668917,0.3127755916722924,5920.730679750979,0.10060889979248222,0.3449622424097575,0.08992448481951498,0.029064812192438477,0.5770669129785551
1586,8.8801364618243,0.8667424787912785,14.349194596972517,0.8372986492431292,6998.897103470864,0.999080919559053,0.7436033358354813,0.8872066716709627,0.00861768035024919,0.16399354242927655
1587,7.736841871081627,0.23157881726757057,12.19298760509313,0.29824690127328246,6440.378154567062,0.5336484621392182,0.3423523414546418,0.08470468290928357,0.0364613182395225,0.726491277566111
1588,7.530303666254687,0.11683537014149281,13.85537820515855,0.7138445512896374,6192.209035652337,0.3268408630436139,0.5004958574379199,0.40099171487583973,0.021930457622233168,0.43293853782289227
1589,9.084933405628755,0.9805185586826423,14.276352998641347,0.8190882496603367,6466.495521156563,0.5554129342971358,0.48302742815491656,0.36605485630983314,0.021806379078077486,0.4304319005672219
1590,8.86806831769239,0.8600379542735506,11.838909086085641,0.20972727152141035,5975.711485742668,0.14642623811888988,0.5465683243161015,0.4931366486322031,0.001266100606735104,0.015476779934042506
1591,9.040789661443162,0.9559942563573128,14.315260018347779,0.8288150045869448,6908.277233430637,0.9235643611921978,0.4074427746434101,0.21488554928682024,0.013473091620711046,0.26208265900426353
1592,8.105590700301926,0.43643927794551496,14.129875025254837,0.7824687563137089,6336.082198493981,0.44673516541165126,0.5777873564464389,0.5555747128928777,0.04432223774885944,0.8852977323001907
1593,7.9083705524101795,0.32687252911676645,13.923932856002388,0.730983214000597,5999.6398772421835,0.1663665643684864,0.5135142421883456,0.4270284843766913,0.006282445899853481,0.1168170888859289
1594,7.355915384751283,0.019952991528490505,13.715969695267088,0.6789924238167718,6616.072808894968,0.6800606740791403,0.7909218460011902,0.9818436920023805,0.032727824674859574,0.6510671651486782
1595,8.17458926732523,0.47477181518068323,12.370775178616805,0.34269379465420136,6774.5597431959895,0.8121331193299914,0.3476329831912609,0.09526596638252183,0.003158362056182249,0.053704283963277755
1596,8.565657911173561,0.6920321728742012,12.191279970026798,0.29781999250669966,6053.652351854152,0.2113769598784594,0.3061863673458358,0.01237273469167166,0.0070420791094916585,0.1321632143331648
1597,7.430400083486626,0.061333379714792136,13.308226661319363,0.5770566653298409,6993.909668387065,0.9949247236558877,0.6876645546069979,0.7753291092139959,0.025294258189754545,0.5008941048435261
1598,8.839681410479265,0.8442674502662585,12.843004635061556,0.46075115876538897,5914.03784779732,0.09503153983110002,0.40454314132727776,0.20908628265455553,0.01826406450046143,0.35886998990831165
1599,7.967004886863733,0.3594471593687407,12.991010879849913,0.4977527199624784,6080.95381648733,0.23412818040610883,0.7231263651616708,0.8462527303233417,0.034105424141841305,0.6788974574109354
1600,8.516550685737743,0.6647503809654128,14.548932841868,0.8872332104670001,6150.038926360792,0.29169910530066046,0.6706578500396471,0.7413157000792941,0.008410441918420053,0.15980690744282933
1601,8.24579611244367,0.5143311735798172,14.34387188302824,0.8359679707570601,6170.943956480658,0.3091199637338813,0.7134156400586654,0.8268312801173309,0.044752786439799186,0.8939956856525088
1602,7.465290949858561,0.080717194365867,11.532036885978462,0.13300922149461547,6080.201622038863,0.2335013516990524,0.33584010053496366,0.07168020106992734,0.034503724802507615,0.6869439354041942
1603,7.7850854567480345,0.2583808093044636,13.455398078235527,0.6138495195588817,5985.416841755061,0.15451403479588421,0.3599489250966753,0.11989785019335064,0.00985865619659905,0.18906376154745552
1604,8.876738809896874,0.8648548943871531,13.24692507041106,0.5617312676027648,6897.289684841474,0.9144080707012283,0.6451013626496027,0.6902027252992055,0.015794701125964972,0.3089838611306055
1605,7.530089504123287,0.11671639117960408,12.392869837241228,0.34821745931030734,6080.227849242258,0.23352320770188206,0.6407047910790917,0.6814095821581835,0.03324099660761071,0.6614342749012263
1606,7.460102163131774,0.07783453507320737,14.53045375460743,0.8826134386518577,6700.65541424543,0.7505461785378584,0.7336872693125251,0.8673745386250504,0.031150257810978063,0.6191971274945063
1607,8.493732934059265,0.6520738522551474,11.617294563355632,0.15432364083890782,6288.591233740717,0.40715936145059795,0.5156426373987069,0.43128527479741363,0.03557265371179757,0.7085384588241933
1608,8.092695664040875,0.4292753689115971,14.197860190919418,0.7994650477298542,6487.0132713271305,0.5725110594392753,0.7642846734832762,0.9285693469665525,0.029324573121034765,0.5823146085057528
1609,7.500321085375064,0.10017838076392416,14.984194845751496,0.996048711437874,6746.323058025992,0.7886025483549935,0.7520316800400686,0.9040633600801372,0.02805532637123129,0.5566732600248745
1610,7.51773253236621,0.10985140687011696,14.21269432230743,0.8031735805768575,5933.945854910212,0.11162154575850991,0.5981264033854325,0.5962528067708651,0.021568078159359225,0.42561774059311563
1611,7.84577963102019,0.29209979501121675,13.091041297124304,0.522760324281076,6741.9960709009065,0.7849967257507552,0.5428667273029439,0.4857334546058878,0.026360850615892523,0.5224414265836873
1612,8.362612223147291,0.5792290128596064,13.90155308482337,0.7253882712058425,6370.731316656693,0.47560943054724414,0.3154135225135065,0.030827045027013056,0.0022279499029395017,0.03490807884726266
1613,7.764849875225449,0.2471388195696942,14.349015528350954,0.8372538820877382,6434.2802311699625,0.528566859308302,0.5540843626238932,0.5081687252477862,0.0011169691616965838,0.012464023468617857
1614,8.319040379452618,0.5550224330292323,12.241159099811561,0.31028977495289023,6951.882866417285,0.9599023886810708,0.3851386460194314,0.17027729203886277,0.0234685433667855,0.46401097710677774
1615,8.609407229653547,0.7163373498075264,11.240262684087273,0.06006567102181826,6081.26055103782,0.23438379253151642,0.7497562578847157,0.8995125157694315,0.02482850549584869,0.4914849595120947
1616,7.839936538724449,0.288853632624694,13.053043901625959,0.5132609754064898,6222.644253865905,0.352203544888254,0.3633758181483277,0.12675163629665542,0.03853698189279762,0.768423876622174
1617,7.539149099094812,0.12174949949711766,13.436784342233738,0.6091960855584343,5970.674555539195,0.14222879628266272,0.7564416218464058,0.9128832436928116,0.018483813946759346,0.36330937266180496
1618,7.533467539833311,0.11859307768517291,12.947000907644025,0.48675022691100633,5816.846874438289,0.014039062031907856,0.3617124619783784,0.12342492395675686,0.04241270027331821,0.8467212176427922
1619,9.026493409147108,0.9480518939706155,14.703102811435974,0.9257757028589936,6471.124276251459,0.5592702302095494,0.6817196782166335,0.763439356433267,0.04590757166933045,0.917324680188494
1620,8.892877848952807,0.8738210271960047,13.665507656864978,0.6663769142162448,6140.84535983627,0.28403779986355826,0.5617788445915486,0.5235576891830973,0.008547114730025009,0.16256797434393955
1621,8.01609209464833,0.3867178303601839,13.247528592415296,0.5618821481038241,6387.86482931723,0.48988735776435843,0.7532402384892349,0.9064804769784699,0.03631422476307635,0.7235196921833607
1622,9.01981321202295,0.9443406733460833,12.915085543898279,0.4787713859745696,6468.409824312988,0.5570081869274902,0.3248787431463031,0.049757486292606234,0.049227782501386125,0.984399646492649
1623,8.194708528309443,0.485949182394135,14.849578706312672,0.9623946765781678,6171.404538949504,0.3095037824579199,0.6063202958744758,0.6126405917489516,0.04009597579977386,0.7999187030257344
1624,9.024265607892405,0.9468142266068916,14.10070714604975,0.7751767865124375,6671.6480341234665,0.7263733617695555,0.5761081435701036,0.5522162871402073,0.006587224041863444,0.12297422306794836
1625,8.021964731648845,0.38998040647158094,11.896724559257214,0.22418113981430354,6277.478606253299,0.3978988385444162,0.5986521513569512,0.5973043027139022,0.00693586191840892,0.1300174124931095
1626,8.43021592382411,0.6167866243467278,13.765338001399032,0.6913345003497579,6955.610227535499,0.9630085229462488,0.3848320135944737,0.16966402718894746,0.008351556020895573,0.15861729335142571
1627,7.420614964283738,0.05589720237985407,12.002909836667442,0.2507274591668607,6918.499834758657,0.9320831956322144,0.3341872378442364,0.06837447568847277,0.01949507364130079,0.3837388614404199
1628,7.713803537322308,0.21877974295683789,12.286305246596243,0.32157631164906053,6179.28006036198,0.3160667169683169,0.6941848633828354,0.7883697267656709,0.037759908882263625,0.7527254319649217
1629,7.688638040700849,0.20479891150047147,14.776371027639035,0.9440927569097588,6144.799976277999,0.28733331356499925,0.306765501104473,0.013531002208945986,0.04332478431591562,0.8651471578972851
1630,8.959520662043056,0.9108448122461427,13.61943246148789,0.6548581153719724,6273.605959536356,0.39467163294696317,0.7375487553373208,0.8750975106746417,0.02588310018867954,0.5127899028016069
1631,7.917961745431278,0.3322009696840429,11.585386174307521,0.14634654357688026,6966.125321651518,0.971771101376265,0.5835402269876935,0.567080453975387,0.03539068720582676,0.70486236779448
1632,8.807722508116303,0.8265125045090576,11.71431584081873,0.17857896020468245,6250.119594340814,0.375099661950678,0.3185112713911876,0.03702254278237527,0.025964109143828393,0.5144264473500685
1633,7.68538941986859,0.20299412214921686,13.559378158733583,0.639844539683396,6871.188179112496,0.8926568159270798,0.33684764707367915,0.07369529414735831,0.012594662360025726,0.24433661333385304
1634,7.5573306724209655,0.13185037356720308,13.455280712365271,0.6138201780913178,6258.169116732223,0.38180759727685243,0.34120130266385895,0.08240260532771793,0.04001982264372001,0.7983802554286871
1635,8.15684911843596,0.46491617690886733,12.596962007906164,0.3992405019765408,6850.905453913007,0.8757545449275054,0.43261515708454007,0.26523031416908016,0.02917916151623644,0.5793770003280089
1636,7.628671016321762,0.17148389795653463,14.013218221871194,0.7533045554677983,6816.791285135185,0.8473260709459872,0.6136363546922263,0.6272727093844526,0.04238197098574864,0.8461004239545179
1637,7.37484480750695,0.03046933750386105,14.422084613271023,0.8555211533177557,6621.358738133602,0.6844656151113352,0.7994716832262497,0.9989433664524995,0.02340973407802784,0.462822910667229
1638,8.495043155153056,0.6528017528628085,12.087374112195432,0.27184352804885814,5848.4702689302185,0.040391890775181793,0.4136035665095969,0.22720713301919382,0.0017541589606490295,0.025336544659576354
1639,7.356183588869297,0.020101993816276087,13.586655811769914,0.6466639529424785,6049.5132785558435,0.20792773212986926,0.6147049773847659,0.6294099547695318,0.01995283978540108,0.39298666233133495
1640,7.549258770526304,0.1273659836257246,14.744512084530447,0.9361280211326116,6902.829542620135,0.9190246188501123,0.430678219176582,0.261356438353164,0.017773200117279196,0.348953537722812
1641,8.65665279760152,0.7425848875564008,11.570698396483778,0.1426745991209445,6496.324968244392,0.5802708068703265,0.4885548566602833,0.37710971332056664,0.04133738667473783,0.8249977106007642
1642,7.934905886576691,0.3416143814314948,13.539185986339424,0.634796496584856,6241.3786573151265,0.36781554776260517,0.4441573581022298,0.2883147162044596,0.017235327786228195,0.338087430024812
1643,8.966314826265384,0.9146193479252138,14.439519967288255,0.859879991822064,6680.519590591031,0.7337663254925261,0.5259088784181565,0.4518177568363131,0.028192681142413127,0.5594481038871338
1644,8.989641500108357,0.9275786111713099,11.74105708533278,0.1852642713331949,6031.0454112090165,0.19253784267418028,0.6495211983801323,0.6990423967602648,0.03723039161218007,0.7420281133773752
1645,8.412950029114928,0.6071944606194042,11.139046854833262,0.03476171370831549,5910.646628719054,0.09220552393254511,0.6997707734334733,0.7995415468669466,0.039588329361253345,0.7896632194192594
1646,8.028802498380509,0.3937791657669498,13.41481761407429,0.6037044035185722,6133.476878370289,0.277897398641908,0.5509800759517719,0.5019601519035438,0.011624250366404142,0.2247323306344271
1647,7.412579623543847,0.05143312419102597,11.184934705310157,0.046233676327539164,6786.084959927816,0.8217374666065135,0.5794172901130703,0.5588345802261406,0.02253643537789326,0.44518051268471226
1648,8.762068887071353,0.8011493817063073,13.461858277539076,0.6154645693847689,6082.191206066981,0.23515933838915115,0.3809185919546194,0.16183718390923885,0.010352340734790988,0.1990371865614341
1649,8.208054661648863,0.4933637009160353,11.405709938233056,0.10142748455826411,5862.884897212195,0.05240408101016247,0.7543271762556468,0.9086543525112937,0.025343660913777113,0.5018921396722649
1650,8.94557318411404,0.903096213396689,11.989417761222231,0.24735444030555798,5906.818281061095,0.0890152342175794,0.3986751648440296,0.1973503296880592,0.005653557202436259,0.10411226671588403
1651,8.36361286797273,0.5797849266515169,13.602757751868308,0.6506894379670772,6680.400164061569,0.7336668033846404,0.5851995810459146,0.5703991620918293,0.012177350544575872,0.23590607160759336
1652,8.785112086059536,0.8139511589219645,12.425360975912978,0.3563402439782446,6026.876966000495,0.1890641383337457,0.47494016363329217,0.34988032726658436,0.009545584913968909,0.18273908917108905
1653,7.374248945522355,0.030138303067975047,13.290191070711371,0.5725477676778427,5807.461903394844,0.006218252829036763,0.3788755694555302,0.1577511389110604,0.010380067914172756,0.1995973315994496
1654,8.875988297696772,0.8644379431648735,13.319826148078722,0.5799565370196806,6679.922584062611,0.7332688200521762,0.47390640233866527,0.34781280467733056,0.0008701272823520162,0.007477318835394264
1655,8.941660619228342,0.900922566237968,12.193549781472493,0.29838744536812334,6564.603260847761,0.6371693840398006,0.6257123946464004,0.6514247892928008,0.00834307142746698,0.15844588742357535
1656,7.700186088170923,0.21121449342829057,13.031192965266897,0.5077982413167239,6104.322777106832,0.25360231425569324,0.7576917466038986,0.9153834932077972,0.03780862393711392,0.7537095744871498
1657,8.159181637038127,0.46621202057673783,13.409180842821717,0.6022952107054295,5902.349336987908,0.08529111415658974,0.36256163412501413,0.12512326825002829,0.04188013145345331,0.8359622515849153
1658,8.71610418212226,0.7756134345123673,13.008437312341279,0.5021093280853199,6932.397143723325,0.9436642864361042,0.7382594467915351,0.8765188935830701,0.004657677263021976,0.08399348006105001
1659,8.28941379138286,0.5385632174349223,11.186542897319237,0.046635724329809114,6886.725578487049,0.9056046487392073,0.3795128717235103,0.15902574344702058,0.03728584708716284,0.7431484260032897
1660,7.6548829154637446,0.1860460641465248,11.003676551168468,0.0009191377921169419,6734.508367617228,0.7787569730143568,0.6308515053050168,0.6617030106100334,0.018954862613974128,0.3728255073530127
1661,7.520001873915032,0.11111215217501758,13.855957383492209,0.7139893458730522,6728.218785646856,0.7735156547057136,0.5090206345387287,0.4180412690774573,0.011322561001268838,0.21863759598522903
1662,8.155373302921195,0.464096279400664,11.452783688019064,0.11319592200476614,6358.278944262935,0.46523245355244536,0.5896076576060698,0.5792153152121398,0.008674560386044063,0.1651426340614962
1663,8.697175443927266,0.7650974688484814,12.018101349980212,0.2545253374950528,6016.359007097559,0.18029917258129902,0.4479730040252164,0.2959460080504328,0.006315724544544304,0.11748938473826875
1664,8.828017964423571,0.8377877580130954,12.841720151398647,0.46043003784966186,6190.536697995738,0.32544724832978167,0.7327261043491438,0.8654522086982875,0.0011283881319396531,0.012694709736154608
1665,9.004250999263682,0.9356949995909349,12.651354436620002,0.41283860915500037,6729.9388300389255,0.7749490250324378,0.6042421661490103,0.6084843322980206,0.048525686792874244,0.9702158948055402
1666,9.094544346004547,0.9858579700025266,12.975740634925764,0.4939351587314409,6103.789650184209,0.2531580418201739,0.4438175430964222,0.2876350861928444,0.012046081027074463,0.23325416216312045
1667,7.715951064938974,0.21997281385498524,12.179614835430359,0.29490370885758965,6744.74925333877,0.7872910444489754,0.7901233228829603,0.9802466457659207,0.04782502924252495,0.9560611968186858
1668,8.027225915953586,0.3929032866408817,14.307319165931688,0.826829791482922,6643.6961929273975,0.703080160772831,0.7294728924208504,0.8589457848417008,0.010200480787111874,0.19596930883054287
1669,7.820431085413975,0.2780172696744303,14.462638882534776,0.865659720633694,6854.8904325027315,0.8790753604189427,0.34796681706934557,0.09593363413869116,0.013337963544011637,0.25935279886892193
1670,7.640608283140439,0.17811571285579963,12.29509075931236,0.32377268982809015,6357.815696778964,0.46484641398247006,0.5527357429981019,0.5054714859962037,0.019030668121105713,0.37435693173950935
1671,8.560720804479528,0.6892893358219603,12.372553528807366,0.34313838220184134,6453.68462882139,0.5447371906844919,0.3984778200511525,0.19695564010230504,0.014648820239984326,0.28583475232291566
1672,8.993206113038532,0.9295589516880736,11.279064004534902,0.06976600113372566,6618.856277054852,0.6823802308790434,0.4498216152760198,0.2996432305520397,0.024275721946559418,0.48031761508200843
1673,8.47994450490049,0.6444136138336056,13.247264593728874,0.5618161484322185,6828.6349509686725,0.8571957924738938,0.38659522664490487,0.17319045328980975,0.04124782143903431,0.823188311899683
1674,7.882542671002284,0.3125237061123798,11.061338566152152,0.015334641538037985,6394.250781791472,0.4952089848262269,0.7084922073897648,0.8169844147795298,0.024152649963310017,0.47783131239010135
1675,8.408260701946595,0.6045892788592202,14.71852528022513,0.9296313200562822,6057.129802902514,0.21427483575209472,0.525232004609532,0.45046400921906393,0.03511954135938981,0.6993846739270667
1676,9.108110408232761,0.9933946712404232,11.160918789096447,0.04022969727411174,6608.017972264425,0.6733483102203545,0.6988768933298162,0.7977537866596325,0.0240130363463541,0.47501083527988075
1677,8.79931780639752,0.8218432257763999,14.699198374309214,0.9247995935773033,6181.3233784088125,0.3177694820073437,0.6888881362179585,0.7777762724359171,0.0013627981632928236,0.017430265925107546
1678,8.754740299176921,0.7970779439871789,14.43999115474409,0.8599977886860225,5860.2203100787065,0.050183591732255506,0.5888653238079521,0.5777306476159042,0.03947225453064032,0.787318273346269
1679,7.654935878797547,0.1860754882208594,13.51639216954065,0.6290980423851623,6273.725780992062,0.39477148416005203,0.7027136380282111,0.8054272760564221,0.04030924487602287,0.8042271692125833
1680,8.026495561380159,0.3924975341000888,11.59978203465699,0.14994550866424727,5943.507523553312,0.11958960296109322,0.7302810796820935,0.8605621593641871,0.027321034937337625,0.5418390896431843
1681,7.785808231439371,0.2587823507996505,12.861680293824456,0.4654200734561139,6874.046271584275,0.8950385596535628,0.7354206211823802,0.8708412423647603,0.008854309061397801,0.1687739204322788
1682,8.309120133213382,0.5495111851185458,11.53994451424967,0.13498612856241776,6237.0721741748275,0.36422681181235617,0.45845961418684644,0.3169192283736929,0.011679187411046198,0.22584216992012518
1683,8.117442829694232,0.4430237942745736,13.905318352352667,0.7263295880881667,6002.772743861738,0.16897728655144828,0.3270958144518659,0.05419162890373186,0.019020538962140912,0.3741523022654729
1684,7.7083818054735875,0.2157676697075488,14.42427523473604,0.8560688086840101,5853.803489372711,0.044836241143925926,0.6327889437140621,0.6655778874281243,0.037211020990196936,0.7416367876807461
1685,7.688905029030659,0.20494723835036588,12.93631977874685,0.48407994468671234,6390.0377486985235,0.4916981239154361,0.33148854870100564,0.0629770974020113,0.008583585205990838,0.16330475163617852
1686,7.924100917179319,0.33561162065517736,13.432575196463352,0.6081437991158379,6347.139074020785,0.4559492283506543,0.35938376021121554,0.1187675204224311,0.009352976560744897,0.17884801132817973
1687,9.050874804770963,0.961597113761647,11.423648916195797,0.10591222904894904,6425.307190219093,0.5210893251825772,0.7391210565471726,0.8782421130943454,0.00838631898591249,0.1593195754729796
1688,7.802565395685736,0.2680918864920754,11.198054078453424,0.049513519613355816,6327.7494592715575,0.43979121605963123,0.4414043793019379,0.2828087586038758,0.03407985557482878,0.6783809207036117
1689,8.333879972438476,0.5632666513547093,11.928955917675012,0.23223897941875293,6138.308299087385,0.28192358257282113,0.404536757465177,0.20907351493035398,0.014412640887388146,0.2810634522704676
1690,8.349423097872098,0.5719017210400545,13.140889953572593,0.5352224883931485,6008.1154815625105,0.1734295679687584,0.4508508600513685,0.301701720102737,0.005386665304112038,0.09872051119418257
1691,8.65071004536505,0.7392833585361395,14.417576701683716,0.854394175420929,6012.842657902761,0.17736888158563413,0.5805668740668426,0.5611337481336851,0.02975260966551787,0.5909618114246034
1692,8.264204081616576,0.5245578231203205,12.130695741659885,0.28267393541497143,6657.92040338875,0.7149336694906246,0.6660438037046721,0.7320876074093443,0.008816524250873503,0.16801059092673742
1693,8.981678445961647,0.9231546922009156,14.125515388784514,0.7813788471961287,6127.266870818598,0.27272239234883167,0.7634902627128723,0.9269805254257446,0.011740832525234552,0.22708752576231417
1694,9.0523268007391,0.9624037781883894,12.513446829601097,0.3783617074002744,5901.634749969002,0.08469562497416805,0.6541321982749031,0.7082643965498061,0.006674175205479169,0.12473081223190241
1695,7.660565180618718,0.18920287812151027,13.729432561045048,0.6823581402612618,6807.256301215413,0.8393802510128447,0.3000094462297121,1.889245942421347e-05,0.033767626111088384,0.6720732547694622
1696,7.324545437142391,0.0025252428568837137,12.03550064602252,0.25887516150562984,6072.871705530162,0.22739308794180202,0.6414459487126762,0.6828918974253524,0.041434242353013774,0.8269543909699753
1697,8.697166991054088,0.7650927728078271,12.935380906232876,0.48384522655821904,6509.838393025475,0.5915319941878961,0.6987106090257448,0.7974212180514896,0.010156923088053353,0.19508935531420912
1698,8.7086071987799,0.7714484437666114,13.279569267181934,0.5698923167954837,6346.948942704728,0.45579078558727393,0.34946366866800915,0.09892733733601833,0.035681471237348154,0.7107367926737
1699,7.731048236544988,0.22836013141388256,14.01392607052851,0.7534815176321276,5986.641080570771,0.15553423380897613,0.6550402314326751,0.7100804628653503,0.0497908796625453,0.9957753467180869
1700,7.880329260629306,0.3112940336829477,13.201390530062234,0.5503476325155587,6958.249474444185,0.9652078953701538,0.6208723099855564,0.641744619971113,0.03878139038435447,0.7733614219061509
1701,7.978816625399844,0.366009236333247,12.436686686083426,0.3591716715208566,6569.204028156549,0.6410033567971236,0.42273315814432455,0.24546631628864912,0.03140255578535558,0.6242940562698096
1702,8.050264702655278,0.40570261258626616,14.012937949834793,0.7532344874586984,6102.616009556638,0.25218000796386564,0.7185217188215711,0.8370434376431423,0.024060615496403814,0.47597203023038004
1703,7.75940630981892,0.2441146165660668,13.230386976431909,0.5575967441079774,6044.846113967439,0.204038428306199,0.4283174864684971,0.2566349729369942,0.041470649530049905,0.8276898894959577
1704,8.292948783264825,0.5405271018137919,13.42579508773365,0.6064487719334127,6838.125066099792,0.8651042217498268,0.747826960013229,0.8956539200264582,0.03489729215418059,0.6948947909935472
1705,8.33020514370621,0.5612250798367839,12.667914034973954,0.41697850874348863,6006.303130408509,0.17191927534042395,0.3858801522909379,0.17176030458187586,0.0006727674206554184,0.0034902509223316835
1706,8.064664384892938,0.41370243605163226,14.73456939486468,0.9336423487161701,6341.414820311063,0.4511790169258857,0.7966887938302576,0.9933775876605152,0.03226568826908647,0.6417310761431609
1707,8.398110505064952,0.5989502805916408,14.892924250257282,0.9732310625643206,6736.756129661386,0.7806301080511544,0.32257423317574985,0.045148466351499716,0.034001415572659136,0.676796274195134
1708,7.362234115149181,0.023463397305100386,12.235167640479396,0.3087919101198493,6896.493331153264,0.9137444426277205,0.5923974424697247,0.5847948849394494,0.022925075900340867,0.4530318363705226
1709,8.36736250142772,0.5818680563487335,13.055756899053158,0.5139392247632893,6658.160326262099,0.7151336052184156,0.6736195035747656,0.7472390071495314,0.019681560382510975,0.38750627035375707
1710,8.654535324957699,0.7414085138653885,13.78261245508886,0.6956531137722146,6552.661837865904,0.6272181982215866,0.6146426490564462,0.6292852981128924,0.031731927691286306,0.6309480341674001
1711,8.515981779131906,0.6644343217399475,13.0529165723858,0.5132291430964501,5965.363544193202,0.13780295349433525,0.6889111789537937,0.7778223579075875,0.029316771071284217,0.5821569913390751
1712,9.088600596609215,0.9825558870051202,13.697248133945724,0.6743120334864308,6409.775450040232,0.5081462083668595,0.45325644311014324,0.3065128862202865,0.04476025576634265,0.8941465811382352
1713,8.889598222761425,0.8719990126452358,11.64928384708049,0.16232096177012223,6788.502415208096,0.823752012673413,0.41866284593857683,0.2373256918771537,0.04253998040368262,0.8492925334077297
1714,7.34452921969983,0.013627344277683195,11.95078727419963,0.23769681854990765,6548.949662828274,0.6241247190235616,0.6392744900875915,0.6785489801751831,0.014080157591211881,0.2743466180042804
1715,7.523789774795055,0.11321654155280791,13.608679274238035,0.6521698185595087,6497.546476242427,0.581288730202023,0.7182044911226371,0.836408982245274,0.027052376403425317,0.5364116445136428
1716,7.5319341129977735,0.11774117388765182,12.256956438954107,0.31423910973852687,6929.64072852177,0.9413672737681421,0.31489823343817946,0.02979646687635895,0.022501216388787396,0.4444690179553009
1717,8.827297958126564,0.8373877545147589,12.94396286738543,0.48599071684635753,6956.580765820309,0.9638173048502577,0.6825180726588916,0.7650361453177833,0.01739453648340754,0.3413037673415664
1718,7.422160231989743,0.05675568443874568,14.492559552973951,0.8731398882434878,6260.45699077195,0.38371415897662475,0.467092652298415,0.33418530459683005,0.020809425181907266,0.4102914178163084
1719,8.136199908481164,0.4534443936006468,12.795486854274243,0.4488717135685608,6921.0163844433055,0.9341803203694212,0.40640562355228244,0.2128112471045649,0.04628354071342431,0.9249200144126123
1720,7.739902978441594,0.23327943246755223,11.704629714480218,0.17615742862005457,6172.753856782534,0.31062821398544493,0.7661697618164476,0.9323395236328952,0.012200403607964422,0.2363717900598873
1721,8.175016431864302,0.475009128813501,12.157491156215874,0.2893727890539687,5952.044785159892,0.1267039876332431,0.7224738971930302,0.8449477943860604,0.04304843502757283,0.8595643439913703
1722,8.571178653570207,0.695099251983449,11.308944345514833,0.07723608637870838,6657.838373119132,0.7148653109326096,0.36598572821134767,0.13197145642269537,0.040637385133520505,0.8108562653236465
1723,8.502401370797154,0.6568896504428635,13.512500163072596,0.628125040768149,6595.7794997470255,0.663149583122521,0.5981826210344511,0.5963652420689022,0.005587117913670284,0.10277005886202595
1724,7.830740291267241,0.2837446062595784,11.544333751107551,0.13608343777688792,6863.01930570446,0.8858494214203836,0.5275065195447386,0.4550130390894772,0.014812751130063173,0.2891464874760237
1725,8.041772026129493,0.4009844589608301,13.966362482876935,0.741590620719234,6838.140655483614,0.8651172129030114,0.6465555380514569,0.6931110761029139,0.02984824709410789,0.5928938806890482
1726,7.833651934669176,0.2853621859273203,14.245629708239914,0.8114074270599785,6936.761811633616,0.9473015096946797,0.49827432105816105,0.3965486421163221,0.008797180229519998,0.16761980261656562
1727,8.27557102068925,0.5308727892718059,13.945026910756798,0.7362567276891994,6815.41571594727,0.8461797632893916,0.5748681917212168,0.5497363834424338,0.002907481733832139,0.04863599462287149
1728,7.34952911638753,0.016405064659738677,14.92288881124134,0.9807222028103347,6913.445629403436,0.9278713578361971,0.37725418399318156,0.15450836798636314,0.021850689146592845,0.4313270534665221
1729,8.070865757389116,0.4171476429939538,11.981810765944225,0.24545269148605597,5814.487920899417,0.012073267416180533,0.45533759595647777,0.31067519191295556,0.041858490517533466,0.835525060960272
1730,7.963199307639666,0.35733294868870336,13.296650868126308,0.5741627170315771,6281.198252106548,0.4009985434221235,0.4076337800387576,0.21526756007751524,0.02928405020131673,0.5814959636629642
1731,8.222440880117187,0.5013560445095488,12.414846263028283,0.35371156575707063,6657.331306175957,0.7144427551466311,0.5103972593997459,0.4207945187994918,0.015839520947856366,0.3098893120779064
1732,8.665489442530538,0.7474941347391875,14.364240069008929,0.8410600172522321,5946.0199712126405,0.12168330934386729,0.7474243433654524,0.8948486867309048,0.0314346503710454,0.6249424317382908
1733,7.940852809193995,0.344918227329997,11.782217935740208,0.19555448393505204,6727.162240016149,0.7726352000134571,0.4240858779603455,0.24817175592069107,0.021444535952708295,0.4231219384385514
1734,8.687300754230744,0.7596115301281916,11.12603778642384,0.03150944660595978,6283.275023507671,0.40272918625639254,0.43926722812262553,0.2785344562452511,0.024095960518541047,0.4766860710816373
1735,8.94375101904939,0.9020838994718836,11.678549193520762,0.1696372983801907,6202.878890849358,0.33573240904113144,0.7403924882284394,0.8807849764568788,0.025064649090167052,0.49625553717509197
1736,7.934368309712758,0.34131572761819895,11.356168303561034,0.0890420758902587,6864.426380957436,0.8870219841311967,0.3054490681900645,0.010898136380129042,0.009216293585877978,0.17608673910864603
1737,8.17575070881259,0.4754170604514384,11.815180261534033,0.20379506538350844,6740.152079115422,0.7834600659295183,0.7856161663645143,0.9712323327290286,0.0014725302711263264,0.019647076184370227
1738,8.573007402261807,0.6961152234787813,12.9891343901872,0.49728359754680007,6150.7768711832605,0.2923140593193838,0.7580193317986779,0.9160386635973558,0.02219453466100876,0.43827342749512643
1739,7.621970966697918,0.1677616481655103,12.960372667816078,0.4900931669540195,6930.695239928978,0.9422460332741482,0.6488987048541033,0.6977974097082067,0.003324311973557669,0.05705680754661957
1740,8.204676057248097,0.49148669847116566,13.749597140321168,0.687399285080292,6395.5732347047215,0.49631102892060086,0.7917916123178969,0.9835832246357937,0.03947495472418438,0.7873728227107955
1741,8.159712412382646,0.4665068957681371,12.884244774460543,0.47106119361513576,6687.586186313554,0.7396551552612952,0.7571792616580263,0.9143585233160526,0.04578903454624821,0.9149299908332972
1742,8.074250669215647,0.41902814956424883,13.566999540288036,0.6417498850720088,6210.481564248263,0.34206797020688573,0.5949979405740476,0.5899958811480953,0.04313694585602574,0.8613524415358735
1743,7.411706558202023,0.050948087890012705,13.926101000389608,0.7315252500974018,6341.387002446658,0.45115583537221504,0.407816008742324,0.215632017484648,0.01788875005782782,0.35128787995611754
1744,7.482907676934035,0.09050426496335273,11.98274370621042,0.24568592655260468,6129.030047184438,0.2741917059870317,0.6934615465401548,0.7869230930803096,0.04615399620666431,0.922302953669986
1745,8.913591708378775,0.8853287268770978,14.20128097301609,0.8003202432540225,6493.045133171496,0.5775376109762462,0.6671618048678172,0.7343236097356345,0.02026726815062833,0.39933875051774403
1746,8.500315159144249,0.6557306439690268,12.28805271112455,0.32201317778113747,5969.23312728971,0.14102760607475795,0.5154190520078689,0.43083810401573774,0.020524224274318006,0.4045297833195557
1747,7.998843166171013,0.37713509231722964,13.243591487497477,0.5608978718743692,6939.27102441189,0.9493925203432414,0.31225109324929223,0.02450218649858449,0.012668287777399834,0.24582399550302692
1748,7.615270994808673,0.1640394415603743,14.293007828504575,0.8232519571261437,5911.470486617261,0.09289207218105022,0.6859033864779723,0.7718067729559447,0.025921669119440778,0.5135690731200157
1749,7.859215015542738,0.2995638975237429,13.218458127254468,0.554614531813617,6032.769377970137,0.19397448164178044,0.6817085956924366,0.7634171913848732,0.019849444026476187,0.39089785912073105
1750,8.560675873450633,0.6892643741392408,14.262269395330623,0.8155673488326556,6420.041508936178,0.5167012574468149,0.5292796055508062,0.45855921110161235,0.04403626723119242,0.8795205501250994
1751,8.836955140641976,0.8427528559122087,11.680340122261004,0.17008503056525115,6962.840043415294,0.9690333695127451,0.37821152874702096,0.15642305749404195,0.018985488582908563,0.3734442137961326
1752,8.218002858935192,0.49889047718621804,11.685330922006134,0.17133273050153375,6867.919318250842,0.8899327652090349,0.5248761105617405,0.4497522211234811,0.02222203339710656,0.4388289575173042
1753,8.81211028909756,0.8289501606097562,11.010795168482503,0.002698792120625848,6422.287990943069,0.5185733257858912,0.5884208910539082,0.5768417821078163,0.020570710369581906,0.40546889635519
1754,8.831640130524782,0.8398000725137683,12.290592913462483,0.32264822836562046,6048.940520303638,0.2074504335863644,0.3671576544510999,0.13431530890219978,0.045045573651395505,0.8999105788160707
1755,7.497181505480542,0.09843416971141239,14.958357164629081,0.9895892911572702,5876.521996151261,0.06376833012605121,0.37680835389676615,0.15361670779353231,0.037708810134007766,0.7516931340203589
1756,8.528180003989739,0.6712111133276333,12.8132405629787,0.453310140744675,6307.024198168346,0.422520165140288,0.6104375981673098,0.6208751963346197,0.0350384289277066,0.6977460389435677
1757,7.650457707154166,0.18358761508564747,11.7912789285689,0.1978197321422248,6968.368955594922,0.9736407963291019,0.5306392262542675,0.46127845250853505,0.01677656240656688,0.32881944255690665
1758,8.349056926817807,0.5716982926765601,12.025680775232304,0.2564201938080761,6642.989155732605,0.7024909631105042,0.443218151754267,0.286436303508534,0.03017820596739354,0.5995597165130008
1759,8.411382439441173,0.6063235774673187,11.835394879853798,0.20884871996344956,6523.259348890788,0.6027161240756563,0.31408652175541824,0.028173043510836493,0.01645361956802687,0.32229534480862365
1760,7.979289730402144,0.3662720724456353,11.61508265113283,0.1537706627832076,6615.413307131629,0.6795110892763575,0.7948508811622027,0.9897017623244054,0.005886396847332076,0.10881609792590052
1761,9.016987584860075,0.9427708804778198,14.019176482128792,0.754794120532198,6686.228304954253,0.7385235874618776,0.7833045023909193,0.9666090047818386,0.012667735094168976,0.2458128301852318
1762,7.790673871402604,0.261485484112558,13.438094171275031,0.6095235428187579,6783.815269318659,0.8198460577655493,0.3277170546073092,0.05543410921461844,0.0394619469271511,0.7871100389323453
1763,7.414477471774548,0.052487484319193256,14.917350401399347,0.9793376003498365,6799.327986252391,0.8327733218769929,0.36365547653622726,0.12731095307245455,0.03496940711804633,0.6963516589504308
1764,8.70313498918819,0.7684083273267719,11.285232632050878,0.07130815801271961,6119.024888427772,0.2658540736898096,0.49669931127101596,0.39339862254203195,0.026662190790485738,0.5285291068784997
1765,8.704666504543049,0.7692591691905823,11.118329821677028,0.02958245541925708,6750.739213457839,0.7922826778815325,0.6505518175698302,0.7011036351396603,0.01500033285770461,0.29293601732736585
1766,7.416130404449415,0.053405780249674795,14.508422236150196,0.8771055590375488,6032.877805514886,0.19406483792907148,0.40573656337575786,0.21147312675151575,0.047555335881116836,0.9506128460831683
1767,8.457171183854607,0.6317617688081152,14.104847932828449,0.7762119832071122,6250.908083131114,0.3757567359425953,0.7363561046287186,0.8727122092574371,0.04607992890858703,0.9208066446179198
1768,7.967064865374155,0.35948048076341954,11.182183389826115,0.045545847456528454,6737.262702876075,0.7810522523967295,0.5446310356297279,0.48926207125945587,0.03233252022389169,0.6430812166442765
1769,8.822968079174663,0.8349822662081462,13.667317758355221,0.6668294395888054,6527.468128486236,0.6062234404051973,0.6403770999538703,0.6807541999077404,0.015973077834386975,0.3125874309977167
1770,9.023291974752254,0.946273319306808,11.89092840859913,0.22273210214978245,5815.832271303618,0.013193559419681145,0.5574467695358478,0.5148935390716955,0.03572734819888575,0.7116635999774897
1771,8.30161346654028,0.5453408147445999,14.56522454030025,0.8913061350750626,6254.892957322136,0.3790774644351135,0.3086222110331284,0.01724442206625687,0.028887188502296574,0.5734785556019509
1772,7.9613591051059664,0.356310613947759,12.99068317371135,0.4976707934278377,5959.698312299514,0.13308192691626197,0.6619525352570608,0.7239050705141216,0.04346501681567587,0.8679801376904215
1773,8.701340734870767,0.7674115193726487,12.01278069075115,0.2531951726877876,6834.636903651988,0.8621974197099901,0.734647391714108,0.869294783428216,0.03274243785681626,0.651362380945783
1774,8.550427133400213,0.6835706296667845,13.62606169729632,0.6565154243240799,6939.429354695666,0.9495244622463885,0.47466850911812,0.34933701823623997,0.02665347359635056,0.5283530019464759
1775,8.655256806261924,0.74180933681218,12.494199327266648,0.3735498318166618,6415.37232102773,0.5128102675231088,0.5331338171671285,0.4662676343342571,0.019931279813012556,0.392551107333587
1776,8.253517192589072,0.5186206625494848,11.168303453131252,0.042075863282812875,6717.79508347905,0.7648292362325418,0.43564563517921123,0.2712912703584225,0.032291503183486954,0.642252589565393
1777,8.395911090043839,0.5977283833576883,13.464062660255943,0.6160156650639856,6000.432547023759,0.16702712251979934,0.5724131507197161,0.5448263014394323,0.02477544149789133,0.4904129595533602
1778,7.393376305894827,0.040764614386014864,13.32975645626934,0.5824391140673351,6641.417584041623,0.7011813200346857,0.7555533708333873,0.9111067416667746,0.0067387343017916036,0.12603503639983038
1779,7.627548604391032,0.1708603357727957,13.352345130663343,0.5880862826658356,6757.617816807554,0.7980148473396285,0.7740736697627895,0.9481473395255788,0.0199486682228853,0.3929023883411171
1780,7.617240835099729,0.16513379727762723,12.896373449506536,0.4740933623766339,6524.869607050142,0.6040580058751179,0.6577834186794452,0.7155668373588905,0.03086515703848933,0.6134375159290774
1781,8.41449371384488,0.6080520632471558,12.423826280079904,0.35595657001997616,6414.746706945253,0.5122889224543774,0.7691267083073822,0.9382534166147644,0.007887677111028429,0.14924600224299855
1782,7.387650354680651,0.03758353037813944,12.517399165093053,0.3793497912732633,6752.0247653018105,0.7933539710848418,0.4950817863011569,0.3901635726023138,0.008908672912015872,0.16987218004072469
1783,7.351941486152269,0.01774527008459359,12.197443713187,0.2993609282967501,6918.6720030877095,0.9322266692397582,0.5134450134372222,0.42689002687444433,0.023720933836615703,0.4691097744770849
1784,8.381009091763696,0.5894494954242756,12.311451262361794,0.3278628155904487,6888.853253976965,0.9073777116474706,0.6045440837404292,0.6090881674808584,0.01913457853608754,0.37645613204217254
1785,7.944725807405131,0.34706989300285085,13.345180958856291,0.5862952397140728,6981.8251169087125,0.984854264090594,0.5210650854028305,0.4421301708056611,0.038279742507172324,0.7632271213570165
1786,8.420535125325241,0.6114084029584679,14.561792151697663,0.8904480379244158,6061.837001160295,0.2181975009669126,0.6814929207979645,0.7629858415959292,0.0467348516293635,0.934037406653808
1787,8.268832727632034,0.5271292931289078,14.204302344420295,0.8010755861050739,6489.230701688204,0.5743589180735034,0.5340030670940386,0.46800613418807724,0.01908269864584837,0.3754080534514822
1788,7.322616358432391,0.0014535324624396218,11.007091130768762,0.001772782692190611,6208.295243574796,0.3402460363123295,0.6200068696508552,0.6400137393017105,0.04176046887219047,0.8335448257008174
1789,8.20089828158882,0.4893879342160118,11.904499692783066,0.2261249231957666,6800.438302824328,0.8336985856869399,0.7829872107154836,0.9659744214309673,0.02218236985534685,0.4380276738453909
1790,7.597917286578177,0.15439849254343152,14.586633643038686,0.8966584107596715,6342.340615321102,0.45195051276758436,0.6971983013939396,0.7943966027878793,0.007397715034367066,0.13934777847206192
1791,7.3839670393597485,0.03553724408874903,12.61275438307135,0.4031885957678373,6059.719806524408,0.2164331721036733,0.5432813970199567,0.4865627940399134,0.009739403293988378,0.18665461199976519
1792,8.934445478598576,0.8969141547769871,11.786430112533736,0.19660752813343407,6079.188027215414,0.23265668934617822,0.6022767398275564,0.6045534796551129,0.018182832630664565,0.35722894203362754
1793,8.66306297953835,0.7461460997435274,11.926217724124227,0.23155443103105677,6983.695849969717,0.9864132083080973,0.5360597447548631,0.47211948950972615,0.02784865156913789,0.5524980114977351
1794,9.034277702420987,0.9523765013449927,14.911105192987435,0.9777762982468586,6749.52921026566,0.7912743418880507,0.6591104336073128,0.7182208672146257,0.030438243714877626,0.6048130043409621
1795,8.517471148325702,0.6652617490698352,14.889401213609354,0.9723503034023383,6108.09198527883,0.25674332106569175,0.7536961688888626,0.9073923377777251,0.02868269448727611,0.5693473633793154
1796,8.021754631551572,0.389863684195318,12.634768158702673,0.40869203967566836,6898.310645410235,0.915258871175196,0.5484365902087445,0.49687318041748907,0.021395586776713393,0.42213306619623014
1797,8.479654495573987,0.6442524975411038,12.4919316596769,0.372982914919225,6762.263870385799,0.801886558654833,0.5141162342042863,0.42823246840857265,0.04774608692946115,0.9544664026153766
1798,8.099417032954381,0.4330094627524341,12.942693393288364,0.48567334832209086,6406.207475734083,0.5051728964450696,0.7239412812652968,0.8478825625305937,0.02361453236746905,0.46696024984785955
1799,8.989406497433755,0.927448054129864,11.928738936547791,0.23218473413694807,6545.873604965032,0.62156133747086,0.7626685093036301,0.9253370186072603,0.015744187910994398,0.307963392141301
1800,7.411697288374005,0.050942937985557935,12.761142362773036,0.440285590693259,6044.245513552575,0.20353792796047965,0.4233471626129449,0.24669432522588985,0.003097162434740045,0.05246792797454636
1801,7.761000531748736,0.24500029541596446,14.692784802861791,0.9231962007154475,6638.965515343532,0.6991379294529436,0.38414179285191613,0.16828358570383228,0.005127212896542296,0.09347904841499588
1802,7.391138622155998,0.03952145675333174,14.822200101421782,0.9555500253554454,6419.939825530001,0.5166165212750012,0.7436621276895521,0.8873242553791042,0.03100955664718563,0.6163546797411238
1803,7.345466150622255,0.014147861456808242,11.466601270306684,0.11665031757667099,6291.827530420213,0.40985627535017766,0.7969312250300469,0.9938624500600937,0.03928124618145284,0.783459518817229
1804,7.8695367934055,0.3052982185586107,14.481517923393136,0.870379480848284,5937.514482827291,0.11459540235607635,0.6836126195169671,0.7672252390339341,0.02688996108344274,0.5331305269382371
1805,8.495679708342376,0.6531553935235427,12.458883090708015,0.36472077267700387,6100.4011408658425,0.2503342840548689,0.6871961448535133,0.7743922897070266,0.014697293288549183,0.2868140058292764
1806,8.47542077355659,0.6419004297536614,11.334233865704828,0.08355846642620701,6043.372355525874,0.20281029627156189,0.7043356923591954,0.8086713847183907,0.017898849569105237,0.3514919104869745
1807,8.635736470158243,0.7309647056434686,13.583100773068042,0.6457751932670103,6316.574049576333,0.43047837464694405,0.7061830302980592,0.8123660605961183,0.040361121382635666,0.8052751794471852
1808,8.4527826602205,0.6293237001224997,13.116618914586628,0.5291547286466571,6735.121932422595,0.7792682770188292,0.5275125462602305,0.45502509252046097,0.0016024481790157359,0.022271680384156278
1809,7.669555391262905,0.19419743959050262,14.412694395549421,0.8531735988873552,6715.995760308238,0.7633298002568646,0.5466475194904667,0.49329503898093363,0.024824544890962686,0.49140494729217543
1810,8.495526460468504,0.6530702558158363,12.932713628248207,0.4831784070620516,6129.175411603132,0.2743128430026097,0.73291194174508,0.8658238834901599,0.03307938877235985,0.6581694701486839
1811,7.8016810903167,0.26760060573150035,12.694806029536956,0.42370150738423884,5965.439565557612,0.13786630463134308,0.3627407616907045,0.12548152338140905,0.04445139432904449,0.8879069561423129
1812,7.426007262074203,0.05889292337455687,13.702209541992787,0.6755523854981964,5954.346287660411,0.12862190638367565,0.69162035917874,0.78324071835748,0.03081249772842811,0.6123736914833962
1813,7.429602069958713,0.060890038865951346,12.308749378704185,0.32718734467604604,6882.8493888072535,0.9023744906727111,0.38594277867693627,0.17188555735387256,0.011164543963623628,0.2154453325984571
1814,7.978583846821933,0.36587991490107385,14.932299919215046,0.9830749798037615,5840.959702489731,0.03413308540810911,0.31497070446484415,0.02994140892968833,0.033027427226756514,0.657119741954677
1815,8.468813492009867,0.6382297177832595,11.458061245178698,0.11451531129467463,6865.601899679105,0.8880015830659211,0.4009464286513361,0.20189285730267226,0.014282798883346092,0.2784403814817392
1816,7.61667707877031,0.164820599316839,14.888460340545134,0.9721150851362835,6260.250969941122,0.3835424749509353,0.6559928762221137,0.7119857524442273,0.031687391062874354,0.630048304300492
1817,7.642739852889676,0.17929991827204206,14.49229003470534,0.8730725086763349,6466.476020767169,0.5553966839726404,0.40799562340864487,0.21599124681728976,0.011004617530142416,0.21221449555843264
1818,8.198823787234438,0.48823543735246566,11.40873055607084,0.10218263901770974,6832.724560081333,0.8606038000677771,0.7734312774934129,0.9468625549868259,0.007623140546970235,0.1439018292317219
1819,8.937948080059426,0.898860044477459,12.206615979706468,0.30165399492661693,5895.775492458909,0.07981291038242389,0.5488115502787723,0.49762310055754444,0.020792907977942393,0.4099577369281291
1820,8.629079533530879,0.7272664075171557,12.231934546452694,0.3079836366131733,5860.25959013251,0.050216325110425064,0.3046035125360892,0.00920702507217841,0.021092669500335528,0.4160135252593036
1821,7.986650460568173,0.3703613669823186,14.022222562528757,0.7555556406321895,6194.948030351054,0.32912335862587816,0.6844490879698035,0.768898175939607,0.0103793934031981,0.19958370511511314
1822,8.900061541790754,0.8778119676615302,14.71039284887491,0.9275982122187277,6167.777573172343,0.30648131097695286,0.6479444328497084,0.6958888656994168,0.015561688673931812,0.3042765388673093
1823,8.24073214480952,0.5115178582275115,14.523412953560111,0.8808532383900276,6800.9391060945945,0.8341159217454954,0.538185178211821,0.4763703564236421,0.013117952500887315,0.25490813133105683
1824,7.835937100530577,0.2866317225169871,11.069914283054814,0.017478570763703516,6928.44077993364,0.9403673166113673,0.4585297059455985,0.317059411891197,0.04511564216185343,0.9013261042798673
1825,8.516758861231121,0.66486603401729,12.262503980346715,0.31562599508667855,5839.311213989881,0.03275934499156774,0.6794032297161771,0.7588064594323541,0.04319267948332303,0.8624783734004653
1826,7.536608873171529,0.12033826287307148,14.747212674175623,0.9368031685439059,6798.848335285161,0.8323736127376341,0.3724652589620594,0.14493051792411882,0.031466380990235715,0.6255834543481963
1827,7.804133113608708,0.26896284089372713,12.74290413288414,0.435726033221035,6796.600398319089,0.8305003319325744,0.7340811670275136,0.8681623340550271,0.02047544174755863,0.40354427772845713
1828,8.711295344835602,0.7729418582420017,11.968708556046765,0.24217713901169124,6093.969258817333,0.2449743823477778,0.3594090333023712,0.11881806660474237,0.017335149521907182,0.3401040307455996
1829,8.895627710889087,0.8753487282717158,12.941582743445387,0.48539568586134685,6512.254028605208,0.593545023837673,0.7957920394830409,0.9915840789660817,0.0014490623181003242,0.019172976123238872
1830,7.493719792178681,0.09651099565482268,11.076656645074454,0.019164161268613533,6987.4170905650135,0.9895142421375115,0.6833501978227594,0.766700395645519,0.04086183643716214,0.8153906350941846
1831,8.836066900125699,0.8422593889587223,11.561600760875635,0.14040019021890893,6698.129104970727,0.7484409208089392,0.42313231460911516,0.24626462921823034,0.04481084202933131,0.8951685258450769
1832,8.512051943162204,0.6622510795345576,12.877966582508012,0.46949164562700296,6333.86489868023,0.4448874155668585,0.7375490144782577,0.8750980289565155,0.025443955461147662,0.5039182921443972
1833,8.509474499430365,0.6608191663502032,12.455119118559217,0.36377977963980423,6940.339941952658,0.9502832849605483,0.7688882488504096,0.9377764977008192,0.028936886638581714,0.5744825583551861
1834,7.449363624095314,0.07186868005295188,13.722824078981287,0.6807060197453219,6843.930980552845,0.8699424837940374,0.6801983352689527,0.7603966705379054,0.0014820045969793046,0.01983847670665262
1835,8.47112044959578,0.6395113608865443,14.998081742554595,0.9995204356386486,6100.563513872074,0.2504695948933946,0.4337264007584886,0.26745280151697726,0.0017237644885992093,0.024722514921196148
1836,7.756980076928226,0.2427667094045698,14.322873576087696,0.8307183940219242,6974.206122905092,0.97850510242091,0.6547787315624882,0.7095574631249764,0.014077857606304409,0.2743001536627153
1837,7.924529971516017,0.33584998417556466,11.788187736017566,0.19704693400439166,6576.6485435063705,0.6472071195886419,0.41873280333270063,0.23746560666540129,0.027609378304317353,0.5476642081680273
1838,8.978614148212685,0.9214523045626029,13.459726952234718,0.6149317380586795,6090.849524327585,0.24237460360632035,0.714484838180999,0.8289696763619979,0.024152968495511143,0.4778377473840635
1839,7.5034700662980525,0.10192781461002887,13.854817031878081,0.7137042579695202,6307.319818910192,0.42276651575849344,0.6180614017930748,0.6361228035861495,0.020877652615401015,0.41166974980608106
1840,8.953380859935546,0.9074338110753039,14.5142324374015,0.8785581093503751,6813.311396857864,0.8444261640482201,0.5238166620436785,0.447633324087357,0.019899249542768782,0.3919040311670461
1841,7.693066491566643,0.20725916198146865,12.160122428644758,0.29003060716118945,6680.897809696492,0.7340815080804102,0.5598927630830808,0.5197855261661616,0.039966114571482164,0.7972952438683265
1842,8.50432190295402,0.6579566127522339,11.04553171822575,0.011382929556437382,6432.993119340478,0.5274942661170653,0.35271483731185815,0.10542967462371633,0.01183729780854363,0.22903631936451774
1843,7.431577234429508,0.06198735246083753,12.235297257490766,0.3088243143726914,6085.522191662248,0.23793515971853996,0.7675774178148307,0.9351548356296615,0.0038140660430673336,0.06695082915287542
1844,8.295209508023484,0.5417830600130469,13.388991894907845,0.597247973726961,6117.783661524409,0.26481971793700687,0.5520968941194051,0.5041937882388101,0.044531584740920074,0.8895269644630318
1845,8.034441547296643,0.3969119707203568,13.238977885468186,0.5597444713670465,6125.990184651086,0.2716584872092379,0.33252615287597465,0.06505230575194931,0.027359126402562564,0.5426086141931831
1846,8.743741046219219,0.7909672478995662,13.32964557694575,0.5824113942364373,6919.0441048001985,0.9325367540001654,0.6769112509663859,0.7538225019327718,0.025578751853773677,0.5066414515913874
1847,8.202714681095188,0.49039704505288195,13.18244253935016,0.5456106348375397,5800.810619065866,0.0006755158882222334,0.3189527774747651,0.037905554949530185,0.02932944674137587,0.5824130654823407
1848,7.902633757875677,0.3236854210420428,13.235046063695322,0.5587615159238302,6798.7680479930805,0.8323067066609006,0.5866340248403341,0.5732680496806684,0.044379081935642016,0.8864460997099397
1849,8.467357901808807,0.6374210565604488,14.496467637175794,0.8741169092939487,6329.539683126803,0.44128306927233585,0.7622749774760729,0.9245499549521458,0.03515629449158242,0.7001271614461094
1850,8.353594543634395,0.5742191909079979,13.036273349783878,0.5090683374459696,6105.812916598909,0.2548440971657575,0.6046695361582823,0.6093390723165648,0.04993921648057629,0.9987720501126522
1851,7.367803735322929,0.026557630734960647,11.241510540524564,0.06037763513114103,5817.778310004727,0.014815258337272486,0.48699297783163215,0.3739859556632643,0.018652138470035964,0.3667098680815346
1852,7.9800651278228685,0.3667028487904823,14.871798306930177,0.9679495767325444,6171.694715604878,0.3097455963373982,0.34795556299143227,0.09591112598286455,0.015983098664782067,0.31278987201579933
1853,7.545670731303648,0.1253726285020269,13.427544290418243,0.6068860726045608,6375.3625338748025,0.47946877822900213,0.6371385723928034,0.6742771447856069,0.03387040801402203,0.6741496568489299
1854,8.043945391753532,0.4021918843075175,14.80781380228452,0.9519534505711298,5832.52001236748,0.02710001030623388,0.7664006158420423,0.9328012316840847,0.0227183517867138,0.4488555916507838
1855,7.42333683771637,0.057409354286872216,11.565025318235518,0.14125632955887957,5857.733576278034,0.04811131356502851,0.3885269173278027,0.17705383465560542,0.03335491489693929,0.663735654483622
1856,8.415577445165312,0.6086541362029513,11.523384262182192,0.130846065545548,6793.382453384444,0.8278187111537028,0.38766447799812376,0.17532895599624754,0.004586080607469015,0.08254708297917202
1857,8.260059266480617,0.5222551480447872,11.996201430168153,0.24905035754203841,6001.485588996226,0.16790465749685568,0.5527819850153626,0.5055639700307253,0.021511198293074383,0.42446865238534104
1858,7.838746990112052,0.2881927722844735,14.252336684425554,0.8130841711063888,6122.023793828306,0.26835316152358824,0.543287336435939,0.48657467287187783,0.0342327712286327,0.6814701258309636
1859,8.430041401073023,0.6166896672627902,12.521526731278918,0.3803816828197295,6558.224142665045,0.6318534522208712,0.5310259206618675,0.4620518413237349,0.04986669056264102,0.9973068800533539
1860,8.24407940941771,0.5133774496765058,14.620446889591918,0.9051117223979792,5876.6943878335505,0.06391198986129187,0.4363252563925892,0.2726505127851784,0.03628137033715436,0.7228559664071588
1861,9.113168677315066,0.9962048207305931,14.287458000511045,0.8218645001277609,6086.0042503711875,0.2383368753093228,0.7135696964182228,0.8271393928364454,0.023412664668534682,0.46288211451585215
1862,8.781451083151158,0.8119172684173099,14.13703359337933,0.7842583983448327,6663.856736305516,0.71988061358793,0.5571640474072216,0.5143280948144432,0.016311228464338377,0.31941875685532073
1863,7.833216144108417,0.2851200800602318,13.632301589159631,0.6580753972899077,5868.560901951081,0.057134084959234444,0.5259113097094166,0.45182261941883306,0.03659334472804212,0.7291584793543862
1864,8.016648539000073,0.38702696611115195,13.383992021465692,0.5959980053664232,6050.534183849706,0.20877848654142195,0.6553870993685427,0.7107741987370854,0.020507117166124366,0.4041841851742296
1865,8.984293776589547,0.9246076536608604,11.111064143879215,0.02776603596980376,6115.568655822553,0.2629738798521277,0.4783287416139458,0.3566574832278916,0.021795157610992277,0.4302052042624702
1866,8.124527443320519,0.4469596907336214,12.494162864904512,0.37354071622612794,6692.425825793622,0.7436881881613517,0.41987446432167075,0.23974892864334152,0.0034072219248533686,0.0587317560576438
1867,8.559934611969014,0.6888525622050079,14.43412152552297,0.8585303813807427,6093.592844099604,0.2446607034163366,0.3018255297938549,0.0036510595877098373,0.016201052369150336,0.3171929771545522
1868,8.069813047401428,0.4165628041119044,14.104132578114797,0.7760331445286992,6097.787371710464,0.24815614309205347,0.5390737654815958,0.47814753096319174,0.018535836570142843,0.36436033475036045
1869,7.719845960150999,0.22213664452833293,12.521751125526007,0.38043778138150197,6534.551206124668,0.6121260051038904,0.548263313321848,0.49652662664369607,0.02458418095557235,0.4865491102135828
1870,8.940875713917029,0.9004865077316828,14.211939127101797,0.8029847817754492,6485.335318912252,0.5711127657602102,0.6253750172381407,0.6507500344762813,0.039854545825298564,0.7950413298040113
1871,8.747466372220295,0.7930368734557193,11.775593017970149,0.19389825449253728,6357.51348037739,0.4645945669811581,0.6728649498906918,0.7457298997813836,0.046737246397496074,0.9340857858080014
1872,7.580176471897224,0.14454248438734674,11.431621115812105,0.10790527895302615,6150.755146279703,0.2922959552330856,0.7170273232065609,0.834054646413122,0.039169245443948314,0.7811968776555215
1873,8.775944968688162,0.8088583159378678,14.879964780261643,0.9699911950654106,6812.42677117396,0.8436889759783002,0.784184149513178,0.968368299026356,0.04097184499023295,0.8176130301057162
1874,7.575014947873356,0.1416749710407531,12.804443539663438,0.4511108849158594,5831.677818119259,0.026398181766049356,0.7274516002437793,0.8549032004875586,0.00822278785675335,0.15601591629804745
1875,8.237641248234517,0.5098006934636212,13.304177177300232,0.5760442943250579,6524.470698103945,0.6037255817532882,0.6196715510281585,0.6393431020563171,0.02248957307149511,0.44423379942414365
1876,8.759650390415645,0.799805772453137,14.319180449910695,0.8297951124776738,5880.038775454671,0.06669897954555937,0.41732947076401056,0.23465894152802114,0.03005987183109899,0.5971691279009896
1877,7.798552477441513,0.2658624874675074,12.07744298039374,0.2693607450984352,6548.134332693411,0.623445277244509,0.619209276501758,0.6384185530035162,0.034139932649988394,0.6795945989896645
1878,8.861599897560296,0.8564443875334983,14.43928320699329,0.8598208017483223,6332.231551381956,0.44352629281829625,0.6227255072038171,0.6454510144076343,0.04032130800283414,0.8044708687441241
1879,8.496308548961787,0.6535047494232157,12.796885920444828,0.449221480111207,6321.119818195415,0.43426651516284576,0.34117875677911913,0.08235751355823828,0.02620562138900069,0.5193054826060746
1880,8.918273324222012,0.8879296245677847,11.698516107304293,0.1746290268260735,6498.294310225988,0.5819119251883235,0.6644603570678244,0.7289207141356487,0.02900136839883757,0.5757852201785367
1881,8.361604134516595,0.5786689636203306,11.046466487932301,0.011616621983075337,6188.640133110099,0.32386677759174887,0.7326766680209893,0.8653533360419787,0.003656227011153847,0.06376216184149186
1882,8.55587678307899,0.6865982128216611,12.01653132701787,0.25413283175446755,6954.083719630255,0.9617364330252123,0.668525921704782,0.737051843409564,0.024491375964273567,0.48467426190451646
1883,8.747271733738282,0.7929287409657129,14.599688057492557,0.8999220143731391,6253.955585928225,0.3782963216068549,0.7542121031895928,0.9084242063791856,0.023487754987925623,0.46439909066516405
1884,8.788223311423586,0.815679617457548,12.324526924712401,0.33113173117810035,6946.151442077489,0.9551262017312411,0.3908367497349248,0.18167349946984968,0.0325388846627558,0.6472501952071879
1885,8.400134364349878,0.600074646861043,11.691293930457604,0.17282348261440106,6492.5103180325195,0.5770919316937664,0.4162190247507788,0.23243804950155766,0.011037488611284344,0.2128785578037241
1886,7.333306289594306,0.007392383107947875,12.567132606160222,0.3917831515400555,6964.508429838041,0.9704236915317006,0.5539443019721586,0.5078886039443171,0.03639620630353286,0.7251758849198557
1887,8.80059291761611,0.8225516208978387,13.985664767606774,0.7464161919016937,5819.741705246222,0.016451421038518932,0.716089937838269,0.832179875676538,0.04196891719355758,0.8377559029001531
1888,8.108661808191364,0.43814544899520214,11.270357338956746,0.06758933473918638,5832.083215844625,0.026736013203854103,0.44008161379752736,0.28016322759505474,0.03834137009981829,0.7644721232286523
1889,8.86452986781132,0.8580721487840677,12.389083991239842,0.3472709978099604,5818.297666087238,0.015248055072698552,0.4564849012633693,0.31296980252673867,0.02351398675525423,0.4649290253586713
1890,7.946192390402855,0.34788466133491924,13.626215457488419,0.6565538643721046,6113.791312012621,0.2614927600105179,0.650512795018246,0.701025590036492,0.03587358600743855,0.7146178991401727
1891,8.968944247328675,0.9160801374048203,13.067301779577194,0.5168254448942985,6224.226016650807,0.3535216805423388,0.37854897448091523,0.1570979489618305,0.018935595748776696,0.37243627775306454
1892,9.031414026546578,0.9507855703036547,11.69003094978428,0.17250773744606984,6324.401579152535,0.4370013159604459,0.3529856580329569,0.10597131606591381,0.01146596725629036,0.22153469204626985
1893,7.585450203770854,0.14747233542825222,12.876357268494635,0.46908931712365887,6306.0932072904,0.42174433940866674,0.769861036776532,0.939722073553064,0.011519159257544683,0.22260927793019558
1894,8.724834165963674,0.7804634255353745,13.784367380511963,0.6960918451279907,6171.306976183635,0.3094224801530293,0.6777472191423286,0.7554944382846572,0.0010561335136317724,0.01123502047740954
1895,8.080518081911938,0.4225100455066325,12.065926466571629,0.26648161664290737,6305.307918419202,0.421089932016002,0.3997712533464382,0.19954250669287643,0.01873873915219053,0.36845937681192986
1896,7.873967837697509,0.30775990983194934,12.199565658468048,0.29989141461701196,6171.779986664405,0.3098166555536713,0.33591333457206046,0.07182666914412095,0.014528315825468253,0.2834003197064293
1897,8.757049059436698,0.7983605885759438,14.678891193291555,0.9197227983228886,5924.93352064442,0.10411126720368358,0.7153619782111331,0.8307239564222663,0.018879293699722646,0.3712988626206595
1898,8.72523224830889,0.7806845823938282,12.238918904663933,0.3097297261659835,6532.791692066035,0.610659743388362,0.7814049237732046,0.9628098475464091,0.023804270889237727,0.4707933512977318
1899,8.09825963389542,0.4323664632752341,14.972279114856704,0.9930697787141758,6289.331145574826,0.4077759546456885,0.5397387248186009,0.47947744963720174,0.014736969694336315,0.2876155493805316
1900,8.055694464949926,0.4087191471944033,13.722784222300264,0.6806960555750661,6991.482981017095,0.9929024841809125,0.7891520402287051,0.9783040804574102,0.020280136303466364,0.39959871320134066
1901,8.762154367410222,0.8011968707834575,11.891123898274383,0.22278097456859602,6826.84487895038,0.8557040657919838,0.40146147465655635,0.20292294931311272,0.003913289118428405,0.06895533572582635
1902,7.935449615559014,0.3419164530883412,12.138121794020151,0.28453044850503795,6025.632321662425,0.1880269347186877,0.4285774524484026,0.25715490489680526,0.03665405118075372,0.730384872338459
1903,7.731498902466725,0.2286105013704024,12.956993375414541,0.489248343853635,6440.770484430166,0.533975403691805,0.49524052034125376,0.39048104068250755,0.009898278775318837,0.18986421768320882
1904,7.82848355528301,0.2824908640461167,11.320160373879279,0.08004009346981988,5966.8409820651295,0.13903415172094113,0.6098304957392815,0.6196609914785631,0.00193890342919655,0.029068756145384844
1905,7.767265548005035,0.24848086000279745,11.078270760705662,0.019567690176415464,6804.987236332727,0.8374893636106057,0.3975744995514498,0.19514899910289962,0.04234947020548399,0.84544384253503
1906,7.8870984193844595,0.31505467743581095,13.956700527719107,0.7391751319297768,5828.959358010165,0.024132798341803596,0.3175612074702528,0.03512241494050561,0.0270276454567065,0.5359120294284141
1907,7.593815015071694,0.15211945281760786,12.617437379372024,0.40435934484300584,6441.85312153195,0.5348776012766248,0.5567657135892756,0.5135314271785512,0.015520163816307785,0.3034376528547027
1908,8.330779181988758,0.561543989993755,13.459618920454183,0.614904730113546,6077.881449251063,0.23156787437588555,0.4484324748324466,0.2968649496648932,0.02840987983533717,0.5638359562694377
1909,7.408819226303447,0.049344014613026066,11.269398934691981,0.06734973367299524,6808.102549931061,0.8400854582758838,0.7758884676754874,0.9517769353509747,0.029526934712003024,0.5864027214546065
1910,8.335221046147714,0.5640116923042853,11.747134439559968,0.18678360988999199,5860.192211766827,0.05016017647235593,0.34630395644924916,0.09260791289849835,0.036268992403538786,0.7226059071421976
1911,8.759585318253375,0.7997696212518749,12.896849686595397,0.47421242164884914,6115.608896485644,0.26300741373803704,0.6281275126787336,0.6562550253574673,0.04993529802874397,0.998692889469575
1912,7.642940685782867,0.1794114921015928,14.635815080456595,0.9089537701141488,5974.728297681751,0.1456069147347926,0.5223627059470184,0.4447254118940368,0.01561646730330098,0.3053831778444642
1913,8.03546417085603,0.3974800949200168,14.2042738403449,0.801068460086225,6073.13457510407,0.22761214592005863,0.3094401534569365,0.01888030691387299,0.03250463723639066,0.646558328007892
1914,7.336599690967338,0.009222050537409876,11.289441724615653,0.07236043115391344,6067.43148591657,0.22285957159714165,0.6607101729555007,0.7214203459110013,0.024501412921882834,0.4848770287249057
1915,8.347233401242049,0.5706852229122494,12.155045624572868,0.2887614061432169,6167.001892055294,0.3058349100460782,0.43146118636303576,0.26292237272607155,0.04075269295987666,0.8131857163611446
1916,9.114646145167969,0.9970256362044273,12.981915156890006,0.49547878922250155,6135.751250579006,0.2797927088158384,0.36899482954980556,0.13798965909961114,0.020142032211121538,0.3968087315378088
1917,7.849006936035301,0.2938927422418337,11.047887807718746,0.011971951929686586,6249.912746615079,0.37492728884589965,0.37915078623683207,0.15830157247366416,0.03386394306641186,0.6740190518467042
1918,7.6164547975968935,0.1646971097760519,14.013807673976302,0.7534519184940753,6518.203526983793,0.598502939153161,0.30316625766480715,0.006332515329614319,0.023836713285140986,0.47144875323517144
1919,8.201391413878005,0.4896618965988915,13.688391309792461,0.6720978274481155,6756.052291223999,0.7967102426866663,0.5672675032947989,0.5345350065895978,0.04483997718266397,0.8957571148012923
1920,7.377973102753822,0.03220727930767886,11.26212276813299,0.06553069203324757,6010.929246042499,0.17577437170208243,0.5215237243298182,0.4430474486596364,0.012291286785871186,0.23820781385598355
1921,7.321698718614101,0.0009437325633891991,14.539147559079444,0.884786889769861,6592.511852183991,0.6604265434866597,0.5924157981092479,0.5848315962184959,0.005104979690850827,0.09302989274446116
1922,7.639760008015734,0.17764444889762998,11.070668242184333,0.017667060546083024,6513.687737611374,0.594739781342812,0.6614911544743259,0.7229823089486519,0.022904500595500796,0.45261617364648066
1923,7.326279313558509,0.0034885075325052917,11.39019272308381,0.09754818077095251,6746.294277620835,0.7885785646840285,0.6217422369364662,0.6434844738729325,0.0360419283560533,0.7180187546677433
1924,7.775157509194177,0.25286528288565346,13.912231145517575,0.7280577863793939,6267.240834690163,0.3893673622418026,0.5569158533383431,0.5138317066766862,0.028283723526456715,0.5612873439688225
1925,7.701766348955855,0.21209241608658658,11.2758504329956,0.06896260824889999,6924.2021981063635,0.9368351650886365,0.684926116116469,0.769852232232938,0.006538831378818423,0.12199659351148329
1926,8.521546717190759,0.6675259539948664,14.614686715713212,0.9036716789283029,6783.930508260066,0.8199420902167215,0.6398817165352257,0.6797634330704514,0.02973873404714213,0.5906814959018611
1927,8.912184124313514,0.8845467357297301,13.384500966890279,0.59612524172257,5935.0100464840525,0.11250837207004383,0.35679746421385333,0.11359492842770669,0.011298932511832085,0.21816025276428452
1928,8.142034084548335,0.4566856025268533,13.841279081459472,0.7103197703648679,5833.6902085142065,0.028075173761838434,0.7131571785654085,0.8263143571308169,0.00805638916417062,0.15265432654890143
1929,8.734315897674847,0.7857310542638042,12.367504566496919,0.34187614162422986,6432.806202348831,0.5273385019573588,0.5872553621103035,0.574510724220607,0.04128594260469229,0.82395843645843
1930,7.8387430482631455,0.2881905823684142,11.374065110049713,0.09351627751242819,5802.474236200412,0.0020618635003428754,0.3343381409029384,0.06867628180587682,0.034485182099730116,0.6865693353480831
1931,8.846226779876279,0.8479037665979334,13.967078718347096,0.741769679586774,6496.263303075873,0.5802194192298943,0.41461458539955154,0.2292291707991031,0.02649192042194565,0.5250893014534475
1932,7.961889140920191,0.35660507828899524,11.412462197064452,0.10311554926611277,6178.81214923442,0.3156767910286834,0.3380390850588658,0.07607817011773166,0.0028942380084080377,0.048368444614303785
1933,9.022748808465593,0.9459715602586629,12.014172103884537,0.2535430259711341,5877.607380832944,0.0646728173607869,0.3738807145073993,0.1477614290147986,0.006061361865149833,0.11235074475050166
1934,7.884930340394544,0.31385018910808016,12.132442837249336,0.28311070931233373,6173.111516098783,0.31092626341565255,0.39343518459086735,0.18687036918173472,0.037273226691022406,0.7428934685055031
1935,9.072055594535165,0.9733642191862035,13.340074617158576,0.585018654289644,5913.004838901103,0.09417069908425257,0.3376017487545201,0.0752034975090402,0.03988762899468567,0.7957096766603164
1936,7.934541660194691,0.34141203344149507,12.470549642160162,0.3676374105400406,6023.5524427715645,0.18629370230963704,0.5556886007388744,0.5113772014777487,0.006489409196618659,0.12099816558825571
1937,7.997419280460905,0.3763440447005031,14.667148769312378,0.9167871923280945,6452.071623141907,0.543393019284923,0.7149326361881139,0.8298652723762279,0.041236217506812035,0.8229538890265057
1938,8.690595014607606,0.761441674782004,14.959607582012984,0.9899018955032459,6681.4606483231055,0.7345505402692544,0.3201984706164423,0.04039694123288462,0.04752532471187544,0.9500065598358675
1939,8.792809050457032,0.818227250253907,13.580191237006947,0.6450478092517364,6866.861072655645,0.8890508938797046,0.7952565432834637,0.9905130865669276,0.0010645870047031672,0.011405798074811457
1940,7.332160021960909,0.006755567756060232,11.8530909411217,0.213272735280425,6363.162291382182,0.4693019094851515,0.6693807117128912,0.7387614234257823,0.039258070704260246,0.7829913273587928
1941,7.799238930234469,0.26624385013026053,12.910304695032387,0.4775761737580969,6250.597485142993,0.3754979042858271,0.4663005522088658,0.3326011044177316,0.006760459274286661,0.12647392473306385
1942,7.379716018073668,0.03317556559648216,12.138365088040874,0.2845912720102186,6220.451530065538,0.35037627505461444,0.49552599432477873,0.3910519886495575,0.012762832355923943,0.24773398698836246
1943,8.143791582584006,0.4576619903244479,14.743238288777421,0.9358095721943552,6471.29892460934,0.5594157705077836,0.4503701318499427,0.3007402636998854,0.048835298791417237,0.9764706826548937
1944,7.772538205385972,0.25141011410331804,14.132208498855293,0.7830521247138233,6264.770325746993,0.3873086047891605,0.358626071491449,0.11725214298289799,0.011940956520496149,0.23113043475749795
1945,8.462581046803004,0.6347672482238915,14.17056632588042,0.792641581470105,6614.193011320363,0.6784941761003025,0.318401874200277,0.036803748400554004,0.013540417060976766,0.2634427689086215
1946,8.814315739810063,0.8301754110055912,11.582101295040902,0.14552532376022553,6595.901235153443,0.6632510292945358,0.37065491459092115,0.14130982918184232,0.01781930625542084,0.34988497485698666
1947,8.808785637418591,0.8271031318992172,11.624537502984417,0.156134375746104,5813.628647394212,0.011357206161843325,0.46017362747653545,0.3203472549530709,0.02024469108458122,0.39888264817335795
1948,7.685621415015381,0.20312300834187857,13.431691943639754,0.6079229859099385,6072.10854137171,0.22675711780975805,0.7761214973702588,0.9522429947405177,0.03345894825210477,0.665837338426359
1949,7.953519385336434,0.35195521407579644,11.833420795978032,0.20835519899450794,6290.582001486404,0.408818334572003,0.34180704682548285,0.08361409365096573,0.02915961719543697,0.5789821655643832
1950,7.906732198065975,0.3259623322588753,13.23080100596126,0.557700251490315,6236.289910708622,0.3635749255905184,0.3430079051554566,0.08601581031091321,0.011983014184832491,0.23198008454207053
1951,8.292424834362324,0.5402360190901798,13.173163873426214,0.5432909683565533,6180.153550576618,0.3167946254805146,0.5915774320179183,0.5831548640358367,0.02579785377548711,0.5110677530401436
1952,8.031244783288944,0.3951359907160803,13.02773737357189,0.5069343433929725,6369.497088356029,0.4745809069633574,0.6218945393152471,0.6437890786304942,0.046487392540410774,0.9290382331396115
1953,8.0890245469228,0.42723585940155584,11.280912459384659,0.07022811484616476,6210.517839952514,0.34209819996042856,0.6731826746883707,0.7463653493767413,0.0030544394058191946,0.05160483648119585
1954,7.460141212834012,0.07785622935222869,11.987821867239493,0.24695546680987346,6700.308857750316,0.7502573814585967,0.7808676029438847,0.9617352058877694,0.04351826132697616,0.8690557843833566
1955,8.24252516099294,0.5125139783294118,13.420146921840862,0.6050367304602156,5954.873118678893,0.12906093223241033,0.658740896329786,0.717481792659572,0.01729340018305139,0.33926060975861394
1956,7.887982542735725,0.3155458570754026,14.538904351865462,0.8847260879663652,6039.53225331684,0.1996102110973671,0.6989202421145461,0.7978404842290922,0.011493999763046882,0.2221010053140784
1957,8.831157495607535,0.8395319420041859,11.667309767297036,0.16682744182425902,6234.299689517235,0.36191640793102897,0.4342494521849706,0.26849890436994117,0.015750118659682434,0.30808320524610977
1958,7.768081534489086,0.24893418582727012,11.113632886419824,0.02840822160495582,6443.078757324203,0.5358989644368362,0.3684441180327802,0.13688823606556044,0.046489776010754776,0.9290863840556519
1959,8.028308615221878,0.3935047862343771,13.606356641863652,0.651589160465913,6304.066355023292,0.42005529585274326,0.7983389763504519,0.9966779527009039,0.04566780711022156,0.9124809517216476
1960,7.805966986593606,0.2699816592186698,11.282396593797145,0.07059914844928616,6459.456993582293,0.549547494651911,0.5241779890552345,0.448355978110469,0.02967193755958028,0.5893320719107127
1961,7.853541468820417,0.296411927122454,11.567987375713244,0.1419968439283109,6185.565904107745,0.32130492008978784,0.4373207471552192,0.2746414943104384,0.041001930649426636,0.8182208212005381
1962,8.9563561947785,0.9090867748769448,14.260488958497762,0.8151222396244405,6415.367208122113,0.5128060067684274,0.3979985790252654,0.19599715805053086,0.004036531310791008,0.07144507698567693
1963,7.648470156662285,0.18248342036793608,14.010747382724423,0.7526868456811057,6207.4539111404265,0.33954492595035524,0.5286199158429721,0.4572398316859442,0.005655073197817672,0.1041428928852055
1964,7.591900477238672,0.15105582068815082,14.825348918522653,0.9563372296306636,6301.698522138687,0.4180821017822387,0.47940757757245633,0.3588151551449127,0.03659754736143181,0.7292433810390264
1965,8.454003420434644,0.6300019002414691,13.724433797826189,0.6811084494565471,6146.376866078002,0.2886473883983355,0.48909812090196453,0.3781962418039291,0.0159350295491434,0.31181877877057373
1966,7.9957183102400045,0.3753990612444468,13.43473168958596,0.6086829223964898,6879.599090407356,0.8996659086727967,0.6413107096164281,0.6826214192328561,0.002626171986549268,0.04295296942523774
1967,8.607183072824867,0.7151017071249264,13.443450511187722,0.6108626277969305,6734.556384019118,0.7787969866825984,0.5166996275304794,0.4333992550609588,0.034122529435208146,0.6792430188930938
1968,8.68467609035588,0.7581533835310453,14.245972261908094,0.8114930654770234,6088.082680487258,0.24006890040604767,0.5153299292308082,0.43065985846161636,0.004139378787214504,0.07352280378211118
1969,7.52148524674966,0.11193624819425552,14.522880789076211,0.8807201972690526,5916.423654595563,0.09701971216296879,0.3059281442283498,0.011856288456699615,0.014586382403193316,0.2845733818826932
1970,7.559187683066106,0.13288204614783639,11.297540873312457,0.07438521832811396,6587.15741558302,0.6559645129858507,0.5714367121500474,0.5428734243000949,0.041012811500356024,0.8184406363708286
1971,7.712026896692614,0.2177927203847858,12.343979726686566,0.33599493167164174,6508.2012758894425,0.5901677299078688,0.6880383473155822,0.7760766946311645,0.0006494417799332706,0.0030190258572377893
1972,8.932565290789128,0.8958696059939606,11.079637021659737,0.01990925541493438,6491.364942131553,0.5761374517762939,0.6043531246112528,0.6087062492225055,0.012518601368727851,0.24280002765106767
1973,8.10536527702229,0.4363140427901616,11.668724369503245,0.16718109237581136,6097.8075197600265,0.24817293313335542,0.7448284906179043,0.8896569812358086,0.02755832151213057,0.5466327578208195
1974,8.995337355960253,0.9307429755334744,12.948627518355117,0.4871568795887793,6041.689788758939,0.20140815729911643,0.7657084177437175,0.9314168354874349,0.002675321308305104,0.04394588501626473
1975,7.728207198530459,0.22678177696136592,12.962657181078198,0.49066429526954947,5853.835824865737,0.04486318738811379,0.3129028889345343,0.02580577786906857,0.005121394434828104,0.09336150373390106
1976,8.845308975387042,0.8473938752150235,12.697805750165662,0.42445143754141557,6097.481407637325,0.24790117303110404,0.465923920589269,0.33184784117853805,0.03953470911988875,0.7885799822199747
1977,8.11677869183319,0.4426548287962172,12.448900011438079,0.36222500285951975,6612.203704041114,0.6768364200342615,0.6315289384723839,0.6630578769447677,0.03578767491228673,0.7128823214603379
1978,7.4982548379202125,0.0990304655112293,14.743879833673347,0.9359699584183366,6097.323644272532,0.2477697035604437,0.7346831487688321,0.8693662975376641,0.005562842546929646,0.10227964741272011
1979,8.785830280661122,0.8143501559228455,13.586268269599616,0.646567067399904,6144.319186610771,0.2869326555089754,0.39456389729476943,0.18912779458953888,0.027219827919793285,0.5397945034301673
1980,8.994901372414583,0.9305007624525463,12.840507756901687,0.4601269392254217,6401.236126811394,0.5010301056761612,0.7813224907688259,0.9626449815376519,0.04827277155822313,0.9651064961257199
1981,8.31627596054665,0.5534866447481388,11.168079649902648,0.04201991247566195,6787.539714928203,0.8229497624401686,0.681439164110955,0.7628783282219098,0.04555814195223194,0.9102654939844836
1982,8.267300914530663,0.5262782858503685,12.923570342977174,0.4808925857442934,6897.947136096432,0.9149559467470266,0.6746437627153707,0.7492875254307416,0.03998538933441706,0.7976846330185264
1983,7.5081498235108945,0.10452767972827459,14.166828841432977,0.7917072103582441,6705.1203793665445,0.7542669828054538,0.6570820570384641,0.7141641140769284,0.03684966824963378,0.7343367323158339
1984,7.755200834219988,0.24177824123332636,11.466707744424088,0.11667693610602214,6686.316086085816,0.7385967384048465,0.5719717478651094,0.5439434957302187,0.0018108074744920906,0.026480959080648292
1985,8.121758021873363,0.44542112326297956,12.798858562188741,0.44971464054718513,6235.79883902785,0.3631656991898745,0.7409521107149188,0.8819042214298376,0.036911217937091706,0.735580160345287
1986,7.9783336301774925,0.36574090565416273,11.458340240365981,0.11458506009149538,5803.223454380275,0.0026862119835626697,0.760782412543693,0.9215648250873862,0.04524627978544593,0.9039652481908268
1987,7.539777899973591,0.12209883331866123,12.076664198445078,0.26916604961126955,5875.227306845858,0.06268942237154818,0.4761533075242598,0.35230661504851957,0.007353056028556862,0.13844557633448207
1988,7.790191382360051,0.261217434644473,12.789815991409197,0.44745399785229933,6508.86395698964,0.5907199641580336,0.3455612545981499,0.09112250919629983,0.02861228750216416,0.5679250000437204
1989,7.8979692529671155,0.32109402942617515,12.431690366948308,0.3579225917370771,6049.1671457326465,0.207639288110539,0.3402442783113453,0.08048855662269061,0.03672182589460302,0.7317540584768287
1990,8.8155304661871,0.8308502589928337,12.429837437361343,0.3574593593403359,6138.1979486501505,0.2818316238751253,0.6998022105625084,0.7996044211250168,0.018480277528052327,0.363237929859643
1991,7.366073908069388,0.02559661559410409,13.361821962954776,0.590455490738694,6401.203395054776,0.501002829212313,0.407884245890258,0.21576849178051605,0.04503942112154339,0.8997862852837047
1992,7.48164840617744,0.08980467009857762,13.310615878259863,0.5776539695649656,6826.584223746935,0.8554868531224455,0.3196559815889311,0.03931196317786223,0.005986256803499124,0.11083347077776007
1993,8.672311536747856,0.7512841870821418,12.646166511639066,0.41154162790976667,6338.799900352487,0.44899991696040586,0.6230567819080971,0.6461135638161942,0.0010352307058315029,0.010812741531949555
1994,8.575379534527258,0.6974330747373654,11.754909814388636,0.18872745359715914,6431.586108248621,0.5263217568738511,0.7737223921620802,0.9474447843241605,0.022705997585679996,0.44860601183191906
1995,8.48401686141013,0.6466760341167387,13.5769728768742,0.6442432192185498,6193.007300829215,0.327506084024346,0.7301964109406487,0.8603928218812974,0.023459479548099824,0.46382786965858225
1996,8.335937030426853,0.5644094613482519,14.138074180748054,0.7845185451870135,6073.029886951878,0.22752490579323226,0.31430727442502543,0.02861454885005088,0.011435006033983588,0.22090921280774922
1997,8.249148430545667,0.5161935725253709,14.321410698816287,0.8303526747040715,6176.301008306837,0.31358417358903046,0.41516791287679217,0.23033582575358436,0.03568105030112225,0.7107282889115606
1998,7.868249506414181,0.30458305911898953,11.523234262353261,0.13080856558831533,5999.722541209028,0.166435451007524,0.650148672661679,0.7002973453233579,0.049661519529712254,0.9931620107012576
1999,7.59794561822747,0.15441423234859442,11.915774654082579,0.22894366352064477,6976.690604443621,0.9805755037030176,0.7451564828354482,0.8903129656708966,0.015758601789010278,0.30825458159616725
2000,7.3716988816443365,0.028721600913520162,12.822188198395793,0.455547049598948,6803.204247703734,0.8360035397531116,0.7890625745383099,0.9781251490766197,0.04659151217241818,0.931141660048852
2001,8.658193672825098,0.7434409293472769,12.44121592948381,0.36030398237095285,6695.055167157109,0.745879305964258,0.44431546253894744,0.2886309250778949,0.04645902297147499,0.9284651105348483
2002,8.252045868085524,0.5178032600475135,11.308474422365414,0.07711860559135364,6507.064901639089,0.5892207513659071,0.34833238042993875,0.09666476085987752,0.0333236536673024,0.6631041144909575
2003,8.039082519886447,0.3994902888258042,13.087700632217448,0.521925158054362,6904.893734445391,0.9207447787044923,0.6738889698371566,0.7477779396743133,0.02002684305836885,0.3944816779468454
2004,7.696882450914922,0.20937913939717878,12.39603432454509,0.3490085811362723,6344.80207504511,0.45400172920425774,0.7090692576857599,0.8181385153715198,0.03545707168113369,0.7062034683057311
2005,7.841354758517947,0.2896415325099706,11.211003146601625,0.05275078665040622,6124.465665210182,0.2703880543418181,0.5867988007066993,0.5735976014133987,0.01731603745447981,0.3397179283733295
2006,8.97221119827669,0.9178951101537172,13.370164293010886,0.5925410732527213,6444.668187384381,0.5372234894869837,0.5137797534810091,0.4275595069620183,0.03206884469842774,0.6377544383520755
2007,7.826063294138744,0.2811462745215243,11.11226187935804,0.028065469839510082,6832.1019996936575,0.8600849997447142,0.6673748885323003,0.7347497770646008,0.04591612823428502,0.917497540086566
2008,8.183217233785301,0.4795651298807233,13.2960519796274,0.5740129949068499,6876.929388429566,0.8974411570246381,0.7961497720554431,0.9922995441108863,0.0052495108048104585,0.0959497132284941
2009,7.774331893656868,0.25240660758714895,13.435388075532774,0.6088470188831937,5904.797906972519,0.08733158914376582,0.37002786259983483,0.1400557251996697,0.037801255198816885,0.7535607110872098
2010,7.562063716701269,0.1344798426118161,13.452675020777852,0.6131687551944629,5833.767609745194,0.02813967478766133,0.7605984688838472,0.9211969377676944,0.014825942940318028,0.28941298869329346
2011,8.256238960173263,0.5201327556518129,12.476025490951107,0.3690063727377769,5804.205718183394,0.003504765152828715,0.36028871879668195,0.12057743759336392,0.046805987597138055,0.9354744969118798
2012,8.359384729800919,0.5774359610005111,14.394420015049123,0.8486050037622809,6938.817985416599,0.9490149878471663,0.32481697400617926,0.04963394801235854,0.0043616480066151035,0.07801309104272935
2013,8.742810717480452,0.7904503986002515,13.729227739242358,0.6823069348105895,6630.211105674493,0.6918425880620775,0.5682752879294677,0.5365505758589353,0.03477815719826348,0.6924880242073429
2014,8.687880314758713,0.759933508199285,14.801857587617473,0.9504643969043683,5943.348013903746,0.11945667825312156,0.48316438627173813,0.3663287725434763,0.04238992564471664,0.8462611241356898
2015,8.83038414447801,0.8391023024877842,11.070105341135083,0.01752633528377079,6829.185127329505,0.8576542727745873,0.4032064788348005,0.206412957669601,0.0149923572109605,0.29277489315071714
2016,9.101319204587984,0.9896217803266578,12.808077264968997,0.452019316242249,6081.189961864615,0.23432496822051252,0.756835011782649,0.9136700235652979,0.021984670224169542,0.43403374190241495
2017,8.0654245251727,0.41412473620705537,12.464546362172289,0.36613659054307224,6456.802890223233,0.5473357418526936,0.48979225645807684,0.3795845129161537,0.025982586110211606,0.5147997193982142
2018,7.916510844363282,0.33139491353515693,12.436908141337957,0.3592270353344893,6188.328583031366,0.3236071525261386,0.7713538445002796,0.9427076890005591,0.034087462038358864,0.6785345866335124
2019,7.827581993274781,0.2819899962637671,11.55114689260708,0.1377867231517701,6546.153048779934,0.6217942073166113,0.31363318879424107,0.02726637758848216,0.02953909086548871,0.5866483003129032
2020,7.500459765479652,0.10025542526647346,13.827069119548952,0.7067672798872379,6209.471309257681,0.34122609104806756,0.5725837786673262,0.5451675573346525,0.004448996236227232,0.0797777017419643
2021,8.149596673037413,0.46088704057634056,13.173186117063906,0.5432965292659767,6498.798382449357,0.5823319853744636,0.7331637436446219,0.8663274872892437,0.020741942813289217,0.40892813764220637
2022,7.5861560311459515,0.1478644617477507,11.37455776388009,0.0936394409700223,6902.2937519773905,0.9185781266478251,0.7305885005021067,0.8611770010042135,0.02043421085536868,0.40271133041148843
2023,9.048203621638983,0.9601131231327686,11.063474996967335,0.01586874924183368,5923.910945129458,0.10325912094121525,0.5836731954501286,0.5673463909002573,0.009979057865107529,0.19149611848702075
2024,7.5262999377985755,0.11461107655476432,11.706688104925327,0.17667202623133194,6641.9382515159305,0.7016152095966091,0.5272120525850064,0.45442410517001264,0.0013885307793621365,0.017950116754790635
2025,7.4604014282326006,0.07800079346255595,11.011890596116471,0.0029726490291177576,6976.169634793575,0.980141362327979,0.7504779497646792,0.9009558995293584,0.02574608378960386,0.5100218947394719
2026,8.555665113724219,0.6864806187356771,14.890505392827029,0.9726263482067571,5848.461236713006,0.04038436392750511,0.6883287951541229,0.7766575903082459,0.020423380082847192,0.40249252692620585
2027,7.505777404394511,0.10320966910806129,12.9655545575488,0.49138863938719957,6136.999712032887,0.28083309336073914,0.3274220307697857,0.05484406153957144,0.014500773163678813,0.28284390229654166
2028,8.37485075564665,0.5860281975814724,13.418424805831261,0.6046062014578152,6983.485385976752,0.9862378216472935,0.3993346230950698,0.1986692461901396,0.03514823112420757,0.6999642651355065
2029,8.384472948678427,0.5913738603769045,14.326730813636495,0.8316827034091234,6817.349449689924,0.8477912080749368,0.46355184616564515,0.32710369233129033,0.0493909515485551,0.9876959908799009
2030,7.57164614986844,0.13980341659357742,13.964891707715593,0.7412229269288982,6003.687263711901,0.1697393864265847,0.44915567047639376,0.29831134095278755,0.02043610281015113,0.40274955172022486
2031,8.624971645714757,0.7249842476193092,13.77520986863004,0.69380246715751,6798.746602392694,0.8322888353272451,0.4856282180815816,0.3712564361631632,0.027995736815454975,0.555469430615252
2032,8.753909629115682,0.7966164606198235,11.189409062877186,0.047352265719296405,6989.65890927162,0.9913824243930167,0.38591119093019305,0.17182238186038612,0.031656612326241625,0.629426511641245
2033,7.471667726056758,0.08425984780931006,12.69815975458318,0.4245399386457952,6827.75255313491,0.8564604609457585,0.7719644333868658,0.9439288667737316,0.03471786702092091,0.691270040826685
2034,7.77495663972979,0.252753688738772,11.83158096138329,0.20789524034582252,6113.314802339354,0.26109566861612843,0.39537150203925187,0.19074300407850375,0.022251847842040814,0.43943126953617806
2035,7.594746427773791,0.15263690431877286,13.384605900840889,0.5961514752102223,6541.085276545599,0.6175710637879993,0.4916206941221843,0.3832413882443686,0.0343290387652903,0.6834149245513192
2036,8.434286354799198,0.6190479748884438,11.143033181099774,0.03575829527494345,6499.902450893163,0.5832520424109692,0.4541046141862499,0.30820922837249987,0.0035284599127110125,0.06118100833759621
2037,8.10859468866844,0.4381081603713557,12.752883453256477,0.43822086331411914,5849.347002968184,0.04112250247348648,0.39973923959175717,0.19947847918351436,0.017712929062880516,0.34773594066425284
2038,9.038778335293175,0.9548768529406537,11.499603537590154,0.12490088439753855,6783.401122346461,0.8195009352887179,0.577820167647567,0.5556403352951341,0.03902237871475524,0.7782298730253583
2039,8.66509681089646,0.747276006053589,13.273050835047764,0.5682627087619408,6973.241110989972,0.9777009258249768,0.31964537757169287,0.03929075514338576,0.008364955625967866,0.15888799244379526
2040,8.078345745444034,0.4213031919133521,12.538844973679373,0.3847112434198433,6424.764419709531,0.520637016424609,0.35227821680912685,0.10455643361825373,0.048174352474675,0.963118231811616
2041,7.478945904448911,0.08830328024939493,12.392087239092156,0.34802180977303876,6342.813114122102,0.45234426176841813,0.6763373170163564,0.7526746340327127,0.04914521219674481,0.9827315595301981
2042,8.15220128000616,0.46233404444786685,13.520442689169247,0.6301106722923119,6801.750697104636,0.8347922475871966,0.39405864758727416,0.18811729517454834,0.01924159059189774,0.3786179917555098
2043,8.119306397854404,0.4440591099191131,13.492263992102268,0.623065998025567,6661.728962061079,0.7181074683842328,0.448114401521451,0.296228803042902,0.030456227205319656,0.6051763071781748
2044,7.911723759666547,0.3287354220369707,11.811168421895584,0.20279210547389592,6162.286422902625,0.3019053524188544,0.6402661980024142,0.6805323960048284,0.019344169554126434,0.3806902940227562
2045,8.93517251789626,0.8973180654979226,14.90203935868229,0.9755098396705725,6427.7938805151825,0.5231615670959852,0.5139596133948752,0.42791922678975036,0.03057877640180269,0.6076520485212664
2046,7.88991441568898,0.31661911982721147,14.906120515572635,0.9765301288931587,6105.871462997808,0.25489288583150604,0.7929699765961922,0.9859399531923845,0.0034620725571667173,0.05983984963973166
2047,8.998229807311041,0.9323498929505787,11.565374163151048,0.14134354078776212,6155.728642919888,0.2964405357665737,0.34289607789348786,0.08579215578697574,0.03495561898527464,0.6960731108136291
2048,8.702797795408808,0.7682209974493382,14.034040662197649,0.7585101655494123,6794.057210170883,0.8283810084757359,0.6202543055228574,0.6405086110457149,0.026471782052681636,0.5246824657107401
2049,8.790459712673984,0.8169220625966586,12.530537708826847,0.3826344272067118,6534.364892557243,0.6119707437977026,0.7053477320487871,0.8106954640975743,0.018489808949884265,0.3634304838360457
2050,8.149038807848735,0.46057711547151925,13.555531041559114,0.6388827603897785,6566.919215867991,0.6390993465566592,0.7758300901409647,0.9516601802819296,0.048519435510054165,0.9700896062637204
2051,8.760731009388678,0.8004061163270437,11.630428782782058,0.1576071956955145,6196.192837605946,0.33016069800495484,0.6639652331043248,0.7279304662086495,0.021947946567768953,0.4332918498539182
2052,8.799383151990652,0.8218795288836962,12.241395126134293,0.31034878153357337,6917.956791469886,0.9316306595582385,0.49037851782570513,0.3807570356514103,0.022289019774679942,0.44018221767030186
2053,8.707235342226493,0.7706863012369409,12.959424343404615,0.4898560858511537,5821.836440618832,0.0181970338490266,0.45066404821069317,0.30132809642138636,0.011987595602727679,0.232072638438943
2054,8.975296298318067,0.9196090546211493,14.421468998518206,0.8553672496295515,5834.544521705371,0.028787101421142935,0.4808406228586702,0.3616812457173404,0.0337874656514494,0.6724740535646343
2055,8.313226700401673,0.5517926113342628,14.280159242173234,0.8200398105433087,5991.616900256701,0.15968075021391737,0.6654052132669697,0.7308104265339395,0.035580504061710705,0.7086970517517314
2056,7.7486153217128715,0.2381196231738173,12.038926571258155,0.2597316428145391,6685.182013049372,0.7376516775411432,0.40896676488323974,0.2179335297664795,0.002765179343011222,0.04576119884871155
2057,8.135040075030304,0.4528000416835025,13.506326364331523,0.6265815910828806,5806.931072382735,0.0057758936522789295,0.3551797614582091,0.11035952291641826,0.0379384278681414,0.7563318761240687
2058,7.990407763306845,0.37244875739269145,14.832772983118536,0.9581932457796339,6895.47396389959,0.9128949699163246,0.7093090523179224,0.8186181046358448,0.04395595819224774,0.8778981452979341
2059,8.097630245208608,0.43201680289367117,14.577347869388802,0.8943369673472005,6178.227090111538,0.3151892417596147,0.6417107085447704,0.683421417089541,0.005252231374340097,0.09600467422909287
2060,7.384168074830035,0.03564893046113049,12.95146253993913,0.4878656349847823,6701.1950798065845,0.7509958998388206,0.542062690552274,0.48412538110454795,0.004337591993444915,0.07752711097868514
2061,8.430661032020973,0.617033906678319,11.71198519902092,0.17799629975523001,6137.889178324586,0.2815743152704884,0.5847018983756227,0.5694037967512455,0.02384990788521909,0.47171531081250684
2062,8.100785631338349,0.4337697951879721,12.140400756174893,0.28510018904372336,6640.778209477667,0.7006485078980557,0.37622395956062943,0.15244791912125888,0.03335350509665141,0.6637071736697254
2063,8.451602530042706,0.6286680722459477,11.04687842019576,0.011719605048939874,6111.946479997964,0.25995539999830364,0.45828177604911163,0.3165635520982233,0.037426704652443195,0.7459940333826908
2064,9.04391683051315,0.9577315725073051,14.773344878528839,0.9433362196322099,5805.34960009411,0.004458000078425117,0.4319360170454174,0.2638720340908348,0.027512474619762792,0.5457065579750059
2065,9.10754619156364,0.993081217535356,12.140785452582023,0.28519636314550556,5989.455980601588,0.1578799838346564,0.6283391183309155,0.6566782366618311,0.01989618592365327,0.3918421398717832
2066,7.386192880902235,0.03677382272346397,14.464427879275995,0.8661069698189987,6095.858058316886,0.24654838193073803,0.622272831730137,0.6445456634602741,0.04954817627728094,0.9908722480258775
2067,7.50218157769163,0.10121198760646088,11.766370783131416,0.19159269578285398,6888.467067281277,0.9070558894010643,0.4165912980434397,0.2331825960868794,0.04044701593669421,0.8070104229635194
2068,7.737186418142795,0.23177023230155303,14.074156678011772,0.7685391695029427,5978.421564959396,0.14868463746616334,0.41244508103711264,0.2248901620742253,0.04062420999719721,0.8105901009534789
2069,7.428792349187657,0.06044019399314271,13.041473776748738,0.5103684441871847,6773.262749458623,0.8110522912155189,0.5056400074031868,0.41128001480637355,0.015829990865590945,0.30969678516345345
2070,9.09760789357217,0.9875599408734275,13.529279865866258,0.6323199664665645,6328.295679777651,0.4402463998147087,0.6437434383960168,0.6874868767920336,0.023444598346577628,0.46352723932480056
2071,7.368024093594751,0.026680051997083454,13.130852876581363,0.5327132191453408,6035.822274642255,0.19651856220187947,0.6455531599366839,0.6911063198733679,0.019040503688246398,0.3745556300655838
2072,8.573818052484494,0.6965655847136077,13.229609649194854,0.5574024122987136,5919.863595329067,0.09988632944088938,0.547026765370342,0.49405353074068403,0.0018080552829461572,0.02642535925143752
2073,7.855019698304197,0.29723316572455405,11.474088295574672,0.11852207389366809,6610.606483783158,0.675505403152632,0.3644352954468228,0.1288705908936456,0.03136888066033627,0.6236137507138639
2074,7.7814302053191495,0.25635011406619435,11.902420479351681,0.2256051198379202,6738.078164556777,0.7817318037973136,0.7240260283668565,0.8480520567337129,0.014120091906112952,0.2751533718406657
2075,7.7439578804674145,0.23553215581523035,13.45655573253485,0.6141389331337126,6795.84765090963,0.8298730424246916,0.5706257531396619,0.541251506279324,0.03250903572871449,0.6466471864386766
2076,8.272145684576232,0.5289698247645732,13.982516992944271,0.7456292482360677,6175.828058071789,0.3131900483931578,0.583300075027027,0.5666001500540538,0.038487527170694126,0.767424791327154
2077,8.824228338375804,0.8356824102087806,14.235241825011553,0.808810456252888,6182.140359799321,0.31845029983276807,0.7130529952869784,0.8261059905739568,0.007385442740488041,0.13909985334319275
2078,7.922132646803435,0.33451813711301936,11.787080782188719,0.19677019554717967,6424.349897195085,0.5202915809959044,0.4558408884515209,0.3116817769030418,0.01389888018472517,0.270684448176266
2079,8.73551751306856,0.7863986183714228,13.887741314827272,0.7219353287068181,5909.867766450189,0.09155647204182471,0.7874169633337416,0.9748339266674831,0.045325905169223635,0.9055738418024977
2080,8.304840797670861,0.5471337764838122,11.68067175690981,0.17016793922745244,5995.1584352717455,0.16263202939312116,0.7094643604458097,0.8189287208916195,0.01117973631696141,0.2157522488275032
2081,7.712375236238617,0.21798624235478725,11.822962367273991,0.2057405918184977,5861.228355844857,0.05102362987071429,0.4775132612999246,0.35502652259984924,0.042692621875987366,0.8523761995148963
2082,7.9190145601384465,0.33278586674358124,14.616985780024006,0.9042464450060017,6033.3350773207285,0.19444589776727383,0.35552233460850585,0.11104466921701173,0.036977944142375214,0.7369281644924286
2083,8.56065272009222,0.6892515111623445,13.56703196896578,0.6417579922414453,5939.413940038827,0.11617828336568925,0.7498547066427834,0.8997094132855668,0.004863136639304575,0.08814417453140555
2084,8.461356610792748,0.6340870059959715,14.1748112174945,0.7937028043736254,6146.697193438267,0.288914327865223,0.5158634750221474,0.4317269500442946,0.02745561147835849,0.5445578076436058
2085,8.916059446028271,0.8866996922379285,12.314864774003945,0.32871619350098635,6568.42894417385,0.6403574534782085,0.3749311156887402,0.14986223137748045,0.01308437046179627,0.2542297062989145
2086,8.371165863199632,0.5839810351109069,14.497321224578926,0.8743303061447312,6312.264504654083,0.42688708721173585,0.7663897343074864,0.9327794686149726,0.017966352448717977,0.35285560502460556
2087,8.326796247698343,0.5593312487213021,12.604996380563183,0.40124909514079543,6435.640247338355,0.529700206115296,0.5424797207179138,0.4849594414358277,0.04038444460324924,0.8057463556211968
2088,8.535323848397935,0.6751799157766307,11.145503313556434,0.03637582838910858,6159.7494038322775,0.2997911698602309,0.7059975850013291,0.8119951700026584,0.04656471013700705,0.9306002047880211
2089,8.634900744970018,0.7305004138722327,11.82929954443037,0.2073248861075927,6472.8452326729275,0.5607043605607726,0.4873306201460572,0.37466124029211445,0.0359641192925223,0.7164468543943898
2090,7.484453454653106,0.09136303036283655,13.59571854307515,0.6489296357687879,6374.923958913907,0.47910329909492244,0.7130067475387507,0.8260134950775015,0.008475864327203358,0.1611285722667345
2091,9.104893804981732,0.9916076694342955,13.390111658655405,0.5975279146638512,6123.465690878975,0.26955474239914545,0.7931878902217633,0.9863757804435265,0.038741375316166025,0.7725530366902227
2092,8.1470090142407,0.4594494523559445,13.085146217967882,0.5212865544919706,5850.356989376292,0.041964157813576985,0.6531207654063761,0.7062415308127522,0.009056620806335793,0.17286102639062206
2093,8.424594904150121,0.6136638356389562,11.802797528915665,0.20069938222891615,6794.425781890325,0.8286881515752713,0.37574945462749293,0.15149890925498588,0.04278918009068162,0.8543268705188205
2094,7.92904636245518,0.3383590902528778,11.152809727786362,0.03820243194659079,6732.294173751093,0.7769118114592438,0.543397963825224,0.4867959276504481,0.01112615527911942,0.21466980361857413
2095,8.426110296474784,0.6145057202637694,14.25914728123809,0.8147868203095222,6705.97983666194,0.754983197218283,0.37945012583740195,0.15890025167480393,0.04867874639624201,0.973308008004889
2096,8.205594023541016,0.4919966797450085,13.340004057301545,0.5850010143253864,6504.157194541079,0.5867976621175657,0.5988315591600477,0.5976631183200956,0.015644243693538656,0.30594431704118497
2097,8.514244671587885,0.6634692619932703,14.58351154725911,0.8958778868147776,5987.756706563396,0.15646392213616345,0.38960238247751067,0.17920476495502136,0.030277590463818754,0.6015674841175506
2098,8.11398969856846,0.44110538809358935,14.400408864924295,0.8501022162310734,6053.766978709085,0.21147248225757076,0.3327205138836768,0.06544102776735361,0.04448902400771244,0.8886671516709583
2099,7.814364896456049,0.27464716469780537,12.889685186631244,0.47242129665781085,6472.819908986744,0.560683257488953,0.46673627923670064,0.3334725584734013,0.03938732249967624,0.7856024747409341
2100,8.825024195955693,0.8361245533087186,11.691658494055432,0.17291462351385778,6388.324320836305,0.49027026736358714,0.3315943340813028,0.0631886681626056,0.01646157343326915,0.3224560289549323
2101,7.780988423387821,0.25610467965990025,14.367648118744667,0.8419120296861667,5801.913402357245,0.0015945019643710534,0.42107214166538187,0.24214428333076377,0.020630070735988444,0.40666809567653417
2102,8.062688117384207,0.4126045096578931,14.114588437521025,0.7786471093802562,6399.587302054953,0.4996560850457944,0.32757344085115564,0.0551468817023113,0.03669825582501063,0.7312778954547602
2103,9.000958744500172,0.9338659691667626,13.176290655168462,0.5440726637921153,6282.4173262876175,0.40201443857301467,0.45844939376905997,0.31689878753811995,0.0347426438499297,0.6917705828268625
2104,7.573070312959402,0.1405946183107788,14.143605738501432,0.7859014346253577,6128.858558655593,0.2740487988796607,0.302263093370053,0.004526186740106075,0.043655530004748075,0.8718288889848096
2105,7.827998496186341,0.2822213867701895,12.364361369825884,0.3410903424564712,6799.22777294009,0.832689810783409,0.3200257940455594,0.04005158809111886,0.009364143177606197,0.17907359954759994
2106,7.758974105920421,0.24387450328912308,13.134785422125542,0.5336963555313856,6166.821787491146,0.3056848229092881,0.3762665723246094,0.15253314464921885,0.0013829511601793547,0.017837397175340497
2107,8.313493798708551,0.5519409992825283,14.958661419733817,0.9896653549334543,6576.699301942821,0.6472494182856843,0.40257975793975104,0.2051595158795021,0.039921499348445445,0.7963939262312211
2108,9.090729697205049,0.9837387206694719,11.51816293762207,0.12954073440551772,6222.380407944813,0.35198367328734426,0.6049905570622398,0.6099811141244795,0.01926572886662088,0.37910563366910865
2109,8.760920465626086,0.8005113697922699,12.931239208733778,0.4828098021834446,5960.617294505357,0.13384774542113087,0.6142658676548258,0.6285317353096517,0.01118098438796909,0.21577746238321394
2110,7.468686478949808,0.0826035994165597,14.85706905861877,0.9642672646546923,6807.683918005835,0.8397365983381958,0.6716320315416482,0.7432640630832963,0.010740717594471118,0.20688318372668923
2111,7.401476668720936,0.045264815956075566,14.506884584122133,0.8767211460305331,5976.423116923106,0.14701926410258837,0.4882830506519208,0.3765661013038416,0.010052804821338975,0.19298595598664592
2112,8.626753914944238,0.7259743971912438,13.720793605307385,0.6801984013268463,6279.361796774264,0.39946816397855356,0.5010336670418893,0.4020673340837788,0.04635230688485029,0.9263092299969756
2113,7.579539813817012,0.14418878545389546,12.204448249465521,0.3011120623663801,6410.186127282972,0.508488439402477,0.7934952304806915,0.9869904609613829,0.04041335849462854,0.8063304746389605
2114,7.9592291248793385,0.35512729159963274,12.969424691709534,0.4923561729273833,6252.148202352304,0.3767901686269203,0.3595215014819671,0.11904300296393422,0.026880943954018383,0.5329483627074421
2115,7.332158793932227,0.00675488551790393,11.33749316585714,0.08437329146428518,6899.670091552051,0.9163917429600431,0.5279818804829213,0.45596376096584246,0.02385789468703963,0.4718766603442349
2116,8.701703420201744,0.7676130112231911,12.45386308393485,0.3634657709837126,6692.258509685941,0.7435487580716176,0.45729333401634104,0.3145866680326821,0.0351694447815697,0.7003928238700948
2117,8.056385801500609,0.40910322305589364,12.467665267045838,0.3669163167614595,5873.938869919974,0.06161572493331169,0.42130795596184195,0.24261591192368392,0.014940047127762602,0.29171812379318385
2118,8.503427807168592,0.6574598928714397,11.736876370486433,0.1842190926216083,6944.34338249797,0.9536194854149754,0.5851080675286509,0.5702161350573017,0.048930286773468674,0.9783896317872459
2119,7.631473989690582,0.17304110538365636,13.692694779770658,0.6731736949426644,6064.945811298219,0.22078817608184942,0.6048503961848095,0.6097007923696189,0.009764572820120667,0.18716308727516495
2120,8.486541523747277,0.6480786243040433,14.945907322175545,0.9864768305438862,6303.862568101734,0.41988547341811155,0.31426348788903247,0.028526975778064956,0.047502782383396544,0.9495511592605361
2121,8.567316771429097,0.6929537619050536,11.305074534800916,0.07626863370022885,6296.9230626213575,0.41410255218446457,0.5383681643827334,0.4767363287654669,0.003005606277196681,0.050618308630235975
2122,7.561941265167845,0.13441181398213597,14.911344616283303,0.9778361540708258,6186.658190569875,0.3222151588082294,0.7161715006036464,0.8323430012072928,0.04969614530197541,0.9938615212520284
2123,7.623968746916485,0.16887152606471367,13.600284519593437,0.6500711298983592,6065.516670099821,0.22126389174985073,0.32237252085682655,0.04474504171365312,0.03786754068396762,0.7548998117973256
2124,7.727669669538436,0.22648314974357575,14.224781542095668,0.806195385523917,6593.140242064127,0.660950201720106,0.4737879800277381,0.3475759600554762,0.005103426914882978,0.09299852353298943
2125,8.603921559718314,0.7132897553990633,11.659593265211301,0.16489831630282514,6943.157467304934,0.9526312227541115,0.4320360825460697,0.2640721650921394,0.01985139336747255,0.3909372397469202
2126,7.902634467094906,0.32368581505272553,14.890705332199685,0.9726763330499212,6997.230017408136,0.997691681173446,0.7588959907244959,0.9177919814489918,0.008694130245887386,0.1655379847654017
2127,7.957215656749043,0.3540086981939129,11.692763000278022,0.17319075006950568,5850.852960797237,0.04237746733103076,0.764064506069563,0.9281290121391261,0.02958523407260021,0.5875804863151557
2128,8.358989603766585,0.5772164465369918,12.458964612996725,0.3647411532491813,6209.657784992489,0.34138148749374086,0.3290814791293664,0.058162958258732855,0.0039090524437537365,0.06886974633845933
2129,7.365853294693001,0.025474052607222464,13.182281609467143,0.545570402366786,6939.070538712249,0.9492254489268745,0.5852526435215972,0.5705052870431945,0.005809716753828719,0.10726700512785292
2130,9.083121879638501,0.9795121553547236,12.753510864453123,0.4383777161132808,6950.5604222206075,0.9588003518505058,0.32158648929435624,0.043172978588712496,0.0068092680939266965,0.1274599614934686
2131,8.94656527740122,0.9036473763340119,13.249630509049151,0.562407627262288,6624.376952311635,0.6869807935930294,0.45831152793554447,0.31662305587108897,0.009574456830991352,0.1833223602220475
2132,8.682177302345814,0.7567651679698965,14.237070594093614,0.8092676485234035,6427.255780158865,0.5227131501323874,0.6133279479686002,0.6266558959372005,0.03856124497568261,0.7689140399127801
2133,7.478523953675533,0.08806886315307405,13.337991827091923,0.5844979567729809,5886.900097682371,0.07241674806864229,0.7900122046384428,0.9800244092768856,0.031544729851545696,0.6271662596271858
2134,8.553913525573957,0.6855075142077545,13.231211510072226,0.5578028775180566,6394.3783668168335,0.49531530568069426,0.5341551795355091,0.46831035907101803,0.03798166603475257,0.7572053744394459
2135,8.560775009627607,0.689319449793115,12.168747331065035,0.2921868327662588,6528.042238302398,0.6067018652519983,0.396795163778652,0.193590327557304,0.005410931050856001,0.09921072830012123
2136,8.411676367684517,0.6064868709358434,12.756362379518938,0.43909059487973456,6504.14238995729,0.5867853249644085,0.37794400346842055,0.15588800693684113,0.025550722982481937,0.5060752117673118
2137,8.807423623238538,0.8263464573547442,12.515963051064045,0.3789907627660112,6486.12273056711,0.5717689421392583,0.39162609373573287,0.18325218747146577,0.045805124837312486,0.915255047218434
2138,8.846894287811974,0.8482746043399855,11.863044493984816,0.21576112349620402,6987.23992174542,0.9893666014545174,0.3244053742285215,0.04881074845704303,0.006731868754064094,0.12589633846594128
2139,7.555783032320845,0.13099057351158006,11.033705005617417,0.008426251404354268,6116.233561352979,0.26352796779414966,0.7671448115668402,0.9342896231336804,0.01141341442704921,0.22047301872826686
2140,7.735570805652414,0.23087266980689658,12.90610082408317,0.4765252060207924,6524.757126855651,0.6039642723797092,0.553177002533435,0.5063540050668701,0.04801157553596424,0.9598298088073582
2141,7.833723287722988,0.285401826512771,13.277435133234793,0.5693587833086982,6447.605462100109,0.5396712184167577,0.4123341785204151,0.2246683570408302,0.028320560376714182,0.5620315227619026
2142,8.599602341530634,0.7108901897392409,14.398539637162642,0.8496349092906605,6463.00182997203,0.5525015249766916,0.4775618093684925,0.35512361873698506,0.02225244905452794,0.4394434152429887
2143,8.791914952078741,0.8177305289326345,14.40778056150329,0.8519451403758229,5845.716910352734,0.038097425293944664,0.42958068608826694,0.2591613721765339,0.04214406861233922,0.8412943154007924
2144,9.098491057299464,0.9880505873885912,13.153248664986082,0.5383121662465206,6401.82346039234,0.5015195503269503,0.3132756724838291,0.026551344967658208,0.015918066196690075,0.3114760847816177
2145,7.8041200245831925,0.2689555692128849,13.640026847285618,0.6600067118214048,6737.953286917439,0.7816277390978662,0.48856499570453127,0.37712999140906256,0.012593304306606972,0.24430917791125195
2146,7.615801024470703,0.1643339024837237,13.793926500564115,0.6984816251410287,6585.7430779951455,0.6547858983292879,0.7035863572298569,0.8071727144597137,0.024836294751881947,0.4916423182198373
2147,8.642223504281175,0.7345686134895418,14.134040660584901,0.7835101651462253,5915.91275986591,0.0965939665549248,0.4623794234884747,0.32475884697694946,0.0034729439335221355,0.060059473404487584
2148,8.409552777257879,0.6053070984765995,12.930682284309157,0.4826705710772893,6197.743222423359,0.33145268535279904,0.7336034547755684,0.8672069095511369,0.03407640793744983,0.6783112714636329
2149,7.776038732718884,0.2533548515104911,12.898302944826131,0.4745757362065328,6941.369155886562,0.9511409632388019,0.4665443039916015,0.33308860798320306,0.023798464651837062,0.4706760535724659
2150,7.84297974182943,0.29054430101634965,11.154480675739826,0.03862016893495679,6142.055297916418,0.2850460815970144,0.7682445831459166,0.9364891662918333,0.03339598866711524,0.6645654276184896
2151,7.895337232038391,0.3196317955768836,11.004534904798522,0.0011337261996302583,6468.509962683827,0.5570916355698561,0.503615259025647,0.40723051805129395,0.023773361014470824,0.47016890938324896
2152,7.449289642453136,0.0718275791406312,12.37411314702312,0.34352828675577984,6879.774783997513,0.8998123199979272,0.6923307885436518,0.7846615770873037,0.04282278419641852,0.8550057413417883
2153,7.561509157020813,0.13417175390045155,14.867494418477147,0.9668736046192866,6465.892947590846,0.5549107896590388,0.43097965006273153,0.2619593001254631,0.03002448791318734,0.5964543012765119
2154,8.411052308248966,0.6061401712494251,13.979653747227196,0.7449134368067992,6425.309487609913,0.5210912396749279,0.6886568596166165,0.7773137192332329,0.04961864427901275,0.9922958440204594
2155,8.96480843933219,0.9137824662956617,14.060522620250861,0.7651306550627155,6582.548646313032,0.6521238719275266,0.32064063474928983,0.04128126949857969,0.017068316472449233,0.33471346408988345
2156,7.691649575017445,0.20647198612080297,14.008840534258308,0.7522101335645771,5950.139642509829,0.12511636875819132,0.5562854531767768,0.5125709063535536,0.011899395193343503,0.2302908119867374
2157,8.425899312937624,0.6143885071875689,14.786474403374093,0.9466186008435233,6384.798390416778,0.4873319920139815,0.7701515688416467,0.9403031376832934,0.04811290314953533,0.9618768313037439
2158,7.998832537756803,0.3771291876426681,14.933445282759305,0.9833613206898264,5950.412871472387,0.1253440595603229,0.6152046609133812,0.6304093218267626,0.018510271634129598,0.3638438713965575
2159,9.08526909787673,0.9807050543759608,13.51649963816016,0.6291249095400401,6939.769242415647,0.9498077020130389,0.6582457587881971,0.7164915175763942,0.015102620234182988,0.2950024289733937
2160,7.680593761065026,0.20032986725834756,11.456628505526384,0.11415712638159592,6902.516800777461,0.9187640006478844,0.46833909603861945,0.3366781920772389,0.04482962702930977,0.8955480207941366
2161,8.630646953271366,0.7281371962618701,12.689732998271124,0.42243324956778106,6310.659941045963,0.4255499508716357,0.4250411027987915,0.250082205597583,0.0307461147260007,0.6110326207272868
2162,7.7709150374216085,0.2505083541231157,14.292550136815404,0.8231375342038507,5907.239209953589,0.08936600829465768,0.6046280565396214,0.6092561130792428,0.023048951243219356,0.45553436854988594
2163,7.500929813434544,0.10051656301919076,11.242940168484441,0.06073504212111014,6022.788593904661,0.18565716158721757,0.7249956772325435,0.8499913544650871,0.022098066656238726,0.43632457891391363
2164,7.8211949556814915,0.2784416420452729,14.324495389211352,0.831123847302838,6260.007122829065,0.3833392690242211,0.6273388770789468,0.6546777541578936,0.03773186916720789,0.7521589730749068
2165,7.790289239891279,0.26127179993959915,13.083790784166808,0.5209476960417019,5861.553688670902,0.05129474055908567,0.6263162262528477,0.6526324525056952,0.04348796164599609,0.8684436696160825
2166,8.750257132266196,0.7945872957034421,13.498799597324025,0.6246998993310062,6487.212047291945,0.5726767060766209,0.6938779185584845,0.7877558371169691,0.020705403595283067,0.4081899716218801
2167,7.811006726311333,0.27278151461740696,14.436443300117684,0.859110825029421,5809.234705356037,0.007695587796697878,0.4351828579459905,0.270365715891981,0.035512823376167194,0.7073297651750947
2168,7.846200719818067,0.2923337332322594,11.602826990377258,0.15070674759431457,6602.727767888351,0.6689398065736258,0.3175244251703226,0.0350488503406452,0.005079863832393693,0.09252250166451903
2169,8.035508602813147,0.3975047793406369,12.591580102261016,0.3978950255652538,6795.961404720354,0.8299678372669621,0.7144032563420569,0.8288065126841139,0.03469742500872126,0.6908570708832577
2170,8.510573287883117,0.66142960437951,14.442271213209157,0.8605678033022892,6153.605105425793,0.29467092118816074,0.5607467775180981,0.5214935550361962,0.002552673356205784,0.04146814861021786
2171,8.00373503334292,0.3798527963016226,14.830181946185796,0.957545486546449,6061.870636290278,0.21822553024189817,0.6297603440888715,0.659520688177743,0.03378122674509799,0.6723480150524845
2172,8.096856364182367,0.4315868689902036,13.558060504870895,0.6395151262177237,6397.59070223994,0.4979922518666161,0.6765191878995309,0.7530383757990617,0.04059428756715344,0.8099856074172412
2173,8.336274341459275,0.5645968563662639,14.896616342558325,0.9741540856395814,6394.094181885489,0.49507848490457407,0.47838116702007644,0.3567623340401529,0.01613120953615472,0.31578201083140844
2174,8.919595411850253,0.8886641176945854,13.698559445350988,0.6746398613377468,6503.8242897246055,0.5865202414371711,0.534824628437687,0.46964925687537407,0.002292837788753645,0.036218945227346366
2175,8.4677874416154,0.6376596897863334,12.505363251588655,0.3763408128971635,6595.0102846138,0.6625085705114997,0.4448041996177354,0.28960839923547077,0.019506993332158197,0.38397966327592314
2176,8.81585790461327,0.8310321692295954,11.329245149710694,0.08231128742767346,6500.271000630299,0.5835591671919154,0.7030501883030108,0.8061003766060216,0.04929434090949068,0.9857442607977915
2177,8.109934671828107,0.4388525954600595,14.864218443545155,0.9660546108862887,6434.8161647186735,0.5290134705988946,0.7399287428269178,0.8798574856538356,0.010217420516698954,0.19631152558987786
2178,8.577061363406356,0.6983674241146423,13.56754750768303,0.6418868769207573,6451.202631291628,0.5426688594096902,0.6986947901224576,0.7973895802449154,0.030007941948059103,0.5961200393547293
2179,8.289546173794891,0.5386367632193845,11.734042846931965,0.18351071173299127,5898.9093198715245,0.08242443322627047,0.6581192874263457,0.7162385748526914,0.048486416419438745,0.9694225539280554
2180,7.6182134695126225,0.16567414972923444,13.489511340529672,0.622377835132418,6430.503517850177,0.5254195982084806,0.6470302509456256,0.6940605018912512,0.030535990428573766,0.6067876854257326
2181,8.494869040181426,0.6527050223230142,13.79193987988665,0.6979849699716625,6524.431779922554,0.6036931499354614,0.700991308450021,0.8019826169000419,0.003746910664046068,0.06559415482921349
2182,7.907292887023372,0.32627382612409583,13.632386075720696,0.658096518930174,6184.049523287894,0.3200412694065785,0.735503870618307,0.871007741236614,0.04505249278862601,0.900050359366182
2183,8.428175397580917,0.615652998656065,14.170595857887324,0.7926489644718313,6023.7285184432985,0.1864404320360824,0.3122145577225236,0.024429115445047223,0.009907458488060147,0.1900496664254575
2184,7.6718715269557105,0.19548418164206138,12.328955710300809,0.3322389275752021,5868.338121251832,0.05694843437652641,0.354913890664662,0.10982778132932403,0.021329852455442656,0.42080510010995265
2185,8.574948884571162,0.6971938247617567,12.404696408019191,0.35117410200479804,6306.828721885773,0.42235726823814446,0.3209290047067695,0.04185800941353901,0.023529819599606306,0.4652488808001274
2186,8.26174110971927,0.523189505399595,12.18822116703472,0.2970552917586803,6614.639001709668,0.6788658347580566,0.434900136404791,0.2698002728095821,0.04211069708406579,0.8406201431124402
2187,8.981119158420531,0.922843976900296,14.695035532639233,0.9237588831598084,6555.874332897476,0.6298952774145632,0.32342450510184323,0.04684901020368648,0.030633634552442852,0.6087602939887444
2188,8.068846418714232,0.41602578817457314,14.684538443675889,0.9211346109189722,6204.341164197351,0.33695097016445885,0.46235250409465073,0.3247050081893015,0.0053307842462201015,0.09759160093373942
2189,7.889178088295699,0.31621004905316596,13.06775290280681,0.5169382257017022,6636.941819689838,0.697451516408198,0.7845065392326036,0.9690130784652072,0.008813187117126997,0.16794317408337367
2190,9.065846964231211,0.9699149801284507,12.238354637053785,0.30958865926344614,6924.240999950744,0.9368674999589528,0.31318935391484154,0.0263787078296831,0.019095139401114472,0.37565938184069636
2191,8.570451292610073,0.6946951625611519,13.242021863512814,0.5605054658782035,5963.25916244661,0.1360493020388419,0.30761256868127324,0.015225137362546493,0.015900758527628126,0.3111264349015783
2192,8.518704150428391,0.6659467502379951,12.656792627928294,0.4141981569820732,5923.826553008305,0.10318879417358762,0.7166358497745396,0.8332716995490793,0.02576223664716864,0.5103482150943159
2193,8.705679519048646,0.7698219550270256,11.477803138467639,0.11945078461690983,6872.903861415927,0.8940865511799388,0.5832041059638853,0.5664082119277707,0.012036752236201508,0.2330657017414446
2194,7.618832199829663,0.16601788879425727,13.1327665512372,0.5331916378092998,6997.111349904428,0.9975927915870226,0.3077525118308515,0.015505023661703032,0.02653787297546472,0.5260176358679741
2195,7.742895349573993,0.23494186087444047,12.792659566687837,0.4481648916719593,6219.293030496164,0.349410858746803,0.5053998996498632,0.4107997992997263,0.04314882751062448,0.8615924749621107
2196,8.24368535409771,0.5131585300542836,14.063058688320623,0.7657646720801556,5941.30395070543,0.11775329225452535,0.36510755278925294,0.1302151055785059,0.011782856059751828,0.22793648605559247
2197,7.4461735986499775,0.07009644369443191,11.897322039916673,0.22433050997916826,6845.239863005212,0.8710332191710102,0.3675201333123711,0.13504026662474222,0.027696688145256484,0.5494280433385148
2198,8.900991056718153,0.8783283648434191,13.072894607702345,0.5182236519255863,6242.5908445014875,0.36882570375123946,0.6187219161354799,0.6374438322709598,0.0007776240736521829,0.005608567144488541
2199,7.932073931715401,0.3400410731752225,14.236208332778789,0.8090520831946972,6249.642892807158,0.37470241067263166,0.6146273421531565,0.629254684306313,0.02968020469450485,0.5894990847374717
2200,8.35951932954821,0.5775107386378946,11.248681605622188,0.06217040140554697,6486.184826691796,0.5718206889098302,0.31787791518521574,0.03575583037043151,0.033510598575965125,0.6668807793124267
2201,8.784367708463058,0.8135376158128106,11.65940789229646,0.16485197307411492,6123.935980703206,0.2699466505860051,0.5025829901346057,0.40516598026921136,0.04193470138615505,0.8370646744677788
2202,9.068472504121658,0.9713736134009217,13.735581181601122,0.6838952954002805,5873.204193359535,0.06100349446627873,0.7498614612328183,0.8997229224656365,0.012357201979551367,0.23953943393033061
2203,9.060091188522552,0.966717326956974,13.923985895697637,0.7309964739244095,6139.124601022885,0.28260383418573765,0.7836732165668137,0.9673464331336274,0.04571012045133906,0.9133357666937184
2204,7.959827517974934,0.3554597322082964,12.36799030157474,0.3419975753936848,6896.273005251379,0.9135608377094822,0.7320251094230754,0.8640502188461507,0.026423787482618546,0.5237128784367383
2205,7.5589340988079465,0.13274116600441488,12.742360941606236,0.43559023540155883,6453.390131444389,0.5444917762036576,0.4766110741694367,0.35322214833887344,0.01409911124606769,0.27472952012257956
2206,7.850293057704502,0.29460725428027923,12.671790617870544,0.41794765446763604,6257.95214072042,0.3816267839336833,0.5221364887687536,0.44427297753750716,0.0038100743307781064,0.0668701885005678
2207,8.64388881614585,0.7354937867476946,14.953791933144856,0.9884479832862143,6734.4179970183895,0.7786816641819914,0.6518837733282845,0.7037675466565689,0.037147514401024775,0.7403538262833288
2208,8.303352491638242,0.5463069397990237,13.264072539099505,0.5660181347748762,6395.309296443947,0.4960910803699554,0.4737740555379922,0.3475481110759844,0.00604486018463074,0.11201737746728768
2209,7.395406984926329,0.04189276940351616,11.288912205275528,0.0722280513188821,6414.796619896532,0.5123305165804436,0.4654797530550307,0.3309595061100614,0.005621127895324884,0.10345712919848249
2210,7.649198511626584,0.18288806201476882,12.680487187931895,0.4201217969829738,6221.785804139531,0.351488170116276,0.3441041155352546,0.08820823107050924,0.018386785486969162,0.36134920175695273
2211,7.607884884966843,0.15993604720380195,12.899405653212547,0.47485141330313685,6417.521659036549,0.5146013825304573,0.44313085615563086,0.28626171231126174,0.035862772126769464,0.7143994369044336
2212,8.556630175136581,0.6870167639647679,14.642701092093647,0.9106752730234117,6501.905994692583,0.5849216622438187,0.35167318252930146,0.10334636505860295,0.04606339432983791,0.920472612723998
2213,7.324995749220399,0.002775416233554928,11.731389205495866,0.18284730137396643,6654.255405777059,0.7118795048142161,0.5908083577840961,0.5816167155681924,0.029422692732692587,0.5842968228826785
2214,8.2633560648687,0.5240867027048337,13.102022678481939,0.5255056696204846,6724.554234315772,0.7704618619298105,0.7038177029764009,0.8076354059528018,0.03328876681020989,0.6623993294991897
2215,8.637565264148929,0.7319807023049606,11.490890772123263,0.12272269303081584,6436.1405258574405,0.5301171048812005,0.5744115583056411,0.5488231166112822,0.028329828971090844,0.5622187670927443
2216,7.6693388613854925,0.19407714521416242,11.857160869970816,0.21429021749270383,6758.158079900704,0.7984650665839198,0.627526005544469,0.6550520110889381,0.011329594124551094,0.21877967928386044
2217,7.636218511460615,0.1756769508114524,13.51731689518988,0.6293292237974701,6422.1556938441545,0.5184630782034622,0.6647561572195109,0.7295123144390218,0.04379634128725778,0.8746735613587431
2218,7.6965440153284685,0.20919111962692694,14.74234356554307,0.9355858913857674,6565.956442204757,0.6382970351706306,0.516864781699925,0.4337295633998499,0.014874964352689632,0.2904033202563562
2219,7.854175168791037,0.29676398266168724,13.892074989026602,0.7230187472566504,5971.696910653476,0.14308075887789673,0.6752740800371952,0.7505481600743906,0.0014910985997526722,0.020022193934397414
2220,8.97752680658649,0.9208482258813835,14.41351189977484,0.8533779749437098,6381.088282384761,0.4842402353206343,0.5647586501767284,0.5295173003534569,0.015167102764975673,0.2963051063631449
2221,7.558076641679277,0.13226480093293136,11.175576358913002,0.043894089728250485,5907.532293566932,0.08961024463911027,0.4559414105024389,0.31188282100487785,0.04991098499715938,0.9982017171143309
2222,7.654202081567304,0.1856678230929465,13.164958627735292,0.5412396569338227,6266.291685598577,0.3885764046654808,0.6281867399662464,0.656373479932493,0.027611414774242758,0.5477053489746011
2223,8.160533539336182,0.46696307740899,14.010696330246619,0.7526740825616546,6944.232898081382,0.9535274150678179,0.7621996510470987,0.9243993020941976,0.007712848724204512,0.1457141156404952
2224,8.308318316066542,0.5490657311480793,13.545433001315121,0.6363582503287806,6537.358736296126,0.6144656135801049,0.6053067318055497,0.6106134636110995,0.03132965385309696,0.6228212899615547
2225,7.829755123965626,0.2831972910920143,12.501290589493065,0.37532264737326626,6389.728278854495,0.49144023237874634,0.3630839565544642,0.1261679131089284,0.002086072947954674,0.03204187773645806
2226,7.448473370434641,0.0713740946859116,13.874447191586926,0.7186117978967314,6975.816324637886,0.9798469371982386,0.6416496578371664,0.6832993156743328,0.029349205499652184,0.5828122323162057
2227,7.839978479951005,0.28887693330611364,14.960015263393078,0.9900038158482697,6261.112958473507,0.3842607987279225,0.5735553463662781,0.5471106927325563,0.005735185089464431,0.10576131493867535
2228,7.858040228384361,0.2989112379913119,11.89029615140172,0.22257403785043017,6521.427047373569,0.6011892061446406,0.5157396334051894,0.43147926681037874,0.022128302653031565,0.4369354071319508
2229,7.909964910040801,0.32775828335600066,14.655701648272855,0.9139254120682136,6371.119709700211,0.4759330914168425,0.6779818596860123,0.7559637193720248,0.023871639638417284,0.4721543361296421
2230,7.422439879702761,0.05691104427931171,11.094315236921293,0.023578809230323183,5919.838457873812,0.09986538156151048,0.31377414467001447,0.027548289340028953,0.034453230821489954,0.685923854979595
2231,7.4505089485951155,0.07250497144173074,13.915613083703919,0.7289032709259796,6202.7264542977355,0.3356053785814461,0.792253366960078,0.9845067339201559,0.04617382518221815,0.9227035390347101
2232,9.08185222607722,0.9788067922651225,12.466299925906787,0.36657498147669665,6671.107181696608,0.7259226514138396,0.4600687430477412,0.3201374860954824,0.027501136523858462,0.5454775055324942
2233,8.713499036107228,0.7741661311706826,11.225614759519953,0.05640368987998834,5935.060964403044,0.11255080366920334,0.7169251861017023,0.8338503722034045,0.014664634152967235,0.28615422531246937
2234,7.821860429116824,0.2788113495093467,13.579979419224847,0.6449948548062115,6791.667939201526,0.8263899493346047,0.4259735605936807,0.2519471211873614,0.0022204887222344438,0.03475734792392815
2235,7.769914852537694,0.24995269585427404,11.559994827020022,0.1399987067550056,6435.862799923604,0.5298856666030032,0.33922214356771213,0.07844428713542428,0.02291919520584867,0.45291303446158926
2236,8.123087680154065,0.4461598223078137,11.641315833531767,0.1603289583829417,6177.957983006278,0.3149649858385646,0.7155256733860218,0.8310513467720435,0.04123188811653635,0.822866426596694
2237,7.598459405731007,0.15469966985055927,14.765822475993103,0.9414556189982758,6501.774818288211,0.5848123485735087,0.7997215169882121,0.9994430339764243,0.021119884690238445,0.4165633270755241
2238,8.177184492132097,0.4762136067400542,12.900519588560439,0.4751298971401098,5958.182259768137,0.13181854980678065,0.7522438348253941,0.9044876696507884,0.03177418682564164,0.6318017540533665
2239,8.654494447331542,0.7413858040730793,12.474948820204116,0.3687372050510288,6860.505715740219,0.8837547631168492,0.6402329413364825,0.6804658826729648,0.01505282034225641,0.29399637055063454
2240,8.289946225805352,0.5388590143363066,11.81791038023119,0.2044775950577975,6137.058248242902,0.2808818735357518,0.7838545778609791,0.9677091557219583,0.036385004487855914,0.7249495856132507
2241,7.616869376573146,0.1649274314295257,12.125983228470187,0.28149580711754674,5919.446497918241,0.09953874826520126,0.5690796542363611,0.5381593084727222,0.0007338422114083961,0.004724085078957496
2242,9.06929542537544,0.9718307918752447,11.372682547881066,0.09317063697026651,6066.602481609274,0.22216873467439502,0.3895343169422546,0.17906863388450922,0.013744222662578767,0.26756005378947
2243,7.852285953583024,0.2957144186572358,14.372338988906277,0.8430847472265693,6784.507876061182,0.8204232300509855,0.6580387297712318,0.7160774595424635,0.009677246744442406,0.18539892413014958
2244,8.037079712693403,0.398377618163002,11.785238041603858,0.19630951040096434,5875.3163205910205,0.06276360049251684,0.6835054164676586,0.7670108329353174,0.01350780654309005,0.2627839705674757
2245,7.499091191728663,0.09949510651592397,12.60636637244158,0.4015915931103947,6669.962777417695,0.7249689811814123,0.7438518827097043,0.8877037654194084,0.03725230212076637,0.742470749914472
2246,8.311111526778625,0.5506175148770142,11.62454262367282,0.15613565591820489,6831.685801425963,0.8597381678549698,0.3272108472560609,0.054421694512121865,0.04524481938242512,0.9039357450994973
2247,8.772341219512764,0.8068562330626473,13.684622728620074,0.6711556821550185,6056.643123183128,0.21386926931927386,0.777478341218766,0.9549566824375321,0.016255497986220332,0.31829288861051175
2248,8.960700647945554,0.9115003599697526,14.862047636020417,0.9655119090051044,6422.197646477509,0.5184980387312578,0.33517381356891274,0.0703476271378255,0.012000245333243606,0.23232818855037585
2249,8.445551885143473,0.6253066028574851,12.545379978159517,0.386344994539879,6474.335407125663,0.5619461726047186,0.3284320526536173,0.056864105307234625,0.008918902733485579,0.17007884310071875
2250,7.989224747872187,0.3717915265956596,11.82964544183453,0.20741136045863207,5920.100061755255,0.10008338479604639,0.422331977739995,0.24466395547998998,0.012364522753265876,0.23968732834880557
2251,7.706140368806095,0.21452242711449754,12.15920893630538,0.28980223407634476,6985.688048734203,0.9880733739451696,0.5607514651232384,0.5215029302464769,0.03703710918681807,0.7381234179155164
2252,8.423389708195602,0.6129942823308906,13.826749374440364,0.7066873436100911,6626.601055279028,0.6888342127325231,0.3498886114281446,0.0997772228562892,0.03559154651434311,0.7089201316028911
2253,8.122718618797071,0.44595478822059487,13.87987734140936,0.7199693353523401,6595.563297457737,0.6629694145481138,0.3727994959619022,0.14559899192380443,0.022147709869600078,0.43732747211313283
2254,9.058120281375407,0.9656223785418937,12.089317174086311,0.27232929352157775,6814.110390864581,0.8450919923871507,0.69277744991435,0.7855548998287,0.004574937682142639,0.08232197337661895
2255,8.324441895535724,0.5580232752976246,11.179212653122226,0.044803163280556446,6389.605629283981,0.49133802440331764,0.579265511736845,0.5585310234736902,0.02761806287736939,0.5478396540882705
2256,7.553120040367755,0.12951113353764165,12.116819482055924,0.2792048705139807,6630.821394499286,0.6923511620827378,0.3380670404194846,0.07613408083896922,0.010957143295117709,0.21125542010338805
2257,8.840794795609058,0.8448859975605888,14.135168307459336,0.7837920768648342,6357.533281156317,0.46461106763026394,0.39564037818114495,0.19128075636228992,0.01301143638329353,0.25275629057158644
2258,7.7495600691700295,0.2386444828722385,14.937267610531945,0.9843169026329864,6926.211429549167,0.9385095246243061,0.6472075405992792,0.6944150811985583,0.024915100790483893,0.49323435940371496
2259,8.489491500810724,0.6497175004504024,13.626214957375117,0.6565537393437793,6146.032323379107,0.28836026948258875,0.7033987528315593,0.8067975056631187,0.0036135362773932977,0.06289972277562217
2260,7.985447125405973,0.3696928474477629,14.606784476414134,0.9016961191035335,6682.1177362709195,0.7350981135590997,0.41045780845454327,0.22091561690908657,0.02859213382580932,0.5675178550668549
2261,8.423750551184675,0.613194750658153,12.659727833978478,0.4149319584946194,5850.771299485238,0.042309416237698794,0.5095424148938462,0.41908482978769246,0.030851773410445257,0.6131671396049546
2262,8.094448249773173,0.4302490276517631,14.580837150001928,0.8952092875004819,6480.8054173755645,0.5673378478129706,0.7219635809495499,0.8439271618990998,0.03664757723597063,0.7302540855751642
2263,8.129553452993235,0.44975191832957495,11.652360761160217,0.16309019029005456,5854.601430923161,0.045501192435968174,0.3451892688127983,0.09037853762559667,0.04902125083805293,0.9802272896576348
2264,8.293125273142536,0.5406251517458536,14.839645697894468,0.9599114244736171,6170.5917500000605,0.3088264583333835,0.32306475771783,0.04612951543566002,0.04093038810792223,0.8167755173317622
2265,7.411133977362175,0.05062998742343039,14.879959894479622,0.9699899736199055,6802.977693320336,0.8358147444336133,0.5795254803179875,0.5590509606359748,0.04190707819122636,0.836506630125785
2266,7.913425376584415,0.3296807647691199,12.604617836414626,0.40115445910365666,6431.3871479914005,0.5261559566595005,0.608163915614155,0.6163278312283098,0.03155221437413268,0.6273174621036904
2267,8.053720885696857,0.40762271427603103,11.916495838171604,0.2291239595429011,6343.285929217787,0.45273827434815606,0.3148829592582465,0.029765918516493017,0.018396102504346357,0.3615374243302294
2268,7.893516363644766,0.31862020202486996,11.989837956203873,0.24745948905096815,6031.475598559415,0.19289633213284552,0.30140556326839096,0.0028111265367819493,0.048013858890014756,0.9598759371720152
2269,7.703916457918956,0.2132869210660866,11.96865969867957,0.2421649246698927,6068.370488786014,0.22364207398834524,0.6836005201105031,0.7672010402210061,0.007367948476618454,0.13874643387107988
2270,8.316475653858785,0.5535975854771022,14.189945218731266,0.7974863046828163,6957.115227673352,0.9642626897277932,0.7490790199267354,0.8981580398534708,0.03869194447312217,0.7715544338004479
2271,7.356634527266217,0.020352515147898265,14.839900028856484,0.9599750072141208,6762.876667823505,0.8023972231862542,0.48041745762118043,0.3608349152423609,0.04722459424714145,0.9439311969119484
2272,7.334752366011917,0.008195758895508942,13.39090946344003,0.5977273658600074,6043.334697937156,0.20277891494763,0.5182300844456276,0.43646016889125516,0.030823281914789037,0.6125915538341219
2273,8.4713183179866,0.6396212877703343,12.147760263074408,0.2869400657686022,5949.709315065983,0.12475776255498594,0.763610108357238,0.9272202167144761,0.04996877357821066,0.9993691631961749
2274,7.399137012696148,0.04396500705341544,11.985818573492272,0.246454643373068,6827.914997717939,0.8565958314316158,0.6039386898486625,0.6078773796973251,0.016919321664666264,0.33170346797305583
2275,7.778228910982043,0.25457161721224597,12.197659046157865,0.2994147615394661,6271.0220575415715,0.39251838128464267,0.5162175286463409,0.43243505729268183,0.03212138252499093,0.6388158085856753
2276,8.605173078241263,0.7139850434673689,14.600768637455324,0.9001921593638311,6370.712433039233,0.4755936941993605,0.44199727386611726,0.28399454773223454,0.0237692133552354,0.4700851182875838
2277,8.326833251706379,0.559351806503544,11.053651985571959,0.013412996392989762,6463.220976185274,0.5526841468210617,0.4616162190888825,0.32323243817776504,0.011430277549163915,0.22081368786189726
2278,7.553725991221307,0.1298477729007259,13.53093026900044,0.6327325672501097,5974.031008865466,0.1450258407212217,0.6484500388681302,0.6969000777362604,0.010665397260920974,0.20536156082668633
2279,8.984103214185335,0.9245017856585203,13.523231007838866,0.6308077519597166,6581.586999600252,0.6513224996668767,0.5801841695209407,0.5603683390418813,0.018741366623942744,0.3685124570493483
2280,8.138575703692018,0.45476427982889867,14.09722299375665,0.7743057484391628,5954.889048688372,0.12907420724031027,0.3290393453732812,0.05807869074656247,0.047665262194623276,0.9528335796893591
2281,7.613219409892086,0.16289967216226964,13.480532147658755,0.6201330369146888,5961.746613455384,0.13478884454615325,0.5294463280094911,0.4588926560189822,0.002844836674795093,0.04737043787464834
2282,8.599815515221072,0.7110086195672624,13.930292164782143,0.7325730411955357,6392.919216483128,0.4940993470692737,0.6357704850486032,0.6715409700972065,0.016967839406998298,0.33268362438380394
2283,8.006067990950752,0.38114888386152934,13.328591833412958,0.5821479583532393,6843.103840260111,0.8692532002167589,0.49177106974646906,0.38354213949293814,0.04806789343173669,0.9609675440754886
2284,7.689876575615845,0.20548698645324703,11.008439666604236,0.002109916651059085,6219.743328818126,0.3497861073484385,0.7000589850152282,0.8001179700304565,0.019970896540793634,0.39335144526855825
2285,7.578185242496768,0.1434362458315378,13.612370303343784,0.6530925758359462,6497.802033933991,0.5815016949449928,0.7168020873286671,0.8336041746573342,0.044654518138864584,0.8920104674518098
2286,8.713167491827647,0.7739819399042485,11.045117942820385,0.011279485705096182,6826.88109993929,0.8557342499494078,0.4667675598420663,0.33353511968413263,0.033193205058288065,0.6604687890563246
2287,9.005994237995424,0.9366634655530132,14.910914481484763,0.9777286203711906,6491.650787415664,0.5763756561797203,0.4291450563257314,0.25829011265146284,0.011720138006995177,0.22666945468677124
2288,7.842152425222755,0.2900846806793086,13.300368530647035,0.5750921326617587,6504.189667954247,0.5868247232952059,0.30384701937360475,0.007694038747209531,0.044831765812721205,0.8955912285398223
2289,8.135645928528906,0.4531366269605033,11.561839889821963,0.1404599724554907,6086.186341590923,0.23848861799243581,0.7126435882928719,0.8252871765857438,0.0375804607799304,0.7491002177763717
2290,8.524986602279652,0.6694370012664734,14.965519489780648,0.991379872445162,6053.999708442161,0.211666423701801,0.7874408276268279,0.9748816552536559,0.0044985748167696744,0.08077928922767019
2291,7.57752072850705,0.1430670713928056,12.089887195491663,0.27247179887291584,6439.409629302132,0.5328413577517765,0.6275388160583641,0.6550776321167284,0.004109629116697356,0.07292180033732032
2292,7.323118748666614,0.001732638148118859,12.826690983535537,0.45667274588388407,6727.709946929794,0.7730916224414951,0.44618603513414906,0.29237207026829815,0.031892881109208134,0.634199618367841
2293,8.841214535149975,0.8451191861944306,11.897451967008768,0.224362991752192,6911.842693497562,0.9265355779146354,0.63256480796831,0.6651296159366201,0.005791266929708983,0.10689428140826229
2294,9.005735593537755,0.9365197741876419,13.865347389455598,0.7163368473638996,6610.778004941927,0.6756483374516062,0.3237072039159713,0.04741440783194262,0.03015570898181746,0.5991052319559083
2295,8.550012797868812,0.6833404432604513,13.498859728191583,0.6247149320478957,6359.350791363664,0.46612565946972007,0.5792117923385081,0.5584235846770162,0.04055641102695913,0.8092204247870531
2296,9.034789929168747,0.9526610717604156,11.447671970212514,0.11191799255312884,6133.91753049004,0.2782646087417,0.3042737137928068,0.008547427585613665,0.019297078029131706,0.3797389500834688
2297,7.880009888695091,0.3111166048306063,13.505904257088776,0.6264760642721942,6458.780811961672,0.5489840099680601,0.7085227968898543,0.8170455937797086,0.04894879716135823,0.9787635790173379
2298,7.991945016639262,0.3733027870218123,11.965226641316127,0.2413066603290318,5884.587534816963,0.07048961234746942,0.49536668653057087,0.39073337306114175,0.015327102105033082,0.29953741626329455
2299,8.34504608826876,0.5694700490382002,14.127787201922786,0.7819468004806962,5834.950725746069,0.029125604788391213,0.7647815662422359,0.9295631324844719,0.04681659803670869,0.9356888492264382
2300,7.327713065384668,0.00428503632481525,14.282246475737686,0.8205616189344218,6154.756987903674,0.2956308232530612,0.4077045727554475,0.21540914551089507,0.039860120408142026,0.7951539476392329
2301,8.953712977435194,0.9076183207973304,11.546916119546346,0.13672902988658642,6481.394059398058,0.5678283828317149,0.6297707811666868,0.6595415623333737,0.04680916247835592,0.9355386359263822
2302,8.054120681844614,0.407844823247008,12.894050585592636,0.47351264639815904,5940.443949738301,0.11703662478191768,0.6838254626339,0.7676509252677999,0.0012259943752671596,0.014666553035700192
2303,9.00083759508354,0.9337986639353003,11.902437765064834,0.22560944126620852,6100.179550908761,0.2501496257573008,0.340549266938965,0.08109853387792998,0.013757695874305965,0.26783223988496896
2304,7.321768825549162,0.0009826808606454573,11.229629570958654,0.05740739273966333,6701.866541878866,0.751555451565722,0.6735818206302708,0.7471636412605416,0.01733145716426739,0.34002943766196747
2305,8.735319479464193,0.7862885997023296,13.172986295196601,0.5432465737991504,6826.086811569173,0.8550723429743106,0.7080610581193075,0.8161221162386151,0.036483670168361605,0.7269428316840728
2306,9.055626826832285,0.9642371260179362,12.346119820997071,0.33652995524926776,6421.148389788763,0.5176236581573025,0.3362094525414294,0.07241890508285886,0.01922814524170059,0.3783463685192038
2307,8.926229034119634,0.892349463399797,14.058982268233173,0.7647455670582933,6964.74342111542,0.9706195175961826,0.45282640569843813,0.3056528113968763,0.03159781591544992,0.6282387053626246
2308,8.715859924399393,0.7754777357774407,11.149530489048995,0.03738262226224898,6183.728419168709,0.3197736826405905,0.7753853862804272,0.9507707725608543,0.03657294969162282,0.7287464584166227
2309,8.862939639352378,0.8571886885290995,13.982318108843865,0.7455795272109662,5826.475006360351,0.022062505300292412,0.45350284234072713,0.3070056846814543,0.0394402908817599,0.7866725430658564
2310,8.87299264909679,0.8627736939426612,13.924249840893186,0.7310624602232964,6609.7894576718545,0.6748245480598785,0.709534169382813,0.819068338765626,0.03443986078142593,0.6856537531601197
2311,7.958342340993565,0.3546346338853138,12.661733913240166,0.4154334783100413,6510.773124596455,0.5923109371637129,0.7822275617581553,0.9644551235163108,0.04940874471183631,0.9880554487239658
2312,8.19967438495835,0.48870799164352774,11.697267782662243,0.17431694566556066,6074.659531305581,0.22888294275465149,0.5537252371734942,0.5074504743469883,0.04226696699351247,0.8437771109800498
2313,7.407903195854155,0.04883510880786379,12.30234479167726,0.325586197919315,6893.369708950355,0.9111414241252953,0.7588639318499614,0.9177278636999228,0.04714949921593749,0.9424141255744947
2314,7.561953208916034,0.13441844939779646,13.272076850941495,0.568019212735374,6709.627505986517,0.7580229216554302,0.49866583656805874,0.3973316731361175,0.007360548675737422,0.13859694294419034
2315,8.304681912093768,0.5470455067187598,14.558683421007437,0.8896708552518595,6818.3969831788945,0.8486641526490787,0.5637476706275878,0.5274953412551756,0.010229417626871065,0.1965538914519407
2316,7.4884960740837885,0.09360893004654902,14.68163362150489,0.9204084053762224,5958.517697529448,0.13209808127454004,0.7873286034248236,0.9746572068496472,0.04754663311050326,0.9504370325354192
2317,7.5670289794075085,0.13723832189306007,11.172949724570678,0.04323743114266976,6980.808384695163,0.9840069872459696,0.3417254744329503,0.08345094886590065,0.04507665581862588,0.9005385013863814
2318,7.348569345738018,0.01587185874334307,11.683132054584366,0.1707830136460914,6204.32473784387,0.33693728153655855,0.6810431619412763,0.7620863238825527,0.032774554849358435,0.6520112090779482
2319,8.45197842350441,0.6288769019468953,11.05119605245689,0.01279901311422238,6960.737237357395,0.9672810311311628,0.4337846432620999,0.26756928652419987,0.048637192487279206,0.9724685350965495
2320,8.839512042382017,0.8441733568788985,11.55415911054225,0.13853977763556224,6543.453511224341,0.6195445926869506,0.7612124360301442,0.9224248720602884,0.009686905937732799,0.18559405934813733
2321,7.878086738822152,0.31004818823452884,11.953545149457332,0.23838628736433298,5933.678306330046,0.11139858860837204,0.6199600135012053,0.6399200270024107,0.03762676722330432,0.7500357014808953
2322,8.165332312353183,0.46962906241843483,13.060251112956129,0.5150627782390321,6577.564430402547,0.6479703586687892,0.3256563689168429,0.05131273783368584,0.033242680419845544,0.661468291310011
2323,7.896557293623921,0.3203096075688453,12.504232915111634,0.3760582287779086,6414.048084595139,0.5117067371626157,0.5104766926518551,0.4209533853037104,0.021307456575623468,0.4203526580934034
2324,7.6466639537651,0.18147997431394447,13.844563569343968,0.7111408923359921,6370.159636455754,0.4751330303797948,0.5429798658634182,0.48595973172683626,0.006520909902727072,0.12163454348943581
2325,8.374000371441657,0.5855557619120321,13.299712094692929,0.5749280236732323,6240.114094589209,0.36676174549100815,0.7890681785402509,0.9781363570805018,0.007594788655554376,0.14332906374857324
2326,8.176760274375711,0.4759779302087288,14.410508114948346,0.8526270287370867,5875.677370474959,0.06306447539579918,0.6307911374028339,0.6615822748056678,0.020782702182960276,0.4097515592517227
2327,7.35932686631072,0.021848259061511333,13.487326843796243,0.6218317109490605,6798.911477310124,0.8324262310917696,0.6445114562701213,0.6890229125402427,0.04719316334120919,0.9432962291153371
2328,9.113206188326313,0.9962256601812854,12.092821434893851,0.27320535872346274,6005.966138621366,0.17163844885113788,0.307398856789027,0.01479771357805404,0.029519567216869637,0.5862538831690836
2329,7.956413001148941,0.3535627784160783,11.099825699679407,0.024956424919851727,6183.5845823250165,0.3196538186041803,0.6263598526195283,0.6527197052390566,0.04169350894776124,0.8321920999547725
2330,7.760045459840252,0.24446969991125123,13.438318545185497,0.6095796362963742,6398.303824461062,0.4985865203842176,0.7627027263898636,0.9254054527797273,0.03329839272389673,0.662593792401954
2331,8.606677971540613,0.7148210953003408,11.95632088726725,0.23908022181681254,6286.5714394714,0.40547619955949965,0.7794413427539861,0.9588826855079724,0.021190516943883055,0.4179902412905667
2332,8.868553684467006,0.8603076024816709,12.169989216332503,0.2924973040831259,6772.98270192274,0.8108189182689493,0.3472097881639474,0.09441957632789477,0.0051017710083146525,0.09296507087504347
2333,8.479525414827625,0.644180786015348,11.907134458761988,0.22678361469049668,6047.625745211461,0.20635478767621784,0.7689003550514424,0.9378007101028847,0.043339720956622606,0.8654489082145981
2334,8.586184415029482,0.7034357861274908,12.139703038770632,0.2849257596926581,6866.033410881972,0.8883611757349762,0.7739356340867904,0.9478712681735809,0.03667271789753133,0.7307619777279055
2335,8.092378604188994,0.4290992245494415,14.798597355079288,0.9496493387698217,5969.2008071222735,0.14100067260189442,0.48954120509796945,0.3790824101959389,0.025114162217546882,0.4972558023746845
2336,9.09080243072842,0.9837791281824558,12.032129012821947,0.25803225320548684,6856.917993619087,0.8807649946825719,0.6183157734320768,0.6366315468641535,0.033563380866559946,0.6679470882133323
2337,8.339516349774586,0.5663979720969926,14.954578193644863,0.9886445484112157,6122.299604344707,0.2685830036205894,0.40331070612078457,0.20662141224156916,0.03704575548692688,0.7382980906449874
2338,8.757176009085699,0.7984311161587214,11.729262327451933,0.18231558186298313,6868.84538808051,0.8907044900670913,0.3365519074721665,0.07310381494433305,0.034875530633075594,0.6944551643045574
2339,8.613546579307936,0.7186369885044093,12.72650076475181,0.4316251911879524,6252.1146237429575,0.3767621864524643,0.6895684646505209,0.779136929301042,0.006690400618187995,0.1250585983472322
2340,8.868951602379688,0.8605286679887163,14.863419510132225,0.9658548775330561,6094.197846171123,0.2451648718092697,0.47284555590579447,0.34569111181158896,0.03903579143747885,0.7785008371207849
2341,7.683289781816953,0.2018276565649738,11.890470789755193,0.22261769743879845,6298.212784025924,0.4151773200216027,0.792580499414378,0.9851609988287561,0.024568829766871966,0.4862389851893326
2342,8.885743781266982,0.8698576562594341,11.594642490719549,0.14866062267988733,6416.26904732094,0.5135575394341169,0.508009528954998,0.41601905790999605,0.038313491257138,0.7639089142856162
2343,8.76520097430586,0.8028894301699225,13.573414802743688,0.6433537006859222,6801.019427571834,0.8341828563098619,0.5543148807802039,0.5086297615604078,0.010981768878374858,0.2117529066338355
2344,8.112704308728244,0.44039128262680205,13.07554596861354,0.5188864921533847,6608.9525215826625,0.6741271013188853,0.4963614024156308,0.39272280483126165,0.041022991568782204,0.8186462943188323
2345,8.822046823959312,0.8344704577551733,14.967030329929965,0.9917575824824914,6278.489532040757,0.39874127670063075,0.39051502237577723,0.1810300447515545,0.04997900364163158,0.9995758311440723
2346,7.780578452806753,0.255876918225974,12.412670067291288,0.3531675168228221,5933.14517134585,0.11095430945487494,0.42267323887261704,0.2453464777452341,0.0351063084576538,0.6991173425788646
2347,8.843538455336775,0.8464102529648755,14.060036857565747,0.7650092143914367,6347.142827797248,0.4559523564977067,0.730677925224735,0.8613558504494699,0.04388744973411904,0.8765141360428088
2348,8.445578884953072,0.6253216027517072,14.656680184203392,0.9141700460508477,6691.165403866066,0.7426378365550551,0.4545827606333433,0.3091655212666866,0.030378134254330447,0.6035986718046554
2349,7.766998823545346,0.24833267974741446,13.579758752167956,0.6449396880419891,6996.801504129476,0.9973345867745629,0.7950337794777697,0.9900675589555393,0.022132527765991023,0.4370207629493136
2350,9.114475706801773,0.9969309482232082,13.46511366510595,0.6162784162764875,5948.48403537089,0.12373669614240812,0.5672223992630772,0.5344447985261542,0.039818710382297895,0.7943173814605635
2351,8.681975085830288,0.7566528254612717,12.52277497756705,0.3806937443917622,6011.781097835496,0.17648424819624708,0.5430743088907665,0.48614861778153295,0.04226512261935607,0.8437398508960822
2352,8.849352545219888,0.849640302899938,13.848719681797675,0.7121799204494188,6739.474876338493,0.7828957302820778,0.5157973017134931,0.4315946034269862,0.04795837766063759,0.9587551042553047
2353,8.107353873259882,0.4374188184777118,12.579081767179396,0.3947704417948491,6010.390579971856,0.17532548330987974,0.35165296854020006,0.10330593708040015,0.022007821542901606,0.43450144531114354
2354,8.923018350411823,0.890565750228791,11.393380767934879,0.09834519198371972,6953.018679752795,0.960848899793996,0.5724108480987087,0.5448216961974173,0.008902016767788816,0.16973771248058211
2355,7.806050663216205,0.2700281462312254,11.29217477072167,0.07304369268041755,6853.883512652431,0.8782362605436923,0.6458964224922932,0.6917928449845863,0.011908154764359183,0.2304677730173572
2356,7.420706788229356,0.055948215682975366,13.247093656757867,0.5617734141894668,6558.873936052971,0.6323949467108086,0.5022882384580118,0.4045764769160237,0.026541036867308118,0.5260815528749114
2357,8.953166070965295,0.9073144838696094,12.983686393087083,0.49592159827177096,6558.809645443105,0.6323413712025877,0.3344115127987368,0.06882302559747366,0.03616685841827448,0.7205425943085753
2358,8.2633757180834,0.5240976211574446,13.719604522986401,0.6799011307466002,5813.259970415705,0.011049975346420715,0.7622357342798738,0.9244714685597476,0.009537790627471895,0.18258162883781603
2359,9.012214162494516,0.9401189791636204,12.687077026967748,0.4217692567419369,6029.176339588041,0.1909802829900339,0.5771857505465123,0.5543715010930246,0.018223744121311863,0.35805543679417906
2360,8.69700036196688,0.7650002010927114,12.807889471818427,0.4519723679546066,5821.1506288221935,0.01762552401849482,0.4821990395613172,0.36439807912263444,0.03531041796984764,0.7032407670676292
2361,8.12012672689913,0.4445148482772945,13.855058717818173,0.7137646794545432,6731.044145410915,0.7758701211757622,0.7698726985688874,0.9397453971377748,0.01866516289892226,0.36697298785701526
2362,8.297776081135668,0.5432089339642596,11.364882781536947,0.09122069538423672,6585.520163652296,0.6546001363769135,0.5412251766058054,0.48245035321161067,0.005372131156658591,0.09842689205370891
2363,7.983271079430701,0.3684839330170565,12.63106804865126,0.40776701216281486,6623.0589943105215,0.6858824952587678,0.3290976783012526,0.05819535660250519,0.031824643859311046,0.6328210880668897
2364,7.458167732814109,0.07675985156339404,14.964904130903047,0.9912260327257617,6230.238116821475,0.35853176401789566,0.7672056073501068,0.9344112147002135,0.03082726734163098,0.6126720675076965
2365,8.192920980937867,0.48495610052103777,13.538779040984695,0.6346947602461738,5919.734134990984,0.09977844582581996,0.5454921219560858,0.49098424391217166,0.034994022709863834,0.6968489436336128
2366,9.000724563140492,0.9337358684113847,13.852982837822504,0.7132457094556259,6597.897551153659,0.664914625961383,0.47932191613225156,0.35864383226450314,0.008063703683930072,0.15280209462484995
2367,8.45946792408698,0.6330377356038781,11.678146170843222,0.16953654271080543,6751.979105810888,0.7933159215090732,0.7188371090177487,0.8376742180354974,0.0181565591680453,0.35669816501101614
2368,7.827372224238145,0.28187345791008034,12.060005415193384,0.2650013537983458,6031.518907959381,0.19293242329948446,0.731247505206597,0.8624950104131941,0.001542962235140837,0.021069944144259334
2369,8.61187310726339,0.7177072818129947,12.754004858736453,0.4385012146841133,6877.784810637787,0.8981540088648223,0.6262611378953287,0.6525222757906574,0.030130813824446906,0.5986022994837759
2370,9.111048796631701,0.9950271092398344,12.83218854334475,0.4580471358361874,6750.982271241136,0.79248522603428,0.31918279249005677,0.038365584980113554,0.03667557739222426,0.7308197452974597
2371,8.918374005255123,0.8879855584750685,11.709336380227048,0.17733409505676223,6570.22149018599,0.641851241821658,0.7651478850749645,0.930295770149929,0.04390766677024186,0.8769225610149871
2372,7.908546003287463,0.3269700018263684,14.903550991449615,0.9758877478624036,6371.458407146178,0.47621533928848125,0.6421143279465096,0.6842286558930192,0.042478830386034,0.8480571795158383
2373,8.339909772051904,0.5666165400288353,11.84519398031917,0.21129849507979226,6414.709071426557,0.5122575595221309,0.4435168110589041,0.28703362211780825,0.03625331960757414,0.7222892850014978
2374,8.835365091616172,0.8418694953423177,14.112568974781826,0.7781422436954568,6878.257516506578,0.8985479304221488,0.6442408870228049,0.6884817740456097,0.02186128696407671,0.43154115078942845
2375,7.963746560630381,0.35763697812798934,11.145124913300231,0.036281228325057646,6148.862021281131,0.29071835106760957,0.3294932853463357,0.058986570692671436,0.027958636842103243,0.5547199362041059
2376,7.526245597884949,0.11458088771386055,13.550929864315329,0.6377324660788322,6967.6753500139785,0.9730627916783153,0.4097682788128596,0.21953655762571922,0.04242196618913475,0.8469084078613079
2377,7.602602070645638,0.15700115035868767,12.101176679953522,0.2752941699883804,6396.504301305181,0.4970869177543177,0.68731562257703,0.7746312451540602,0.009042391201849286,0.17257355963331888
2378,8.54682327859819,0.6815684881101057,11.343377579721626,0.0858443949304063,6964.403034590812,0.9703358621590098,0.7648363272339039,0.9296726544678079,0.035005779519763254,0.6970864549447122
2379,7.4241494296976756,0.05786079427648638,14.29852990699071,0.8246324767476776,6727.370613717341,0.7728088447644508,0.5246232071562791,0.4492464143125581,0.02450017925980831,0.48485210625875375
2380,8.886551608108327,0.8703064489490713,11.857650069564713,0.21441251739117828,6264.101440129913,0.3867512001082606,0.7803144885804778,0.9606289771609556,0.015466050404284903,0.3023444526118162
2381,7.867919626988432,0.3043997927713512,11.272753531256269,0.06818838281406714,6559.183347640536,0.632652789700447,0.6550856414666941,0.7101712829333884,0.038756567482660424,0.772859949144655
2382,8.502126206782783,0.6567367815459909,12.48520421053293,0.3713010526332322,6045.432706884821,0.20452725573735075,0.7668192165438662,0.9336384330877324,0.017813678996694338,0.34977129286251185
2383,7.659872499477802,0.1888180552654456,12.665977736154446,0.4164944340386114,6217.080574826094,0.3475671456884113,0.7102628710055984,0.8205257420111968,0.007526622864972632,0.14195197707015417
2384,8.949146627153553,0.9050814595297515,14.813403031691015,0.9533507579227539,6019.770801020999,0.1831423341841658,0.6179094908341769,0.6358189816683539,0.01957670699685683,0.3853880201385218
2385,8.21372920263719,0.4965162236873282,11.498848719935928,0.12471217998398199,5959.925898075361,0.1332715817294674,0.6481773843278442,0.6963547686556885,0.021306218909638602,0.42032765474017375
2386,8.2376097268286,0.509783181571445,12.325585393769437,0.3313963484423591,6445.08817376499,0.5375734781374916,0.34867203390954915,0.09734406781909832,0.013894873836138681,0.2706035118411855
2387,7.340351102334985,0.011306167963880287,12.574619699324519,0.3936549248311296,6702.5456615783905,0.7521213846486587,0.7183814830913617,0.8367629661827234,0.01914513674647469,0.37666942922171087
2388,7.6288398261381625,0.17157768118786787,11.993619606289855,0.24840490157246364,6642.857271569558,0.7023810596412983,0.7590344039456761,0.9180688078913523,0.03362222161832103,0.6691357902691116
2389,8.98238970381864,0.9235498354548004,12.19391785574742,0.2984794639368552,6011.567182820232,0.17630598568352696,0.44236889630169224,0.2847377926033845,0.040213666184223944,0.8022962865499786
2390,8.27565819560235,0.5309212197790832,12.25498022030456,0.31374505507614026,6221.439889821859,0.3511999081848821,0.3350860305365633,0.07017206107312657,0.031733219259401216,0.6309741264525498
2391,7.351144315105171,0.017302397280650528,11.770750343814377,0.19268758595359414,6369.78403750648,0.47482003125539984,0.6150538250950275,0.6301076501900551,0.04381837699145105,0.8751187271000213
2392,8.933213690272332,0.8962298279290735,12.385152304570095,0.34628807614252355,5896.56089917693,0.08046741598077567,0.6261388266178818,0.6522776532357635,0.04125621914086569,0.8233579624417311
2393,8.418617685575407,0.6103431586530045,13.928724609578756,0.732181152394689,5834.15314451469,0.02846095376224167,0.7771493768926467,0.9542987537852936,0.024285496880283558,0.4805150884905769
2394,7.835625749189754,0.2864587495498636,14.674221564917005,0.918555391229251,6444.169067315458,0.5368075560962148,0.6539922234287594,0.7079844468575187,0.03789694300560358,0.7554937980930017
2395,8.712865874547518,0.7738143747486212,14.0067474024892,0.7516868506222999,5882.298518675287,0.06858209889607259,0.7125066294064528,0.8250132588129055,0.011979446576925016,0.23190801165505082
2396,8.340491885068008,0.566939936148894,11.451154159606965,0.11278853990174098,6478.638714346174,0.5655322619551456,0.3208026067296319,0.04160521345926382,0.03988323783910565,0.7956209664465786
2397,7.591462935412266,0.15081274189570293,14.029674286393996,0.7574185715984991,6058.120402492668,0.21510033541055662,0.5886538114872147,0.5773076229744295,0.039729044658700995,0.7925059527010301
2398,8.529982051831746,0.6722122510176375,11.309117301314364,0.07727932532859094,6737.214105466201,0.7810117545551676,0.6683206747442217,0.7366413494884435,0.03773181203748634,0.7521578189391179
2399,8.156744190061437,0.4648578833674649,13.398127434456253,0.599531858614063,6132.007486083425,0.2766729050695207,0.720570207052594,0.841140414105188,0.007280249348825039,0.13697473431969776
2400,7.428984799668449,0.06054711092691589,11.426695463716339,0.10667386592908445,6266.749948132201,0.38895829011016725,0.4978266408593137,0.39565328171862746,0.025569624818565076,0.5064570670417187
2401,8.69025400968544,0.7612522276030219,14.857968958320072,0.9644922395800181,6836.816150507795,0.864013458756496,0.6252566406608426,0.6505132813216854,0.010996222746049077,0.2120449039605874
2402,7.584308901092833,0.14683827838490737,14.861549341295923,0.9653873353239806,6108.408128108328,0.2570067734236069,0.5498671763901017,0.4997343527802036,0.022143076529660594,0.43723386928607255
2403,8.301471570442784,0.5452619835793249,13.57140837134304,0.6428520928357601,6908.620996575378,0.9238508304794812,0.39725861921929956,0.19451723843859914,0.017298874292047864,0.3393711978191487
2404,8.563913156284693,0.6910628646026079,12.651896952854463,0.4129742382136158,6766.61909555386,0.8055159129615499,0.6827468479332843,0.7654936958665688,0.038211581800701416,0.7618501373879074
2405,7.787824062134892,0.2599022567416067,13.87464576795092,0.7186614419877301,6953.993926641263,0.9616616055343858,0.763097964456773,0.9261959289135461,0.02018422316416927,0.3976610740236216
2406,8.484843905127923,0.6471355028488465,12.147034899261644,0.2867587248154112,6566.1099065296585,0.6384249221080485,0.4178742651629415,0.23574853032588305,0.03143506232446472,0.6249507540295903
2407,8.543262936673052,0.6795905203739186,13.514928195006142,0.6287320487515355,6002.322053280578,0.1686017110671485,0.34730311296061384,0.0946062259212277,0.026550781553887483,0.5262784152300501
2408,7.612940096443112,0.1627444980239512,12.29424625225227,0.3235615630630676,6152.7620913049295,0.29396840942077485,0.32118113803246773,0.04236227606493548,0.004228472009515319,0.07532266685889533
2409,7.713469023590318,0.21859390199462103,14.225982200530357,0.806495550132589,6837.311663243697,0.8644263860364139,0.36045964419407356,0.12091928838814714,0.03693713544744918,0.7361037464131146
2410,8.459257288475872,0.6329207158199289,11.972466536512544,0.2431166341281359,5873.159052668259,0.060965877223549625,0.3641981311525623,0.12839626230512458,0.027670389298186732,0.5488967534987218
2411,8.00748222168098,0.381934567600545,11.880471047746502,0.22011776193662536,6673.413839048868,0.7278448658740563,0.6269942137096385,0.653988427419277,0.04060961652165291,0.8102952832657153
2412,8.326244612352326,0.5590247846401819,12.62727923464442,0.4068198086611047,5819.810401619985,0.016508668016654404,0.7442461256856429,0.8884922513712857,0.008418470817495385,0.15996910742414916
2413,8.241609653870988,0.5120053632616606,12.295564678984423,0.3238911697461059,6564.079021175987,0.6367325176466555,0.7572275935194235,0.9144551870388469,0.0014090625911252377,0.01836490083081288
2414,8.872816275259531,0.862675708477518,13.994102852929553,0.748525713232388,6113.642660266617,0.26136888355551413,0.39757898064040437,0.19515796128080876,0.010495817086338581,0.2019356987139107
2415,8.127417622538102,0.4485653458545015,11.563876407114297,0.14096910177857436,6010.230122117884,0.1751917684315698,0.39931416256093955,0.1986283251218791,0.005432645055281678,0.09964939505619552
2416,9.004799786317243,0.9359998812873576,13.272966846199658,0.5682417115499145,6608.648763023038,0.6738739691858648,0.35919389801491897,0.11838779602983796,0.029142649387371964,0.5786393815630699
2417,8.687565803619904,0.759758779788836,13.528795582580331,0.6321988956450828,6770.09422380609,0.8084118531717412,0.37256350664391913,0.14512701328783828,0.023229445164497795,0.45918071039389485
2418,8.706354005252898,0.7701966695849436,12.348806325331445,0.33720158133286127,6332.7850379121555,0.44398753159346305,0.35341164842420136,0.10682329684840275,0.04688466304458728,0.9370638998906521
2419,7.606771497831941,0.1593174987955227,14.306426817663649,0.8266067044159122,6460.70333751258,0.5505861145938169,0.754008721169334,0.9080174423386682,0.027970002179558785,0.5549495389809855
2420,7.41615564076607,0.05341980042559469,11.258608910431725,0.06465222760793132,6162.151585298206,0.3017929877485045,0.30398274468521486,0.007965489370429735,0.048529039299475815,0.9702836222116326
2421,8.742682318646644,0.7903790659148024,11.991090838589137,0.24777270964728426,6360.074829309275,0.4667290244243959,0.6806243591638041,0.7612487183276083,0.040002948761019536,0.7980393689094855
2422,8.821231002910782,0.8340172238393234,13.957476258157284,0.7393690645393209,6149.3594600185015,0.2911328833487512,0.43642733995017874,0.2728546799003575,0.03791990573681855,0.7559576916528999
2423,9.001864012887722,0.934368896048735,12.59273251192462,0.39818312798115507,5801.893987745794,0.0015783231214949733,0.7863711695024478,0.9727423390048957,0.007747343749671674,0.146410984841852
2424,8.021740508152375,0.38985583786243005,12.450458428059516,0.36261460701487913,6099.938937826854,0.24994911485571214,0.5669593564223803,0.5339187128447607,0.007436733551400067,0.1401360313414155
2425,8.269272895024562,0.5273738305692016,12.726703562120516,0.4316758905301288,6805.883605587251,0.8382363379893752,0.6091331605885979,0.6182663211771957,0.011175188405202896,0.2156603718222807
2426,9.011896799083956,0.9399426661577537,12.108389160440648,0.27709729011016204,5837.173455979488,0.030977879982906242,0.4854304177054944,0.3708608354109888,0.04999080302781004,0.9998142025820209
2427,8.975710773334834,0.9198393185193521,13.23880182863801,0.5597004571595023,6228.815163738247,0.3573459697818727,0.4779465654314325,0.355893130862865,0.0480676934619732,0.9609635042822868
2428,8.589026749214831,0.7050148606749059,11.050440782616544,0.012610195654135903,6285.513439840879,0.4045945332007329,0.5907965991965551,0.5815931983931104,0.017041013844960654,0.334161895857791
2429,8.854310641095129,0.8523948006084058,14.623371935769342,0.9058429839423355,6249.487992556757,0.37457332713063085,0.7204757627562624,0.8409515255125248,0.045385679890745025,0.9067814119342429
2430,7.881618585104247,0.31201032505791493,12.073065626334552,0.268266406583638,6137.267152852745,0.2810559607106212,0.514524435024845,0.42904887004968995,0.02390168920842771,0.4727613981500547
2431,9.085501581633572,0.9808342120186521,13.167295130587343,0.5418237826468356,6641.949355283521,0.7016244627362673,0.5825264266092356,0.5650528532184713,0.02303830259083588,0.4553192442593107
2432,8.803909725294425,0.8243942918302365,14.899896012203445,0.9749740030508616,6951.185501683636,0.9593212514030297,0.6629972604057165,0.725994520811433,0.011907115430140114,0.23044677636646693
2433,8.952503816615236,0.9069465647862428,11.567663866235094,0.14191596655877325,6918.99230783538,0.932493589862817,0.5629755614879123,0.5259511229758246,0.02880160444778961,0.5717495848038304
2434,8.075978362284959,0.419987979047199,12.168359266577127,0.2920898166442817,6232.508409719202,0.3604236747660017,0.7619652737466278,0.9239305474932558,0.004778547764989927,0.08643530838363489
2435,8.259953954664704,0.5221966414803909,11.355339744025574,0.08883493600639336,6315.818313509076,0.42984859459089675,0.5892987111118391,0.5785974222236783,0.036796523781629155,0.7332631066995788
2436,8.43181650435846,0.6176758357547001,12.831275107924856,0.457818776981214,6593.37536917112,0.6611461409759333,0.6469534014892895,0.6939068029785789,0.01974063842517267,0.3886997661651044
2437,8.874132502094156,0.8634069456078649,14.384035285055145,0.8460088212637864,6774.270357684959,0.8118919647374657,0.6406347986725952,0.6812695973451904,0.022194552060220734,0.43827377899435827
2438,7.776487953775342,0.2536044187640788,12.346707425890738,0.3366768564726844,6816.092251084968,0.8467435425708065,0.3491564685189002,0.09831293703780042,0.021793169101583874,0.43016503235522974
2439,7.337650522042744,0.009805845579302197,14.57243774113439,0.8931094352835978,6780.637968659993,0.8171983072166605,0.4037091491463513,0.20741829829270264,0.025175107055178194,0.49848701121572103
2440,8.35756787959539,0.5764265997752163,13.946725472057391,0.7366813680143478,5831.276326480634,0.026063605400528655,0.36847203691315994,0.1369440738263199,0.034980140869383315,0.6965685024117841
2441,7.5731453908484285,0.14063632824912675,14.656843177185598,0.9142107942963996,5995.757267164195,0.1631310559701621,0.7709457701026128,0.9418915402052255,0.02306167594263226,0.4557914331844901
2442,8.16121002617829,0.4673389034323836,12.884963956307825,0.4712409890769562,6782.8211124534655,0.8190175937112214,0.7674107037371739,0.9348214074743478,0.0374689912059779,0.7468483071914727
2443,8.923299557376035,0.8907219763200203,11.034241766834075,0.008560441708518773,6207.577631238644,0.3396480260322039,0.49301102181602297,0.38602204363204595,0.009639753511346362,0.18464148507770428
2444,8.733712778534866,0.7853959880749252,14.359766389729378,0.8399415974323446,6147.673405426404,0.2897278378553366,0.7712511109128628,0.9425022218257255,0.04089087685964695,0.8159773102958979
2445,7.6269323588003655,0.17051797711131433,11.103763529087871,0.02594088227196767,6898.99331381282,0.9158277615106829,0.7164909739674523,0.8329819479349048,0.00846658563548027,0.16094112394909632
2446,7.612309553862895,0.16239419659049692,13.465505890713791,0.6163764726784479,5808.854444240951,0.007378703534125841,0.7919628714939724,0.9839257429879447,0.024380886403857445,0.4824421495728777
2447,7.437474830012205,0.06526379445122465,11.8905883658471,0.22264709146177497,6751.322863330415,0.7927690527753462,0.4198109258506203,0.23962185170124062,0.04036608581015459,0.805375470912214
2448,7.837189101544072,0.2873272786355956,11.635964606398321,0.15899115159958044,6377.944830560025,0.4816206921333541,0.7785536803195348,0.9571073606390696,0.026468452294650745,0.5246151978717322
2449,8.543487996312322,0.6797155535068456,12.234933354718537,0.30873333867963426,6271.800489334091,0.39316707444507615,0.37230598718626756,0.14461197437253515,0.030590451944406138,0.6078879180688108
2450,8.960992529656302,0.9116625164757237,12.683760986230936,0.4209402465577343,6271.49042321067,0.3929086860088914,0.39027281028491034,0.1805456205698207,0.01118723540228941,0.21590374550079616
2451,7.338481806897291,0.010267670498494974,14.346859338480684,0.8367148346201707,6879.240209130829,0.8993668409423567,0.5342578770222728,0.4685157540445456,0.048075170219556804,0.9611145498900364
2452,8.845486688129858,0.8474926045165879,14.221020648279906,0.8052551620699763,6089.109037826491,0.24092419818874244,0.42924031594650186,0.25848063189300374,0.01610304010382153,0.3152129313903339
2453,8.34029266607944,0.5668292589330228,11.441892527110543,0.11047313177763562,6566.131627980313,0.6384430233169274,0.6504791337898161,0.7009582675796324,0.04921055714867866,0.9840516595692659
2454,7.512271294666915,0.10681738592606405,14.93587106230731,0.9839677655768277,6904.758128835334,0.9206317740294446,0.4617621438400802,0.3235242876801604,0.025481971164706452,0.5046862861556859
2455,8.792069657560386,0.8178164764224373,12.511074732475503,0.3777686831188757,6073.162249974668,0.22763520831222372,0.6609327225834165,0.7218654451668332,0.0007854764867421336,0.0057672017523663355
2456,8.000660206858925,0.37814455936606883,13.864041160191325,0.7160102900478313,6109.145506385781,0.2576212553214843,0.5985134859407828,0.5970269718815656,0.012117164492534235,0.23469019176836836
2457,8.553556093045449,0.6853089405808055,12.498537611526693,0.3746344028816734,6473.073313300785,0.5608944277506547,0.3454183866785846,0.09083677335716922,0.04267029172357671,0.8519250853247821
2458,8.693141434917118,0.7628563527317325,12.812288984076421,0.4530722460191051,6095.912167940584,0.24659347328382053,0.512198273711717,0.4243965474234339,0.0457875016969768,0.9148990241813494
2459,8.542675817476578,0.6792643430425438,14.936576332751798,0.9841440831879493,6275.00724724316,0.3958393727026338,0.7801685463882085,0.9603370927764171,0.008846834328752079,0.1686229157323652
2460,7.8609985864477725,0.30055477024876265,12.224315570746487,0.3060788926866216,6435.806870791571,0.529839058992976,0.584969847741729,0.569939695483458,0.042482200928447574,0.8481252712817691
2461,7.587455072917495,0.1485861516208309,12.232133950946102,0.3080334877365253,6183.1371359653185,0.3192809466377655,0.6832628508318797,0.7665257016637594,0.006589134317740126,0.1230128144998005
2462,7.364703970006204,0.02483553889233514,12.333683012154056,0.33342075303851393,5873.141445393332,0.06095120449444347,0.33213698621508797,0.06427397243017596,0.014954315713585093,0.29200637805222407
2463,7.435123558824326,0.06395753268018112,11.509835549693342,0.12745888742333578,6275.699781544436,0.39641648462036305,0.46413030213812717,0.32826060427625436,0.013614687798776115,0.2649431878540629
2464,7.962647945130594,0.3570266361836635,11.755411205858502,0.18885280146462546,6722.890275659584,0.7690752297163203,0.5366675594251875,0.47333511885037516,0.03812630384659429,0.7601273504362482
2465,8.624698473200608,0.7248324851114493,11.63269654169322,0.15817413542330494,6925.52101543773,0.9379341795314415,0.6975241678554345,0.795048335710869,0.03920940619158375,0.7820082058905807
2466,8.001114093805755,0.3783967187809749,12.354160886026962,0.3385402215067407,6475.368261730226,0.562806884775188,0.7125923940767493,0.8251847881534986,0.03893989303420857,0.7765634956405771
2467,8.387933065768715,0.5932961476492862,14.62999589951853,0.9074989748796323,5930.068268876587,0.10839022406382282,0.5590164589614774,0.5180329179229548,0.02296406987572732,0.4538195934490368
2468,8.127566505104,0.4486480583911112,12.770287270163701,0.4425718175409252,6268.615449747269,0.3905128747893911,0.46133505964681554,0.3226701192936311,0.035261180439048974,0.7022460694757369
2469,8.196927302617947,0.4871818347877481,11.713922755220246,0.1784806888050614,6493.248209232424,0.5777068410270201,0.32073775760190776,0.04147551520381554,0.009035442412069408,0.1724331800418062
2470,8.382841215483639,0.5904673419353554,13.73240180544025,0.6831004513600627,6693.845476932437,0.7448712307770308,0.4553385384882523,0.3106770769765046,0.017592183262868367,0.3452966315730983
2471,7.399297628756084,0.04405423819782461,14.253936348561638,0.8134840871404094,6214.9111277366155,0.345759273113846,0.36985543928971554,0.1397108785794311,0.04929730966957276,0.9858042357489446
2472,8.344704492153515,0.5692802734186195,11.352393287445292,0.08809832186132294,6810.615762453037,0.8421798020441973,0.49459528475215964,0.3891905695043193,0.03589941555712471,0.7151397082247416
2473,7.916610258818641,0.33145014378813387,11.165254539684579,0.04131363492114459,6080.823665855353,0.23401972154612805,0.48237132384184794,0.3647426476836959,0.02279331039284608,0.4503699069261834
2474,8.899320626096465,0.8774003478313696,13.523229583446946,0.6308073958617366,6608.098215534042,0.6734151796117016,0.5226055011160643,0.4452110022321286,0.035448484172264046,0.7060299832780615
2475,8.571572152701005,0.6953178626116703,12.652858668944496,0.4132146672361243,6124.05001132205,0.27004167610170815,0.333011916726258,0.06602383345251606,0.02559720512246482,0.5070142448982792
2476,8.306162749145713,0.5478681939698411,13.102058302258508,0.5255145755646268,6052.005405981717,0.2100045049847642,0.35443026860467525,0.10886053720935052,0.008517817629772351,0.16197611373277476
2477,9.052707735203311,0.9626154084462841,11.33001257225237,0.08250314306309248,6198.1589084793295,0.33179909039944144,0.632848116296967,0.6656962325939342,0.01921137808634013,0.3780076381078814
2478,7.526768070705043,0.11487115039169082,13.510127482976504,0.627531870744126,6073.454689565789,0.22787890797149046,0.46170734263996244,0.3234146852799249,0.049991047518727766,0.9998191417924801
2479,8.797898371942019,0.821054651078899,12.059786657153108,0.26494666428827707,5908.557731905285,0.09046477658773822,0.33805216739772764,0.07610433479545531,0.040390102167699025,0.8058606498525055
2480,8.63098318544524,0.7283239919140226,14.42817037756511,0.8570425943912775,5877.291894206971,0.06440991183914235,0.5021053319185198,0.4042106638370395,0.02358189946000959,0.4663009991921129
2481,8.459250407598283,0.632916893110157,13.51290451262236,0.6282261281555899,6477.738954808709,0.5647824623405912,0.6007720919058193,0.6015441838116384,0.014186418664147576,0.27649330634641567
2482,8.617298017345144,0.7207211207473024,12.03766378612496,0.25941594653123956,6774.825479014328,0.8123545658452735,0.31797669661115546,0.03595339322231095,0.01227458140670861,0.23787033144865877
2483,7.756007611377036,0.24222645076502025,11.691172074670032,0.17279301866750785,6394.338682546784,0.49528223545565375,0.6116618059104642,0.6233236118209284,0.04739015450231412,0.9472758485315983
2484,8.912708507228732,0.8848380595715186,14.514126126358935,0.8785315315897337,6614.928559297827,0.6791071327481887,0.7276698215479709,0.8553396430959418,0.017154614040124697,0.3364568492954484
2485,8.442466182525711,0.6235923236253954,14.47372175422177,0.8684304385554429,6529.2518244709045,0.6077098537257536,0.7605070747507915,0.921014149501583,0.01809608313236403,0.355476426916445
2486,8.77267815388333,0.8070434188240727,11.999687890731593,0.24992197268289817,6063.380870821626,0.21948405901802137,0.7559214736332887,0.9118429472665773,0.02823274456208667,0.5602574659007408
2487,8.864873553226033,0.8582630851255738,11.50925058892057,0.12731264723014257,5988.397009816448,0.15699750818037372,0.30088889294963556,0.0017777858992711337,0.01662022568433564,0.32566112493607347
2488,8.829660486411772,0.8387002702287623,12.295180399698818,0.32379509992470457,6775.881275381332,0.81323439615111,0.30506327986494053,0.01012655972988108,0.005889408569848192,0.10887694080501398
2489,8.724996275161372,0.7805534862007624,13.297602749595255,0.5744006873988138,6219.801755607025,0.349834796339188,0.3451397127989577,0.09027942559791546,0.023248273617823736,0.4595610831883583
2490,7.616959897961085,0.16497772108949127,14.075571644690468,0.7688929111726172,5985.416439429686,0.15451369952473837,0.4211496759444969,0.24229935188899387,0.0054314642676402715,0.09962554076040953
2491,8.928727700533019,0.8937376114072325,12.954384508016412,0.48859612700410315,5965.562405645488,0.13796867137123991,0.6107831308225895,0.621566261645179,0.010860703521336645,0.20930714184518473
2492,8.221358971867414,0.5007549843707855,12.383330597228191,0.3458326493070477,6475.507551998809,0.5629229599990074,0.3147445793341933,0.02948915866838664,0.03842404184524332,0.766142259499865
2493,7.646447021235354,0.18135945624186323,12.914108222153535,0.4785270555383839,6478.252267297408,0.5652102227478406,0.5606307227474947,0.5212614454949893,0.025784864254457255,0.5108053384738839
2494,8.402061666191722,0.601145370106512,12.29828771277031,0.32457192819257774,6168.17289106837,0.3068107425569745,0.32706273943883324,0.0541254788776665,0.008549646851519432,0.16261912831352388
2495,7.54469126612541,0.12482848118078327,14.502292376509544,0.875573094127386,5819.038751260687,0.01586562605057218,0.6368461161153576,0.6736922322307152,0.01161514809745426,0.22454844641321736
2496,7.879421746148333,0.3107898589712962,14.335401020418576,0.833850255104644,6922.828182363412,0.9356901519695103,0.7297439048380738,0.8594878096761476,0.0415672244068928,0.8296408971089454
2497,8.57989363009682,0.6999409056093441,12.804321866156343,0.45108046653908584,6314.923260844561,0.42910271737046746,0.35450556761435875,0.10901113522871753,0.013989308260217947,0.27251127798420094
2498,7.897807859042656,0.32100436613480887,14.895262971921245,0.9738157429803113,6431.137748968928,0.5259481241407732,0.3976112170814608,0.19522243416292162,0.04359972456926591,0.8707015064498164
2499,8.229911174196356,0.5055062078868652,13.167546854256692,0.5418867135641728,5986.702245224341,0.15558520435361778,0.7859204240799211,0.9718408481598423,0.022366271928965783,0.441742867251834
2500,7.816363295688997,0.27575738649388704,12.205292147795618,0.3013230369489044,6016.925936800522,0.1807716140004354,0.6593966040941985,0.7187932081883971,0.02480482523156699,0.49100657033468664
2501,8.721141617525882,0.7784120097366015,14.60996838870739,0.9024920971768475,6496.759134238608,0.5806326118655066,0.7363719626690877,0.8727439253381754,0.009527168958058394,0.1823670496577453
2502,7.548292632335708,0.12682924018650443,14.500709196855796,0.875177299213949,6981.484601396192,0.9845705011634939,0.3112652811763492,0.022530562352698458,0.029027068391898128,0.5763044119575379
2503,7.65168350121545,0.18426861178636078,14.601425503015733,0.9003563757539331,6888.7061789050085,0.9072551490875073,0.40467709907580074,0.2093541981516015,0.02858270834686488,0.5673274413508056
2504,9.020507331412107,0.944726295228949,11.186264534783376,0.04656613369584406,6638.746777534372,0.6989556479453102,0.37453689063333145,0.14907378126666293,0.020816585397092347,0.4104360686281282
2505,8.229151887404942,0.5050843818916347,12.799283404371435,0.44982085109285874,6990.553037384159,0.992127531153466,0.4346414826126944,0.26928296522538886,0.04222879140278886,0.8430058869250274
2506,7.756364131418195,0.24242451745455296,12.561669787740334,0.3904174469350834,6128.783001918457,0.2739858349320471,0.6206964898256805,0.641392979651361,0.0040449209955483135,0.0716145655666326
2507,7.320298053214906,0.00016558511939168685,11.718899213795396,0.179724803448849,5964.985075867051,0.13748756322254252,0.3127933795020282,0.02558675900405638,0.005727115889150607,0.10559830079092136
2508,8.600378602856765,0.7113214460315357,13.976768833993889,0.7441922084984723,6395.810929011519,0.4965091075095994,0.5650649870529655,0.530129974105931,0.036656184327542196,0.7304279662129736
2509,8.478069795810821,0.6433721087837904,14.425454819527644,0.8563637048819113,5847.971557873364,0.03997629822780324,0.4929235174429679,0.38584703488593586,0.042175011538942805,0.8419194250291475
2510,8.259841023704045,0.5221339020578027,12.672898389988386,0.4182245974970964,6453.048282279826,0.5442069018998547,0.4193201431776355,0.23864028635527101,0.03535130044215942,0.7040666755991802
2511,7.556925882840126,0.13162549046673644,12.609917546063544,0.4024793865158859,6322.335897688539,0.43527991474044947,0.4417864885851621,0.28357297717032426,0.011285154214522357,0.21788190332368396
2512,8.432957355937766,0.6183096421876484,12.400234322373372,0.35005858059334294,6116.990519278351,0.26415876606529254,0.6108424859194559,0.6216849718389117,0.01750817090128939,0.3435994121472604
2513,8.78289479047946,0.8127193280441446,11.490719201933553,0.12267980048338833,6397.029253352055,0.4975243777933792,0.5031733749281398,0.4063467498562797,0.041340986322397064,0.8250704307554962
2514,8.322831296032138,0.5571284977956326,11.117766580471853,0.029441645117963322,6953.259245862174,0.9610493715518118,0.6521488855548799,0.7042977711097599,0.046833693734648955,0.936034216861595
2515,8.578032786121597,0.6989071034008875,14.526825751977547,0.881706437994387,6147.6504697776245,0.2897087248146868,0.689255865772717,0.7785117315454341,0.030121814938422364,0.5984205038065123
2516,8.814335539455692,0.8301864108087187,14.716403660853585,0.9291009152133963,6243.936002895519,0.36994666907959883,0.30333646970296574,0.0066729394059314995,0.007405787329473258,0.1395108551408739
2517,7.992315140098672,0.3735084111659286,13.203781883937282,0.5509454709843205,5800.499893574363,0.0004165779786362567,0.6303159159982172,0.6606318319964345,0.04725131020714571,0.9444709132756708
2518,7.403466321673737,0.04637017870763194,13.100257275095343,0.5250643187738359,6660.793500923332,0.7173279174361101,0.46853987234121514,0.3370797446824303,0.009074643849842846,0.17322512827965342
2519,7.704970514999337,0.21387250833296467,12.227218077554806,0.30680451938870135,6746.895475102998,0.7890795625858317,0.5858732620167442,0.5717465240334885,0.015367316144538236,0.30034982110178254
2520,8.716301105584813,0.775722836436008,12.296633131380426,0.3241582828451066,6295.793416362726,0.413161180302272,0.6159116153229443,0.6318232306458885,0.025380808073819688,0.5026425873498926
2521,8.784632700247611,0.8136848334708955,12.36147587239719,0.3403689680992976,6375.625387290221,0.4796878227418506,0.5049071422817213,0.4098142845634427,0.017110794917251454,0.33557161448992834
2522,7.841623981007709,0.2897911005598385,14.841856067848083,0.9604640169620206,6732.410910288941,0.7770090919074508,0.6295788533187301,0.6591577066374603,0.02889952230851355,0.5737277234043141
2523,7.88565085042116,0.3142504724562002,12.188026437760465,0.29700660944011625,6263.951207242943,0.3866260060357859,0.5506218639865308,0.5012437279730616,0.015478734956315226,0.30260070618818635
2524,8.143741361950813,0.45763408997267363,13.653656232608657,0.6634140581521645,6057.2493076022765,0.2143744230018969,0.44781469738891133,0.2956293947778227,0.026103440941214123,0.5172412311356388
2525,8.143589779670595,0.45754987759477517,14.714294960878323,0.9285737402195807,6188.1247384273265,0.3234372820227718,0.6415543249759967,0.6831086499519936,0.027222421469329076,0.5398468983702843
2526,7.644341874325503,0.18018993018083496,11.25222873849826,0.06305718462456511,5956.19850960954,0.13016542467461734,0.7542820185216983,0.9085640370433965,0.018547069884452917,0.3645872703929882
2527,8.325992017746179,0.558884454303433,11.946130197937855,0.23653254948446356,5936.38011254626,0.11365009378855007,0.7455941463859995,0.8911882927719991,0.010567482087797314,0.20338347652115785
2528,8.228583240395265,0.5047684668862586,13.978080368012982,0.7445200920032453,6803.558791501269,0.8362989929177242,0.3821128331872641,0.16422566637452818,0.020179356799464653,0.39756276362554854
2529,7.675381874037813,0.1974343744654513,14.088039440371817,0.7720098600929545,6048.6520599442065,0.20721004995350545,0.599509651750597,0.599019303501194,0.011551963490051088,0.22327198969800177
2530,8.663383653034115,0.7463242516856196,13.265011681008225,0.5662529202520561,6744.334181209517,0.7869451510079307,0.5655685828839034,0.5311371657678069,0.04670857194517466,0.9335065039429223
2531,8.436874918626136,0.6204860659034097,13.667892317423206,0.6669730793558014,6729.393336153566,0.7744944467946389,0.6873309572049684,0.7746619144099368,0.022372770141423796,0.44187414427118776
2532,9.084735678020081,0.9804087100111561,13.486866890084476,0.6217167225211192,5963.024524396521,0.1358537703304339,0.31649635866296905,0.032992717325938115,0.02517188561114876,0.4984219315383588
2533,9.090234247704629,0.9834634709470164,14.205916622917535,0.8014791557293837,6726.208316673125,0.7718402638942711,0.3155128948032953,0.031025789606590637,0.01680832527581618,0.32946111668315514
2534,9.059108441430073,0.9661713563500414,12.580701740722898,0.3951754351807243,6174.929280205839,0.31244106683819894,0.5829414962288565,0.565882992457713,0.043303438507450616,0.8647159294434468
2535,8.619083446896209,0.7217130260534496,12.17072308678819,0.29268077169704754,5831.804385135587,0.026503654279656064,0.6287940653019455,0.657588130603891,0.04503963576559115,0.8997906215270938
2536,8.477765705153356,0.6432031695296427,12.56345788044097,0.3908644701102424,6698.201512543549,0.7485012604529576,0.5563881017541414,0.5127762035082828,0.031494607204346985,0.6261536808958987
2537,8.310364424081001,0.5502024578227787,13.842150475138919,0.7105376187847298,6252.425560225317,0.37702130018776436,0.5173693415426239,0.434738683085248,0.01261980243389634,0.24484449361406746
2538,8.48337827575455,0.6463212643080833,14.494952884469868,0.8737382211174671,6856.971936777172,0.8808099473143102,0.39116103958030957,0.18232207916061915,0.03382095956237958,0.6731506982298905
2539,8.191367807339,0.48409322629944473,13.234411832699703,0.5586029581749254,5978.873231213228,0.1490610260110231,0.7458913274187667,0.8917826548375335,0.027204463517493154,0.5394841114645081
2540,7.609179640417041,0.1606553557872451,14.200931397759923,0.800232849439981,6896.643369066178,0.9138694742218151,0.5490358243067843,0.4980716486135687,0.04625189452336187,0.9242806974416539
2541,7.680850746132706,0.20047263674039217,11.559232504732242,0.13980812618306027,6041.119340159843,0.20093278346653554,0.6000726073237311,0.6001452146474623,0.04500687702714003,0.8991288288311117
2542,7.703883079713192,0.21326837761843997,12.536629625126114,0.3841574062815283,5917.414023571664,0.0978450196430537,0.30970630886020256,0.019412617720405145,0.037136432256954906,0.7401299445849475
2543,8.008571556124263,0.38253975340236845,12.149438781162154,0.2873596952905382,6414.506208802352,0.5120885073352935,0.5278943155205161,0.4557886310410323,0.006055483168023465,0.11223198319239325
2544,8.168270499029877,0.47126138834993203,11.349997104233523,0.0874992760583807,6390.4765142761935,0.492063761896828,0.42373985036766615,0.24747970073533232,0.002392014615469759,0.03822251748423755
2545,8.376026483100048,0.5866813795000275,14.174418454809231,0.7936046137023078,6966.470001629122,0.9720583346909349,0.7846702049913374,0.9693404099826748,0.029456117352301803,0.5849720677232687
2546,9.083600458838056,0.9797780326878097,12.381855146650022,0.34546378666250543,6996.228417054085,0.9968570142117374,0.48210996712847554,0.3642199342569511,0.005264102264797118,0.09624449019792158
2547,8.333265065889526,0.5629250366052925,14.046509082536687,0.7616272706341716,5902.486882338107,0.08540573528175577,0.34744552321683037,0.09489104643366075,0.03518542874012772,0.7007157321237923
2548,9.000262605821142,0.9334792254561901,13.606814367114467,0.6517035917786166,6774.83259196706,0.812360493305883,0.7923568215300798,0.9847136430601596,0.033784326745745115,0.6724106413281841
2549,8.983354394623989,0.9240857747911054,14.668390966971234,0.9170977417428086,6703.748014317121,0.7531233452642674,0.7597801654448382,0.9195603308896764,0.005321818697608824,0.0974104787395722
2550,7.418138650245466,0.05452147235859239,13.791587001750763,0.6978967504376907,6950.744927565452,0.9589541063045431,0.5208629518814911,0.4417259037629824,0.004883100949545862,0.08854749393021943
2551,8.738295790491387,0.787942105828549,11.311232274760993,0.07780806869024826,5949.72042945301,0.1247670245441751,0.3125567223088414,0.025113444617682834,0.010636901742064338,0.20478589377907752
2552,8.193836191391515,0.48546455077306383,12.375344451921745,0.34383611298043637,6049.516528974382,0.20793044081198453,0.30175181840416293,0.003503636808325883,0.0163458299789026,0.32011777735156766
2553,8.422391460170031,0.6124397000944619,13.906331976946579,0.7265829942366445,6786.52414831153,0.8221034569262747,0.5073305615991761,0.41466112319835213,0.04828148996732958,0.9652826256026178
2554,7.460390365756597,0.07799464764255348,13.917937248441506,0.7294843121103763,6896.02296157638,0.9133524679803171,0.38923846962785286,0.17847693925570574,0.014967523504243645,0.2922732021059322
2555,8.876199588561192,0.8645553269784411,13.980484980466139,0.7451212451165349,6599.259940669906,0.6660499505582557,0.664117430497642,0.728234860995284,0.04081715526687805,0.8144879851894554
2556,8.973252097738905,0.9184733876327258,14.37571520647122,0.8439288016178048,6382.725071792937,0.48560422649411417,0.4907540255265968,0.38150805105319363,0.044523660300943624,0.8893668747665379
2557,8.568603638383536,0.6936686879908539,14.480880798844913,0.8702201997112281,6410.655312030702,0.5088794266922514,0.4012235882911962,0.20244717658239242,0.033369927915655684,0.6640389477910239
2558,7.550677251026136,0.1281540283478535,12.78238257721529,0.4455956443038226,6956.275365953916,0.9635628049615961,0.587649568260029,0.575299136520058,0.04389530412166339,0.8766728105386543
2559,8.79386478891015,0.8188137716167507,11.439077776400467,0.10976944410011646,6996.353495548421,0.9969612462903507,0.5295936628417883,0.45918732568357656,0.03165916573391495,0.6294780956346455
2560,7.4637906303068915,0.07988368350382857,14.726549329091547,0.9316373322728868,6401.534115626899,0.5012784296890825,0.7012264676231781,0.8024529352463563,0.023843394801064413,0.4715837333548366
2561,8.35238331481663,0.5735462860092391,11.75143924929527,0.18785981232381777,6416.166639088854,0.513472199240712,0.4999754819776182,0.39995096395523644,0.0021798229649606198,0.03393581747395191
2562,8.240131629669968,0.5111842387055382,13.531444263755088,0.6328610659387718,5864.5235415436355,0.05376961795302937,0.4256132644410593,0.2512265288821186,0.021048083524588212,0.4151127984765295
2563,8.800083421487964,0.8222685674933132,13.055269217651123,0.513817304412781,6658.2389643604665,0.7151991369670554,0.5564675711613924,0.5129351423227848,0.001220381502083707,0.014553161658256708
2564,7.5647407532559825,0.13596708514221245,13.174562147152596,0.5436405367881489,6440.586008568702,0.5338216738072518,0.4094838789329842,0.21896775786596845,0.011656653937449088,0.22538694823129468
2565,7.701282220674921,0.21182345593051177,12.111884680812341,0.27797117020308537,6639.722282263258,0.6997685685527154,0.5580804659810654,0.516160931962131,0.029044806021846097,0.5766627479160827
2566,7.620219896647666,0.1667888314709255,11.354550971667832,0.08863774291695814,6889.377023333112,0.907814186110927,0.5718103388023298,0.5436206776046596,0.005025128353443837,0.0914167344130068
2567,8.198929149169155,0.4882939717606414,11.818332385219561,0.20458309630489024,6332.739328858924,0.4439494407157698,0.5160762487823196,0.43215249756463925,0.04824754158219266,0.9645967996402557
2568,9.11820918307306,0.9990051017072552,11.854104924466903,0.21352623111672542,6555.349017126494,0.6294575142720783,0.5776599396045469,0.5553198792090938,0.011132066387965187,0.21478921995889266
2569,8.049952491522996,0.40552916195722033,13.54796997310639,0.6369924932765975,6904.199713680153,0.9201664280667943,0.34652526448290094,0.0930505289658019,0.01226370493139531,0.2376506046746527
2570,7.979788708955462,0.3665492827530349,11.043828852477565,0.010957213119391351,6546.655141251986,0.6222126177099879,0.3791290233567911,0.15825804671358223,0.02456285087902257,0.4861181995762135
2571,8.688019636292951,0.7600109090516397,13.453293543879992,0.6133233859699979,6640.460257016855,0.7003835475140462,0.5905931695636949,0.5811863391273898,0.01577466513029553,0.30857909354132385
2572,8.436183557488,0.6201019763822226,11.5306087620115,0.13265219050287513,6721.790642371798,0.7681588686431644,0.3069960693364037,0.013992138672807464,0.032158740443456,0.639570514009212
2573,7.730823123637147,0.2282350686873036,11.495170450404382,0.12379261260109564,6778.956217680254,0.8157968480668781,0.5197192136375222,0.43943842727504423,0.007748334683302688,0.1464310037030846
2574,7.616783095981779,0.16487949776765487,13.101366261224824,0.5253415653062058,6308.5874537225645,0.4238228781021375,0.6399549450644728,0.6799098901289456,0.014005953894216189,0.27284755341850886
2575,8.550013538089756,0.6833408544943086,11.520252876833618,0.1300632192084047,6570.632996665987,0.6421941638883222,0.5780990642693873,0.5561981285387746,0.010848684379892322,0.20906433090691556
2576,8.307476892468753,0.548598273593752,11.519231198319094,0.12980779957977373,6050.025631106167,0.20835469258847217,0.5014986020257497,0.4029972040514993,0.0221620678074481,0.43761753146359794
2577,9.104053395209046,0.9911407751161367,14.808544801927862,0.9521362004819656,6116.536660510639,0.2637805504255324,0.7976366655760039,0.9952733311520079,0.008716054326127357,0.1659808954773203
2578,7.472599140198327,0.08477730011018192,14.731211753722029,0.9328029384305072,6006.090348169731,0.17174195680810955,0.6286506609173504,0.6573013218347009,0.04812558461367332,0.9621330224984509
2579,9.002215274812764,0.9345640415626472,14.930327037683899,0.9825817594209748,5919.178034001846,0.09931502833487182,0.5569396747330533,0.5138793494661066,0.04136648236667757,0.8255855023571226
2580,7.4279640517372805,0.05998002874293362,13.25300604247605,0.5632515106190127,5923.703935078829,0.10308661256569096,0.7301150648100303,0.8602301296200606,0.048017377061310824,0.9599470113396126
2581,7.614392936634778,0.1635516314637655,12.333341581223557,0.3333353953058895,6506.441235774564,0.5887010298121369,0.4915487726318111,0.3830975452636223,0.04111212237575099,0.820446916681838
2582,8.585148158233398,0.7028600879074436,11.727732198192145,0.18193304954803624,6950.945000923106,0.9591208341025884,0.5317283771292162,0.46345675425843236,0.0475285915839904,0.9500725572523312
2583,8.101318850363485,0.43406602797971405,14.194675543775132,0.798668885943783,6607.256230587026,0.6727135254891884,0.7694986342644587,0.9389972685289175,0.03845671985052516,0.7668024212227303
2584,8.596370905246339,0.7090949473590771,11.04245306845782,0.010613267114455427,6861.939392282132,0.8849494935684434,0.6573025422790133,0.7146050845580266,0.04893085791153307,0.9784011699299611
2585,8.849753810772553,0.8498632282069738,14.692754773598654,0.9231886933996637,6101.699922830748,0.25141660235895613,0.4671742452809937,0.33434849056198745,0.02461984355247474,0.48726956671666133
2586,7.411663565175922,0.050924202875512026,11.07232884064592,0.01808221016148015,6849.702215431493,0.874751846192911,0.4648029464037064,0.3296058928074128,0.005603883488995926,0.10310875735345304
2587,8.283680039632372,0.5353777997957628,12.708657773291021,0.4271644433227554,6544.996780223614,0.6208306501863451,0.3450976103242039,0.09019522064840779,0.009727471179847732,0.18641355918884306
2588,7.535774089044592,0.119874493913662,13.966674936571849,0.7416687341429621,6337.587248165325,0.44798937347110424,0.719534710035766,0.839069420071532,0.022502134617021018,0.4444875680206266
2589,8.201380766545846,0.4896559814143593,13.988727342112334,0.7471818355280833,6327.8239412891835,0.43985328440765314,0.32446294972984635,0.04892589945969272,0.03152477767934173,0.6267631854412471
2590,8.704057157502007,0.7689206430566703,11.910363051397132,0.22759076284928292,6705.129472471203,0.7542745603926692,0.7553136146657065,0.910627229331413,0.03478419342276483,0.6926099681366632
2591,7.68090327828886,0.2005018212715889,12.51070202590634,0.3776755064765849,6729.892934965951,0.7749107791382929,0.6130642384102168,0.6261284768204337,0.049062015855517616,0.9810508253639921
2592,8.232660719163407,0.5070337328685596,14.843458097916603,0.9608645244791505,6088.698917010133,0.24058243084177744,0.531008558465566,0.4620171169311321,0.026857764782076448,0.532480096607605
2593,8.547553559599944,0.681974199777747,11.805056293283585,0.20126407332089602,6455.883111216841,0.5465692593473671,0.3760350979717838,0.15207019594356763,0.048551676492228316,0.9707409392369356
2594,8.009377226479097,0.38298734804394274,13.858779938129098,0.7146949845322746,6453.920366683002,0.5449336389025015,0.312839968853331,0.025679937706661993,0.006674029535540402,0.12472786940485658
2595,7.547995302629788,0.12666405701654904,11.874467992491946,0.2186169981229863,6640.493207871354,0.7004110065594612,0.6637104814453278,0.7274209628906558,0.014503058870691816,0.28289007819579426
2596,8.627225679660157,0.7262364887000875,14.189539264318014,0.7973848160795036,6755.219499769898,0.7960162498082481,0.728453508752767,0.8569070175055341,0.04072855299919229,0.812698040387723
2597,8.424777544899808,0.6137653027221155,14.986634546512027,0.9966586366280067,5819.404378323243,0.01617031526936885,0.5412246247062684,0.482449249412537,0.04897009006885401,0.9791937387647274
2598,8.17979567133398,0.47766426185221145,12.301835864018415,0.32545896600460344,6494.511714970822,0.5787597624756847,0.5489961716340275,0.4979923432680551,0.038091383516608145,0.7594218892244069
2599,8.586675521259469,0.7037086229219269,13.523872157862478,0.6309680394656192,6719.602230078433,0.766335191732028,0.3070518183939548,0.014103636787909601,0.040076677703493956,0.7995288424948274
2600,7.460775820654984,0.07820878925276864,13.386060539630492,0.5965151349076232,6210.923813506594,0.342436511255495,0.7600244138392463,0.9200488276784927,0.026237916734794642,0.5199579138342352
2601,8.263330924487553,0.5240727358264187,11.367989556224583,0.0919973890561454,5902.7761580541965,0.08564679837849709,0.45077950343749157,0.30155900687498316,0.0027477325172462785,0.04540873772214704
2602,8.632972095965282,0.7294289422029355,13.624864261604472,0.6562160654011179,6657.28736027604,0.7144061335633668,0.7888575830194053,0.9777151660388106,0.045485944606035104,0.9088069617380828
2603,8.192694973751546,0.48483054097308165,14.29546638069096,0.8238665951727403,6402.309381128483,0.501924484273736,0.7203116175954487,0.8406232351908973,0.0348699867931351,0.6943431675380828
2604,8.52304900165623,0.6683605564756832,13.997257542967843,0.7493143857419605,5936.781398135692,0.11398449844640979,0.605491899146078,0.6109837982921562,0.018788796399374013,0.3694706343307881
2605,8.298070909402103,0.5433727274456125,11.129184494472199,0.032296123618049566,5939.840607793803,0.1165338398281699,0.38530704827577333,0.1706140965515467,0.007976205613236451,0.1510344568330596
2606,7.330501917102806,0.005834398390447748,11.39949581924127,0.09987395481031747,6676.062411567896,0.7300520096399129,0.5748751056060621,0.5497502112121242,0.03013469215491848,0.5986806495943127
2607,7.8286799175561494,0.28259995419786066,12.779300431370467,0.44482510784261675,6559.445991242856,0.6328716593690462,0.40170104630946,0.20340209261892006,0.022573002748154866,0.445919247437472
2608,8.409717426296382,0.6053985701646573,11.328049759849815,0.08201243996245366,6126.250893794752,0.2718757448289604,0.5003621009270851,0.40072420185417035,0.04950706275846425,0.9900416718881665
2609,8.26538299191324,0.525212773285134,13.682059418285817,0.6705148545714545,6095.104780213098,0.2459206501775818,0.47754938082655657,0.35509876165311316,0.018537123702822726,0.3643863374307621
2610,8.936839837406778,0.8982443541148765,11.709844328070957,0.17746108201773936,6151.585074430141,0.2929875620251168,0.6680761331281857,0.7361522662563715,0.038969021982941464,0.7771519592513427
2611,8.71376755438069,0.7743153079892723,12.726880914915695,0.43172022872892357,6944.007132587048,0.9533392771558731,0.34147327569472846,0.08294655138945695,0.018818033438037673,0.37006128157651863
2612,7.36314159998314,0.02396755554618868,11.357643563454335,0.08941089086358356,6632.609117263648,0.6938409310530402,0.5245925094672046,0.4491850189344092,0.04804608495650372,0.9605269688182569
2613,8.801538541524215,0.823076967513453,14.713937071476934,0.9284842678692337,6590.207219354998,0.6585060161291656,0.6715555977451385,0.743111195490277,0.04883785346422967,0.97652229220666
2614,8.929864309593338,0.8943690608851879,11.641117378990442,0.16027934474761063,6635.693624973566,0.6964113541446383,0.7352667334686478,0.8705334669372957,0.021138605345087165,0.416941522122973
2615,9.013907624430148,0.941059791350083,13.612808769726001,0.6532021924315001,6249.340195619311,0.37445016301609235,0.6517553161925802,0.7035106323851603,0.04588082365181178,0.9167843161982177
2616,8.502666817132388,0.6570371206291046,12.991599921629655,0.4978999804074137,6834.738573535147,0.8622821446126231,0.4406969583706873,0.2813939167413746,0.01905852087673877,0.3749196136714903
2617,8.401632681814172,0.6009070454523179,12.83042510338667,0.45760627584666747,6897.903483957148,0.9149195699642897,0.4997475628143865,0.399495125628773,0.04706592286984847,0.9407257145423932
2618,8.268229713605006,0.5267942853361144,11.918702620067023,0.2296756550167558,5923.295007236447,0.10274583936370607,0.7543312408548267,0.9086624817096535,0.012805802584546958,0.24860207241509003
2619,7.403640615445886,0.04646700858104724,14.063824311022906,0.7659560777557265,6181.803421303129,0.31816951775260727,0.5749458748206974,0.5498917496413948,0.01129435965876707,0.21806787189428423
2620,7.538348933084093,0.12130496282449577,11.76597703095975,0.19149425773993722,5884.967313103525,0.07080609425293738,0.4291862890640101,0.25837257812802017,0.011113924974147026,0.21442272675044494
2621,8.25269362768464,0.5181631264914659,14.522038011074951,0.8805095027687377,5909.119394736125,0.09093282894677102,0.4292592591441463,0.25851851828829264,0.04593874530521584,0.917954450610421
2622,8.522675042393354,0.668152801329641,12.867277209972213,0.4668193024930535,6594.334296534408,0.6619452471120065,0.5935991532262215,0.5871983064524431,0.03444609145274214,0.685779625307922
2623,8.280019956998284,0.5333444205546028,12.671949981459461,0.4179874953648651,5991.801534925307,0.15983461243775576,0.6116401625179396,0.6232803250358793,0.016626686473555998,0.3257916459304242
2624,8.293613320543557,0.5408962891908651,14.540963555105307,0.8852408887763266,6291.819660262032,0.40984971688502625,0.6546463572881465,0.7092927145762931,0.023435591256114212,0.4633452779012972
2625,8.852299815423457,0.8512776752352541,11.499699423195144,0.1249248557987861,6511.822800217781,0.5931856668481508,0.6349787609714578,0.6699575219429156,0.02993326998599854,0.5946115148686574
2626,8.519453545568052,0.6663630808711402,13.04983836933756,0.51245959233439,6928.384865409946,0.940320721174955,0.5399770427960819,0.479954085592164,0.02703478784490711,0.5360563200991335
2627,7.558296291918603,0.13238682884366848,14.269729555699701,0.8174323889249253,6220.633221706758,0.3505276847556317,0.6202042683356268,0.6404085366712536,0.006312052744864743,0.1174152069669645
2628,8.6072918393807,0.7151621329892784,11.665924598519364,0.16648114962984117,5830.688012224034,0.025573343520028047,0.4533344844000353,0.30666896880007066,0.010628116159217875,0.20460840725692675
2629,8.443487752597225,0.6241598625540136,14.829930301357662,0.9574825753394155,6529.568443513508,0.6079737029279234,0.7544136133923902,0.9088272267847805,0.02747953359393584,0.5450410827057744
2630,7.76808895663165,0.24893830923980576,11.803374890190716,0.2008437225476789,6897.295701124129,0.9144130842701077,0.6551462864178588,0.7102925728357177,0.02766318742801071,0.5487512611719335
2631,7.694049422733665,0.20780523485203595,11.16994761217448,0.04248690304362002,6425.1447746739805,0.5209539788949838,0.5795225363973138,0.5590450727946277,0.003919532371702622,0.06908146205459842
2632,8.230140672244207,0.5056337068023381,13.185731745127427,0.5464329362818565,6242.472991211385,0.36872749267615434,0.4189739417595832,0.2379478835191664,0.008521203004730969,0.16204450514608015
2633,7.732029585686709,0.22890532538150465,11.413948598646565,0.10348714966164119,6124.944088924019,0.2707867407700152,0.477014613366478,0.354029226732956,0.0021085073671077994,0.03249509832541009
2634,8.242183746733026,0.5123243037405708,13.109340026262164,0.5273350065655407,5823.099968767781,0.01924997397315109,0.5470725677073636,0.49414513541472727,0.004633849032232117,0.08351210166125489
2635,8.483294404395325,0.6462746691085144,12.318788917132446,0.3296972292831114,6065.245725984305,0.2210381049869211,0.38298032217109307,0.16596064434218616,0.004853218433150081,0.08794380673030466
2636,7.952272686388156,0.35126260354897565,11.076957550628894,0.01923938765722366,6664.008647330052,0.7200072061083762,0.420312899617467,0.240625799234934,0.025864466434565966,0.5124134633245649
2637,8.31284298824461,0.551579437913672,12.480890107167442,0.3702225267918605,6183.363475410009,0.3194695628416744,0.7843820676423843,0.9687641352847686,0.00719541063184851,0.13526082084542446
2638,8.585186193307083,0.7028812185039347,13.93777811157372,0.7344445278934301,6661.354279635907,0.7177952330299227,0.6858000842964227,0.7716001685928455,0.008985988732006834,0.17143411579811785
2639,7.4446691163008705,0.06926062016714996,11.91372534868412,0.2284313371710297,6063.086387520479,0.21923865626706585,0.3967567384822272,0.19351347696445442,0.04291458684909308,0.8568603403857187
2640,8.853234523485865,0.8517969574921475,13.472960770326313,0.6182401925815783,6398.001527004991,0.49833460583749234,0.3291067475691754,0.058213495138350835,0.019084376098167922,0.3754419413771297
2641,8.942671086136304,0.9014839367423917,11.265469802888926,0.06636745072223171,6134.632188665217,0.27886015722101365,0.678157618077597,0.7563152361551939,0.03266775470600594,0.6498536304243624
2642,7.602010420361225,0.15667245575623612,14.337059313299855,0.8342648283249638,6099.423064143022,0.24951922011918481,0.7809181605595994,0.9618363211191987,0.0336061287307608,0.6688106814295111
2643,8.433294833527054,0.6184971297372521,11.366804173143722,0.09170104328593054,6575.87358951203,0.6465613245933578,0.5804565000189165,0.560913000037833,0.005371082893724918,0.09840571502474582
2644,8.452383227136124,0.6291017928534023,12.943016078934065,0.48575401973351606,6263.671373658856,0.38639281138238024,0.5662390535833388,0.5324781071666776,0.038572608010593194,0.7691435961735998
2645,7.891295341674912,0.31738630093050646,14.42353527395657,0.8558838184891429,6154.435490108211,0.295362908423509,0.7158218244694811,0.8316436489389621,0.01975087999606315,0.38890666658713435
2646,7.915384978674494,0.33076943259694114,11.0867539211785,0.021688480294625,6605.9746970411525,0.6716455808676268,0.6094588090569266,0.6189176181138532,0.01631943045601297,0.31958445365682764
2647,7.604743442862885,0.1581908015904917,13.204068554661138,0.5510171386652846,6224.009477290885,0.35334123107573734,0.4083630571453122,0.21672611429062438,0.019990800654001432,0.39375354856568545
2648,8.45507262495806,0.6305959027544776,13.202022221846843,0.5505055554617108,6555.335699453858,0.6294464162115482,0.3978696300343101,0.1957392600686202,0.03950205329975807,0.7879202686819811
2649,7.596278631846659,0.15348812880369977,14.913633968023886,0.9784084920059716,6718.750693226772,0.7656255776889767,0.32370121950249875,0.04740243900499752,0.049894775696887904,0.9978742565027858
2650,7.788103663170114,0.2600575906500635,11.524513279915684,0.13112831997892083,6386.830419657774,0.48902534971481115,0.6850520046467354,0.770104009293471,0.028903166767723965,0.5738013488429083
2651,7.897535619229511,0.3208531217941726,13.83709055781687,0.7092726394542175,6912.398183930907,0.9269984866090891,0.3824281569793623,0.16485631395872458,0.008392109861864947,0.15943656286595853
2652,8.488972037066521,0.6494289094814008,14.909445475859608,0.9773613689649019,6502.41066846723,0.5853422237226911,0.7347843954375423,0.8695687908750845,0.009350662460407647,0.1788012618264171
2653,7.817277144001463,0.27626508000081285,12.160642179063613,0.29016054476590325,6404.5795804222,0.5038163170185002,0.7049712445548266,0.8099424891096532,0.02299085349123492,0.4543606765906044
2654,8.128846026338882,0.44935890352160135,11.175045566269029,0.043761391567257335,5858.4232095093,0.04868600792441724,0.5138346423090332,0.4276692846180664,0.039485652889146336,0.7875889472554815
2655,8.329038062099064,0.5605767011661471,14.042082951979696,0.7605207379949239,6878.400090079505,0.8986667417329208,0.6647612418467195,0.7295224836934391,0.04279595130681108,0.8544636627638602
2656,7.851555098399196,0.29530838799955306,12.517502883223361,0.37937572080584037,5896.370685097024,0.08030890424751969,0.458807646795836,0.31761529359167207,0.02653303734856252,0.5259199464356065
2657,8.507110369856465,0.6595057610313693,13.678954192337699,0.6697385480844245,5830.968129257417,0.02580677438118084,0.5664440035676208,0.5328880071352416,0.01076209882040574,0.2073151276849644
2658,7.6314974208414394,0.17305412268968878,14.148333328969326,0.7870833322423315,6610.403131698814,0.675335943082345,0.35329196663180024,0.1065839332636005,0.01225334755453963,0.23744136473817434
2659,8.93290620922266,0.8960590051237001,12.467933073396262,0.36698326834906536,6770.492475545537,0.8087437296212808,0.7591551385635724,0.9183102771271449,0.031018323390947074,0.6165317856756984
2660,8.057966993137788,0.4099816628543269,11.418844200385196,0.10471105009629922,6186.116589847876,0.3217638248732301,0.5147984603068365,0.42959692061367305,0.01825094199191345,0.3586048887255242
2661,7.398058439628969,0.04336579979387145,13.487725326147812,0.6219313315369529,6127.832112909459,0.27319342742454944,0.5990302136832197,0.5980604273664395,0.006016099316004751,0.11143634981827777
2662,8.941707597875554,0.9009486654864195,13.600881002806865,0.6502202507017161,6162.983281184879,0.30248606765406605,0.52457837585316,0.4491567517063201,0.024079294371217124,0.47634938123670956
2663,8.059420072775659,0.41078892931981026,13.728506771755292,0.6821266929388232,6023.597125493396,0.18633093791116284,0.7736691989928312,0.9473383979856623,0.0038514796751346926,0.06770666010373116
2664,8.64663693706562,0.7370205205920118,12.677220517211504,0.419305129302876,6716.782261446642,0.7639852178722016,0.3125040381983401,0.025008076396680234,0.011701818418782402,0.22629936199560408
2665,8.339879932820416,0.5665999626780093,13.210548082673341,0.5526370206683353,6242.3183529037715,0.3685986274198094,0.3431844725013891,0.08636894500277825,0.03227959971507546,0.64201211545607
2666,9.115725049822396,0.9976250276791095,12.03179525791965,0.2579488144799127,6786.559147106207,0.8221326225885056,0.7176252584141192,0.8352505168282385,0.0025896408026033404,0.04221496570915839
2667,7.471433392306662,0.08412966239259001,14.10031788968707,0.7750794724217674,6582.305501786136,0.6519212514884468,0.5068015811879831,0.4136031623759664,0.00439517667866412,0.0786904379528105
2668,8.16280434246522,0.46822463470290043,12.898336559758972,0.47458413993974313,6958.171780289388,0.9651431502411569,0.7079663056123251,0.8159326112246502,0.0010209516720665972,0.010524276203365601
2669,7.5105176842797015,0.10584315793316723,14.471029668933324,0.8677574172333312,5901.572424828066,0.08464368735672168,0.5127608169192722,0.42552163383854447,0.02601545516468709,0.5154637407007493
2670,7.677810225526069,0.198783458625594,12.634015656865284,0.40850391421632104,6161.181067116121,0.3009842225967675,0.5538185383933126,0.5076370767866253,0.01853430889721669,0.3643294726710442
2671,8.457374795254328,0.6318748862524047,12.495755596997881,0.3739388992494701,6632.7916700372025,0.6939930583643358,0.787809577667556,0.9756191553351121,0.043049687298694864,0.859589642397876
2672,9.047983720757614,0.959990955976453,11.328521636474775,0.08213040911869363,6432.174563875671,0.5268121365630595,0.422875953184687,0.24575190636937405,0.0036178260873304946,0.06298638560263625
2673,8.382478071242266,0.5902655951345928,11.555290608923915,0.13882265223097856,5807.867143229276,0.00655595269106346,0.3429379376260525,0.08587587525210505,0.022195951337047746,0.43830204721308574
2674,8.689997787605243,0.7611098820029132,13.31801194055613,0.5795029851390323,6381.912204360948,0.4849268369674564,0.5303693167804375,0.4607386335608751,0.005346715693723142,0.09791344835804328
2675,8.079013006777604,0.42167389265422417,14.307613317149192,0.8269033292872979,6892.152087386331,0.9101267394886093,0.32868852761667233,0.05737705523334469,0.015337176287260995,0.2997409350961817
2676,7.650585247545781,0.1836584708587672,11.32468592233513,0.08117148058378254,5957.883432168825,0.13156952680735368,0.5797172076048795,0.559434415209759,0.03970916253632279,0.7921042936630867
2677,8.399576393372385,0.5997646629846589,14.293644727615451,0.823411181903863,6077.336761791066,0.23111396815922203,0.6086045021539073,0.6172090043078146,0.03684201946203818,0.7341822113543067
2678,9.107003237312338,0.9927795762846329,11.343409659604447,0.08585241490111195,6516.867630248278,0.597389691873565,0.6279370900680701,0.6558741801361403,0.01533094534686416,0.29961505751240725
2679,8.621490661188725,0.72305036732707,12.261168930495842,0.31529223262396067,6929.819703475602,0.941516419563002,0.371023961851715,0.14204792370343,0.03568324898640636,0.7107727067960881
2680,8.332890235834396,0.5627167976857759,12.147209936717296,0.28680248417932386,6141.238138129304,0.28436511510775386,0.5018092955025186,0.40361859100503716,0.017527784142089817,0.3439956392341377
2681,8.79969747942465,0.8220541552359164,11.383305679317417,0.09582641982935414,6785.571549647338,0.8213096247061147,0.7093971242337009,0.8187942484674018,0.0007512425702186248,0.005075607479164135
2682,7.460042513518286,0.0778013963990476,13.699886672595039,0.6749716681487598,6898.314042604857,0.915261702170714,0.6075063219412122,0.6150126438824244,0.048331369412691845,0.9662902911654918
2683,8.939347881493184,0.8996377119406581,13.243768237370507,0.5609420593426266,5963.737921476892,0.1364482678974095,0.5318287214172053,0.4636574428344107,0.003231144337372891,0.05517463307824022
2684,8.109017761913353,0.4383432010629744,12.52580699678219,0.3814517491955476,6392.740478663468,0.4939503988862235,0.6598085525412564,0.7196171050825128,0.011039568684702523,0.21292057948893983
2685,9.007440446519976,0.9374669147333206,12.080268883031998,0.27006722075799927,6717.1280227221705,0.7642733522684754,0.6740656643803732,0.7481313287607464,0.039488211186145164,0.7876406300231346
2686,8.480988681260854,0.6449937118115855,13.747727720705566,0.6869319301763914,6107.797476702472,0.25649789725205996,0.7634526441978968,0.9269052883957937,0.03551922292955684,0.7074590490819563
2687,8.900714937088882,0.878174965049379,11.57331549342593,0.14332887335648248,6789.04667901458,0.8242055658454834,0.7217771423256905,0.843554284651381,0.03422680024415101,0.6813494998818385
2688,8.405344072999453,0.6029689294441407,13.05860026542524,0.5146500663563099,5989.629683861946,0.1580247365516222,0.7074779417702939,0.8149558835405879,0.011611110404470893,0.22446687685799782
2689,8.095171556608861,0.4306508647827001,11.052721401442898,0.013180350360724402,6476.609041595333,0.563840867996111,0.7752293334405765,0.9504586668811531,0.022361060431863134,0.44163758448208346
2690,8.828909381340617,0.8382829896336762,11.024362269623634,0.006090567405908298,6818.663393629271,0.8488861613577257,0.5420497542656413,0.4840995085312825,0.04502601392482594,0.8995154328247664
2691,8.673217725266081,0.7517876251478236,11.48955332419469,0.1223883310486723,6868.910017251997,0.8907583477099973,0.45410119221983003,0.3082023844396601,0.0366603648396625,0.7305124210032828
2692,8.671663032324698,0.750923906847055,13.832565786337078,0.7081414465842696,6738.09800609767,0.7817483384147249,0.46828307517554857,0.33656615035109716,0.005107350712518785,0.09307779217209666
2693,7.3793613001738985,0.0329785000966103,13.897705073327321,0.7244262683318303,5972.115669571394,0.14342972464282866,0.5647228919257817,0.5294457838515635,0.025610130000815655,0.5072753535518314
2694,7.350088161874192,0.016715645485661734,13.098275649832358,0.5245689124580896,5849.292414147002,0.04107701178916867,0.5364528504768251,0.47290570095365037,0.0022828321004211994,0.03601681010951918
2695,7.915694639380889,0.33094146632271615,14.075547897301751,0.7688869743254377,6279.314744346919,0.3994289536224327,0.47611449522975907,0.35222899045951817,0.015286125060794523,0.2987095971877681
2696,8.981312125042882,0.9229511805793795,11.378155149794852,0.09453878744871291,6435.83408370689,0.5298617364224083,0.393066105385535,0.18613221077107,0.04286144052375162,0.8557866772475073
2697,7.62467255265853,0.16926252925473884,13.311118790700732,0.5777796976751831,6013.463428256145,0.17788619021345364,0.45809311282770676,0.31618622565541354,0.02033480362649827,0.40070310356562155
2698,8.575505448310679,0.6975030268392662,12.68128957654459,0.42032239413614736,6764.806633248414,0.8040055277070114,0.4711908383330065,0.34238167666601305,0.028005467733640384,0.5556660148210179
2699,7.372527852996603,0.02918214055366808,14.537592480649991,0.8843981201624979,5845.6095088900565,0.03800792407504738,0.3308756045652536,0.061751209130507245,0.015927109245237953,0.3116587726310698
2700,7.709880455456028,0.2166002530311263,11.415775478422468,0.10394386960561686,6739.571747126462,0.7829764559387177,0.6317890523795597,0.6635781047591194,0.020294378809764937,0.39988644060131184
2701,9.084749167172621,0.9804162039847903,13.983156630913577,0.7457891577283943,5823.931426006346,0.019942855005287696,0.4533130879852184,0.30662617597043684,0.03162707689934854,0.6288298363504755
2702,7.614377854714614,0.16354325261922997,12.087509251181732,0.2718773127954328,6101.470012486549,0.25122501040545786,0.31583820086843384,0.0316764017368677,0.00787373671589436,0.14896437809887597
2703,7.83305846975619,0.2850324831978833,11.561474982428045,0.1403687456070115,5960.1682388564195,0.13347353238034976,0.7091464704088422,0.8182929408176843,0.009683233165155371,0.18551986192233072
2704,7.519861325720729,0.11103406984484943,11.599153965399607,0.14978849134990158,6832.343344899296,0.8602861207494136,0.31052472552448807,0.021049451048976153,0.008339310271970444,0.15836990448425137
2705,8.20132042172675,0.4896224565148618,13.773474040376907,0.6933685100942268,6804.647686885983,0.8372064057383187,0.7151350258349871,0.8302700516699744,0.007045144278562976,0.13222513694066618
2706,7.723050323575743,0.22391684643096843,13.111438889114284,0.5278597222785711,5863.252593763578,0.05271049480298151,0.39106570213672576,0.18213140427345154,0.043962904654113635,0.8780384778608814
2707,7.739579905929286,0.2330999477384924,12.810980069216324,0.4527450173040811,5858.021764030114,0.04835147002509499,0.3915228803626284,0.1830457607252568,0.015156879566368285,0.2960985770983492
2708,7.7663903459344406,0.24799463663024468,13.341078664419756,0.5852696661049389,5966.21267325411,0.13851056104509185,0.7840586205984248,0.9681172411968496,0.027347115692923904,0.5423659735944223
2709,9.106035671396516,0.992242039664731,11.954597808358235,0.2386494520895588,6128.154392781831,0.27346199398485904,0.5120990382206434,0.4241980764412868,0.020442202944438884,0.4028727867563411
2710,8.446193675385107,0.6256631529917266,14.859152128316524,0.9647880320791308,6452.295658392521,0.5435797153271009,0.48626709619646313,0.3725341923929263,0.04157495879702146,0.8297971474145749
2711,8.009926729053575,0.3832926272519859,13.110833343093262,0.5277083357733153,6247.934037495936,0.37327836457994623,0.5977726527497131,0.5955453054994262,0.04871161012763845,0.9739719217704736
2712,7.3566361450250595,0.020353413902810646,14.392881340372249,0.8482203350930624,6953.634900426612,0.9613624170221765,0.3948385732487469,0.1896771464974938,0.016809570314754482,0.32948626898493905
2713,9.030408449478466,0.9502269163769262,12.65186065142811,0.41296516285702767,6276.504366563235,0.3970869721360286,0.31552606773902403,0.031052135478048082,0.018379454498761157,0.36120110098507385
2714,8.870471564006579,0.861373091114766,14.989185588291608,0.9972963970729019,6839.477178270011,0.8662309818916759,0.7107773155595505,0.8215546311191009,0.03342139887859028,0.6650787652240461
2715,9.004385446599517,0.9357696925552882,13.130203941051114,0.5325509852627783,5858.805537816967,0.04900461484747276,0.6885842457170317,0.7771684914340635,0.038795506302644236,0.7736465919726108
2716,7.935861471026514,0.3421452616813968,12.997574187425835,0.49939354685645876,6902.2326370566425,0.9185271975472022,0.7111471559985039,0.8222943119970076,0.018154350382731253,0.3566535430854798
2717,8.336321060892237,0.5646228116067983,12.210419419774972,0.3026048549437429,6196.834343546817,0.3306952862890141,0.5597171725287609,0.5194343450575217,0.012027061371671607,0.2328699267004365
2718,8.111754485611812,0.43986360311767336,13.325135667221804,0.581283916805451,6135.890177590241,0.27990848132520096,0.43098820493092094,0.2619764098618419,0.02813537646573553,0.5582904336512228
2719,8.327259250236938,0.559588472353855,13.699999917232194,0.6749999793080486,6247.147655216435,0.37262304601369556,0.7150907845475182,0.8301815690950364,0.0385278628156243,0.7682396528408949
2720,8.748122045807145,0.793401136559525,14.744716649353203,0.9361791623383008,6160.823093892741,0.30068591157728375,0.7794148697680179,0.9588297395360359,0.005736551762944077,0.10578892450392074
2721,8.30138963922495,0.5452164662360838,14.547541439067698,0.8868853597669245,5834.543162501958,0.028785968751631974,0.30962087039642033,0.01924174079284069,0.004773759925428344,0.08633858435208774
2722,8.496937806956398,0.653854337197999,12.794927308004599,0.44873182700115,6053.199305403361,0.21099942116946757,0.6914339169673374,0.7828678339346747,0.04241536295429237,0.8467750091776236
2723,7.969515284301637,0.36084182461202063,12.60299268752344,0.4007481718808601,6126.170225684363,0.27180852140363576,0.7719816156700432,0.9439632313400864,0.015764586684488893,0.3083754885755332
2724,8.497787129138347,0.6543261828546377,11.277731330420552,0.069432832605138,5800.825823324944,0.0006881861041200255,0.4373420105306578,0.2746840210613156,0.002456858755761546,0.039532500116394864
2725,8.69168636271892,0.762047979288289,13.324657217153629,0.5811643042884074,6808.990190787304,0.84082515898942,0.698278594225237,0.796557188450474,0.03855768822293072,0.7688421863218328
2726,7.613044490118786,0.1628024945104367,14.991691180843931,0.9979227952109827,6245.96243949488,0.3716353662457328,0.3216749666101775,0.043349933220355075,0.02443805593870654,0.48359708967083914
2727,8.84282810925589,0.8460156162532725,12.384799867743487,0.34619996693587185,6071.941670285198,0.22661805857099815,0.30468555297813427,0.009371105956268555,0.036886854286421515,0.7350879653822527
2728,8.495205740611748,0.6528920781176386,13.975205392716765,0.7438013481791913,6132.067804092893,0.2767231700774109,0.578164756014699,0.556329512029398,0.006641137048739155,0.12406337472200313
2729,7.8327680930060355,0.284871162781131,13.56689834573342,0.6417245864333553,6927.752119617683,0.9397934330147362,0.3199857322123978,0.0399714644247956,0.01689221241440777,0.3311558063516721
2730,8.412105952883985,0.6067255293799921,12.379310898084011,0.34482772452100263,5858.047843801348,0.04837320316778959,0.6885065581158278,0.7770131162316557,0.01317056833984682,0.255971077572663
2731,7.433702337318772,0.06316796517709555,14.874685851468843,0.9686714628672106,6987.851928693877,0.9898766072448972,0.6511932138913994,0.7023864277827988,0.008289151053977633,0.1573565869490431
2732,7.878748111999074,0.31041561777726334,12.89408239577426,0.47352059894356524,5968.454363171866,0.14037863597655542,0.5636575273158408,0.5273150546316816,0.04134058130874649,0.8250622486615451
2733,9.012480075928153,0.9402667088489746,13.134235703561226,0.5335589258903063,6639.984899715364,0.6999874164294702,0.6341999252585202,0.6683998505170404,0.013472011918563459,0.2620608468396658
2734,7.912938539792381,0.3294102998846561,11.623648487848973,0.15591212196224313,6695.685309616689,0.7464044246805742,0.5033121828747702,0.4066243657495403,0.03465547544597165,0.6900096049691241
2735,8.821721353709016,0.8342896409494539,11.401076411338806,0.10026910283470158,6843.141380977983,0.8692844841483192,0.5094351049430448,0.4188702098860895,0.0029477052343157397,0.04944859059223716
2736,9.09091002705875,0.9838389039215292,13.425722138534123,0.6064305346335308,6134.416558252756,0.2786804652106297,0.5527334932618524,0.5054669865237048,0.008476072898625581,0.1611327858308198
2737,7.436266965776925,0.0645927587649584,11.485722862425188,0.12143071560629703,6793.951622174531,0.8282930184787759,0.7458410492966162,0.8916820985932324,0.038688632025433885,0.771487515665331
2738,8.468667016677447,0.638148342598582,11.466144178758137,0.11653604468953438,6665.707453793822,0.7214228781615184,0.556229020723171,0.5124580414463422,0.03660700660160499,0.7294344768001009
2739,8.055019344743219,0.4083440804128988,11.227111041501995,0.056777760375498976,5844.188910063339,0.036824091719449004,0.5335633844420042,0.4671267688840084,0.03891090155572765,0.7759778092066191
2740,8.809986854691495,0.8277704748286081,13.746144593075355,0.6865361482688388,6351.382087000524,0.4594850725004367,0.6727904545193617,0.7455809090387234,0.011247866091173706,0.2171286079024991
2741,8.270892432616263,0.5282735736757013,12.204922287631234,0.30123057190780833,6963.680140926785,0.9697334507723208,0.6412064265473156,0.6824128530946314,0.009738953445097343,0.18664552414338065
2742,8.148891217906726,0.4604951210592926,14.701341571000443,0.9253353927501108,6859.319422191748,0.8827661851597902,0.7520159553435822,0.9040319106871645,0.0023748132615753355,0.03787501538536031
2743,9.03022417425216,0.9501245412512,14.100272100472996,0.7750680251182487,5938.473465898899,0.1153945549157489,0.5111508189174254,0.42230163783485075,0.014653758441539677,0.2859345139704985
2744,9.010364055998327,0.9390911422212934,12.395471847285798,0.34886796182144963,5854.247714950744,0.045206429125619674,0.7588838813478405,0.9177677626956808,0.014269155520478428,0.27816475798946316
2745,8.737919431167308,0.7877330173151711,11.746638897965989,0.18665972449149715,6400.755081759192,0.5006292347993263,0.5229942655819776,0.4459885311639552,0.01218203634204921,0.2360007341828123
2746,8.895769663478285,0.8754275908212698,14.341736556188678,0.8354341390471695,6209.400100285766,0.3411667502381378,0.4229890596663686,0.24597811933273728,0.015000747646540613,0.29294439689981033
2747,8.07179028438334,0.41766126910185575,11.17396157544323,0.04349039386080755,6136.770135655118,0.2806417797125985,0.5528602408477499,0.5057204816954997,0.008442523731157364,0.16045502487186591
2748,8.052159389648743,0.40675521647152435,11.423326371687072,0.10583159292176769,6765.992805171873,0.8049940043098944,0.351667292525127,0.10333458505025406,0.030094915704713635,0.5978770849437097
2749,7.684275765813717,0.20237542545206488,11.656549915811194,0.1641374789527983,6731.748377466265,0.7764569812218877,0.43740362903241947,0.27480725806483897,0.002912850494451378,0.04874445443336117
2750,8.24053922437746,0.5114106802097008,13.07619081997078,0.5190477049926951,5954.966715065043,0.12913892922086923,0.7969405761491692,0.9938811522983386,0.02474689863641231,0.48983633608913757
2751,8.98405552337552,0.9244752907641789,13.901743324900625,0.7254358312251564,6547.579496845236,0.6229829140376967,0.7110477753880853,0.8220955507761706,0.021423008516926405,0.42268704074598795
2752,7.567624806094133,0.13756933671896276,14.831227729017932,0.9578069322544831,5877.842787888007,0.06486898990667211,0.4715193825780864,0.3430387651561728,0.014803246200046973,0.2889544686878176
2753,9.011071489330972,0.9394841607394294,14.889594066481422,0.9723985166203555,5972.820566192061,0.14401713849338404,0.3224717523892925,0.044943504778585,0.0005040094024414171,8.09980291195389e-05
2754,8.507769689764075,0.659872049868931,13.562108085786763,0.6405270214466908,5887.845352380244,0.07320446031686956,0.3611114026322136,0.12222280526442719,0.026626520290653724,0.5278084907202772
2755,7.6558606690541975,0.18658926058566538,12.810304132934048,0.45257603323351203,6010.840887059931,0.17570073921660967,0.6572860490942449,0.7145720981884898,0.026329557748304245,0.5218092474404897
2756,7.620473674330252,0.16692981907236204,14.476300687070419,0.8690751717676047,6697.726549533688,0.7481054579447398,0.46722358486530396,0.33444716973060795,0.014076847532537934,0.27427974813207945
2757,7.949789847021191,0.3498832483451062,14.684092795060012,0.9210231987650032,6939.7563820172045,0.9497969850143373,0.6063210393678049,0.6126420787356097,0.014497367071912579,0.28277509236187026
2758,7.595294098840238,0.15294116602235452,14.10067122554549,0.7751678063863727,6726.412237241866,0.7720101977015554,0.44223589811841524,0.2844717962368305,0.008280950053857802,0.1571909101789455
2759,8.161022526398355,0.46723473688797534,12.368986865512804,0.34224671637820114,5907.214328687962,0.08934527390663494,0.34231963837293344,0.08463927674586691,0.04199605022449973,0.8383040449393885
2760,8.414865011031564,0.6082583394619804,11.409495547694148,0.10237388692353688,6683.145467177878,0.7359545559815651,0.6976315039315963,0.7952630078631928,0.01989817527355354,0.39188232875865736
2761,8.234229960266537,0.5079055334814102,11.16057797256401,0.040144493141002324,6847.658412009326,0.8730486766744382,0.7375889567190823,0.8751779134381645,0.0383238312014281,0.7641178020490524
2762,8.382607909046005,0.5903377272477804,13.08863255685117,0.5221581392127923,6080.213572317983,0.23351131026498562,0.3176624591185851,0.03532491823717021,0.025586781948490487,0.5068036757270805
2763,7.462473140515122,0.07915174473062359,12.14031895927652,0.2850797398191298,6706.666822948178,0.7555556857901489,0.7955412466401103,0.9910824932802206,0.004912425939261476,0.0891399179648783
2764,8.280282443968218,0.5334902466490107,12.456892447512804,0.364223111878201,6480.726249998681,0.5672718749989005,0.3949222087128765,0.18984441742575298,0.01642325785006238,0.32168197676893695
2765,8.862875419960606,0.8571530110892259,13.899648054919945,0.7249120137299864,6458.239526328301,0.5485329386069169,0.7037954609305438,0.8075909218610876,0.025721288168383,0.5095209730986464
2766,8.675261977337387,0.7529233207429928,12.350041246931163,0.3375103117327909,6056.010368454598,0.21334197371216523,0.47539958750552974,0.3507991750110595,0.043725951391748195,0.8732515432676403
2767,8.757263182494432,0.7984795458302406,13.443030885453856,0.6107577213634642,6784.759034498407,0.820632528748673,0.454523030618851,0.30904606123770206,0.02118943286499063,0.4179683407068814
2768,7.929264773216154,0.33848042956452995,13.63115463737105,0.6577886593427626,6090.839207393711,0.24236600616142567,0.6985781498952337,0.7971562997904673,0.006916534871140037,0.1296269670937381
2769,8.784702243385299,0.8137234685473883,13.035983641315966,0.5089959103289914,6946.373091883344,0.9553109099027868,0.7909076023241973,0.9818152046483947,0.03732807557286379,0.744001526724521
2770,8.778358334853094,0.8101990749183858,13.700668669673812,0.6751671674184528,6191.579092120329,0.32631591010027383,0.41391153419527404,0.2278230683905481,0.033772618503762515,0.6721741111871214
2771,8.745345775885733,0.7918587643809628,13.46702779124108,0.6167569478102697,6758.631309495785,0.7988594245798208,0.5178052793306784,0.4356105586613569,0.0032406029352769453,0.05536571586418071
2772,7.403361577992961,0.046311987773867136,12.653981969130587,0.41349549228264704,6461.128865908768,0.5509407215906398,0.5799857206705934,0.5599714413411869,0.023528865305528182,0.46522960213188247
2773,7.8539078725358555,0.29661548474214217,12.848292644397974,0.4620731610994935,6470.273842701777,0.5585615355848139,0.34728700387119305,0.09457400774238611,0.013610976219367002,0.2648682064518586
2774,8.730852741982364,0.783807078879091,12.162688003935802,0.29067200098395074,6938.500379240323,0.9487503160336028,0.3224548115223114,0.04490962304462287,0.024925234219445543,0.49343907514031393
2775,7.880068279808076,0.3111490443378201,14.167007336752066,0.7917518341880164,6323.752153616304,0.43646012801358647,0.7888027774160503,0.9776055548321007,0.014686992012186572,0.28660589923609237
2776,8.059581615990965,0.41087867555053625,13.121030148580571,0.5302575371451429,6158.703516451326,0.2989195970427716,0.7773424504021086,0.9546849008042172,0.03223983379969046,0.6412087636301104
2777,7.558185508975954,0.13232528276441857,14.519376767188104,0.8798441917970261,6041.297864774304,0.2010815539785865,0.3275320553725675,0.055064110745135064,0.0015489013282606666,0.02118992582344781
2778,7.674883313164264,0.19715739620236883,13.709381917618362,0.6773454794045906,6505.714391993965,0.5880953266616379,0.6298648993685316,0.6597297987370632,0.0467200957065514,0.9337393072030584
2779,8.40885228003247,0.604917933351372,12.760580749968039,0.4401451874920098,6906.2519982181275,0.9218766651817727,0.6799744404581369,0.7599488809162739,0.025983465219930203,0.5148174791905091
2780,7.488381501759154,0.09354527875508545,11.492385278324731,0.12309631958118272,6937.100613834798,0.9475838448623325,0.6703824845087645,0.740764969017529,0.004567283716027371,0.08216734779853274
2781,8.083408201443817,0.42411566746878704,13.260749192055385,0.5651872980138466,6784.031499383669,0.8200262494863907,0.43102897940970786,0.26205795881941574,0.03849908439247835,0.7676582705551181
2782,7.860112698969609,0.3000626105386719,11.697093664216467,0.17427341605411684,6054.851918276223,0.2123765985635192,0.39829977275373357,0.19659954550746717,0.01852905312994434,0.3642232955544311
2783,7.5075877506655,0.10421541703638915,14.086007378585304,0.7715018446463259,6253.208918625477,0.3776740988545644,0.47016417214796935,0.3403283442959387,0.03330808552989005,0.6627896066644454
2784,8.46667182539087,0.6370399029949283,14.783139008183298,0.9457847520458247,6355.912542650453,0.46326045220871115,0.761614062633442,0.923228125266884,0.006182792142104224,0.11480388165867117
2785,7.429158575878702,0.06064365326594534,13.689602956485906,0.6724007391214767,6971.003809900625,0.9758365082505214,0.5144444170604335,0.4288888341208671,0.03891696013340337,0.7761002047152196
2786,9.041088826657022,0.9561604592539015,14.009674242122156,0.7524185605305389,6539.461686888383,0.616218072406986,0.511538848691925,0.42307769738385015,0.0026149979628629374,0.04272723157298863
2787,7.923823972537013,0.33545776252056303,13.783343674613603,0.6958359186534007,6797.630546580936,0.8313587888174466,0.5601015583777197,0.5202031167554394,0.030999654421593675,0.6161546347796701
2788,8.71554266095142,0.7753014783063449,13.343363929113362,0.5858409822783405,6061.889911586576,0.21824159298881374,0.5038781676730393,0.4077563353460786,0.03910181721399512,0.7798346911918205
2789,8.921751103454318,0.8898617241412881,11.334880376137871,0.0837200940344679,6966.14805919335,0.9717900493277913,0.5727941757211836,0.5455883514423672,0.016149511056697905,0.31615173851914957
2790,8.948869403989388,0.904927446660771,14.59885499330978,0.899713748327445,6789.848197782902,0.824873498152419,0.3378565370648025,0.07571307412960504,0.01935565719311235,0.3809223675376232
2791,8.726785307294021,0.7815473929411232,13.635027630359886,0.6587569075899717,5927.915106380081,0.10659592198340051,0.7518621232973284,0.9037242465946567,0.019147113231540037,0.37670935821293006
2792,9.041360258131956,0.9563112545177538,11.42990749233543,0.10747687308385745,5923.24122928416,0.10270102440346629,0.5539454214708652,0.5078908429417306,0.013696888872861272,0.266603815613359
2793,8.84829566773863,0.8490531487436843,11.28783552500937,0.07195888125234284,5816.739500480438,0.01394958373369859,0.4274966758042489,0.2549933516084978,0.01972354939795126,0.3883545332919446
2794,7.661171254995054,0.1895395861083634,13.565293275721894,0.6413233189304735,6294.320449684253,0.41193370807021024,0.7439343226193178,0.8878686452386356,0.03139736542634203,0.6241892005321622
2795,8.556703081062953,0.6870572672571964,14.677083928333278,0.9192709820833194,6068.351377347247,0.2236261477893723,0.5725270469359754,0.5450540938719509,0.007592285546515426,0.1432784958892005
2796,8.71583648764653,0.7754647153591845,12.316508108599354,0.32912702714983855,6099.080840487351,0.2492340337394593,0.6209706721113978,0.6419413442227956,0.04629180567597916,0.9250869833531143
2797,8.662208907237705,0.7456716151320587,13.005263900828247,0.5013159752070616,6949.58957141166,0.9579913095097164,0.3830536548115673,0.16610730962313458,0.04219849060576222,0.842393749611358
2798,8.411923508700283,0.6066241715001582,11.713989717745065,0.17849742943626612,5977.9477098587495,0.14828975821562485,0.5674522843885816,0.5349045687771633,0.008560112654147028,0.16283055866963692
2799,7.357948218337277,0.021082343520708924,14.024477128290355,0.7561192820725888,6009.437199735271,0.17453099977939268,0.5644686632560154,0.528937326512031,0.016643791733484396,0.3261372067370585
2800,7.7009299707290655,0.21162776151614726,14.990583435232262,0.9976458588080653,6322.892840344371,0.43574403362030867,0.607570702468071,0.6151414049361421,0.0014286541024501787,0.01876068893838745
2801,8.480891103473857,0.6449395019299206,14.542255827638986,0.8855639569097467,6274.815013936688,0.39567917828057364,0.6050739621302919,0.6101479242605836,0.04038422014968439,0.8057418212057451
2802,8.478609466853008,0.6436719260294496,14.246112473535764,0.8115281183839409,6381.971355954418,0.4849761299620149,0.5049592049230726,0.40991840984614514,0.039913022554464675,0.7962226778679732
2803,8.998654432287006,0.9325857957150036,13.20894610333035,0.5522365258325875,6919.597663997662,0.9329980533313849,0.6240589346610598,0.6481178693221196,0.033603035904650164,0.6687482000939426
2804,7.463919609583696,0.07995533865760884,11.348842590451664,0.08721064761291597,6101.902060737416,0.2515850506145132,0.7332146752922584,0.8664293505845169,0.015228661165816379,0.2975487104205329
2805,8.583306506822664,0.7018369482348136,14.21077783002235,0.8026944575055873,6406.570647368079,0.5054755394733995,0.4612546255553311,0.3225092511106622,0.02674727284737093,0.5302479363105238
2806,8.992291370960439,0.9290507616446889,14.527197711356258,0.8817994278390644,6894.27298324955,0.9118941527079578,0.6672216635655601,0.7344433271311203,0.007176641395123544,0.1348816443459302
2807,7.799505147257044,0.26639174847613556,11.618396654288594,0.15459916357214853,6376.078775449759,0.4800656462081324,0.35501735837846093,0.11003471675692189,0.02388142968592885,0.4723521148672495
2808,8.101919569971114,0.43439976109506395,13.601912801584522,0.6504782003961306,6001.55693015916,0.16796410846596732,0.5495623885078651,0.4991247770157301,0.037172893034597546,0.7408665259514655
2809,8.355836163375773,0.5754645352087627,14.346500861629702,0.8366252154074253,6165.685784819572,0.3047381540163101,0.4797963182666829,0.3595926365333658,0.035391358678947056,0.7048759329080213
2810,8.757390773769906,0.79855042987217,14.7990161914189,0.949754047854725,6973.671611042629,0.978059675868857,0.39514601963153617,0.19029203926307237,0.006663084187745723,0.12450675126759037
2811,8.085515367804069,0.42528631544670537,13.674273741090857,0.6685684352727145,5874.792856475674,0.06232738039639485,0.43425910573879173,0.2685182114775835,0.029555000533894045,0.5869697077554352
2812,8.08229311530951,0.4234961751719498,12.294784612522633,0.32369615313065825,6242.152338522057,0.3684602821017142,0.36200158034705865,0.12400316069411732,0.04124835833237507,0.8231991582297994
2813,7.5102550123853975,0.10569722910299861,11.637774561272543,0.15944364031813563,6787.729723480541,0.823108102900451,0.42195714869984713,0.24391429739969428,0.022088164239262704,0.4361245300861152
2814,7.864685867684688,0.30260325982482705,12.422484311222162,0.35562107780554053,5921.592017237369,0.10132668103114117,0.7339651724223932,0.8679303448447865,0.026841860515757373,0.5321587982981287
2815,8.514106494402023,0.6633924968900135,12.508970056617308,0.3772425141543272,6250.190918590504,0.37515909882542053,0.6605868182178698,0.7211736364357396,0.01326512020442342,0.25788121625097815
2816,8.37633685123582,0.5868538062421225,13.448445002969507,0.6121112507423766,6300.625914542361,0.4171882621186338,0.6578046567579825,0.7156093135159649,0.01638286702648686,0.32086600053508807
2817,8.930936610581815,0.8949647836565643,13.205678782902792,0.5514196957256982,6971.266287669285,0.9760552397244044,0.5726949018675294,0.5453898037350586,0.044032123502517666,0.8794368384347003
2818,8.22163789784969,0.5009099432498277,12.736493173625972,0.4341232934064929,6079.681345223961,0.23306778768663428,0.5686843961227169,0.5373687922454339,0.03622066762602211,0.7216296490105476
2819,9.1101982667414,0.9945545926341115,13.253896094776978,0.5634740236942445,6897.727104748601,0.914772587290501,0.3808964499224739,0.16179289984494782,0.034875960064550925,0.6944638396878975
2820,8.998270106194877,0.9323722812193764,14.299686146434441,0.8249215366086103,6791.845736978586,0.8265381141488215,0.3384879893999004,0.07697597879980078,0.007202353973413648,0.13540109037199288
2821,7.360906983052972,0.022726101696095347,14.674157753117647,0.9185394382794118,5934.88006566641,0.11240005472200798,0.5482558157971957,0.4965116315943916,0.015730986495828297,0.3076966968854201
2822,8.006286420131381,0.3812702334063235,14.69725022532181,0.9243125563304525,6542.445103187497,0.6187042526562475,0.5886066931040264,0.5772133862080528,0.03343596016297004,0.6653729325852533
2823,8.767450159097077,0.8041389772761547,14.811512064145953,0.9528780160364884,6613.942072621533,0.678285060517944,0.6403493733005987,0.6806987466011974,0.031522115586239664,0.6267094057826195
2824,7.745776199904831,0.23654233328046148,13.859097391585488,0.714774347896372,6928.754524030103,0.9406287700250863,0.6207789785693398,0.6415579571386798,0.037172781882979046,0.7408642804642231
2825,7.46427523773007,0.08015290985003864,14.011475995754207,0.7528689989385515,6388.225670773958,0.49018805897829865,0.6620030154150954,0.7240060308301909,0.031494231069141794,0.6261460822048847
2826,8.623704393261859,0.7242802184788105,14.781683336753314,0.9454208341883288,6457.4493576255945,0.5478744646879957,0.7693022126658923,0.9386044253317846,0.029507190672449248,0.5860038519686717
2827,8.839720088090713,0.844288937828174,11.145678570624534,0.03641964265613362,6352.407152291793,0.4603392935764944,0.5040234488855537,0.4080468977711075,0.04871709261925049,0.9740826791767775
2828,8.727737070000412,0.7820761500002293,13.892451289861333,0.723112822465333,6801.068958448862,0.8342241320407181,0.535064796918153,0.47012959383630615,0.02767655849772094,0.5490213837923422
2829,9.09820630508037,0.9878923917113167,13.421924611496802,0.6054811528742005,6042.6168688641255,0.2021807240534379,0.7399415485784657,0.8798830971569314,0.01596744144318629,0.3124735645088139
2830,7.725720171877622,0.22540009548756768,14.079243685986393,0.7698109214965981,6454.913382156518,0.5457611517970986,0.7194611149729175,0.8389222299458352,0.011466721954663665,0.22154993847805382
2831,7.356005407972852,0.02000300442936198,11.453796086994501,0.11344902174862503,6275.041277715807,0.395867731429839,0.6315110831037367,0.6630221662074736,0.00793005571784283,0.15010213571399655
2832,8.092927369563709,0.4294040942020606,14.548251873133387,0.8870629682833466,6027.440062569361,0.18953338547446708,0.5441489051956003,0.4882978103912008,0.025794685425333294,0.5110037459663291
2833,8.382399947888468,0.5902221932713709,14.147331583191246,0.7868328957978112,6578.578173618895,0.6488151446824119,0.7569785026769401,0.9139570053538802,0.006964459309013319,0.13059513755582464
2834,7.493234310797084,0.09624128377615793,14.641278134043755,0.9103195335109389,6927.080511620122,0.9392337596834349,0.5614042022534054,0.5228084045068107,0.02693370998342142,0.5340143430994226
2835,8.407363742927444,0.6040909682930246,11.112096319331682,0.028024079832920656,6731.0623121679055,0.7758852601399213,0.7267309788642125,0.853461957728425,0.03964775157018002,0.7908636680844449
2836,8.37318673045041,0.5851037391391165,13.615304871977113,0.6538262179942781,6210.056474366294,0.34171372863857874,0.7566342525580005,0.9132685051160012,0.04348058920724234,0.8682947314594412
2837,7.795767126808757,0.26431507044930935,13.203021323623723,0.5507553309059307,6547.766281319028,0.623138567765857,0.7930431630773895,0.9860863261547791,0.04770945329430906,0.9537263291779607
2838,8.848709809500301,0.8492832275001676,12.53532143314011,0.38383035828502765,6296.6658766062865,0.41388823050523893,0.640509068769636,0.6810181375392721,0.010516791977904708,0.2023594338970648
2839,7.538831686967197,0.12157315942622027,14.373527139529529,0.8433817848823822,6620.347066894864,0.68362255574572,0.41726197822904326,0.23452395645808655,0.04567265699364759,0.9125789291645977
2840,8.924048596029921,0.8911381089055123,14.075988681277448,0.7689971703193618,5897.781121674041,0.08148426806170106,0.3354582458693512,0.0709164917387024,0.016056003504455876,0.31426269705971466
2841,8.64511054563976,0.7361725253554227,14.793377825332723,0.9483444563331805,6820.084231579756,0.8500701929831305,0.6288486782472473,0.6576973564944948,0.009038947644195128,0.17250399281202278
2842,9.001409673413363,0.9341164852296463,14.356381554192478,0.8390953885481193,6108.467020886936,0.25705585073911275,0.7121212902547474,0.8242425805094948,0.037290953330021144,0.7432515824246695
2843,8.391468456096634,0.595260253387019,11.175491815288483,0.043872953822120864,5988.348724209193,0.15695727017432803,0.3812323847714694,0.16246476954293887,0.0030500854327380456,0.05151687742905142
2844,8.001891314819671,0.37882850823315106,14.660482960558062,0.9151207401395153,6578.321942154225,0.6486016184618546,0.3763720405522998,0.15274408110459958,0.030299947281480964,0.6020191369996154
2845,7.439652377992105,0.06647354332894706,12.384018315725502,0.34600457893137526,6039.769192806482,0.1998076606720688,0.7425277580803513,0.8850555161607025,0.04268874161769732,0.8522978104585317
2846,7.983394899209045,0.36855272178280263,12.980257297797909,0.495064324449477,6905.867338222542,0.9215561151854512,0.6218840190647417,0.6437680381294835,0.03778364822327916,0.7532050146117002
2847,8.631746199341606,0.7287478885231146,14.059967406429145,0.7649918516072861,6674.048507362875,0.7283737561357293,0.7031033445793176,0.8062066891586351,0.024732747008660017,0.48955044461939423
2848,7.328073740551409,0.004485411417449292,11.879281601489513,0.21982040037237827,6016.795930630246,0.180663275525205,0.7460045288634367,0.8920090577268734,0.03540769397131607,0.7052059388144661
2849,7.717978834250922,0.2210993523616236,12.29691040342587,0.3242276008564674,5986.787801545123,0.15565650128760244,0.5410818000472335,0.4821636000944671,0.023846961658936756,0.4716557910896314
2850,8.956729982406989,0.9092944346705497,11.734429237274405,0.18360730931860136,6310.266334118221,0.4252219450985171,0.6650485639958001,0.7300971279916003,0.03702617884226526,0.7379026028740455
2851,8.517032175963378,0.6650178755352099,13.726723459368465,0.6816808648421161,6620.5381941219775,0.6837818284349813,0.6284206674503303,0.6568413349006607,0.03636666259137029,0.7245790422499048
2852,7.392747269902236,0.04041514994568618,13.130414044393671,0.5326035110984177,5843.675566353198,0.03639630529433158,0.5945311823427473,0.5890623646854946,0.010290100433321701,0.1977798067337717
2853,9.038014534907733,0.9544525193931853,13.012866536074128,0.5032166340185319,6519.953730848351,0.5999614423736259,0.5438355369743093,0.48767107394861864,0.014275444964269203,0.2782918174599839
2854,7.773823511774901,0.2521241732082783,12.049919745408692,0.26247993635217304,6255.836105670233,0.37986342139186147,0.5377809079851267,0.4755618159702534,0.0039301723184940575,0.06929641047462742
2855,8.484300521973926,0.6468336233188486,14.808037519689496,0.9520093799223739,6343.163846580096,0.45263653881674704,0.3302258288170755,0.06045165763415106,0.027465461900340826,0.5447568060674914
2856,8.663550382804333,0.7464168793357404,12.473286616177644,0.3683216540444111,6327.796452756141,0.4398303772967841,0.628239596667094,0.656479193334188,0.005087466533061191,0.09267609157699375
2857,8.671209516422904,0.75067195356828,13.535182955573445,0.6337957388933612,6167.990743469893,0.30665895289157685,0.736660525258936,0.8733210505178721,0.03225967402671836,0.6416095762973405
2858,7.4915509887615475,0.09530610486752622,14.933028684314088,0.983257171078522,6176.495731462878,0.31374644288573206,0.30378037175952405,0.007560743519048119,0.031308555629273316,0.6223950632176427
2859,7.870350785132867,0.3057504361849266,14.328986594264752,0.8322466485661881,6050.565714298421,0.2088047619153508,0.6471302712205447,0.6942605424410895,0.0036944215075361488,0.0645337678290131
2860,8.429060449835147,0.6161446943528591,14.075853232905441,0.7689633082263605,6265.235940059919,0.3876966167165993,0.6755161736230346,0.7510323472460694,0.004900975439440491,0.08890859473617152
2861,8.81975654757056,0.8331980819836445,11.390579439682353,0.09764485992058847,6058.615448446938,0.21551287370578143,0.48554302721269854,0.3710860544253971,0.02587218284993205,0.5125693505036777
2862,7.987243771702169,0.37069098427898306,12.896857952886823,0.47421448822170553,5829.042630475296,0.024202192062746652,0.48903626300840425,0.3780725260168085,0.009811181141369276,0.18810466952261162
2863,8.667677701108191,0.7487098339489958,11.59072599097534,0.147681497743835,5886.253398624303,0.07187783218691968,0.7544801457017651,0.9089602914035303,0.004362815490294538,0.07803667657160684
2864,8.637373837621231,0.7318743542340178,14.13141132613358,0.7828528315333952,6641.634563320162,0.7013621361001351,0.6837634510339425,0.7675269020678851,0.012794818896317785,0.2483801797235916
2865,8.898765786979855,0.8770921038776971,11.003104845716514,0.0007762114291283151,5943.915494309516,0.11992957859126385,0.5583708908416952,0.5167417816833905,0.020932061033899652,0.41276890977575054
2866,8.494612897852466,0.6525627210291478,12.759035722925242,0.43975893073131056,6453.2244572914315,0.5443537144095261,0.3027815200883783,0.005563040176756573,0.03699317941651385,0.7372359478083605
2867,7.323379654499003,0.0018775858327788608,14.987991167040404,0.9969977917601011,6270.341058672485,0.39195088222707064,0.5063489373983936,0.4126978747967872,0.03939043377910112,0.7856653288707296
2868,7.582151915152769,0.14563995286264975,14.676441992736624,0.919110498184156,6158.894432266284,0.2990786935552362,0.5834461610045888,0.5668923220091776,0.012353746397605956,0.2394696241940597
2869,7.824329600653166,0.28018311147398123,13.41596948165176,0.6039923704129403,6820.809713406756,0.8506747611722967,0.5875504330472885,0.5751008660945771,0.0011203463701948482,0.012532249902926229
2870,8.530259978338249,0.6723666546323604,14.253937996615306,0.8134844991538265,6711.012734782464,0.7591772789853867,0.7870382421625572,0.9740764843251144,0.008352305848503957,0.1586324413839183
2871,8.109323382286632,0.4385129901592407,13.6902382677984,0.6725595669496001,6360.6928983764765,0.4672440819803968,0.6254237715194351,0.65084754303887,0.03250085343512787,0.6464818875783407
2872,9.110995957998963,0.9949977544438687,11.832724412865524,0.20818110321638106,6943.341599807614,0.952784666506345,0.630827295496894,0.661654590993788,0.0011689558609132332,0.013514259816428953
2873,7.9577709933881495,0.35431721854897213,12.828830896809055,0.45720772420226397,6864.257253260141,0.8868810443834506,0.38278192939058325,0.16556385878116653,0.03726459426111493,0.7427190759821198
2874,8.492842608657732,0.6515792270320734,12.215208575874096,0.3038021439685239,5855.885338460291,0.04657111538357528,0.6347351185351566,0.6694702370703134,0.0399129403044025,0.7962210162505554
2875,8.291407304429633,0.5396707246831292,12.961607821316209,0.49040195532905206,6927.688265516763,0.9397402212639688,0.6608210897637374,0.7216421795274749,0.046721578505487006,0.9337692627371112
2876,8.444867358992246,0.6249263105512479,14.714654618082537,0.9286636545206346,6469.540020672966,0.5579500172274722,0.4466531301264235,0.293306260252847,0.0425545688938085,0.8495872503799696
2877,7.618511567945056,0.16583975996947575,14.989284654128316,0.997321163532079,6445.75717957401,0.538130982978341,0.41755477105188116,0.23510954210376234,0.03454477266809947,0.6877731852141307
2878,8.531795869943677,0.6732199277464873,13.23687433001116,0.5592185825027901,6419.739628654363,0.5164496905453018,0.4917270751378515,0.38345415027570307,0.02081642454482182,0.41043281908730944
2879,7.827686938536576,0.2820482991869867,11.952866478251464,0.23821661956286577,6189.991984298523,0.3249933202487688,0.7935964726118356,0.9871929452236714,0.023767301120691742,0.47004648728670184
2880,8.18532697894215,0.4807372105234172,11.51481799579187,0.12870449894796754,6519.777192266646,0.5998143268888717,0.6158896850212162,0.6317793700424325,0.04103561273178877,0.8189012673088639
2881,8.85991422802385,0.8555079044576953,14.543220144709807,0.8858050361774517,6444.469146784066,0.5370576223200548,0.42319283110056755,0.2463856622011351,0.0394282783336297,0.7864298653258525
2882,8.03761206215762,0.39867336786534435,12.707299716611084,0.42682492915277104,5977.6603276932165,0.14805027307768048,0.7033630120950636,0.8067260241901273,0.0012931944789585847,0.016024130888052213
2883,7.46627088531318,0.08126160295176643,11.836688922602443,0.20917223065061064,6215.323420345813,0.34610285028817744,0.4170083530858167,0.2340167061716334,0.024733949764356562,0.4895747427142739
2884,7.960539169296786,0.35585509405377014,13.850282725063838,0.7125706812659598,6693.932087670508,0.74494340639209,0.5632860316712954,0.5265720633425909,0.01576260813562522,0.30833551789141855
2885,8.962409053259039,0.9124494740327995,14.741581817031854,0.9353954542579636,6431.640420064014,0.5263670167200116,0.3094261349041793,0.018852269808358635,0.008967832535182367,0.1710673239430781
2886,9.05601669205123,0.9644537178062391,14.677328499565785,0.9193321248914466,5833.489635368897,0.02790802947408144,0.34593530722044596,0.09187061444089195,0.006463783396502266,0.12048047265661144
2887,8.146892063000161,0.4593844794445342,11.217263322834569,0.05431583070864243,6080.930916256932,0.2341090968807764,0.7136790964603924,0.8273581929207848,0.03260531977115906,0.6485923186092739
2888,8.872596632376048,0.8625536846533607,14.401871573013828,0.8504678932534568,6741.113252847472,0.7842610440395599,0.3633192738694784,0.12663854773895677,0.048870087708679996,0.9771734890642423
2889,8.833024476809815,0.8405691537832308,11.257159942621138,0.06428998565528454,5816.128278777234,0.0134402323143622,0.6508212078868074,0.7016424157736147,0.031202532156227505,0.6202531748732829
2890,8.820834776745027,0.833797098191682,12.216356396325107,0.304089099081277,6447.221514279952,0.5393512618999606,0.7911423682302677,0.9822847364605355,0.017727171311942774,0.3480236628675307
2891,7.4625544288204235,0.07919690490023512,11.533842129283594,0.13346053232089827,6516.557831608897,0.5971315263407474,0.5772553315304325,0.554510663060865,0.00813098505793571,0.15416131430173152
2892,8.035717095747028,0.39762060874834915,12.168339540893104,0.292084885223276,5906.153844895711,0.08846153741309204,0.6716424622358168,0.7432849244716336,0.009256270513152977,0.17689435380107021
2893,8.43868204458212,0.6214900247678442,13.287402365163942,0.5718505912909853,5997.655838011575,0.16471319834297915,0.7329688296174921,0.8659376592349841,0.043657472123684295,0.8718681237107938
2894,9.022850121648336,0.9460278453601868,13.745067892319913,0.6862669730799781,6948.2627484584655,0.956885623715388,0.3750352223526864,0.15007044470537279,0.008140439914241416,0.15435232149982658
2895,8.854031353582606,0.8522396408792255,13.849011789912169,0.7122529474780424,6124.618753560694,0.2705156279672448,0.6839801195771418,0.7679602391542835,0.013751650114979167,0.26771010333291245
2896,8.848745275451556,0.8493029308064206,13.182704510551115,0.545676127637779,6413.030005409447,0.5108583378412056,0.31143147259674797,0.022862945193495965,0.009656624347317243,0.18498231004681298
2897,7.621676777958725,0.16759820997706953,14.183461067189329,0.7958652667973324,6622.772146461892,0.6856434553849098,0.3596977263594069,0.1193954527188138,0.02935635333440086,0.5829566330181991
2898,9.081327515382672,0.9785152863237069,14.010642012160236,0.7526605030400588,6707.362168793549,0.7561351406612911,0.6149023456280975,0.6298046912561951,0.020399176023235502,0.40200355602495963
2899,7.819160049614035,0.27731113867446366,14.437506739705313,0.8593766849263281,6650.100207318245,0.7084168394318711,0.771094534166364,0.9421890683327279,0.046068844838241474,0.9205827240048782
2900,7.762251137481337,0.24569507637852095,13.799316593588305,0.699829148397076,6145.988985139401,0.288324154282834,0.6378295749644363,0.6756591499288725,0.038943700995597096,0.7766404241534767
2901,7.323018222967263,0.0016767905373678005,11.467133591359232,0.11678339783980807,6402.649141655397,0.5022076180461644,0.5252015160079482,0.4504030320158964,0.046987906847987836,0.9391496332926835
2902,7.40247814908996,0.045821193938866744,12.418786979742077,0.35469674493551906,6175.18045505485,0.3126503792123755,0.3566684569915457,0.11333691398309143,0.005186575156350159,0.09467828598687189
2903,8.15617106974389,0.4645394831910501,14.034870103603897,0.7587175259009744,6302.090307959597,0.41840858996633146,0.78074759951879,0.9614951990375801,0.03562880377577382,0.7096728035509863
2904,7.634842302160848,0.17491239008936,11.064648983811523,0.01616224595288085,6873.250035814406,0.8943750298453386,0.40919390223092506,0.21838780446185013,0.0371520624273412,0.7404457056028524
2905,8.072229867639814,0.41790548202211875,12.208002477992247,0.3020006194980619,6157.296439696196,0.29774703308016315,0.64850610488214,0.69701220976428,0.006490017064220945,0.12101044574183728
2906,8.821521430531556,0.8341785725175317,14.479920050976308,0.8699800127440768,6807.9849827797825,0.8399874856498187,0.6228174347870044,0.6456348695740086,0.00412379764860913,0.07320803330523495
2907,8.023616490468019,0.39089805026001,14.55507844624417,0.8887696115610425,6135.70440631543,0.27975367192952505,0.7966684380126516,0.9933368760253033,0.01788240701623821,0.351159737701782
2908,8.326765768565751,0.5593143158698617,13.842659070669287,0.7106647676673217,6177.378432930841,0.3144820274423674,0.41234065798133873,0.22468131596267749,0.00584224877303305,0.1079242176370313
2909,9.053019747623956,0.9627887486799761,12.010151625873888,0.2525379064684722,5844.449080213328,0.037040900177773506,0.4347213580377666,0.2694427160755333,0.022708435398010016,0.4486552605658589
2910,8.195126256013738,0.4861812533409656,11.337473454772145,0.08436836369303635,5922.28920987557,0.10190767489630836,0.3238488689491365,0.04769773789827303,0.006557443097003325,0.122372587818249
2911,7.712172480038796,0.21787360002155354,12.539753121661796,0.3849382804154493,6049.689640135516,0.20807470011292994,0.4490038036698985,0.29800760733979703,0.003042135421238993,0.051356271136141274
2912,8.124411921578599,0.44689551198811084,11.212499767317862,0.05312494182946548,5849.962238065378,0.04163519838781482,0.7493230020462756,0.898646004092551,0.008502892961369541,0.16167460528019273
2913,9.061342991575868,0.9674127730977053,11.260289524305527,0.06507238107638169,6357.404103347421,0.4645034194561847,0.7104668937053539,0.8209337874107078,0.013098204342184045,0.2545091786299807
2914,7.622102400688715,0.16783466704928607,13.830027812292746,0.7075069530731867,6473.452132386314,0.5612101103219282,0.36032845658070234,0.1206569131614047,0.01194619907132446,0.23123634487524158
2915,7.70896510684937,0.21609172602742788,13.02097296766166,0.5052432419154151,5989.039781486642,0.15753315123886846,0.45870632425062774,0.3174126485012555,0.0034429128658517113,0.059452785168721434
2916,8.87183888074464,0.8621327115248,14.157154500343148,0.7892886250857872,6216.649775847375,0.3472081465394794,0.7062213782562115,0.8124427565124228,0.028037732028054173,0.5563178187485691
2917,8.257525630279781,0.5208475723776569,12.705901156502328,0.42647528912558186,6606.230851790137,0.671859043158448,0.6254987743339212,0.6509975486678424,0.018792275511296162,0.36954091942012446
2918,8.021149135520854,0.38952729751158555,13.789022363778574,0.6972555909446437,5819.77093695797,0.01647578079830847,0.3905828595098908,0.18116571901978162,0.020875753655790356,0.4116313869856637
2919,9.028739734746933,0.9492998526371852,13.440890174614099,0.6102225436535247,6977.006610636057,0.9808388421967147,0.5253826758757318,0.4507653517514636,0.009703545093141851,0.18593020390185555
2920,7.409364126070696,0.04964673670594211,14.017578951181415,0.7543947377953536,6913.019462288274,0.9275162185735613,0.41480606980838847,0.22961213961677696,0.018468136484956682,0.36299265626175115
2921,8.99084820315255,0.928249001751417,14.752676970163943,0.9381692425409855,6697.776892044301,0.7481474100369178,0.7457566681150376,0.8915133362300753,0.049849393966310884,0.9969574538648663
2922,8.036257454539468,0.3979208080774824,12.228542529188863,0.3071356322972155,6926.855272015151,0.9390460600126255,0.36522278578333867,0.13044557156667735,0.032847440284303475,0.6534836421071409
2923,7.615386529104744,0.16410362728041306,12.32724852650958,0.331812131627395,6734.9535875345855,0.7791279896121547,0.6502795194639563,0.7005590389279127,0.021949653554384642,0.43332633443201296
2924,8.958293369666094,0.9101629831478306,13.476486886599904,0.6191217216499761,6500.410706907753,0.5836755890897938,0.5521684563561104,0.5043369127122208,0.04113631803305816,0.8209357178395588
2925,7.941475112126833,0.34526395118157405,13.267679028541666,0.5669197571354164,5916.558941125447,0.09713245093787204,0.4887625251748673,0.3775250503497346,0.0072257327681739085,0.13587338925603853
2926,8.344051692893204,0.5689176071628916,14.803404936969146,0.9508512342422866,6604.021858320252,0.670018215266877,0.3709591107552016,0.14191822151040323,0.003150724054118423,0.05354998089128127
2927,8.860222409671616,0.8556791164842312,11.316133461171235,0.07903336529280869,6406.015099378192,0.5050125828151595,0.34873705215001505,0.09747410430003012,0.029675270887761927,0.5893994118739783
2928,8.934968436759036,0.8972046870883533,12.173471211130307,0.2933678027825768,6691.888315586801,0.7432402629890006,0.6262199275488018,0.6524398550976036,0.03940571702613068,0.7859740813359734
2929,7.55265385218334,0.1292521401018557,12.895617369453259,0.4739043423633149,6451.908618948265,0.5432571824568875,0.4521629730760998,0.30432594615219966,0.029660709138002266,0.5891052351111569
2930,7.320354459743323,0.00019692207962385133,11.605463414480983,0.15136585362024602,6531.636639638982,0.6096971996991517,0.5281894606131303,0.4563789212262608,0.027176459317870657,0.538918370057993
2931,8.100163221219681,0.4334240117887116,14.761988459599648,0.9404971148999118,5859.440543008667,0.04953378584055601,0.7593667243170603,0.9187334486341208,0.02976911473556869,0.5912952471832058
2932,8.914981837415208,0.8861010207862274,12.21435858688131,0.3035896467203274,6071.767851357174,0.22647320946431104,0.7699931604407884,0.9399863208815769,0.026321475158684923,0.5216459628017156
2933,9.111392175483449,0.9952178752685834,12.138819661579575,0.2847049153948935,6175.360886018959,0.31280073834913225,0.5997950930272646,0.5995901860545294,0.03630528908371119,0.7233391734083068
2934,8.760414009615788,0.8002300053421048,14.14658056984914,0.7866451424622851,6039.035236795821,0.1991960306631846,0.4884299218119584,0.3768598436239168,0.013045336983888382,0.25344115118966426
2935,8.802983570733495,0.8238797615186089,13.057115064863792,0.514278766215948,6738.81997176488,0.7823499764707336,0.5870505219046789,0.5741010438093577,0.01225836289444002,0.23754268473616202
2936,8.990470748159389,0.9280393045329939,14.499730567575806,0.8749326418939516,6354.952652628234,0.4624605438568621,0.4689177692878535,0.33783553857570703,0.04787523181165302,0.9570753901344043
2937,7.891701430151893,0.3176119056399407,14.39151722655398,0.8478793066384946,6045.597905680657,0.20466492140054793,0.30064586560349776,0.00129173120699555,0.02060306604950763,0.4061225464546996
2938,8.368243644011745,0.5823575800065253,13.450475662708742,0.6126189156771855,6311.581675789472,0.42631806315789345,0.41586098796667403,0.2317219759333481,0.01220372962406515,0.23643898230434646
2939,8.313396724296485,0.5518870690536027,11.663832706824152,0.16595817670603796,5988.509953354917,0.15709162779576435,0.32215813278186184,0.0443162655637237,0.04415977138138407,0.8820155834623045
2940,8.966574620658516,0.9147636781436208,13.302273006126438,0.5755682515316092,6241.924857439814,0.36827071453317894,0.6677615596056203,0.7355231192112407,0.01717731396519008,0.3369154336402036
2941,7.5201161284970315,0.11117562694279537,12.713377334634242,0.4283443336585606,6523.177370187817,0.6026478084898474,0.5100681608976374,0.42013632179527494,0.04041881479220264,0.8064407028727806
2942,8.531107909867591,0.6728377277042173,12.740168285721428,0.4350420714303569,6242.846140440744,0.3690384503672871,0.554722089282255,0.50944417856451,0.019669281770045986,0.38725821757668655
2943,8.63668429275172,0.7314912737509558,12.989020053430721,0.4972550133576803,5904.044896479268,0.0867040803993897,0.6138735115291232,0.6277470230582465,0.026548675447638392,0.5262358676290584
2944,7.710451544990459,0.21691752499469952,13.001563746844242,0.5003909367110607,6752.069912068813,0.7933915933906778,0.3325513711084877,0.06510274221697543,0.030547390498187492,0.6070179898623735
2945,8.03147901056521,0.3952661169806724,12.362564110304445,0.3406410275761115,6501.546889129617,0.584622407608014,0.641734507023448,0.6834690140468961,0.009239712825855647,0.17655985506779082
2946,8.257200596833151,0.5206669982406394,11.82687503358689,0.2067187583967225,6499.669138001324,0.5830576150011034,0.450515604780268,0.301031209560536,0.005448540698142983,0.09997051915440369
2947,8.285827100486898,0.5365706113816098,12.950302090836276,0.487575522709069,6868.042759932797,0.8900356332773307,0.7619715944713097,0.9239431889426195,0.04127396502186623,0.8237164650882066
2948,8.895096293494557,0.8750534963858657,13.925933268548825,0.7314833171372064,6570.950190914844,0.6424584924290365,0.6440249298836996,0.6880498597673993,0.030192543800292845,0.5998493697028857
2949,8.063627848527416,0.4131265825152315,13.322256887412689,0.5805642218531721,5833.583606399725,0.027986338666437627,0.5000294753030605,0.4000589506061212,0.04489901801028353,0.8969498587936067
2950,7.471958921849315,0.08442162324961922,14.484146549346876,0.8710366373367191,5883.699741422723,0.06974978451893554,0.58665412803279,0.5733082560655801,0.03157049408561369,0.6276867492043169
2951,8.719414042337771,0.7774522457432063,11.022465771886267,0.005616442971566604,5831.705044071932,0.026420870059943535,0.6439961055847423,0.6879922111694846,0.021839363985354528,0.4310982623303945
2952,8.210526214992182,0.4947367861067684,11.50257607150293,0.12564401787573232,6810.221471609205,0.8418512263410043,0.7749621975771916,0.9499243951543834,0.0128437269226812,0.24936822066022624
2953,8.450861659561411,0.6282564775341173,12.663697557272338,0.4159243893180843,6561.590892923292,0.6346590774360769,0.5325870080542234,0.465174016108447,0.022101904269655945,0.43640210645769584
2954,7.823877813802894,0.2799321187793854,14.403646941955058,0.8509117354887645,6067.33344723616,0.22277787269679994,0.7748079280894712,0.9496158561789424,0.004466913108755827,0.08013965876274398
2955,7.620810511030406,0.1671169505724479,11.900705333379161,0.22517633334479015,6297.663187577036,0.4147193229808638,0.7261236864824261,0.8522473729648522,0.04186442421023967,0.8356449335401953
2956,8.88196726705552,0.8677595928086226,11.806517449793482,0.2016293624483706,6654.753370778648,0.7122944756488729,0.677441321631665,0.7548826432633301,0.030908905380167304,0.6143213208114606
2957,7.519188816781558,0.11066045376753186,14.909426194117824,0.9773565485294557,6672.396935917333,0.7269974465977778,0.6915872086578103,0.7831744173156208,0.010671925906444937,0.20549345265545327
2958,8.938622699734186,0.8992348331856593,12.643973078911428,0.4109932697278569,6348.80547220075,0.45733789350062515,0.5804010508129496,0.560802101625899,0.03575482043573417,0.7122185946612963
2959,7.6367628236735445,0.17597934648530233,14.891647827755563,0.9729119569388907,6367.594274950343,0.4729952291252856,0.5036831496865997,0.40736629937319924,0.006093621884893983,0.11300246232109057
2960,8.327513699343882,0.5597298329688237,12.717896801380643,0.4294742003451606,6929.992152974622,0.9416601274788511,0.7576000575756736,0.9152001151513471,0.008556952424155913,0.1627667156395134
2961,7.905552513905381,0.32530695216965566,14.71893522787768,0.9297338069694201,6173.675869120035,0.3113965576000287,0.5323048870277766,0.46460977405555315,0.01251693196528378,0.24276630232896523
2962,7.989383745597817,0.37187985866545414,12.99784721532103,0.4994618038302574,6541.670570319669,0.6180588085997243,0.500657615438797,0.40131523087759413,0.02114485983905438,0.4170678755364521
2963,8.056887595123689,0.40938199729093805,13.60726952662872,0.6518173816571797,6145.620606194467,0.2880171718287219,0.3511187392103144,0.1022374784206288,0.02014666230933119,0.3969022688753775
2964,8.91348953352836,0.8852719630713114,14.635784966728995,0.9089462416822485,6486.013013751076,0.5716775114592301,0.39959274425263125,0.19918548850526252,0.009237441698449351,0.1765139737060475
2965,8.532849104632662,0.6738050581292573,11.11588491399602,0.028971228499004686,6292.032944025985,0.41002745335498736,0.5192329859834095,0.43846597196681913,0.04026808975174367,0.8033957525604781
2966,7.464861922437718,0.0804788457987321,14.086355109544918,0.7715887773862298,6543.407327012541,0.6195061058437842,0.5690909013000551,0.5381818026001102,0.008556366591245155,0.16275488063121524
2967,7.873253286622577,0.307362937012543,11.728339140126684,0.18208478503167091,6168.3495863658445,0.30695798863820356,0.7544617919409071,0.9089235838818143,0.007415147532520273,0.1396999501519247
2968,8.292503382522534,0.5402796569569641,12.651007441577793,0.412751860394448,6535.376505548373,0.612813754623644,0.6094916253340953,0.6189832506681906,0.006082881139639722,0.11278547756847923
2969,7.5699469440315434,0.1388594133508575,11.956083770106678,0.2390209425266695,6993.752132365638,0.9947934436380319,0.7635356256651284,0.9270712513302568,0.017852579653613875,0.3505571647194722
2970,7.652903176973701,0.18494620942983386,11.389287149755102,0.0973217874387754,6275.6801284476205,0.39640010703968365,0.47989991528676157,0.35979983057352316,0.016518112849861374,0.32359823939113885
2971,8.555152069170724,0.6861955939837359,13.455737801594843,0.6139344503987105,6902.054397551244,0.9183786646260362,0.6308310092331357,0.6616620184662715,0.04993685411752485,0.9987243256065624
2972,8.890580547960212,0.8725447488667847,12.895894981860117,0.47397374546502935,6089.932837934366,0.24161069827863846,0.5858586043957016,0.5717172087914032,0.030255633218555542,0.6011239034051624
2973,8.978046149319947,0.9211367496221939,13.627691050866055,0.6569227627165138,6309.886655323688,0.4249055461030733,0.7903043890366974,0.9806087780733949,0.047358717372431254,0.9466407549986111
2974,7.992648340525529,0.37369352251418264,14.093083682194719,0.7732709205486795,6670.058855356868,0.7250490461307233,0.6723475551855502,0.7446951103711004,0.014082466078759055,0.2743932541163445
2975,8.469160897772099,0.6384227209844994,11.205879198361368,0.051469799590341814,6758.220344933754,0.7985169541114618,0.5605207765720244,0.5210415531440489,0.019104490326104437,0.37584828941625126
2976,7.485515070020588,0.09195281667810451,12.98689553421707,0.49672388355426755,6425.040153381408,0.5208667944845068,0.7928004808719051,0.9856009617438103,0.0342704037798638,0.6822303793911879
2977,9.014023600685974,0.9411242226033194,11.173882964224104,0.043470741056026,6479.735647032096,0.5664463725267459,0.7171346364820159,0.8342692729640319,0.02288365166585069,0.4521949831484987
2978,8.351284934255318,0.5729360745862878,14.896977506191966,0.9742443765479918,6791.80989534176,0.8265082461181334,0.5073299500577868,0.41465990011557374,0.027864841857753828,0.5528250880354308
2979,7.530990342041999,0.1172168566899997,13.48764062283747,0.6219101557093674,5860.827139436154,0.05068928286346164,0.7242642610912933,0.8485285221825865,0.02912230162497032,0.578228315655966
2980,8.76491917725964,0.8027328762553558,12.710403415332385,0.4276008538330962,5801.458784007842,0.0012156533398686165,0.4920851799291268,0.38417035985825365,0.02954906828029548,0.5868498642483935
2981,8.197752920342538,0.48764051130141006,14.057218338664297,0.7643045846660742,6706.445339172847,0.7553711159773722,0.4072843706626551,0.21456874132531023,0.04379054302505248,0.8745564247485349
2982,8.038868131450108,0.39937118413894945,13.502386353410404,0.6255965883526011,6171.50042281639,0.3095836856803247,0.506169854940266,0.41233970988053215,0.017789103544743477,0.3492748190857268
2983,8.355947191736577,0.5755262176314324,14.73716131420185,0.9342903285504627,6243.719935769361,0.36976661314113435,0.6649132869717129,0.729826573943426,0.045964625737648035,0.9184772876292532
2984,8.009027516268466,0.38279306459359264,14.359904068704736,0.8399760171761842,5899.327021883222,0.08277251823601817,0.33673228427136515,0.07346456854273031,0.013730958223788687,0.26729208532906434
2985,8.772873191047356,0.8071517728040873,14.744001356347672,0.9360003390869179,6036.0678650761065,0.19672322089675576,0.4264610919643219,0.25292218392864385,0.02748447449229697,0.5451408988342822
2986,8.48987957359972,0.6499330964442894,12.159532872903144,0.2898832182257861,6646.766771765331,0.705638976471109,0.4375964019387627,0.2751928038775254,0.03867255679492078,0.771162763533753
2987,8.036103717260751,0.39783539847819493,13.17051047741062,0.5426276193526549,6282.118641141245,0.40176553428437045,0.7985701796679432,0.9971403593358863,0.007504634389068447,0.14150776543572618
2988,8.12000744388036,0.44444857993353304,14.278811096116716,0.8197027740291791,6642.319043733623,0.7019325364446862,0.3988873944001165,0.19777478880023303,0.04332918257211256,0.8652360115578295
2989,7.473929391811735,0.08551632878429727,13.821796210286243,0.7054490525715608,6252.904407408078,0.3774203395067317,0.7667098809799355,0.9334197619598712,0.03531119127825676,0.7032563894597325
2990,7.855224203031736,0.29734677946207544,11.620616833130509,0.15515420828262727,6724.170234285982,0.7701418619049847,0.5532596566078339,0.5065193132156679,0.04736495653346852,0.9467667986559296
2991,8.9418260030247,0.9010144461248334,13.832907723680075,0.7082269309200185,6722.836853698824,0.7690307114156868,0.6388609478215848,0.6777218956431694,0.005553558492138384,0.10209209075027037
2992,7.677374295795269,0.1985412754418161,12.625153338860597,0.40628833471514925,5989.61634941527,0.15801362451272505,0.40373583623230364,0.2074716724646073,0.03000344452128487,0.5960291822481791
2993,7.3533070653262556,0.018503925181252767,12.143451530195204,0.2858628825488012,6269.657323704301,0.39138110308691754,0.5242439663812359,0.448487932762472,0.038218277230489206,0.7619853985957415
2994,8.304113843904318,0.5467299132801768,14.691790508665907,0.9229476271664768,6965.430756730068,0.9711922972750572,0.4825769149727666,0.36515382994553325,0.018745945274029473,0.3686049550308984
2995,9.085708373123751,0.9809490961798618,14.218298206850545,0.804574551712636,6398.688733126264,0.49890727760522047,0.41404609598036773,0.2280921919607355,0.02846917692615779,0.565033877296117
2996,7.907740709041812,0.3265226161343402,11.226107514489339,0.05652687862233474,6846.102862630509,0.8717523855254239,0.653366789014264,0.706733578028528,0.014053743817746846,0.2738130064191282
2997,7.45087541959026,0.07270856643903323,14.744904828040232,0.936226207010058,6298.777745798336,0.4156481214986134,0.4446961371176812,0.2893922742353624,0.020363218324769634,0.401277137874134
2998,9.11658077672807,0.9981004315155942,14.451225540425234,0.8628063851063085,6668.663728913168,0.7238864407609729,0.5553295620547493,0.5106591241094985,0.004890515739005697,0.08869728765668072
2999,8.718896346020275,0.7771646366779302,13.85525474019797,0.7138136850494929,6124.686130324727,0.2705717752706056,0.7928560450291506,0.9857120900583014,0.008807291098099542,0.16782406258786953
3000,8.412182947391514,0.6067683041063971,11.839672767169626,0.20991819179240645,6626.830965033921,0.6890258041949336,0.3508451909551632,0.10169038191032642,0.01489410566666059,0.2907900134678907
3001,8.541866060858608,0.6788144782547825,14.286063867153816,0.8215159667884538,6221.909930533889,0.3515916087782408,0.6969467161749819,0.7938934323499639,0.03385197935909591,0.6737773607898163
3002,7.862607671505678,0.30144870639204335,14.059380216147202,0.7648450540368007,6961.808013331586,0.9681733444429884,0.32746168223550987,0.05492336447101975,0.04531117538379442,0.9052762703796853
3003,8.212560446507302,0.495866914726279,11.770379992679045,0.19259499816976133,6092.366824065702,0.24363902005475113,0.3432823403907265,0.08656468078145307,0.0487643472894283,0.9750373189783494
3004,7.881488992505841,0.3119383291699116,14.741548528897269,0.9353871322243174,6671.639674135381,0.7263663951128175,0.36702696537982876,0.13405393075965755,0.008874737663296545,0.16918661946053626
3005,8.154855065147045,0.4638083695261356,13.332509775996233,0.5831274439990582,5998.3154596438535,0.16526288303654446,0.7160961891318287,0.8321923782636573,0.030945182378142217,0.6150541894574185
3006,7.655935734138034,0.18663096341001906,12.210089922363471,0.3025224805908676,6503.915422687724,0.5865961855731032,0.5404055078331154,0.48081101566623086,0.04572476314737845,0.9136315787349182
3007,7.708761344180153,0.21597852454452948,14.88875917716199,0.9721897942904973,5886.399468535759,0.071999557113133,0.5114091032094069,0.42281820641881385,0.04085704110461373,0.8152937596891662
3008,8.426587722479628,0.6147709569331268,13.307159035889445,0.5767897589723613,6808.519158833856,0.8404326323615463,0.6280337545901773,0.6560675091803546,0.003304402747463718,0.05665460095886299
3009,8.780615800383089,0.8114532224350498,13.253010906646411,0.5632527266616028,6789.184891401862,0.8243207428348851,0.34744563458450656,0.09489126916901314,0.030270877737396455,0.6014318734827566
3010,8.017739011812415,0.3876327843402304,14.575012771712034,0.8937531929280085,6129.786703051007,0.27482225254250603,0.37070846459901075,0.1414169291980215,0.016639133262157935,0.32604309620521077
3011,8.31496547111334,0.5527585950629663,12.97131668503437,0.4928291712585924,6961.284434168328,0.9677370284736064,0.6298494833271702,0.6596989666543405,0.030627875255018703,0.6086439445458324
3012,8.303268538399099,0.5462602991106104,11.650876946947895,0.16271923673697364,6305.508770585468,0.42125730882122325,0.3066263704463774,0.013252740892754855,0.02787467802354459,0.5530237984554462
3013,7.431863694939175,0.062146497188430905,12.538279023151127,0.38456975578778163,6046.334521825421,0.2052787681878505,0.7174621387421869,0.8349242774843738,0.04897263210323198,0.9792450929945854
3014,8.34576641830314,0.5698702323906338,13.933719632040027,0.7334299080100071,6392.115245466548,0.49342937122212305,0.44042686179389784,0.2808537235877957,0.0023951171601138323,0.03828519515381479
3015,7.335939356394779,0.008855197997099329,12.778518876191578,0.4446297190478944,6981.200785926849,0.9843339882723738,0.7248710765116849,0.8497421530233699,0.032366760067597374,0.6437729306585327
3016,7.745321127537063,0.2362895152983685,12.327823819607955,0.3319559549019889,6953.891567121229,0.9615763059343577,0.6097579872668099,0.6195159745336197,0.03190183158267873,0.6343804360137117
3017,8.412623740239527,0.6070131890219594,11.303169298062612,0.07579232451565288,6646.44936397633,0.705374469980275,0.3322988753474293,0.06459775069485862,0.02617083363019627,0.5186026995999247
3018,8.28135132690667,0.5340840705037057,13.907043569935112,0.726760892483778,6449.436571162818,0.5411971426356815,0.5200627185047744,0.44012543700954876,0.01172753422477619,0.2268188732278018
3019,7.955154283285552,0.35286349071419554,13.840502397568446,0.7101255993921116,6052.733477103312,0.21061123091942657,0.6921035852945387,0.7842071705890775,0.03793873438813393,0.75633806844715
3020,8.542802629294236,0.679334794052354,12.099470684029463,0.27486767100736564,6260.614376673539,0.38384531389461574,0.39089574588033627,0.18179149176067255,0.04582451770981692,0.9156468224205438
3021,7.449560482818173,0.07197804601009605,12.536535953624128,0.38413398840603175,6172.815289325937,0.3106794077716142,0.6779395526387296,0.7558791052774593,0.03328096417546975,0.6622417005145405
3022,8.002902198704533,0.3793901103914067,13.446247278200234,0.6115618195500585,6986.989388990973,0.9891578241591441,0.42024732688787203,0.24049465377574408,0.004253014173648343,0.07581846815451199
3023,8.705703408976706,0.7698352272092812,13.945439936246977,0.7363599840617441,6424.574145309166,0.5204784544243052,0.4081187579370104,0.21623751587402085,0.004511783301706403,0.08104612730720007
3024,8.984501365308072,0.9247229807267071,14.23793930653672,0.80948482663418,6457.130362638221,0.5476086355318515,0.3316913099530513,0.06338261990610261,0.0006687466319495978,0.003409022867668643
3025,9.040248472918424,0.9556935960657917,14.459929443978236,0.864982360994559,5998.370192828884,0.16530849402406977,0.7633094994778487,0.9266189989556974,0.012999852632391104,0.25252227540184047
3026,8.87139066179313,0.8618837009961836,11.637958814763202,0.1594897036908003,6912.960009719003,0.9274666747658357,0.5901480497871555,0.580296099574311,0.04347318059955323,0.8681450626172369
3027,8.664381638630474,0.7468786881280415,13.077150716320038,0.5192876790800092,6892.937167128629,0.9107809726071908,0.6379621470768027,0.6759242941536052,0.004918184878947391,0.08925626018075539
3028,8.044641479702118,0.40257859983450983,13.58449424960286,0.646123562400715,6710.697358071383,0.758914465059486,0.6211072935513471,0.6422145871026943,0.037343415019195,0.7443114145291918
3029,7.6723557817570525,0.19575321208725127,14.642156502896647,0.9105391257241616,6534.682043435179,0.6122350361959824,0.42963478089327484,0.2592695617865497,0.010355084602039268,0.1990926182230155
3030,7.863095920074456,0.3017199555969201,14.654732625721405,0.9136831564303514,6841.806248914589,0.8681718740954905,0.5285835084717646,0.45716701694352924,0.03802897423018859,0.7581610955593654
3031,9.0984634086214,0.9880352270118898,12.940579763183965,0.48514494079599135,6877.089972584572,0.8975749771538103,0.3024337020871438,0.0048674041742876595,0.008555529940733,0.16273797860066663
3032,7.441748657628952,0.0676381431271954,14.592861399668479,0.8982153499171199,6789.497789570999,0.8245814913091659,0.7455259965692035,0.891051993138407,0.001035147439933852,0.010811059392603073
3033,8.950039358594374,0.9055774214413197,14.446586393849103,0.8616465984622756,6259.601327474329,0.3830011062286073,0.6305301699194459,0.6610603398388919,0.03639242797861713,0.7250995551235784
3034,7.781575628496256,0.2564309047201422,13.728658338206209,0.6821645845515525,6229.028504468975,0.3575237537241458,0.6304920420028444,0.6609840840056886,0.03213785090719112,0.6391485031755783
3035,8.419963159071976,0.6110906439288762,11.010240638030915,0.0025601595077289208,6689.887752911132,0.7415731274259433,0.3527288505179494,0.1054577010358988,0.046357981778232915,0.9264238743077355
3036,8.995488272788695,0.9308268182159418,11.92828232887804,0.23207058221951005,6045.136838354989,0.20428069862915765,0.654417491421185,0.70883498284237,0.026567484011211586,0.526615838610335
3037,8.367066753928208,0.5817037521823385,11.826388393287607,0.20659709832190154,6090.339119874845,0.2419492665623706,0.5113140000412637,0.42262800008252743,0.032961917411144924,0.655796311336261
3038,8.461720499286074,0.6342891662700406,12.076952120137713,0.26923803003442837,6166.408884019989,0.3053407366833244,0.5832731785065289,0.5665463570130579,0.04624601967562412,0.9241620136489721
3039,8.51039537888739,0.6613307660485501,12.823981219585551,0.4559953048963876,6333.1623586755195,0.4443019655629329,0.5497446425518306,0.4994892851036613,0.004792885918567665,0.08672496805187202
3040,7.359424695654023,0.02190260869667937,12.064837944991906,0.2662094862479766,6579.5056348703,0.6495880290585835,0.30000815985561247,1.631971122495468e-05,0.002239375526918627,0.03513889953370963
3041,8.252237618409852,0.517909788005474,11.058959477063905,0.014739869265976369,6320.33553231917,0.4336129435993087,0.6324543346800755,0.664908669360151,0.004421831812141756,0.07922892549781324
3042,8.488746535226324,0.6493036306812914,13.346669923804079,0.5866674809510198,6906.994263830805,0.922495219859004,0.3413073958613133,0.08261479172262665,0.018401700774740563,0.36165052070182957
3043,8.319153564255924,0.5550853134755137,12.71056957951876,0.42764239487969,5871.924280975222,0.05993690081268532,0.49853063511702694,0.3970612702340539,0.027705868521057195,0.5496135054759029
3044,7.942731074041358,0.34596170780075464,12.282181885476467,0.3205454713691166,6465.606721561173,0.5546722679676439,0.6871789528376121,0.7743579056752242,0.04473383502334845,0.893612828754514
3045,8.55240809223841,0.6846711623546727,12.912304007721868,0.47807600193046706,6268.947735234424,0.39078977936201964,0.6848760689494975,0.7697521378989951,0.02393231182606807,0.473380036890264
3046,7.80788232699617,0.2710457372200942,14.120911424218038,0.7802278560545096,6051.067118715237,0.20922259892936357,0.5078621414914477,0.41572428298289554,0.029782471867989425,0.5915650882422105
3047,7.610332480636069,0.16129582257559372,11.408826363205343,0.10220659080133576,6380.016002434971,0.48334666869580867,0.7782143316890575,0.9564286633781152,0.013807206494002144,0.2688324544242857
3048,8.815567804742175,0.8308710026345423,13.959382933628508,0.739845733407127,5937.704166512891,0.11475347209407605,0.4187410785017354,0.23748215700347086,0.03952453821465423,0.7883745093869541
3049,8.104444064155476,0.4358022578641535,12.729670057695028,0.43241751442375675,6847.389338804429,0.8728244490036906,0.7841336308475488,0.9682672616950978,0.0308757993676522,0.6136525124778222
3050,7.403554666608118,0.04641925922673218,13.307199383341084,0.5767998458352709,6344.461081330235,0.453717567775196,0.6299669903014384,0.659933980602877,0.047220749219985904,0.9438535195956748
3051,7.945077949787741,0.3472655276598562,11.86426787220842,0.216066968052105,6061.704914827823,0.2180874290231859,0.5947146308415376,0.5894292616830752,0.02169434725544977,0.4281686314232277
3052,8.309522757664753,0.5497348653693077,14.83568385216768,0.9589209630419201,6642.584248246628,0.7021535402055232,0.5767727924101045,0.553545584820209,0.005209792261352568,0.09514731841116297
3053,8.649318781945716,0.7385104344142869,14.526236121186843,0.8815590302967106,6921.065132125893,0.9342209434382438,0.37806367012478415,0.1561273402495683,0.01606247078444808,0.31439334918076933
3054,8.111608888490036,0.4397827158277974,12.329844203388102,0.3324610508470257,6834.520395006667,0.8621003291722228,0.4732122775920661,0.3464245551841322,0.007311497342781902,0.1376060069248869
3055,8.068871875723344,0.4160399309574133,11.705277137456596,0.1763192843641489,6362.3312726153745,0.4686093938461454,0.7536399147315873,0.9072798294631746,0.017156877525925873,0.33650257628133073
3056,9.058195510188972,0.9656641723272066,14.064586145872854,0.7661465364682135,6994.425224652276,0.9953543538768962,0.7906145470825027,0.9812290941650054,0.03386117201638812,0.6739630710381439
3057,8.672989689704599,0.7516609387247772,14.412364765381039,0.8530911913452598,6658.413259570454,0.7153443829753783,0.4072788661593694,0.21455773231873887,0.04440007805053932,0.8868702636472588
3058,7.821038017454198,0.2783544541412212,11.245665699851488,0.06141642496287192,6653.913366108812,0.7115944717573434,0.3161478454667499,0.03229569093349982,0.03471092758205816,0.6911298501425891
3059,7.827817652078151,0.28212091782119497,11.167374000081452,0.04184350002036297,5976.468739576514,0.14705728298042808,0.4947850632840591,0.3895701265681182,0.02298639593577245,0.45427062496509996
3060,8.143803274854923,0.45766848603051313,11.743155756127187,0.18578893903179672,6087.7914232417115,0.23982618603475991,0.42418905006358326,0.24837810012716655,0.01149154061723454,0.22205132560069774
3061,8.629270497511088,0.7273724986172718,13.584815444568122,0.6462038611420303,6208.338987541058,0.3402824896175478,0.5783884456837245,0.5567768913674491,0.04039638826403852,0.8059876416977478
3062,9.06729815069684,0.9707211948315787,11.930700612044367,0.23267515301109187,6043.368055352547,0.2028067127937897,0.648162297325853,0.696324594651706,0.041871824373215,0.8357944317821212
3063,9.090482599417896,0.9836014441210538,13.72727402486197,0.6818185062154924,6548.492615512784,0.6237438462606536,0.6569126964549865,0.7138253929099732,0.023838399081775177,0.47148280973283185
3064,8.69335932130111,0.7629774007228393,11.550812469983683,0.1377031174959208,6661.691899405985,0.7180765828383211,0.7071058664695311,0.8142117329390621,0.000624865831436834,0.0025225420492289707
3065,8.362855628801457,0.5793642382230315,14.698722259313332,0.9246805648283332,5914.487789332486,0.09540649111040445,0.4391306648122224,0.27826132962444483,0.03908816249427383,0.7795588382681582
3066,8.605778920421653,0.7143216224564741,12.26609167314976,0.3165229182874397,6874.694330632861,0.8955786088607173,0.41127722872737715,0.22255445745475433,0.007712664832687672,0.145710400660357
3067,8.69063456844436,0.7614636491357553,13.632859553772324,0.658214888443081,6860.808593205329,0.884007161004441,0.5024688696249406,0.4049377392498812,0.0008278153933966726,0.0066225331999327786
3068,7.411917221479813,0.05106512304434063,14.611018598050194,0.9027546495125482,5832.666757548895,0.027222297957412378,0.37956534014575133,0.15913068029150268,0.000826723215274889,0.006600468995452302
3069,7.760701853405243,0.24483436300291295,12.554200775533568,0.38855019388339185,6734.123739727007,0.7784364497725055,0.6522352814743966,0.7044705629487932,0.008167678289527492,0.1549025917076261
3070,8.455158832227815,0.6306437956821195,11.194400575752965,0.048600143938241525,5948.4521906668015,0.12371015888900094,0.3156735620991137,0.03134712419822738,0.023064001210648527,0.4558384082959298
3071,7.680526593304512,0.20029255183583972,11.438880360109565,0.10972009002739136,6046.985830853684,0.20582152571140366,0.432907573167096,0.265815146334192,0.04712593199080834,0.9419380200163301
3072,7.772636555410706,0.25146475300594784,14.179824177911222,0.7949560444778053,5906.25356560567,0.0885446380047249,0.7052038888556171,0.8104077777112342,0.02439650348333341,0.4827576461279477
3073,7.455678986542769,0.07537721474598247,11.17357907526538,0.04339476881634474,6126.492174750287,0.27207681229190595,0.4472973210583399,0.29459464211667985,0.048999642634788954,0.9797907602987667
3074,8.11830424431933,0.4435023579551828,14.04958379182175,0.7623959479554375,5972.51858574023,0.14376548811685863,0.7299182833157474,0.8598365666314947,0.021230625458598617,0.41880051431512355
3075,7.476895403758888,0.08716411319938244,11.053890297336807,0.013472574334201903,5996.543003980782,0.1637858366506515,0.6146772740055879,0.6293545480111757,0.010841820961925909,0.2089256759985032
3076,8.51330594174778,0.6629477454154332,14.87341628950748,0.96835407237687,6860.609412381249,0.8838411769843745,0.38896395995235483,0.17792791990470969,0.005745832828703163,0.10597642078188207
3077,7.441970244840067,0.0677612471333705,14.762534655369137,0.9406336638422845,6523.388614818706,0.6028238456822548,0.7906742246597762,0.9813484493195523,0.043586174634394556,0.8704277703918092
3078,8.072832324141583,0.4182401800786575,14.387151841652406,0.8467879604131016,6143.937598256086,0.28661466521340484,0.7805808056075183,0.9611616112150365,0.02291703868563806,0.4528694683967285
3079,8.80798507633918,0.8266583757439895,11.230163497756568,0.05754087443914169,6553.210035611199,0.6276750296759985,0.5409393054815765,0.481878610963153,0.04529355707687392,0.904920344987352
3080,7.823177966241866,0.27954331457881454,12.351469880805329,0.3378674702013321,6657.955019874455,0.7149625165620455,0.6430092701033426,0.6860185402066853,0.04597312619439942,0.9186490140282711
3081,8.772065136876119,0.8067028538200666,12.069996369624562,0.26749909240614045,5940.771718161783,0.11730976513481894,0.7322365454018636,0.8644730908037271,0.0009031046164151711,0.00814352760434689
3082,8.297818035769447,0.5432322420941376,13.514924214235112,0.6287310535587779,6858.757960467176,0.8822983003893135,0.43008181099550863,0.2601636219910173,0.025995824597151294,0.515067163578814
3083,7.3904914536812045,0.03916191871178032,14.549768473354314,0.8874421183385786,6513.349438421825,0.594457865351521,0.3171329989137057,0.034265997827411465,0.04442210917887653,0.8873153369470006
3084,8.641928697206943,0.734404831781635,12.591278268998659,0.3978195672496646,5930.805538491983,0.10900461540998518,0.5030740466378367,0.40614809327567336,0.021159297032911393,0.4173595360184119
3085,8.178697253385305,0.4770540296585031,13.445195475945038,0.6112988689862593,6544.544294917743,0.6204535790981193,0.6124370517704447,0.6248741035408893,0.03519640588359438,0.7009374925978662
3086,7.499900326695004,0.09994462594166864,12.666346222026185,0.416586555506546,6175.85133568908,0.31320944640756665,0.38705352943125926,0.17410705886251854,0.015937313995485845,0.31186492920173425
3087,7.609814042203721,0.16100780122428893,12.310144764378046,0.3275361910945117,6704.364861762295,0.7536373848019122,0.654681588602616,0.709363177205232,0.044520073484167276,0.889294413821561
3088,7.400473867233494,0.04470770401860735,12.310727908438444,0.3276819771096109,6673.665865963991,0.7280548883033253,0.3589215410816844,0.1178430821633688,0.038368290096796,0.7650159615514344
3089,8.760115144921166,0.800063969400648,11.51877876630716,0.1296946915767897,5876.066094660903,0.06338841221741942,0.37872277238269,0.15744554476537997,0.012027214352487816,0.23287301722197606
3090,8.427399339412485,0.615221855229159,13.92439629749062,0.731099074372655,6735.711696360197,0.7797597469668304,0.329414691269659,0.05882938253931802,0.023895685218144412,0.4726401054170588
3091,7.506004503441032,0.10333583524501766,12.893262908074542,0.47331572701863533,5960.2775787528135,0.13356464896067766,0.6824693054261812,0.7649386108523624,0.04215737822242958,0.8415631964127187
3092,7.488964361124806,0.09386908951378115,12.859550583444332,0.4648876458610828,6649.294307160586,0.7077452559671552,0.42234339215527794,0.2446867843105559,0.04479847569114335,0.8949187008311787
3093,7.482329512325141,0.09018306240285645,11.883534405968527,0.22088360149213182,6288.115889982313,0.4067632416519278,0.3366509734504876,0.07330194690097525,0.03188333380033191,0.6340067434410487
3094,9.088358149408148,0.9824211941156374,13.664142693207683,0.6660356733019206,6704.176675106061,0.7534805625883847,0.3926325895510864,0.18526517910217277,0.048268424376297574,0.9650186742686377
3095,8.54475230917142,0.6804179495396776,12.956199370338457,0.48904984258461426,6454.016461591011,0.5450137179925085,0.4736690907522435,0.34733818150448703,0.005907208636214845,0.10923653810535039
3096,7.528469077964937,0.11581615442496473,12.160856070149658,0.29021401753741427,6034.969163753653,0.1958076364613781,0.5838460530015974,0.567692106003195,0.03840104525118807,0.7656776818421832
3097,8.712011743431123,0.7733398574617353,14.08627936207582,0.7715698405189549,6328.586451463186,0.44048870955265484,0.39425016906789834,0.1885003381357967,0.011099231369245599,0.21412588624738582
3098,7.9140079203879985,0.33000440021555477,14.408386137221282,0.8520965343053205,5830.6973506939785,0.0255811255783156,0.5113337716281108,0.4226675432562217,0.01293703485838628,0.25125322946234907
3099,7.667298487463028,0.19294360414612666,13.997705815834193,0.7494264539585481,6879.234138563752,0.89936178213646,0.5900979594667144,0.5801959189334288,0.010510052132434685,0.2022232754027209
3100,7.413532889242482,0.051962716245823604,14.893274888061066,0.9733187220152667,6240.357368850871,0.3669644740423925,0.36235382417875595,0.12470764835751191,0.03931230072985915,0.7840868834314979
3101,8.779124788242163,0.8106248823567574,14.196205242223817,0.7990513105559544,6721.275864094291,0.7677298867452426,0.7767462664773415,0.9534925329546828,0.0202196821578503,0.39837741733030907
3102,7.554696959188087,0.13038719954893718,13.70598853594434,0.676497133986085,6995.3740563298525,0.9961450469415442,0.7614685529544869,0.9229371059089739,0.000537324351110049,0.000754027295152504
3103,7.607095268700143,0.1594973715000796,13.458998747102903,0.6147496867757257,6654.573846545481,0.712144872121234,0.5932678575475051,0.5865357150950102,0.01063591204873546,0.2047658999744537
3104,8.207033914220277,0.4927966190112649,14.930687299332789,0.9826718248331973,6086.233834865103,0.23852819572091866,0.5524784349491709,0.504956869898342,0.005943579630518616,0.10997130566704272
3105,7.618910251069704,0.16606125059428023,12.176664359454376,0.29416608986359394,6662.029240533251,0.7183577004443761,0.48371984675565916,0.36743969351131833,0.006596823243304371,0.12316814632938122
3106,8.27380714654808,0.5298928591933779,12.430431992802468,0.35760799820061684,5816.5893698468635,0.013824474872385917,0.6536881553906282,0.7073763107812565,0.004561326768602127,0.08204700542630561
3107,8.236317961619593,0.5090655342331066,14.06580713180438,0.7664517829510948,6055.977161296105,0.2133143010800872,0.5809849923977959,0.5619699847955918,0.048108438899125396,0.9617866444267756
3108,8.732898108666792,0.7849433937037736,11.884174131980862,0.2210435329952154,6451.98134674168,0.5433177889514,0.7976959359640148,0.9953918719280297,0.02767870769508668,0.549064801920943
3109,8.814089649959234,0.8300498055329082,12.1690150660456,0.29225376651139967,6094.256155806665,0.24521346317222115,0.6649226412441105,0.7298452824882211,0.023276071240787895,0.4601226513290484
3110,8.878911599168033,0.8660619995377964,12.295585911859858,0.32389647796496446,6966.773769445986,0.9723114745383216,0.5953652632094636,0.5907305264189272,0.03746149653483637,0.7466968996936639
3111,9.066060863486705,0.9700338130481698,14.176414878638292,0.7941037196595732,6319.768577980906,0.43314048165075547,0.7004512124426517,0.8009024248853035,0.004392822882336368,0.07864288651184581
3112,7.412644405040987,0.051469113911659425,13.323352133816055,0.5808380334540136,6062.3093007632115,0.21859108396934257,0.706290916313671,0.8125818326273422,0.04212912144205703,0.8409923523647884
3113,7.78454631913038,0.2580812884057665,11.163941265707546,0.0409853164268863,6781.5815664969305,0.8179846387474424,0.7830449332437006,0.9660898664874014,0.005447720515608077,0.09995394981026418
3114,8.668326250045384,0.7490701389141021,13.937057580203247,0.7342643950508118,6458.916508834932,0.5490970906957764,0.6069329675849047,0.6138659351698093,0.024528218487782787,0.4854185553087431
3115,8.093563948577932,0.429757749209962,12.230252344362409,0.307563086090602,6494.438487805742,0.578698739838118,0.5150988345679337,0.43019766913586743,0.01560464644244323,0.3051443725746107
3116,8.990826715631137,0.9282370642395206,12.807542707133205,0.45188567678330127,5936.264864072047,0.11355405339337232,0.7071778825102986,0.814355765020597,0.03415735367708365,0.6799465389309827
3117,8.038054893306665,0.3989193851703695,14.223128208869575,0.8057820522173935,6765.873875178988,0.8048948959824901,0.7236339086725314,0.8472678173450628,0.022011121404371153,0.4345681091792152
3118,8.629963234387738,0.7277573524376322,12.052002756011202,0.2630006890028004,6898.405123115742,0.9153376025964515,0.4311528219410819,0.2623056438821638,0.019178096647061892,0.37733528579923015
3119,9.05690357584048,0.9649464310224886,14.660018413763524,0.9150046034408807,6912.486949032718,0.9270724575272647,0.31016275446420966,0.020325508928419334,0.0140634504925907,0.2740091008604182
3120,7.9496153409427075,0.3497863005237265,12.55004889796382,0.387512224490955,6206.601800170734,0.3388348334756116,0.47261524325347115,0.3452304865069423,0.02329200488982731,0.46044454322883455
3121,7.4444757383423905,0.06915318796799486,13.637700408785292,0.6594251021963229,6632.878290120769,0.6940652417673071,0.6896490607799526,0.7792981215599053,0.040808473872618066,0.8143126034872336
3122,8.941059652843663,0.9005886960242576,13.019091823807523,0.5047729559518809,6939.748474391197,0.9497903953259974,0.3705016817018868,0.14100336340377362,0.02006414650318702,0.3952352828926671
3123,8.628234011182462,0.7267966728791462,13.73198735916587,0.6829968397914677,6504.416765912996,0.5870139715941632,0.5018769833003944,0.40375396660078877,0.045778905176413934,0.9147253570992713
3124,7.436085280066437,0.0644918222591313,13.735140514690094,0.6837851286725237,6191.419517705235,0.3261829314210293,0.3064296071496624,0.012859214299324795,0.01975564068682555,0.3890028421580919
3125,8.873410097371664,0.8630056096509253,12.253931559119996,0.31348288977999905,6999.514818186717,0.9995956818222647,0.7155626455188406,0.8311252910376813,0.03250938812647997,0.646654305585454
3126,7.322835791122808,0.0015754395126705845,14.576060221397704,0.8940150553494258,6300.716147111358,0.4172634559261317,0.719664593732363,0.8393291874647261,0.03215625607475882,0.6395203247426023
3127,8.285533689297747,0.5364076051654149,12.284374092016611,0.3210935230041526,6352.27707912733,0.46023089927277483,0.4721131741992426,0.3442263483984852,0.027781368126804262,0.5511387500364497
3128,8.45047785254382,0.6280432514132336,12.426285475430284,0.3565713688575711,6094.0327140622885,0.24502726171857403,0.5487641869376692,0.4975283738753383,0.02573499138209221,0.5097978056988325
3129,8.70820781774775,0.7712265654154175,14.26879893873131,0.8171997346828276,6885.248935659254,0.9043741130493783,0.7855720151363381,0.9711440302726763,0.03212854170244229,0.6389604384331775
3130,8.802048818244327,0.8233604545801817,12.673354355678109,0.41833858891952735,6952.292237525979,0.960243531271649,0.7801121637776585,0.9602243275553171,0.04869226729136972,0.9735811574014084
3131,8.781228309957394,0.8117935055318859,13.60798474677893,0.6519961866947327,6921.143619229354,0.9342863493577948,0.6577103841975904,0.715420768395181,0.04636002990413081,0.9264652505885012
3132,8.719542997220344,0.7775238873446356,13.205516242456145,0.5513790606140361,6636.931865876999,0.6974432215641662,0.7754826922293868,0.9509653844587737,0.019719103125208366,0.388264709600169
3133,8.5162928856674,0.6646071587041119,13.653125017123449,0.6632812542808623,6025.750975208223,0.18812581267351913,0.6361516202368726,0.6723032404737451,0.028414444027560447,0.5639281621729383
3134,9.068271993811482,0.9712622187841572,12.699773149839977,0.42494328745999455,6952.052109840163,0.9600434248668029,0.33156729710950844,0.0631345942190169,0.013829500025155136,0.26928282879101284
3135,8.41540136115519,0.6085563117528842,12.656443162742452,0.41411079068561296,6920.7896807192155,0.933991400599346,0.6921222576460151,0.7842445152920302,0.022121070233273737,0.43678929764189367
3136,8.655564804111007,0.7419804467283374,13.339389161778444,0.5848472904446109,6278.921246293909,0.39910103857825674,0.7546831608597407,0.9093663217194815,0.04172167076084076,0.8327610254715304
3137,8.83728484944054,0.8429360274669668,11.965025602796523,0.2412564006991309,6948.33684920594,0.9569473743382833,0.4584577364787041,0.3169154729574082,0.04016816477833472,0.8013770662289842
3138,7.896860531853381,0.32047807325187816,13.726716289552066,0.6816790723880165,6702.955908427217,0.7524632570226807,0.535375042119437,0.470750084238874,0.034235812060701774,0.681531556781854
3139,8.098983918731752,0.4327688437398627,13.682816454953574,0.6707041137383938,5996.144579896537,0.16345381658044733,0.7631539161686224,0.9263078323372448,0.009795404709356317,0.18778595372437
3140,7.807239612971574,0.2706886738730966,14.903828922116222,0.9759572305290557,5840.200315652961,0.03350026304413389,0.628164567189923,0.6563291343798459,0.03884660299538981,0.7746788483917134
3141,7.493716751480716,0.09650930637817556,14.79102369767286,0.9477559244182151,6564.147260168512,0.6367893834737599,0.34723737933332843,0.09447475866665689,0.04111643022785114,0.8205339439969928
3142,8.644313832092076,0.7357299067178198,14.1790848231146,0.7947712057786498,6618.001914529116,0.6816682621075971,0.5002437395889832,0.40048747917796645,0.002965538922057434,0.04980886711227139
3143,7.429737434364835,0.0609652413137971,14.61553151111261,0.9038828777781525,6326.978257034894,0.43914854752907895,0.5530914405922448,0.5061828811844896,0.0065735289281013565,0.12269755410305772
3144,8.915767662118265,0.8865375900657029,11.178531336256432,0.04463283406410812,6238.222733455223,0.3651856112126852,0.3642069858939389,0.12841397178787783,0.03460165735573955,0.6889223708230211
3145,8.62905742454756,0.727254124748644,14.234967423630767,0.8087418559076919,6473.7175901469045,0.5614313251224202,0.34629937982124137,0.09259875964248276,0.03776355967929853,0.7527991854403743
3146,8.739662690334766,0.7887014946304262,13.90568218429642,0.7264205460741051,6872.396959330422,0.8936641327753516,0.6220986282664229,0.6441972565328459,0.01602748823425473,0.313686630995045
3147,7.79416702884965,0.26342612713869407,11.014575761758143,0.0036439404395357533,6433.44466277043,0.5278705523086921,0.5999155026454372,0.5998310052908746,0.0008904773047192356,0.007888430398368396
3148,8.570397518019082,0.694665287788379,11.547482769849129,0.136870692462282,5896.3418069862755,0.08028483915522933,0.6666409501000785,0.7332819002001569,0.04420838815597848,0.8829977405248177
3149,8.27190742081231,0.5288374560068392,13.504582876318521,0.6261457190796303,6881.984122400845,0.9016534353340379,0.7472153435953436,0.8944306871906872,0.0404931726183832,0.8079428811794586
3150,9.102434334453871,0.9902412969188177,13.750233577974935,0.6875583944937339,6816.024962340171,0.8466874686168093,0.7740072670496538,0.9480145340993078,0.04129734040731334,0.8241886950972391
3151,7.419332561826873,0.055184756570484716,14.318166696298682,0.8295416740746706,6952.0516461899715,0.9600430384916429,0.7289312303106548,0.8578624606213094,0.0028090724705770683,0.04664792869852663
3152,8.822130030165415,0.834516683425231,12.19151653169197,0.2978791329229926,5833.809080110454,0.028174233425377726,0.7339991104910071,0.8679982209820141,0.041016285054891445,0.8185108091897261
3153,7.530689018313762,0.11704945461875671,12.228426486164958,0.30710662154123947,6556.802745687333,0.6306689547394445,0.38765710044956947,0.17531420089913896,0.01489318578580495,0.2907714300162616
3154,8.78782317437691,0.8154573190982846,11.172712917425685,0.04317822935642135,6734.06325867692,0.7783860488974333,0.6309895142576463,0.6619790285152926,0.04286835802980694,0.8559264248445846
3155,8.167897046339853,0.4710539146332512,14.186509889161597,0.7966274722903992,6342.091575137434,0.45174297928119533,0.5776789443217034,0.5553578886434067,0.02435104362080155,0.48183926506669794
3156,7.3848532729257155,0.036029596069841685,11.543947328676538,0.1359868321691342,6085.462662093847,0.23788555174487258,0.46127510638161306,0.32255021276322615,0.0108075713613804,0.20823376487637169
3157,7.9609820732744,0.3561011518191115,14.290814065496736,0.8227035163741842,6989.614588317799,0.9913454902648321,0.5409192218769705,0.48183844375394114,0.01426489168329689,0.2780786198645836
3158,7.548183589794819,0.1267686609971218,13.529010242077803,0.6322525605194506,6545.205674384641,0.6210047286538676,0.4129310393669751,0.22586207873395026,0.0016043013008291088,0.022309117188466843
3159,8.470193649972707,0.6389964722070598,13.44236321007692,0.6105908025192301,6204.555986037248,0.33712998836437347,0.4254911485165444,0.25098229703308883,0.023587474572092038,0.46641362771903105
3160,8.212653102119098,0.49591839006616645,12.42004201952058,0.35501050488014496,6499.695047789079,0.5830792064908985,0.43280772885812535,0.2656154577162507,0.028656383568046395,0.5688158296575029
3161,7.5340622575483085,0.11892347641572698,13.070182412651434,0.5175456031628586,6463.288437087184,0.5527403642393199,0.5393927230647827,0.4787854461295654,0.0040940012169123925,0.07260608519014933
3162,8.453963488939067,0.6299797160772594,11.19769824246309,0.049424560615772606,6333.3884018747285,0.44449033489560685,0.5881781292780461,0.5763562585560923,0.04064848683534231,0.8110805421281274
3163,8.063619571872003,0.4131219843733347,11.039734328323508,0.009933582080877024,6179.730306194407,0.31644192182867215,0.3015181766545208,0.0030363533090416173,0.03929506895246568,0.7837387667164782
3164,8.850221210065945,0.8501228944810805,14.825077613034006,0.9562694032585014,6548.701202181391,0.623917668484492,0.3005388010289884,0.0010776020579768009,0.036008284969196995,0.7173390902868079
3165,8.365060169838177,0.5805889832434314,12.919595354903894,0.4798988387259735,6237.29635884435,0.3644136323702919,0.40302096966657464,0.2060419393331493,0.004656474545844669,0.08396918274433673
3166,8.189742213726268,0.4831901187368155,14.667043386998454,0.9167608467496137,5819.707805935977,0.016423171613314747,0.3639496826693787,0.12789936533875745,0.02977541909551487,0.5914226079901994
3167,7.537283023260474,0.1207127907002632,13.57927557270645,0.6448188931766125,6701.367710003987,0.7511397583366558,0.411827303152617,0.22365460630523404,0.015102393340731478,0.29499784526730255
3168,9.043408781052042,0.9574493228066906,11.479386352610046,0.1198465881525117,6724.440406289836,0.7703670052415298,0.6028664343438892,0.6057328686877784,0.030700742095355726,0.6101160019263783
3169,8.820927434439186,0.8338485746884369,13.548337514937405,0.6370843787343511,6075.407238543942,0.2295060321199517,0.7313200126370367,0.8626400252740736,0.046498466484245896,0.9292619491766847
3170,8.9813661409614,0.9229811894230007,13.017138815728991,0.5042847039322478,6203.263025728805,0.33605252144067055,0.7082974817751762,0.8165949635503524,0.02923184766676354,0.580441367005324
3171,7.729815994778817,0.22767555265489814,12.162170044553104,0.2905425111382758,6661.962700909726,0.7183022507581048,0.6089982561343144,0.6179965122686287,0.026196333806190557,0.5191178546705163
3172,8.757648310572426,0.7986935058735702,11.925599157255268,0.23139978931381722,6307.2799603137055,0.4227333002614214,0.4588258573867587,0.3176517147735174,0.047280664524151854,0.9450639297808455
3173,8.631872655759173,0.72881814208843,13.678380013062094,0.6695950032655236,6607.962446465399,0.673302038721166,0.6496480589816155,0.699296117963231,0.03030475976070473,0.6021163588021157
3174,8.630034058740053,0.7277966993000297,11.288848012862614,0.07221200321565335,6266.024049587793,0.3883533746564942,0.5589135892042689,0.517827178408538,0.002001886254160077,0.03034113644767833
3175,7.944256587299088,0.3468092151661599,11.069328080049054,0.017332020012263305,6872.051496516318,0.8933762470969318,0.7533032024545903,0.9066064049091804,0.02118428993444067,0.4178644431200135
3176,7.455503385581856,0.07527965865658659,11.1478344533908,0.03695861334770001,6947.698930838234,0.9564157756985285,0.39497074037297664,0.1899414807459533,0.04847410425996728,0.9691738234336824
3177,8.086837605109755,0.4260208917276419,12.656539283905023,0.41413482097625587,6453.821678926775,0.5448513991056457,0.6194174641336151,0.6388349282672302,0.04789390532827047,0.9574526328943528
3178,8.192678903131853,0.48482161285102976,12.448087932131976,0.3620219830329938,6125.709270891944,0.27142439240995286,0.7705766911491577,0.9411533822983155,0.005812188681380007,0.10731694305818196
3179,8.950768935052457,0.9059827416958096,13.318115308404671,0.5795288271011676,6514.834221393262,0.5956951844943852,0.6620513902645415,0.7241027805290832,0.023782510380970446,0.47035374507010996
3180,8.333860962600117,0.5632560903333985,13.727373732817227,0.6818434332043068,6485.5197243615185,0.5712664369679317,0.5625341966739279,0.5250683933478559,0.005021231593747594,0.09133801199490088
3181,7.873571920497025,0.3075399558316808,11.775256583724932,0.19381414593123303,6538.868093810816,0.6157234115090133,0.6128957935060537,0.6257915870121075,0.024948019218308054,0.4938993781476374
3182,7.9808265890360355,0.36712588279779756,12.790719250332351,0.44767981258308776,6652.89659135798,0.7107471594649831,0.643931533937883,0.687863067875766,0.03064664830130286,0.6090231980061184
3183,7.5807691158424175,0.1448717310235652,14.242625468239025,0.8106563670597562,6247.691310513203,0.3730760920943357,0.42039512527376094,0.2407902505475219,0.014440019114256705,0.2816165477627617
3184,9.07062424520745,0.97256902511525,12.040040203666106,0.2600100509165265,6303.209476003382,0.41934123000281864,0.627126908226763,0.6542538164535261,0.029476969227811522,0.5853933177335661
3185,8.86910215987464,0.860612311041467,11.72769233303203,0.18192308325800732,6995.604750150163,0.9963372917918027,0.4867770749983769,0.37355414999675385,0.04173379951780177,0.8330060508646822
3186,7.328436077107366,0.0046867095040917794,12.547932917569645,0.38698322939241103,6171.3210958600375,0.30943424655003116,0.5758920604568761,0.5517841209137523,0.002075295307966747,0.03182414763569186
3187,8.035654753807501,0.39758597433750076,14.575791553231134,0.8939478883077834,6799.805559881638,0.833171299901365,0.37537704571899705,0.15075409143799412,0.0009364154049059687,0.008816472826383204
3188,7.450117617227169,0.07228756512620471,11.615987539641942,0.1539968849104857,6927.313701711111,0.9394280847592592,0.3674072410954082,0.13481448219081638,0.043772506785539005,0.8741920562735152
3189,9.10219175241676,0.9901065291204224,14.5681287647807,0.8920321911951751,6868.1176173376025,0.8900980144480025,0.4809758738109369,0.3619517476218739,0.03943893427353257,0.7866451368390417
3190,8.120382049920035,0.4446566944000202,12.432266547602689,0.3580666369006721,6945.933940622564,0.9549449505188029,0.7695054142341317,0.9390108284682633,0.018186289872244576,0.3572987852978702
3191,7.583100250692009,0.14616680594000497,14.743583756501499,0.9358959391253748,5851.349646560934,0.04279137213411166,0.5559427998306039,0.5118855996612078,0.042704723873202934,0.8526206843071299
3192,8.288775289951296,0.5382084944173868,14.803747559776559,0.9509368899441398,6910.865197218826,0.925720997682355,0.7805623199612163,0.9611246399224326,0.021602639730179583,0.4263159541450421
3193,8.684024305432349,0.7577912807957493,14.788645953038579,0.9471614882596449,6383.874472221814,0.48656206018484505,0.3271864826436447,0.05437296528728941,0.025779822930878323,0.5107034935530974
3194,9.040168993613987,0.9556494408966603,13.875255216343016,0.718813804085754,5892.540655694008,0.07711721307834007,0.41283949409347875,0.22567898818695753,0.04793651954052464,0.9583135260712049
3195,7.846836325041514,0.2926868472452857,12.541225564983586,0.3853063912458964,5916.371149510402,0.09697595792533442,0.381391428471761,0.16278285694352201,0.032321570501811836,0.6428600101376128
3196,8.05191665082967,0.40662036157203896,11.847228498945855,0.21180712473646368,6274.1100195486115,0.3950916829571759,0.7484400369767809,0.8968800739535617,0.03463370249485196,0.6895697473707466
3197,8.565499044681586,0.6919439137119923,12.479684723703798,0.3699211809259495,5926.720105802919,0.1056000881690985,0.3709490290447122,0.14189805808942446,0.015101552632328388,0.29498086125915934
3198,7.628975519528358,0.17165306640464306,13.248017352613196,0.5620043381532991,6619.330859988896,0.6827757166574134,0.5223072965662283,0.44461459313245666,0.02905832105466171,0.5769357788820547
3199,8.587443680588894,0.704135378104941,11.311564029859,0.07789100746474964,6533.60717502294,0.6113393125191168,0.318872996573504,0.037745993147007995,0.041739903831887505,0.8331293703411616
3200,8.769374325947137,0.8052079588595207,13.483166484904661,0.620791621226165,5822.750751894506,0.018958959912088513,0.6225421658338969,0.6450843316677938,0.043900519764557985,0.8767781770617774
3201,7.860187358133551,0.3001040878519726,13.238680599672424,0.5596701499181059,6894.288766620035,0.9119073055166959,0.5672083813077371,0.5344167626154741,0.012262680103910878,0.23762990108910864
3202,8.90073748666271,0.8781874925903941,13.38304718502714,0.5957617962567848,6112.843477897287,0.26070289824773907,0.32800516477091624,0.05601032954183249,0.037960996228696024,0.7567878025999196
3203,7.830345887727008,0.2835254931816712,14.18293300416692,0.7957332510417298,6707.722783760109,0.7564356531334245,0.6045019539226852,0.6090039078453706,0.025149700122762828,0.49797373985379445
3204,8.27509334019552,0.5306074112197336,11.415238064375224,0.10380951609380573,6369.490459572004,0.47457538297666957,0.44609598152003244,0.2921919630400649,0.010415666572461492,0.20031649641336347
3205,7.607617840063124,0.1597876889239579,13.133009212085527,0.5332523030213817,6154.513954407443,0.29542829533953574,0.4147701956536066,0.22954039130721327,0.014971699768344624,0.29235757107766913
3206,7.934947443297668,0.3416374684987046,13.440242502996426,0.6100606257491066,6516.396778910794,0.5969973157589944,0.4142977541507059,0.22859550830141184,0.018626447505225505,0.3661908586914243
3207,7.412380053406012,0.05132225189222861,12.631258442376843,0.40781461059421065,6414.744871287018,0.512287392739182,0.4669630757416169,0.3339261514832338,0.012589938519614551,0.24424118221443536
3208,7.659503078900431,0.1886128216113504,14.576065751620476,0.8940164379051189,6889.586198943303,0.9079884991194198,0.6389748596167006,0.6779497192334012,0.020070400477249613,0.3953616258030225
3209,8.449598706682094,0.6275548370456083,14.8516704700283,0.9629176175070748,5931.167667932968,0.10930638994413977,0.7426030185795889,0.8852060371591777,0.014753450357456463,0.28794849206982753
3210,8.468110813359358,0.637839340755199,14.423411894819086,0.8558529737047713,6807.5802748326705,0.8396502290272256,0.3449638859821472,0.08992777196429447,0.0483925860928892,0.9675269917755394
3211,7.38976296010655,0.03875720005919414,14.471934664091583,0.8679836660228956,6124.822070395681,0.27068505866306813,0.43500103542573715,0.2700020708514743,0.04562875382828777,0.911691996531066
3212,7.488805122803547,0.09378062377974827,14.040391746345723,0.7600979365864307,6198.656171382124,0.33221347615177,0.5641275280354036,0.5282550560708071,0.044011531088006595,0.8790208300607393
3213,7.95081028226265,0.3504501568125835,12.357409736096958,0.33935243402423976,6353.501920621033,0.4612516005175271,0.7122323081628398,0.8244646163256796,0.011463718826023471,0.22148926921259537
3214,7.451120689160179,0.07284482731121045,12.96770809594446,0.4919270239861149,6734.646971883724,0.7788724765697702,0.5453810086516869,0.4907620173033739,0.0473447736405238,0.9463590634449252
3215,7.731008047527682,0.22833780418204586,11.40310161263508,0.10077540315876987,6743.228306872445,0.7860235890603704,0.31334904067903024,0.02669808135806051,0.04628592286544798,0.9249681386959187
3216,8.700515091683165,0.7669528287128695,13.803806599732575,0.7009516499331438,6922.307110044542,0.9352559250371187,0.7373435573888186,0.8746871147776373,0.0018701125411570258,0.027679041235495472
3217,8.493158907329843,0.6517549485165796,12.042796121671886,0.2606990304179715,6736.098810470743,0.7800823420589524,0.5322679953199757,0.46453599063995143,0.0007545558701653533,0.005142542831623298
3218,8.125990789347677,0.4477726607487097,12.95606541990373,0.48901635497593277,6636.665215483004,0.6972210129025037,0.5734105416119142,0.5468210832238284,0.011965411349986927,0.2316244717169076
3219,8.680843060853565,0.7560239226964259,13.295280733943759,0.5738201834859399,6636.6117668937795,0.6971764724114828,0.7952689128876691,0.9905378257753381,0.049431634909097515,0.9885178769514649
3220,8.733693992574185,0.7853855514301034,13.75023377384106,0.6875584434602648,5884.147750820436,0.0701231256836965,0.7074951597778627,0.8149903195557254,0.007139928816985889,0.13413997610072503
3221,7.826146267029535,0.2811923705719639,11.663295473217527,0.16582386830438178,6332.187009634759,0.4434891746956331,0.6855233775062334,0.7710467550124668,0.02175555690911589,0.42940519008314926
3222,8.664219000461586,0.7467883335897696,11.503284493748206,0.12582112343705154,6743.830056924964,0.7865250474374696,0.6327776361119006,0.6655552722238014,0.012165944426914535,0.2356756449881724
3223,8.55562987095103,0.6864610394172393,11.421848349877884,0.10546208746947083,6829.970729132741,0.8583089409439515,0.5615622970046703,0.5231245940093407,0.012428062718840876,0.24097096401698737
3224,9.039127940101203,0.9550710778340017,14.336188327608824,0.8340470819022057,6935.887354976689,0.9465727958139067,0.5142329503282197,0.4284659006564395,0.0016762312394078857,0.023762247260765368
3225,8.636389502388568,0.7313275013269827,11.998330685032352,0.24958267125808786,6801.764353992644,0.8348036283272035,0.5545606454775767,0.5091212909551533,0.046552321980580555,0.9303499390016273
3226,8.177685735594391,0.47649207533021787,14.53845780093337,0.8846144502333425,5804.577475282988,0.003814562735823368,0.38275044086851173,0.1655008817370235,0.03749845987081897,0.7474436337539185
3227,7.396184292074492,0.042324606708050716,13.114361459533523,0.528590364883381,6268.785880916353,0.3906549007636272,0.7175981775563123,0.8351963551126245,0.04708949695810526,0.9412019587496012
3228,7.860175999620627,0.30009777756701494,12.961457011555835,0.4903642528889587,6564.767931270091,0.6373066093917429,0.6998799389431545,0.799759877886309,0.03338337561020133,0.6643106183879055
3229,9.047121810137574,0.959512116743097,14.660041377234332,0.9150103443085829,6897.434776895497,0.9145289807462474,0.34249524512252,0.08499049024504002,0.037116004821616914,0.7397172691235739
3230,8.149085668848942,0.4606031493605237,12.38548891473136,0.34637222868284,6348.722257328085,0.45726854777340453,0.50918469256569,0.4183693851313801,0.02673868817232076,0.5300745085317324
3231,8.46249852983102,0.6347214054616778,13.270389787954416,0.567597446988604,6931.298924105368,0.9427491034211403,0.30141983047147874,0.0028396609429575115,0.017697532086552944,0.3474248906374332
3232,7.96396764214963,0.35775980119423867,13.319571654233336,0.5798929135583338,6141.781302280215,0.28481775190017855,0.6242099619123713,0.6484199238247428,0.02457479968366046,0.48635958956889813
3233,8.61586536939452,0.7199252052191777,11.97926734904219,0.24481683726054781,6743.239189807948,0.7860326581732898,0.43435395162384477,0.26870790324768956,0.030987757836065218,0.6159142997184892
3234,7.498711233522446,0.09928401862358094,13.433525017774832,0.6083812544437078,6041.324009736303,0.20110334144691955,0.7396086606278646,0.8792173212557292,0.000997703746149125,0.010054621134325759
3235,7.979773518357494,0.36654084353194116,12.753243997833025,0.438310999458256,5934.1196459102675,0.11176637159188929,0.5992831376448033,0.5985662752896068,0.019249232659200696,0.3787723769535494
3236,8.213098095450265,0.4961656085834808,11.586661187102713,0.14666529677567852,6509.276079923189,0.5910633999359912,0.5460907355742644,0.4921814711485287,0.04122724591799231,0.8227726448079254
3237,8.261880574304884,0.5232669857249361,14.03827032445124,0.7595675811128101,6204.20408361356,0.3368367363446336,0.6646087301777992,0.7292174603555984,0.009937207831409965,0.19065066326080737
3238,8.911014114906939,0.8838967305038554,11.856285105796346,0.21407127644908663,5877.743670772885,0.06478639231073768,0.6043323501626351,0.6086647003252702,0.008876923148827475,0.16923077068338332
3239,7.744025841349887,0.2355699118610486,11.912937682639043,0.22823442065976107,6344.859605102059,0.4540496709183821,0.37481919025528265,0.14963838051056533,0.029426118076446343,0.5843660217463907
3240,9.119466328441668,0.9997035158009264,14.609850484532583,0.9024626211331457,6112.112421947567,0.2600936849563056,0.6471274130225737,0.6942548260451475,0.023021736508477945,0.45498457592884733
3241,8.63769773408472,0.7320542967137329,12.542320781257429,0.3855801953143573,6774.012124616567,0.8116767705138063,0.6907755563931014,0.7815511127862028,0.01614008881145595,0.31596139013042324
3242,8.645640973488316,0.7364672074935095,11.907770264508741,0.2269425661271851,6183.10580842717,0.3192548403559753,0.590935878028533,0.5818717560570661,0.030883288660869253,0.613803811330692
3243,8.233243639985453,0.5073575777696963,12.643463390578304,0.41086584764457623,6436.128343857318,0.530106953214432,0.3998139697493525,0.19962793949870505,0.027642534684638016,0.5483340340330912
3244,8.508941129981345,0.6605228499896361,11.763206972473222,0.19080174311830556,6698.781842808986,0.7489848690074881,0.49886248455179527,0.39772496910359056,0.010727733184555785,0.2066208724152684
3245,8.757985946493228,0.7988810813851271,13.267682576017934,0.5669206440044836,6498.561084736814,0.5821342372806785,0.3288647045085067,0.0577294090170134,0.0136998941181712,0.2666645276398222
3246,9.09223042545526,0.9845724585862551,12.66802517013059,0.41700629253264765,5833.621071404012,0.02801755950334317,0.3647184453557446,0.12943689071148923,0.03382400876326217,0.6732122982477206
3247,7.40063078915609,0.04479488286449451,14.77879517268876,0.9446987931721902,6915.977411012722,0.929981175843935,0.31583994895301054,0.031679897906021104,0.04524206275784547,0.90388005571405
3248,7.665513334954877,0.19195185275270943,11.809013985759062,0.20225349643976553,6458.809996720898,0.5490083306007484,0.49541867634729053,0.3908373526945811,0.003232918984027453,0.055210484525807124
3249,8.954176808043607,0.9078760044686711,13.689436016414952,0.6723590041037382,6834.081042363661,0.8617342019697181,0.7216559659819726,0.8433119319639452,0.02535517285077917,0.5021247040561448
3250,8.796880264228422,0.8204890356824569,12.80156095593511,0.45039023898377717,6463.229451941996,0.552691209951663,0.45581754867956265,0.3116350973591253,0.024206860662102238,0.4789264780222674
3251,9.021698544326979,0.9453880801816554,12.196988563338957,0.29924714083473936,6086.852642336379,0.23904386861364946,0.6444591796406276,0.6889183592812551,0.028813379923416434,0.5719874732003319
3252,9.025310237191565,0.9473945762175363,14.269538063341315,0.817384515835329,6092.05320308764,0.24337766923969995,0.34668471090402486,0.09336942180804975,0.04334260109337245,0.8655070927954029
3253,8.862360189503278,0.856866771946266,13.485847579015946,0.6214618947539865,5847.912045556036,0.03992670463003001,0.3724733258781387,0.1449466517562774,0.02011150527246883,0.39619202570644096
3254,8.656734205673946,0.7426301142633034,12.71676811774892,0.4291920294372301,6895.265555461522,0.9127212962179352,0.30521553049111005,0.01043106098222013,0.018656750127758512,0.3668030328840103
3255,9.03917288945256,0.9550960496958669,12.868846019048478,0.46721150476211937,5808.164595963878,0.006803829969898145,0.5264053348975547,0.4528106697951094,0.008401292438709853,0.1596220694688859
3256,7.484849939835316,0.09158329990850889,11.968814271193082,0.24220356779827057,6643.976892125103,0.7033140767709195,0.6823474698349214,0.7646949396698428,0.015791651281676887,0.3089222481146846
3257,8.46798352567811,0.6377686253767277,12.762422418448008,0.4406056046120017,6907.81026490844,0.9231752207570338,0.33567891674232053,0.07135783348464109,0.0006356095895288815,0.002739587667250132
3258,7.738903245201504,0.23272402511194645,12.219446891815524,0.3048617229538809,6646.8217546065025,0.7056847955054186,0.6489496381345492,0.6978992762690985,0.046757636566113994,0.9344977084063433
3259,7.990170680709719,0.3723170448387326,11.927533739044911,0.23188343476122775,6544.097702538998,0.6200814187824985,0.7256026708008645,0.8512053416017289,0.034293279956267755,0.6826925243690455
3260,8.513202707320293,0.6628903929557187,13.915745330164285,0.7289363325410714,6215.554598662061,0.34629549888505073,0.4825538033550094,0.36510760671001885,0.010605360083216598,0.20414868854983026
3261,7.791516819015145,0.2619537883417473,11.522219616390172,0.1305549040975431,6054.590970884885,0.21215914240407052,0.5711142268760716,0.5422284537521433,0.029200498913677868,0.5798080588621791
3262,8.365150337525748,0.5806390764031938,14.96575936631703,0.9914398415792578,5970.485336779298,0.14207111398274852,0.47109199793322953,0.3421839958664591,0.018236178540501823,0.35830663718185496
3263,8.67104326473647,0.7505795915202615,11.216402373478367,0.0541005933695915,6396.106469131756,0.49675539094313004,0.6999571779466407,0.7999143558932813,0.018018814431551112,0.3539154430616386
3264,7.974339930205631,0.3635221834475729,11.785315605585193,0.19632890139629844,6987.327333245041,0.9894394443708675,0.45478246216057006,0.30956492432114013,0.02408254789020438,0.47641510889301775
3265,8.043464887287318,0.4019249373818433,12.245709606852307,0.3114274017130768,6155.096398087025,0.2959136650725206,0.7461378018132854,0.8922756036265708,0.0462515502809769,0.9242737430500383
3266,7.464016840634897,0.08000935590827596,13.323567452544,0.5808918631359997,6693.713790053977,0.7447614917116475,0.7218171124480619,0.8436342248961237,0.037521697109702205,0.7479130729232768
3267,9.010045001490408,0.9389138897168938,12.26603580599906,0.31650895149976477,6477.18579400174,0.5643214950014497,0.3060390924625164,0.012078184925032875,0.027500858062049032,0.5454718800413946
3268,8.261454246653862,0.5230301370299238,11.714716621509249,0.17867915537731227,6744.850871929911,0.7873757266082587,0.6823008225469755,0.7646016450939511,0.0160172832138351,0.3134804689663656
3269,8.445878975715901,0.6254883198421672,14.296116143087112,0.8240290357717778,5940.558781052193,0.11713231754349396,0.6982380676546365,0.796476135309273,0.0063287633875939164,0.11775279570896802
3270,7.595917400932085,0.15328744496226954,11.794061851319643,0.19851546282991106,6300.874503065585,0.4173954192213203,0.37413081957137545,0.14826163914275092,0.0034943732920455733,0.060492389738294405
3271,8.379439789163301,0.5885776606462789,14.95821708461613,0.9895542711540327,6947.416049760357,0.9561800414669646,0.4009606345054643,0.20192126901092866,0.019760103233218283,0.3890929946104703
3272,8.273675799070386,0.5298198883724365,12.099683587757294,0.2749208969393233,6020.037797545688,0.1833648312880728,0.6882790233307685,0.7765580466615372,0.04302257160775463,0.8590418506617096
3273,8.676455604108186,0.7535864467267702,14.791461014821486,0.9478652537053714,6523.153017090446,0.6026275142420381,0.7248741142536803,0.8497482285073605,0.018726521194276802,0.36821254937932935
3274,9.10089569989115,0.9893864999395291,11.343015708840822,0.08575392721020547,6375.338238418628,0.4794485320155232,0.5732582686359949,0.5465165372719899,0.010136848737516345,0.19468381287911807
3275,8.040793022808312,0.40044056822684027,13.364280177895134,0.5910700444737835,6932.14969538588,0.943458079488233,0.7895519833143552,0.9791039666287104,0.035770231507411286,0.7125299294426521
3276,7.627700198692615,0.17094455482923065,12.880990349932137,0.4702475874830345,6360.672637999038,0.4672271983325317,0.6892223516797222,0.7784447033594446,0.02406782965416427,0.4761177707911973
3277,8.3203664216948,0.5557591231637783,11.843863975733006,0.21096599393325144,6261.894924445023,0.38491243703751943,0.6473313434446301,0.6946626868892601,0.03841434150397617,0.7659462930096196
3278,7.589172808050241,0.14954044891680063,13.08850054458797,0.5221251361469921,5895.3751833718825,0.07947931947656872,0.7344238882463963,0.8688477764927927,0.01526099949566785,0.2982020100134919
3279,9.058756826284569,0.9659760146025385,11.858162989536336,0.21454074738408402,6513.804348975242,0.5948369574793678,0.4411484802784882,0.2822969605569764,0.04704585370782982,0.940320276925855
3280,9.092386892846308,0.9846593849146164,11.893420536228057,0.2233551340570139,6251.006619358797,0.3758388494656646,0.6549462038883529,0.7098924077767058,0.030763067673116026,0.6113751045073944
3281,7.6279548822101395,0.17108604567229957,13.133314656431942,0.5333286641079853,6296.253463589789,0.41354455299149107,0.7504730857749432,0.9009461715498864,0.012800154927276215,0.24848797832881242
3282,8.334239647233186,0.5634664706851039,14.884846430112917,0.9712116075282293,6230.232642425519,0.3585272020212654,0.7468721230891167,0.8937442461782333,0.032971739044350724,0.6559947281687014
3283,8.474729645203498,0.6415164695574993,13.65445582573077,0.6636139564326923,6653.336600611268,0.711113833842724,0.7432381167002582,0.8864762334005165,0.04957231467896578,0.9913598925043591
3284,9.033033648447988,0.9516853602488826,14.795518330822421,0.9488795827056056,6846.942479880455,0.8724520665670457,0.7080143133850776,0.8160286267701552,0.018080937461217753,0.35517045376197476
3285,8.95805941310538,0.9100330072807672,13.240682503946754,0.5601706259866888,6066.863753472646,0.22238646122720518,0.5300703610502604,0.4601407221005207,0.002998401765719237,0.05047276294382297
3286,7.711555897397181,0.21753105410954532,14.863532268663308,0.9658830671658268,6584.505116269092,0.6537542635575766,0.7279314042461564,0.855862808492313,0.03736895520367763,0.7448273778520733
3287,8.35598694318173,0.5755483017676283,12.4665712556766,0.36664281391915,6685.60737860532,0.7380061488377668,0.39092475288621187,0.18184950577242376,0.022397190344828993,0.442367481713717
3288,8.001794543366309,0.3787747463146164,13.806260925921492,0.7015652314803732,6183.415704851378,0.31951308737614814,0.7656266973738071,0.9312533947476141,0.009052289247596927,0.17277352015347325
3289,8.74399667116316,0.7911092617573113,13.023689497036292,0.5059223742590732,6618.632105155435,0.6821934209628628,0.7449752756826391,0.8899505513652781,0.045257104381185485,0.904183926892636
3290,8.562440932278449,0.6902449623769165,14.42586711857296,0.8564667796432401,6220.827977209355,0.3506899810077958,0.5015597385982397,0.40311947719647934,0.04645276538314139,0.9283386946089168
3291,7.642091852348301,0.17893991797127817,11.278923202577136,0.06973080064428416,6126.922239318765,0.272435199432304,0.6732952567399215,0.746590513479843,0.03425117841323841,0.6818419881462304
3292,9.020005957440324,0.9444477541335137,14.150645065441298,0.7876612663603243,6261.816839001749,0.38484736583479084,0.7890085083107349,0.9780170166214698,0.03136265321128354,0.6234879436622937
3293,8.469849115241908,0.6388050640232829,14.4700088508531,0.867502212713275,6590.902109152426,0.6590850909603554,0.4258026507353356,0.25160530147067117,0.018723591007817366,0.36815335369328006
3294,7.615500501589354,0.1641669453274187,12.945434230622416,0.4863585576556039,5952.46238329205,0.12705198607670776,0.35766325166572077,0.11532650333144157,0.03739833301272241,0.745420868943887
3295,8.806263911907479,0.8257021732819327,14.77611629124169,0.9440290728104227,6551.417670580738,0.6261813921506144,0.5289312185947629,0.4578624371895258,0.04157060339517578,0.8297091594985005
3296,7.475717423493709,0.08650967971872692,13.270495059791195,0.5676237649477984,6299.729401035188,0.41644116752932303,0.646054437900438,0.6921088758008761,0.008088370532419948,0.15330041479636258
3297,7.5113434617257875,0.10630192318099296,12.863682121650141,0.46592053041253545,6125.121091003416,0.2709342425028469,0.479272080467268,0.358544160934536,0.012842350875771206,0.24934042173275162
3298,8.770581777079908,0.8058787650443933,13.455505586791409,0.6138763966978521,6900.850567525332,0.9173754729377764,0.6615767478068126,0.7231534956136252,0.04018516525210982,0.8017205101436327
3299,8.71758456036643,0.7764358668702388,12.55325519227722,0.3883137980693051,6389.927422391813,0.49160618532651046,0.32455770075477974,0.04911540150955951,0.02217233176504981,0.4378248841424204
3300,8.1684978769476,0.47138770941533314,13.752330213263637,0.688082553315909,6886.885670008199,0.9057380583401654,0.4712922003931243,0.34258440078624863,0.03065145975148197,0.6091203990198377
3301,8.106690950429233,0.4370505280162409,14.985159932321098,0.9962899830802746,6913.795454655211,0.9281628788793427,0.7618914490522193,0.9237828981044387,0.04923455066082821,0.9845363769864284
3302,8.259846231032665,0.5221367950181474,12.808178039892542,0.4520445099731355,6843.032124457846,0.8691934370482052,0.39009387183417393,0.1801877436683479,0.03550347482301344,0.707140905515423
3303,8.224696603739961,0.5026092242999786,11.603644100488948,0.15091102512223686,6369.386358098931,0.4744886317491095,0.7645597682819043,0.9291195365638086,0.0027932292390878857,0.04632786341591688
3304,7.930872592938998,0.3393736627438877,13.629675649825964,0.6574189124564911,6294.099223443885,0.41174935286990444,0.6199019248723,0.6398038497446,0.008916442500090297,0.1700291414159656
3305,7.794330564560985,0.2635169803116584,11.290127710653508,0.0725319276633769,6749.609626120252,0.7913413551002101,0.5672629764880615,0.534525952976123,0.010564259469249479,0.20331837311615109
3306,9.050973355817073,0.9616518643428185,14.054083655908881,0.7635209139772204,6081.8707071010485,0.23489225591754015,0.4609526551207176,0.3219053102414352,0.038817213834558335,0.7740851279708754
3307,7.911050322307631,0.328361290170906,13.011483365364981,0.502870841341245,6950.350448215347,0.9586253735127889,0.7495263650775021,0.8990527301550043,0.04649735605050382,0.9292395161717942
3308,9.074449758403368,0.9746943102240943,12.270857798898342,0.3177144497245855,5903.802936986905,0.08650244748908709,0.5390317402166322,0.4780634804332645,0.001031577783360218,0.010738945118388243
3309,8.656398062467822,0.7424433680376794,11.39874146766869,0.09968536691717278,6011.574174106581,0.1763118117554845,0.6937988181014809,0.787597636202962,0.01200278841463095,0.23237956393193837
3310,7.3322325192825595,0.006795844045866195,14.33271029912892,0.8331775747822298,6026.907595265182,0.1890896627209847,0.7795764341483526,0.9591528682967054,0.027811836042538635,0.551754263485629
3311,7.3385629442679745,0.010312746815541396,12.700240410026945,0.4250601025067362,6747.588605239957,0.7896571710332979,0.3561134681865853,0.1122269363731706,0.009655107344656152,0.18495166352840708
3312,7.9760894139555925,0.3644941188642179,12.321391614265172,0.33034790356629296,6283.928350691254,0.4032736255760456,0.38710465971152785,0.17420931942305573,0.01760699699050332,0.34559589879804686
3313,8.083490423172167,0.42416134620675994,12.891703974160738,0.4729259935401843,6575.961780873741,0.6466348173947843,0.5121604501703796,0.4243209003407593,0.006230229262140504,0.11576220731596976
3314,8.89710610365358,0.8761700575853226,13.572631900322445,0.6431579750806111,5974.660164609911,0.14555013717492538,0.6102707885742809,0.6205415771485618,0.005450285603988634,0.10000576977754816
3315,7.877025454942132,0.30945858607896193,12.002838140538774,0.2507095351346934,6199.003936467802,0.33250328038983556,0.6630280527537424,0.7260561055074848,0.01582567359565769,0.30960956758904423
3316,8.296643848680274,0.5425799159334854,14.05683634770575,0.7642090869264372,6775.641792510456,0.8130348270920466,0.4291659630128488,0.25833192602569766,0.03265851492781347,0.649666968238656
3317,9.059794373116965,0.9665524295094252,12.431322952078109,0.35783073801952703,5805.632804524175,0.004694003770145727,0.3700992246316528,0.1401984492633056,0.030138805416682266,0.5987637457915609
3318,8.518842336970417,0.6660235205391205,12.551821627897008,0.3879554069742519,6587.981272733153,0.6566510606109603,0.48659537194861097,0.37319074389722195,0.0336026204594336,0.6687398072612849
3319,7.448067619876315,0.07114867770906375,12.878202638024458,0.46955065950611463,5847.882523969343,0.03990210330778643,0.6614271780545145,0.722854356109029,0.046163615916558154,0.922497291243599
3320,8.853919449878697,0.8521774721548324,14.51852386210203,0.8796309655255076,5982.1772427915885,0.1518143689929904,0.45082672118976547,0.30165344237953096,0.03433967933327623,0.6836298855207319
3321,7.617642080844456,0.165356711580253,12.238419358286283,0.3096048395715708,6898.597690233265,0.9154980751943876,0.7852645555109009,0.9705291110218018,0.010286693919848619,0.19771098827977007
3322,8.092330601351282,0.4290725563062677,12.265855774405651,0.3164639436014126,5861.014403413227,0.05084533617768938,0.5638487445119436,0.5276974890238871,0.010341601437754554,0.19882023106574853
3323,8.198627932209154,0.48812662900508563,12.852170016007342,0.46304250400183555,6965.982635484229,0.9716521962368573,0.6645335200250508,0.7290670400501018,0.010958762004073471,0.21128812129441354
3324,7.873120772294626,0.30728931794145864,13.948755629661552,0.7371889074153877,6397.429985619292,0.4978583213494099,0.736217121599007,0.872434243198014,0.04150834614242806,0.8284514372207687
3325,9.049471338024754,0.9608174100137521,12.109554421793417,0.2773886054483543,6337.243865110862,0.44770322092571835,0.37094147190958554,0.1418829438191711,0.0027099011293608573,0.0446444672598153
3326,8.958869475894618,0.9104830421636766,12.895021685333884,0.47375542133347104,6449.638590656249,0.541365492213541,0.5842244326275112,0.5684488652550225,0.03341706079072397,0.6649911270853327
3327,8.249173750839589,0.5162076393553275,11.2521521342199,0.06303803355497484,5966.891724060059,0.13907643671671577,0.3552368028406767,0.11047360568135345,0.032538567814122205,0.647243794224691
3328,7.648482442001471,0.18249024555637305,13.015699225477288,0.503924806369322,6526.862757933805,0.6057189649448379,0.5085419312590613,0.4170838625181228,0.03816826362297899,0.7609750226864442
3329,7.328233123417677,0.004573957454264699,11.061995740193371,0.015498935048342877,6072.523442229209,0.22710286852434092,0.6677519088713241,0.7355038177426482,0.03259771491994616,0.6484386852514376
3330,7.3569469954903175,0.020526108605732007,12.188760430949607,0.29719010773740195,6365.964228624005,0.4716368571866705,0.7890318022694475,0.978063604538895,0.016737752506661947,0.3280354041749888
3331,8.967002221856143,0.9150012343645242,14.570538156874932,0.8926345392187328,6370.86267164842,0.47571889304034976,0.5738496686709738,0.5476993373419475,0.012258787065063139,0.23755125383965936
3332,8.585146069227399,0.7028589273485557,11.591259088130172,0.1478147720325429,6166.14225643779,0.305118547031492,0.4492417968904779,0.2984835937809558,0.01855064386724081,0.3646594720654709
3333,8.229795041807836,0.5054416898932431,13.69853619678997,0.6746340491974927,5822.378613918826,0.018648844932354636,0.3085729373246987,0.01714587464939743,0.030717337686579003,0.6104512663955354
3334,7.943310080368123,0.3462833779822906,14.190089998039067,0.7975224995097666,5819.692933314798,0.016410777762331907,0.5115256278118069,0.4230512556236138,0.03529572349300184,0.7029439089495321
3335,8.001068689910309,0.37837149439461637,13.188245668254492,0.5470614170636232,6406.643415352746,0.505536179460622,0.531580319909672,0.4631606398193442,0.04494677273185588,0.897914600643553
3336,9.070994575486539,0.9727747641591888,13.219003763142393,0.554750940785598,5846.645769796096,0.0388714748300798,0.7071962322743452,0.8143924645486906,0.021123165592302186,0.4166296079252967
3337,7.3284825768761594,0.004712542708977141,12.170408776654428,0.292602194163607,6838.88938139719,0.8657411511643252,0.7066463845897,0.8132927691794,0.015162416416677559,0.2962104326601527
3338,8.96565279722159,0.914251554011995,13.70292563485954,0.6757314087148848,6991.876252617594,0.9932302105146616,0.3667029118187847,0.13340582363756948,0.017198244088204903,0.3373382644081798
3339,8.717546534155083,0.7764147411972684,14.68649828507192,0.9216245712679798,5935.180700251158,0.11265058354263136,0.5640083514474024,0.5280167028948047,0.02689024695602936,0.5331363021420072
3340,8.68133289629483,0.7562960534971278,11.887752531697782,0.22193813292444553,6349.513205538869,0.4579276712823912,0.4670232351810925,0.33404647036218504,0.015080231508881575,0.29455013149255704
3341,8.17144989349627,0.4730277186090389,14.326693588001529,0.8316733970003821,6053.237077636719,0.21103089803059905,0.4303346028414232,0.26066920568284646,0.0449796524255624,0.8985788368800484
3342,8.31191089907474,0.5510616105970775,12.888398133038855,0.472099533259714,6157.945241200259,0.29828770100021595,0.4221335119942356,0.24426702398847122,0.031922652160930855,0.6348010537561788
3343,8.531894666968988,0.6732748149827709,11.993702506945926,0.2484256267364816,6913.802243722058,0.928168536435048,0.4989384267822021,0.3978768535644043,0.04298741920808752,0.8583317011734851
3344,8.600059822240068,0.7111443456889266,12.676032803469852,0.41900820086746304,5929.49308573174,0.10791090477645027,0.5474390569889069,0.4948781139778139,0.010983599533427086,0.21178988956418354
3345,8.551055506155045,0.6839197256416916,11.034903464439733,0.008725866109933422,6492.074628338689,0.5767288569489073,0.5069901361313338,0.41398027226266765,0.04873766986716815,0.974498381154912
3346,8.953752229366671,0.9076401274259286,14.182313792763967,0.7955784481909915,6100.821168596111,0.2506843071634264,0.3430564969700246,0.08611299394004923,0.04560649865715219,0.9112423971141855
3347,7.454901040059769,0.0749450222554271,13.661140832702499,0.6652852081756248,6125.126528057987,0.2709387733816562,0.5945414004642853,0.5890828009285706,0.04376553188215041,0.8740511491343517
3348,7.5286525610992845,0.11591808949960225,13.943123789523051,0.7357809473807627,6318.844884122896,0.4323707367690799,0.7617357130963982,0.9234714261927964,0.015549965315811288,0.30403970334972297
3349,8.684622962181292,0.7581238678784958,12.300025721788915,0.32500643044722854,6446.216697432529,0.538513914527108,0.7451410130509032,0.8902820261018064,0.005078926270826239,0.09250356102679269
3350,7.415560288866561,0.05308904937031178,13.581177887741799,0.6452944719354499,6861.208993206579,0.8843408276721493,0.648488695449777,0.6969773908995542,0.004119965925189062,0.07313062475129417
3351,8.253542691691027,0.5186348287172378,13.052460990236277,0.513115247559069,6243.649612551035,0.36970801045919566,0.3980496139181556,0.19609922783631117,0.0414906565228613,0.8280940711689151
3352,8.766704949980285,0.8037249722112697,14.535657325801782,0.8839143314504454,5882.3342003783255,0.06861183364860457,0.5680814185211553,0.5361628370423106,0.034057502982674105,0.6779293531853354
3353,7.7288987368499935,0.22716596491666297,11.1226349129429,0.03065872823572502,6478.108948969558,0.5650907908079646,0.7858390006734169,0.9716780013468339,0.03216137109796936,0.6396236585448356
3354,8.215315355246572,0.4973974195814287,12.108573922588564,0.2771434806471408,6599.371518002354,0.6661429316686278,0.4784076618652499,0.35681532373049984,0.024046575175783035,0.4756883873895562
3355,7.53452563956258,0.1191809108680999,14.30260273549534,0.825650683873835,5996.521933907209,0.1637682782560077,0.4846663269234193,0.36933265384683867,0.004610355157049417,0.08303747792019023
3356,7.83364926607473,0.28536070337484987,11.939217057686209,0.2348042644215521,6997.515391159766,0.9979294926331385,0.5728731240580831,0.5457462481161663,0.04028548384080149,0.8037471482990199
3357,8.09578103611561,0.4309894645086728,12.85254497767024,0.46313624441755996,6240.947833938722,0.3674565282822684,0.4786986664693317,0.3573973329386634,0.014531363758643915,0.28346189411401845
3358,9.083561205048406,0.9797562250268925,11.28147192747979,0.07036798186994775,6195.040609911783,0.32920050825981917,0.5667691033680228,0.5335382067360456,0.0024711884310141116,0.03982198850533558
3359,8.739998273357529,0.7888879296430713,13.842544430224933,0.7106361075562331,6237.428922993245,0.3645241024943705,0.42320952784224564,0.2464190556844913,0.03758399743301772,0.7491716653134892
3360,7.797405899610861,0.2652254997838114,11.773990903039566,0.19349772575989144,6046.5829896190035,0.20548582468250287,0.44806132053956754,0.2961226410791351,0.030048985556464066,0.5969492031608902
3361,8.472518482352918,0.6402880457516211,13.903732491463316,0.7259331228658292,6986.080961544692,0.9884008012872434,0.6993612352034086,0.7987224704068172,0.02681697053302286,0.5316559703640982
3362,9.037571101748878,0.9542061676382655,14.150222532455803,0.787555633113951,6790.0179421943285,0.8250149518286071,0.3489433736260778,0.09788674725215563,0.02957684775347177,0.5874110657267024
3363,7.9185551150938025,0.33253061949655693,13.878987160822504,0.7197467902056259,6560.206521394038,0.6335054344950317,0.6661413823757942,0.7322827647515884,0.021658529339766766,0.4274450371670053
3364,8.525783746316861,0.6698798590649228,13.190153652333908,0.547538413083477,6887.270298096725,0.9060585817472707,0.6406332741234632,0.6812665482469263,0.044165081126537956,0.8821228510411708
3365,8.972499545520831,0.9180553030671288,14.69638923152128,0.9240973078803199,6724.142079187065,0.7701183993225544,0.3230592563625215,0.04611851272504297,0.01200476533309732,0.2324195016787337
3366,8.064954612885845,0.41386367382546996,14.625471979452383,0.9063679948630957,6289.1707863123365,0.40764232192694694,0.3975116109771143,0.1950232219542286,0.02505780655713625,0.4961173041845707
3367,7.509632591287801,0.10535143960433391,13.694008116649403,0.6735020291623506,6644.542949961351,0.7037857916344591,0.7679717649424886,0.9359435298849773,0.022690492924570507,0.4482927863549597
3368,8.226000771254721,0.5033337618081783,13.168437432082452,0.5421093580206132,6113.644466991591,0.26137038915965927,0.3262408040238314,0.052481608047662776,0.041659459493647424,0.8315042321948974
3369,9.050014490236997,0.9611191612427766,13.623964241478738,0.6559910603696848,6098.747632177569,0.24895636014797473,0.7063489170796331,0.8126978341592661,0.0026254650761317164,0.04293868840670134
3370,9.075957718194083,0.97553206566338,11.585593202917181,0.14639830072929527,5815.02139984816,0.012517833206800666,0.7064101999730319,0.8128203999460637,0.02427850414258211,0.4803738210622648
3371,8.784968210347536,0.8138712279708539,13.082064740189479,0.5205161850473697,6889.954187182172,0.9082951559851437,0.6249455169158229,0.6498910338316459,0.005776011565791078,0.10658609223820359
3372,7.582776931646776,0.14598718424820878,11.772011031596154,0.1930027578990383,6755.253023069549,0.796044185891291,0.5836195093111156,0.5672390186222311,0.02393479897313105,0.4734302822854758
3373,8.223472302206769,0.5019290567815389,12.338670303635991,0.33466757590899776,5893.9688415098135,0.07830736792484427,0.726081150758592,0.8521623015171842,0.048210111446952045,0.9638406352919605
3374,9.09635911403337,0.9868661744629846,14.865772457870476,0.9664431144676189,6968.801271853372,0.9740010598778096,0.5257390440203245,0.4514780880406488,0.010395217265394859,0.199903379098886
3375,8.046794014945963,0.4037744527477575,14.52234132951911,0.8805853323797775,6286.236751970626,0.405197293308855,0.7215136826514374,0.8430273653028749,0.04674959501957479,0.9343352529207029
3376,8.925221531570408,0.8917897397613381,14.590721746811354,0.8976804367028386,6767.917625601251,0.8065980213343755,0.5710871491115459,0.5421742982230919,0.020742224207495576,0.40893382237364795
3377,8.037051649106543,0.39836202728141223,11.252831281068529,0.06320782026713223,6513.382733897502,0.5944856115812515,0.5941567910370451,0.5883135820740901,0.03411642980143544,0.6791197939683927
3378,7.571183305857939,0.13954628103218825,12.306215237027093,0.32655380925677346,6692.580256980912,0.7438168808174269,0.6740924334401215,0.7481848668802431,0.02194955970037063,0.43332443839132584
3379,7.658959613165003,0.18831089620277908,13.24630673461641,0.5615766836541022,6455.151744064212,0.5459597867201768,0.7930628729690387,0.9861257459380773,0.028765815592922264,0.5710265776347931
3380,8.255619183608378,0.5197884353379879,12.029683712307849,0.25742092807696215,6965.818105108538,0.9715150875904484,0.7011512962188292,0.8023025924376584,0.0460161684782204,0.9195185551155636
3381,8.34169643726202,0.5676091318122332,14.011346754840966,0.7528366887102416,6794.801361457185,0.8290011345476535,0.6452878905993169,0.6905757811986337,0.01724832903944527,0.33835008160495494
3382,8.516639202535055,0.6647995569639199,14.39533404511753,0.8488335112793822,6194.284385273148,0.3285703210609566,0.3000098975056537,1.97950113074441e-05,0.04886562420493441,0.9770833172714023
3383,8.580393093725174,0.7002183854028743,14.552456606988335,0.8881141517470837,6953.3401205793225,0.9611167671494355,0.4997511946577105,0.39950238931542104,0.03104638107088756,0.617098607492678
3384,8.68768473242424,0.7598248513467998,11.731136312691628,0.18278407817290732,6098.407548097071,0.2486729567475593,0.6675540873666175,0.735108174733235,0.024795322588120155,0.4908145977398011
3385,7.427758403239876,0.05986577957770867,14.529386035770996,0.8823465089427488,6537.659607972688,0.6147163399772402,0.7655729492736028,0.9311458985472056,0.004761415432551505,0.08608920065760617
3386,8.797014024819832,0.8205633471221293,14.492524162625942,0.8731310406564856,6922.4805939919215,0.9354004949932677,0.6475166898266149,0.6950333796532298,0.025161675508981976,0.4982156668481207
3387,8.23936973583601,0.5107609643533393,13.24192019427691,0.5604800485692275,6943.4192079519125,0.9528493399599272,0.3602377951060299,0.12047559021205978,0.037302947037020355,0.7434938795357647
3388,7.972890425320575,0.36271690295587466,13.51764234326725,0.6294105858168123,6817.035391665867,0.8475294930548889,0.3185065980344342,0.03701319606886844,0.021948912648001126,0.43331136662628533
3389,8.491754457551753,0.6509746986398632,11.072858476389175,0.01821461909729405,6436.296844169946,0.5302473701416216,0.44320934367284764,0.2864186873456953,0.04409995567961778,0.8808071854468238
3390,8.268518908704444,0.5269549492802467,14.024242730497592,0.756060682624398,6941.92029605763,0.9516002467146919,0.7307549008814385,0.8615098017628771,0.040644061424017906,0.8109911398791496
3391,7.773975386516303,0.2522085480646127,14.369506527264235,0.842376631816059,6674.930408784794,0.7291086739873283,0.7328319910752028,0.8656639821504055,0.02821692472867159,0.5599378733064967
3392,8.674633567277212,0.7525742040428959,11.654871292392833,0.1637178230982086,6916.08071765694,0.9300672647141166,0.6235012837280607,0.6470025674561214,0.0231803143469095,0.45818816862443434
3393,8.41558257676626,0.6086569870923672,13.35868127869447,0.5896703196736176,6062.679803009032,0.21889983584086026,0.6060205340071578,0.6120410680143156,0.04738028650810602,0.9470764951132529
3394,7.765111051745845,0.24728391763658053,11.42152387630547,0.10538096907636729,6082.634274291827,0.2355285619098556,0.7943035245386941,0.9886070490773883,0.027335761321056636,0.5421365923445784
3395,8.660559960331643,0.7447555335175793,11.81027682072781,0.2025692051819522,6078.684793718435,0.23223732809869535,0.42707681939654,0.25415363879308006,0.049835446284874206,0.9966756825227112
3396,9.02834873657946,0.9490826314330342,12.196501498599345,0.29912537464983624,6109.870003948766,0.25822500329063836,0.6618661551151407,0.7237323102302814,0.03956690695909314,0.7892304436180431
3397,7.7738856379542485,0.2521586877523604,12.299833267144397,0.3249583167860991,6579.071755818966,0.6492264631824719,0.5450853403012087,0.4901706806024174,0.004705824891493897,0.08496615942411911
3398,8.016600955038397,0.38700053057688755,12.131355972081902,0.28283899302047577,6943.617036866559,0.9530141973887991,0.5811983125309086,0.5623966250618173,0.010776420937870302,0.20760446339131922
3399,8.223218131553828,0.5017878508632386,11.941556102991818,0.23538902574795473,6235.050432317753,0.36254202693146054,0.3320221442981905,0.064044288596381,0.007765076890759431,0.14676923011635212
3400,7.425019270152023,0.058344038973345946,14.601709310207855,0.9004273275519638,5883.9659456000945,0.06997162133341195,0.7155735442735316,0.8311470885470633,0.04804602339257424,0.9605257251025098
3401,7.8742418642962795,0.3079121468312662,14.442756361197253,0.8606890902993133,5861.510532048442,0.051258776707034936,0.6902187538619983,0.7804375077239966,0.02433834581651914,0.4815827437680634
3402,7.649090011388198,0.18282778410455425,13.882447424986324,0.7206118562465809,6793.365433568054,0.8278045279733786,0.5716707616881638,0.5433415233763276,0.010679772633048082,0.2056519723848097
3403,8.826582178807488,0.836990099337494,12.849977140774948,0.46249428519373714,5819.505721389615,0.016254767824679495,0.42383970096263096,0.24767940192526194,0.013499827409577992,0.26262277595107053
3404,7.5689599341467035,0.1383110745259465,11.181179753260295,0.04529493831507381,6343.745589895787,0.45312132491315593,0.6672238257478318,0.7344476514956635,0.04122434653159052,0.822714071345263
3405,8.276644808120652,0.5314693378448071,13.062838338369712,0.5157095845924281,6405.277433969994,0.5043978616416612,0.5238450804544517,0.44769016090890323,0.03906934691538728,0.7791787255633793
3406,8.813612341098398,0.8297846339435548,11.934036350172699,0.23350908754317456,6139.271382020159,0.28272615168346593,0.5889220350561508,0.5778440701123017,0.03789751354149205,0.7555053240705465
3407,8.135698982882166,0.45316610160120385,12.437727322472737,0.3594318306181844,6315.12133955358,0.4292677829613163,0.6485159976978667,0.6970319953957336,0.013296586844156525,0.25851690594255605
3408,7.721453395116394,0.22302966395355228,13.811524777370224,0.702881194342556,6688.550309377764,0.7404585911481372,0.4333736162346805,0.26674723246936105,0.01332360330405772,0.25906269301126705
3409,8.601869905121957,0.7121499472899763,11.794284342996107,0.19857108574902693,5832.90876985686,0.027423974880716906,0.5365448795631227,0.4730897591262455,0.016564367600952225,0.32453267880711567
3410,9.111896241074422,0.9954979117080125,13.590237194532481,0.64755929863312,6945.839191210418,0.9548659926753488,0.4984314607851655,0.396862921570331,0.006782726004069846,0.1269237576579767
3411,8.974542500655835,0.9191902781421306,13.893574891017145,0.7233937227542864,6961.128387344249,0.9676069894535411,0.7663134357659662,0.9326268715319326,0.04128546923989649,0.8239488735332624
3412,8.779879915782669,0.8110443976570382,11.697138044960248,0.17428451124006183,6090.290591036281,0.24190882586356688,0.3442583926768505,0.088516785353701,0.04306862098342294,0.8599721410792514
3413,8.087282714525548,0.42626817473641543,12.535061467761428,0.38376536694035723,6271.197000453843,0.39266416704486984,0.45197380648896235,0.3039476129779247,0.03161149986397907,0.628515148767254
3414,7.469685664163906,0.08315870231328115,11.538081959210402,0.13452048980260056,6714.013102265476,0.7616775852212297,0.42611840868620643,0.2522368173724129,0.035824252187544606,0.7136212563140324
3415,8.155371021351918,0.46409501186217683,12.278496640933028,0.3196241602332569,6822.142331669858,0.8517852763915487,0.6770499228729615,0.754099845745923,0.013009411737563049,0.2527153886376373
3416,7.744051922312611,0.23558440128478375,12.384932825668745,0.34623320641718636,6659.689604410105,0.7164080036750874,0.7876540185986483,0.9753080371972966,0.0005388773393646069,0.0007854007952445841
3417,8.064404303538073,0.4135579464100405,14.759830059424907,0.9399575148562269,6544.989788068757,0.6208248233906307,0.7506720918408646,0.9013441836817292,0.02143440063810021,0.42291718460808503
3418,8.521407593929144,0.667448663293969,14.029740767120678,0.7574351917801694,5838.339692862898,0.03194974405241524,0.5979302235619028,0.5958604471238057,0.03527162745921439,0.7024571203881694
3419,8.562052926407073,0.6900294035594856,12.788570051180104,0.4471425127950259,6744.888087466001,0.7874067395550008,0.7990163775136383,0.9980327550272765,0.00718670579134786,0.13508496548177495
3420,8.767205216773366,0.804002898207426,11.631195526434084,0.15779888160852085,6217.27404939936,0.34772837449946625,0.47748207832728434,0.3549641566545687,0.040216372031726726,0.8023509501358934
3421,8.509917367819995,0.6610652043444414,13.381781536634753,0.5954453841586881,5938.368799381859,0.11530733281821637,0.626192893149453,0.6523857862989061,0.02484925664723426,0.4919041746916012
3422,8.520957788272549,0.6671987712625277,14.691797532939127,0.9229493832347817,5917.057169962811,0.09754764163567542,0.34304628729741155,0.08609257459482311,0.005398803916452427,0.09896573568590761
3423,7.996863477785894,0.3760352654366079,11.346958502499591,0.08673962562489768,6594.664893695314,0.6622207447460953,0.5046904602337628,0.4093809204675257,0.035911900940626816,0.7153919381944811
3424,8.29876886001774,0.5437604777876331,14.391301399175978,0.8478253497939945,6262.5516969037935,0.3854597474198278,0.4159054632682465,0.23181092653649304,0.049657547693041336,0.9930817715765926
3425,7.632446525054331,0.17358140280796175,14.035289063289621,0.7588222658224052,5820.3327496708025,0.016943958059002173,0.788388904243388,0.9767778084867761,0.04033996516031056,0.8048477810163749
3426,7.96507120466182,0.3583728914787888,12.990034773380078,0.49750869334501924,5806.868008232337,0.0057233401936146455,0.5734856465541858,0.5469712931083714,0.02781135426380111,0.5517445305818406
3427,8.553971141054314,0.6855395228079525,12.938857497736178,0.48471437443404464,6951.812809606444,0.9598440080053701,0.49750212884168427,0.39500425768336855,0.008097010049196711,0.15347495048882243
3428,8.114285231024118,0.4412695727911763,14.775638742958783,0.9439096857396956,5855.599783534878,0.04633315294573159,0.7869301921184457,0.9738603842368916,0.03371233491475549,0.6709562609041513
3429,8.83072205017608,0.8392900278756001,14.664657129853287,0.9161642824633219,6810.497929925941,0.8420816082716173,0.41286435806009253,0.22572871612018508,0.03025367949543554,0.6010844342512229
3430,7.567299518666055,0.1373886214811415,14.993015149817385,0.998253787454346,6814.378315258956,0.8453152627157967,0.4259395675995934,0.2518791351991868,0.013219789355752307,0.2569654415303496
3431,7.53221747096048,0.11789859497804411,14.275578219109585,0.8188945547773964,6598.266425233316,0.6652220210277633,0.7266207170727008,0.8532414341454018,0.028610514535802475,0.5678891825414641
3432,8.909567817488034,0.8830932319377971,11.596212926740582,0.14905323168514562,6254.664579058305,0.378887149215254,0.7248578566972488,0.8497157133944976,0.03135994631081108,0.6234332588042641
3433,8.488252850454478,0.6490293613635986,14.929796794778945,0.982449198694736,6494.575678927524,0.5788130657729367,0.40734653075774785,0.21469306151549572,0.008519116896073141,0.16200236153683112
3434,8.161981612960508,0.46776756275583764,13.959363801904006,0.7398409504760015,6944.763032298382,0.9539691935819852,0.4811369350508611,0.3622738701017222,0.03563727496192178,0.7098439386246824
3435,8.134394134145396,0.4524411856363313,11.186992073461203,0.04674801836530085,6111.353605582767,0.2594613379856392,0.3064104388007398,0.012820877601479652,0.017872220727661134,0.3509539540941643
3436,8.854930266396805,0.8527390368871144,11.950871673730747,0.23771791843268664,6606.581939566588,0.6721516163054893,0.5837595649024814,0.5675191298049628,0.03837122657314595,0.7650752843059787
3437,7.944454323321736,0.34691906851207566,12.375141841406462,0.3437854603516155,6968.150843386236,0.9734590361551967,0.5765345933810384,0.5530691867620767,0.0015051138636397031,0.02030533057857986
3438,9.104443679539266,0.9913575997440365,12.906822167913292,0.47670554197832304,6050.980799161071,0.2091506659675595,0.7824697184634584,0.9649394369269167,0.03530599367332985,0.7031513873399969
3439,9.10050037396952,0.9891668744275113,12.455230793820443,0.3638076984551105,6421.48694198693,0.5179057849891087,0.6204036017294507,0.6408072034589015,0.03807220945958993,0.7590345345371703
3440,8.933175468620627,0.8962085936781263,13.733856254004525,0.6834640635011312,6578.004983632883,0.6483374863607354,0.5206852771983443,0.4413705543966886,0.04271901260659059,0.8529093455876886
3441,8.95119556463847,0.9062197581324835,12.339346747343283,0.3348366868358207,6337.328549233263,0.44777379102771964,0.6259269934093574,0.6518539868187149,0.030786440089318665,0.6118472745316902
3442,8.966321395621163,0.9146229975673132,14.678776693937314,0.9196941734843284,5987.794900867628,0.15649575072302302,0.6341595883811546,0.6683191767623091,0.03762452878304477,0.749990480465551
3443,8.19289227842457,0.4849401546803168,14.210521833661529,0.8026304584153824,6458.968134677626,0.5491401122313553,0.310971432863248,0.021942865726496064,0.044249618449645686,0.8838306757504178
3444,8.196134256904728,0.4867412538359599,12.193738073930739,0.29843451848268454,6825.798203749775,0.8548318364581454,0.4983905883660136,0.3967811767320272,0.010996951792075082,0.21205963216313295
3445,7.96082384323964,0.35601324624424446,11.853253694968938,0.2133134237422345,6110.6563568305255,0.2588802973587716,0.6343353416624828,0.6686706833249658,0.01950924251330853,0.38402510127896017
3446,8.884482573120158,0.8691569850667545,13.554423049994202,0.6386057624985507,6077.822401849653,0.23151866820804434,0.5912482948156774,0.582496589631355,0.009609899539148013,0.18403837452824268
3447,8.711455358897494,0.7730307549430522,11.309894119162571,0.07747352979064281,6376.427636512131,0.4803563637601097,0.4966915207180788,0.39338304143615765,0.02689395192840845,0.5332111500688576
3448,7.4692731861785875,0.08292954787699303,14.360838859527934,0.8402097148819838,6151.68478940973,0.2930706578414417,0.7533044727090864,0.9066089454181728,0.0033550768516126266,0.05767832023459851
3449,7.893268335096509,0.3184824083869494,12.678593697900553,0.4196484244751383,6208.417166430905,0.3403476386924207,0.3781928853722859,0.15638577074457183,0.012466303834887647,0.24174351181591203
3450,8.503639406820396,0.657577448233553,13.202692143508354,0.5506730358770888,5938.922258763549,0.11576854896962374,0.7152017809422377,0.8304035618844756,0.0369064500582224,0.7354838395600484
3451,8.170814488649096,0.47267471591616517,12.639364902275608,0.4098412255689019,6512.503024945278,0.5937525207877323,0.3525747030592283,0.10514940611845658,0.0064229202462595305,0.1196549544698895
3452,8.669496435126588,0.7497202417369933,11.281861977028246,0.07046549425706139,5982.535362041457,0.15211280170121455,0.468773828765099,0.337547657530198,0.01973127242804495,0.38851055410191815
3453,7.745612872824689,0.23645159601371646,12.298323846718134,0.3245809616795333,5921.723194485203,0.10143599540433568,0.3135861513481677,0.027172302696335415,0.01536538842766354,0.30031087732653616
3454,7.505850626426385,0.10325034801465816,12.976507961632215,0.49412699040805375,6997.133349689149,0.9976111247409576,0.43931552829035947,0.27863105658071896,0.037778380571333585,0.7530985974006784
3455,8.22576163580771,0.5032009087820615,13.857663087115267,0.7144157717788169,6620.271234370049,0.6835593619750405,0.7039273352486001,0.8078546704972002,0.0018635808450789297,0.027547087779372315
3456,8.883424967158541,0.8685694261991901,12.771442013526219,0.4428605033815546,6988.305772266521,0.9902548102221006,0.4017292735088698,0.20345854701773958,0.003272701992129176,0.056014181659175266
3457,7.7725908723637005,0.25143937353538937,12.51811075575392,0.3795276889384802,6322.914915901846,0.43576242991820535,0.702814773021452,0.805629546042904,0.0210388492107239,0.41492624668129086
3458,8.945218575264027,0.9028992084800158,11.721367784464448,0.18034194611611176,5900.337984797953,0.08361498733162731,0.7088859903143556,0.8177719806287114,0.017235387956999252,0.3380886455959444
3459,7.842276770461701,0.2901537613676115,12.122588442130368,0.28064711053259195,6015.142302211633,0.17928525184302746,0.6973341446971931,0.7946682893943863,0.009253416298716623,0.17683669290336612
3460,8.705068153812277,0.7694823076734876,13.720719265282087,0.6801798163205216,5975.639547596442,0.14636628966370158,0.3543219593551297,0.10864391871025947,0.007501653285118827,0.14144754111351165
3461,8.122538738547211,0.4458548547484509,14.591361709575562,0.8978404273938904,6745.070918804751,0.787559099003959,0.5418194500730794,0.48363890014615885,0.0015650246794717288,0.021515650090337957
3462,9.011499691011148,0.9397220505617486,11.889528852807207,0.22238221320180152,5840.222855049329,0.03351904587444121,0.5591746351714447,0.5183492703428895,0.04809568916911338,0.9615290741235025
3463,8.29193062117777,0.5399614562098726,11.598614117725596,0.14965352943139876,6475.664420554283,0.5630536837952363,0.4065311295397633,0.21306225907952658,0.011955218383040794,0.2314185531927433
3464,8.549871337409622,0.683261854116457,14.740883138376926,0.9352207845942314,6673.522712218773,0.7279355935156442,0.35274418663620005,0.10548837327240013,0.03966401274786799,0.7911921767246057
3465,8.3368525464042,0.5649180813356671,13.166566066712454,0.5416415166781133,6698.078804684641,0.7483990039038678,0.6978595680027553,0.7957191360055106,0.041580696903407224,0.8299130687557015
3466,8.913027702126628,0.8850153900703497,14.976583493254076,0.9941458733135187,6969.6520702831685,0.974710058569307,0.46501396639364306,0.33002793278728615,0.021978372896756557,0.4339065231667991
3467,7.851644809412195,0.29535822745121953,14.191346994920401,0.7978367487301001,6072.798782121335,0.22733231843444524,0.799012159821624,0.9980243196432479,0.039174687824335926,0.7813068247340591
3468,8.54907737865346,0.6828207659185883,11.699699321992668,0.17492483049816676,6213.97301836166,0.3449775153013832,0.5692094982988825,0.5384189965977648,0.005404171395901627,0.09907416961417426
3469,8.216626593766335,0.49812588542574177,14.794460022127137,0.9486150055317843,5969.84837809649,0.1415403150804082,0.7490383924651776,0.8980767849303551,0.0015975166825857126,0.02217205419365076
3470,8.251033416422734,0.5172407869015189,12.156759210954537,0.28918980273863404,6780.992702074439,0.8174939183953659,0.6502837044202588,0.7005674088405177,0.0375053334110354,0.7475824931522302
3471,8.834215482000605,0.8412308233336695,13.388975734242551,0.5972439335606378,6991.43421429034,0.9928618452419499,0.7095030436890133,0.8190060873780266,0.022029056087799908,0.4349304260161597
3472,7.363805066381391,0.02433614798966166,13.531478552959614,0.6328696382399036,5821.379262116355,0.01781605176362877,0.3472591260731231,0.0945182521462462,0.023725166318041554,0.4691952791523546
3473,8.983645228233682,0.9242473490187123,14.201990481253763,0.8004976203134408,6705.6809557392,0.7547341297826663,0.4688229838095631,0.33764596761912624,0.010560028688341749,0.2032329027947828
3474,7.757774258964866,0.24320792164714788,12.334384595789945,0.33359614894748657,6997.334734180807,0.9977789451506722,0.402690023457524,0.20538004691504808,0.025353803484210118,0.5020970400850528
3475,9.01913649737853,0.9439647207658509,11.838032843291115,0.20950821082277882,6909.179293412996,0.9243160778441634,0.49081231269740855,0.3816246253948171,0.03129490780953148,0.6221193496875047
3476,9.039608634065983,0.9553381300366576,13.904765817606416,0.7261914544016038,5829.107185531631,0.02425598794302608,0.7099782498365452,0.8199564996730906,0.023179906154250494,0.4581799223080908
3477,7.532780355292952,0.11821130849608463,13.297180952238381,0.5742952380595954,6157.754796455582,0.29812899704631857,0.5919658663728474,0.5839317327456949,0.023994099206093692,0.47462826678977155
3478,7.82253272992843,0.27918484996023896,12.58908459453341,0.39727114863335256,6630.585070439842,0.6921542253665347,0.44616307013063167,0.29232614026126336,0.014588854824348645,0.2846233297848211
3479,8.270241268137026,0.5279118156316808,14.588355105047688,0.8970887762619221,6060.8825857926495,0.21740215482720804,0.3520853493699079,0.10417069873981577,0.03354971417749042,0.6676709934846549
3480,7.529270069145988,0.11626114952554867,13.884810037657019,0.7212025094142548,5811.472644363201,0.0095605369693339,0.7848601437870991,0.9697202875741983,0.024042847027058212,0.4756130712537012
3481,7.817411979071858,0.27633998837325435,13.692623590080306,0.6731558975200763,6981.471039834565,0.9845591998621379,0.3591106989509203,0.11822139790184061,0.033087825745582077,0.6583399140521632
3482,8.969393101963469,0.9163295010908161,11.301884125466422,0.07547103136660582,6240.287648076883,0.3669063733974022,0.7010768399753322,0.8021536799506646,0.047423237358868595,0.9479441890680523
3483,8.409616614054471,0.6053425633635947,12.534490935865252,0.38362273396631297,5925.397117838136,0.1044975981984465,0.3860095414252776,0.17201908285055523,0.011891181718600345,0.23012488320404734
3484,8.94952679831891,0.9052926657327279,13.104597087958476,0.5261492719896191,6918.072390142316,0.9317269917852637,0.4916115491172012,0.38322309823440237,0.008322806672722088,0.15803649843883005
3485,8.25666947542179,0.5203719307898836,14.703504199842762,0.9258760499606904,6333.457960455929,0.444548300379941,0.4046302560118074,0.20926051202361484,0.0023300999742762504,0.03697171665204546
3486,8.956179480755651,0.9089886004198069,13.559405032214352,0.6398512580535881,6128.42724506133,0.27368937088444145,0.3805332482929082,0.1610664965858164,0.0076345153880014015,0.14413162400002832
3487,7.346258003586585,0.014587779770324882,13.662540018051843,0.6656350045129604,6021.040337892505,0.18420028157708757,0.6762816896517126,0.7525633793034253,0.013955496077529337,0.2718282035864512
3488,8.983148204018988,0.923971224454994,11.941863119378763,0.23546577984469041,5968.296966713321,0.1402474722611008,0.6458953554373051,0.6917907108746103,0.025595516712808193,0.5069801356122867
3489,7.829431781043052,0.2830176561350287,11.4516324195587,0.11290810488967518,6489.585973155484,0.5746549776295701,0.4481919902653391,0.29638398053067827,0.03308801381695298,0.6583437134737975
3490,8.309143236503017,0.5495240202794538,11.089906445527888,0.022476611381971878,6116.99715053474,0.2641642921122834,0.6179164255689007,0.6358328511378014,0.016031341763301187,0.31376448006669067
3491,8.06581746086535,0.4143430338140839,12.064370266848762,0.2660925667121903,6278.80814538602,0.39900678782168375,0.5215679099618085,0.44313581992361684,0.03579779319909269,0.7130867312948017
3492,8.129543233782563,0.4497462409903127,12.89725115430355,0.4743127885758873,6247.714539985617,0.373095449988014,0.3557449234156368,0.11148984683127361,0.02619538555506943,0.5190986980822107
3493,8.33943290208274,0.5663516122681884,12.94743131215742,0.48685782803935485,6002.324270003377,0.16860355833614737,0.6770677573858886,0.7541355147717773,0.00674427143307367,0.12614689763785192
3494,8.105771285924352,0.4365396032913065,14.017214786074454,0.7543036965186134,6081.786172917581,0.23482181076465058,0.5651729570255855,0.5303459140511709,0.04321595420727776,0.862948569843995
3495,8.913134390069335,0.8850746611496308,13.773390363912688,0.6933475909781719,6546.485232924079,0.622071027436733,0.5057811544674584,0.41156230893491674,0.017100377729212864,0.3353611662467245
3496,7.956881434638857,0.35382301924381,14.3938989945431,0.848474748635775,6586.87841604559,0.655732013371325,0.711672335534564,0.8233446710691281,0.012629065299713277,0.24503162221642982
3497,8.17449324340918,0.4747184685606566,13.335808020988289,0.5839520052470722,6744.885120116567,0.7874042667638061,0.5989536838188333,0.5979073676376666,0.03074304094029261,0.6109705240463154
3498,9.019162364657765,0.9439790914765365,11.156280105001715,0.03907002625042877,5831.079635763972,0.025899696469976807,0.7405505046945219,0.8811010093890438,0.004117181679978401,0.07307437737330102
3499,8.606146315191776,0.7145257306620981,12.932991463952598,0.4832478659881495,6327.407750360877,0.4395064586340638,0.6980642714246486,0.7961285428492971,0.034870486912934505,0.6943532709683738
3500,7.725643364754152,0.2253574248634178,12.388428905342643,0.3471072263356606,6774.175015086156,0.8118125125717969,0.4319984260185946,0.26399685203718926,0.041118250630529596,0.8205707198086787
3501,8.656049735501124,0.7422498530561807,11.764079992109298,0.1910199980273246,6949.506838589543,0.957922365491286,0.49803625186828526,0.39607250373657055,0.04836909698778875,0.9670524643997727
3502,8.056909767312595,0.4093943151736642,12.731522266107824,0.4328805665269557,6573.141574719853,0.6442846455998776,0.387434512186616,0.17486902437323204,0.04925281625581669,0.9849053789053877
3503,8.904456805228248,0.8802537806823603,14.405090019020907,0.8512725047552266,5823.434535922063,0.019528779935052865,0.5144888064023507,0.4289776128047015,0.044519949996674274,0.8892919191247328
3504,7.477138188865584,0.08729899381421324,14.672099462242432,0.918024865560608,5838.170797012126,0.031808997510104686,0.7811736108398594,0.9623472216797188,0.010333108062551293,0.19864864772830892
3505,8.010210474922348,0.38345026384574843,12.269272330325158,0.31731808258128946,6103.169186348032,0.25264098862336026,0.4115824435427216,0.22316488708544324,0.04592368069345355,0.9176501150192636
3506,7.863022386124145,0.30167910340230264,13.735976388250958,0.6839940970627394,6289.154029713368,0.4076283580944734,0.5561839487324551,0.5123678974649103,0.03077452181366878,0.611606501286238
3507,8.087341192689065,0.42630066260503596,14.500746779361437,0.8751866948403593,6396.3511845307685,0.4969593204423072,0.71508681826128,0.8301736365225598,0.04274924347308338,0.8535200701633004
3508,9.057775363966693,0.965430757759274,13.135200736922311,0.5338001842305775,6776.779265245836,0.8139827210381964,0.3748051739240132,0.1496103478480264,0.014619634594062894,0.28524514331440187
3509,8.80785971867761,0.8265887325986724,12.271025443553778,0.3177563608884447,6863.149643278671,0.8859580360655591,0.3820676927579367,0.16413538551587348,0.026479813644391354,0.5248447200887142
3510,8.300128738732816,0.5445159659626763,11.766543263712746,0.19163581592818646,6891.855096253229,0.9098792468776908,0.743584451760879,0.8871689035217579,0.034758594813153645,0.6920928245081545
3511,9.072702332654346,0.9737235181413042,14.524064762181247,0.8810161905453116,6935.072085713564,0.9458934047613035,0.7356006807885453,0.8712013615770908,0.015658382595503142,0.30622995142430587
3512,8.240653572092505,0.5114742067180585,12.45505610192621,0.3637640254815525,6889.881530914222,0.9082346090951848,0.7726982821938997,0.9453965643877995,0.031029457228390945,0.6167567116846655
3513,8.50915733606432,0.6606429644801778,12.335689593950073,0.33392239848751837,6919.4988632464665,0.9329157193720558,0.4195297378290205,0.23905947565804098,0.000572732803396222,0.0014693495635600407
3514,9.011345450164722,0.9396363612026241,14.752298051008808,0.9380745127522021,6689.768273044749,0.7414735608706235,0.6916494837695338,0.7832989675390677,0.04728377390356044,0.9451267455264736
3515,8.967964632447424,0.9155359069152359,13.45870012159532,0.6146750303988302,6876.4032129754105,0.8970026774795087,0.5742907089136808,0.5485814178273616,0.009807130243083087,0.1880228331935977
3516,7.603570398826402,0.15753911045911195,11.298140992258613,0.07453524806465328,5881.254579674297,0.06771214972858086,0.7791706502842153,0.9583413005684306,0.006300248679831966,0.11717674100670639
3517,8.973265229980623,0.9184806833225683,12.337354519148114,0.3343386297870288,6952.802828888278,0.9606690240735648,0.5603155944451308,0.5206311888902615,0.04810157904355509,0.9616480614859614
3518,8.002690324413672,0.3792724024520402,14.027491525781354,0.7568728814453386,6344.919774721302,0.454099812267752,0.48402415959190476,0.36804831918380954,0.01261660861831782,0.24477997208722868
3519,7.416748900540741,0.053749389189300056,12.895406802101945,0.4738517005254864,6079.027401296533,0.23252283441377708,0.3264019908167008,0.05280398163340161,0.01903468127087909,0.3744380054723049
3520,8.13590342355176,0.4532796797509778,14.346354137458404,0.8365885343646009,6664.499073930145,0.7204158949417871,0.3532287656717368,0.10645753134347358,0.023570060488418126,0.466061828048851
3521,8.797972675052032,0.8210959305844624,12.600537395651799,0.4001343489129495,6807.791235588175,0.8398260296568129,0.3288950978823027,0.05779019576460542,0.012663113473508349,0.24571946411127976
3522,8.672554948226963,0.7514194156816462,13.662618410237382,0.6656546025593457,6902.879185345888,0.9190659877882399,0.7597612615721476,0.9195225231442953,0.019968411830692246,0.39330124910489384
3523,7.350916178657187,0.01717565480954808,12.420150337945458,0.35503758448636424,6109.975721841041,0.25831310153420106,0.6778891978662334,0.7557783957324669,0.047899118848240836,0.9575579565301179
3524,8.684081507236689,0.7578230595759384,14.844069493134866,0.9610173732837165,5845.706746295978,0.03808895524664835,0.7887307420055205,0.9774614840110412,0.014010769760829853,0.2729448436531283
3525,8.237330502421484,0.509628056900825,14.194319794710822,0.7985799486777054,5855.578672425796,0.04631556035483009,0.4792737902660475,0.358547580532095,0.04433623540997746,0.885580513332878
3526,8.143569278192516,0.45753848788473117,11.248834686438661,0.062208671609665256,6869.36975664847,0.8911414638737252,0.377765545070512,0.15553109014102406,0.04727824446514232,0.9450150396998447
3527,7.354956273971397,0.01942015220633142,14.026879623063138,0.7567199057657843,6152.814275624463,0.29401189635371927,0.6100605356118882,0.6201210712237765,0.0451718142086969,0.9024608931049878
3528,7.993957439119312,0.3744207995107286,11.246517865201316,0.06162946630032873,5866.03424269697,0.05502853558080811,0.6887252311482199,0.77745046229644,0.010035045064036893,0.1926271730108463
3529,8.580355214908657,0.700197341615921,12.6140478882081,0.40351197205202494,6477.486825595457,0.5645723546628806,0.7309971270349856,0.8619942540699713,0.0012856830909111449,0.015872385674972622
3530,7.361896090866078,0.02327560603670964,11.133186919162299,0.03329672979057452,5953.838389605096,0.1281986580042468,0.6522912723857606,0.7045825447715213,0.033401177645148196,0.6646702554575392
3531,7.334890360974807,0.008272422763781373,13.568496350901869,0.6421240877254673,5956.545193323219,0.1304543277693493,0.4185172691541428,0.23703453830828558,0.03677905327668441,0.7329101672057456
3532,8.20959595097098,0.49421997276165597,14.501256174620567,0.8753140436551418,5961.068891907273,0.13422407658939428,0.7068374844112413,0.8136749688224826,0.04746845012489357,0.9488575782806781
3533,7.969798426237011,0.36099912568722814,14.081210556028013,0.7703026390070035,6516.108239063604,0.5967568658863361,0.695729783904425,0.79145956780885,0.046743377298121905,0.934209642386301
3534,8.06971395673165,0.4165077537398061,13.141446123531285,0.5353615308828211,6199.23241867371,0.33269368222809104,0.6762747490457138,0.7525494980914277,0.02064936868477911,0.40705795322786076
3535,7.364504607451818,0.024724781917676686,11.277815197024651,0.06945379925616257,6107.711114408658,0.2564259286738818,0.3658436740521636,0.13168734810432725,0.024799080202325272,0.49089050913788423
3536,7.550232447953362,0.12790691552964528,14.97034089776183,0.9925852244404576,6930.361143494634,0.9419676195788619,0.552431224749923,0.5048624494998462,0.009134645289973858,0.17443727858533042
3537,8.292799378509836,0.5404440991721311,13.318595425165059,0.5796488562912647,6467.81765439222,0.5565147119935168,0.7671880775982891,0.9343761551965782,0.04732285256691598,0.94591621347305
3538,8.091431004008548,0.42857278000474874,11.389948386045061,0.09748709651126541,6123.446694783618,0.26953891231968186,0.506117930235019,0.41223586047003813,0.04330309866589561,0.864709063957487
3539,7.678820063967148,0.1993444799817491,12.681570417188077,0.4203926042970192,5967.151674575621,0.1392930621463503,0.45203719907982365,0.3040743981596473,0.04994778889278994,0.9989452301573725
3540,7.914174319178689,0.3300968439881604,11.070189384402495,0.017547346100623584,6519.570522689624,0.599642102241354,0.34827946849021185,0.09655893698042373,0.014244386778119438,0.27766437935594823
3541,8.86977905618905,0.8609883645494725,14.69122273299833,0.9228056832495825,6498.067320209057,0.5817227668408809,0.7287704507871726,0.8575409015743451,0.021087794658423566,0.4159150436045165
3542,8.36540897181536,0.5807827621196444,13.794073160847956,0.6985182902119891,6635.617370469392,0.696347808724493,0.7879365622471746,0.9758731244943492,0.03188151160294606,0.6339699313726477
3543,7.931723998234611,0.33984666568589494,12.065790259670896,0.26644756491772414,6568.467681862583,0.6403897348854859,0.41810506705854406,0.23621013411708813,0.012683883828927952,0.2461390672510697
3544,8.758338563240867,0.7990769795782601,12.667758789285344,0.41693969732133596,6137.769490387221,0.28147457532268416,0.49930946083838723,0.3986189216767745,0.018822003417123364,0.37014148317420936
3545,8.600428173835322,0.7113489854640677,12.483806684262234,0.3709516710655587,6186.176788988481,0.3218139908237342,0.4942303897867372,0.38846077957347447,0.007970427565143157,0.15091772858875063
3546,8.073290829426323,0.4184949052368463,14.047383146655763,0.7618457866639408,6228.863294180813,0.3573860784840108,0.7861314812794253,0.9722629625588508,0.03287382917855951,0.6540167510820102
3547,8.066889806195704,0.4149387812198351,13.358401236705003,0.589600309176251,6458.163792682187,0.5484698272351558,0.5008450370357751,0.40169007407155033,0.025225540068811954,0.49950585997599906
3548,7.92579048461023,0.33655026922790576,14.58428020060074,0.8960700501501849,6931.150128956663,0.9426251074638858,0.702186018738602,0.804372037477204,0.007134688386314588,0.13403410881443611
3549,7.967779353314954,0.35987741850830823,13.124131267909846,0.5310328169774615,6943.332557225691,0.9527771310214092,0.7893954847326782,0.9787909694653564,0.02280500427161357,0.4506061469012842
3550,8.38512314969602,0.5917350831644557,14.41519273039434,0.853798182598585,6353.206032604475,0.4610050271703958,0.3796725445779085,0.15934508915581702,0.01704731288625146,0.3342891492172012
3551,7.880881834942926,0.31160101941273666,14.432212124263904,0.8580530310659761,6036.151532079508,0.19679294339958964,0.5156620024715857,0.43132400494317125,0.02659967043964517,0.5272660694877812
3552,8.615659627860564,0.7198109043669807,11.418160537346235,0.10454013433655862,5852.70401353089,0.04392001127574163,0.5107906852992778,0.4215813705985558,0.006872679609804717,0.1287410022182771
3553,8.595577715624554,0.7086542864580854,11.890220399084011,0.22255509977100296,6114.0026582413475,0.2616688818677898,0.5831270851375236,0.5662541702750472,0.04313802092908112,0.8613741601834569
3554,7.785955675924461,0.258864264402478,11.313102443330216,0.07827561083255385,6041.219021777537,0.20101585148128043,0.5668260653313733,0.5336521306627466,0.028185039435072428,0.5592937259610591
3555,8.761621434081173,0.8009007967117633,11.255251133661002,0.06381278341525021,6450.642220838647,0.5422018506988721,0.6235902632616447,0.6471805265232894,0.011891356111110763,0.23012840628506592
3556,8.6336890607644,0.7298272559802222,11.576284484333545,0.14407112108338638,6274.5096532101825,0.39542471100848575,0.3838079555827847,0.1676159111655694,0.012425576638536112,0.2409207401724467
3557,8.372254942639792,0.5845860792443293,11.097029264130878,0.024257316032719523,6166.0202001468,0.30501683345566644,0.48727554593279987,0.37455109186559976,0.04376112187187491,0.8739620580176749
3558,7.9867395699578045,0.3704108721987802,14.250291609448512,0.8125729023621279,6948.791056302015,0.9573258802516792,0.5985739348663562,0.5971478697327125,0.0030429126633967026,0.051371972997913184
3559,8.721736094343857,0.7787422746354764,14.692629309357375,0.9231573273393436,5851.685683420513,0.043071402850427654,0.5814399913448662,0.5628799826897326,0.005854113034673326,0.10816389969037021
3560,7.9243508286649424,0.3357504603694126,11.375670610175485,0.09391765254387119,6517.793963507674,0.5981616362563946,0.4237503619182155,0.24750072383643107,0.046288746311867274,0.9250251780175206
3561,9.076708126452676,0.9759489591403759,14.882406889538942,0.9706017223847354,6898.355988083909,0.9152966567365912,0.7762647516907737,0.9525295033815474,0.04033595398044345,0.8047667470796656
3562,9.004626435182153,0.935903575101197,11.051343631328384,0.012835907832095983,6227.308774581869,0.356090645484891,0.6762602379183417,0.7525204758366834,0.04921236933958939,0.9840882694866543
3563,7.993409547705519,0.37411641539195495,12.622845336042452,0.4057113340106129,6420.571496837968,0.51714291403164,0.7206499370769208,0.8412998741538416,0.014079956183158767,0.27434254915472256
3564,8.16127498205391,0.46737499002995087,12.907446850062659,0.47686171251566456,6376.600345410915,0.4805002878424294,0.7499749830068511,0.8999499660137021,0.036988284027393285,0.7371370510584502
3565,7.657323567314284,0.1874019818412691,13.903207393110401,0.7258018482776002,6398.662385399792,0.4988853211664933,0.41555325383959274,0.2311065076791855,0.01573231962760868,0.30772362884057936
3566,8.842196871565612,0.8456649286475626,13.38706101084177,0.5967652527104422,6792.373537394531,0.8269779478287757,0.7939149429617933,0.9878298859235868,0.014564198212381418,0.2841252164117458
3567,8.732400493453541,0.7846669408075229,11.47790692495361,0.1194767312384023,6914.258392937657,0.9285486607813807,0.5625262165604215,0.5250524331208429,0.0037559641444715945,0.06577705342366857
3568,8.55823095325172,0.6879060851398439,12.600228515868636,0.40005712896715895,6293.597310519868,0.41133109209988983,0.5339243768559968,0.46784875371199364,0.020985771653142377,0.4138539727907551
3569,8.403002812561745,0.6016682292009692,11.649209891532916,0.16230247288322874,6148.800474553404,0.29066706212783666,0.40044615662650795,0.20089231325301593,0.04792286763524585,0.9580377300049666
3570,8.759382449952598,0.7996569166403326,12.107919260883367,0.27697981522084203,6105.932922547041,0.25494410212253404,0.3461350644834474,0.0922701289668948,0.03285696413698881,0.6536760431714911
3571,7.898619243316542,0.32145513517585655,14.914381203531452,0.9785953008828627,5980.265936263046,0.15022161355253805,0.7789130705675156,0.9578261411350312,0.020799138336975678,0.41008360276718536
3572,7.552347270728797,0.12908181707155386,13.498698840893626,0.6246747102234066,6198.328251822757,0.33194020985229755,0.3203416804944758,0.040683360988951645,0.03512463509445158,0.6994875776656885
3573,8.9832522529274,0.9240290294041112,12.231091219781163,0.3077728049452909,5973.690370500391,0.1447419754169924,0.7151633555849635,0.830326711169927,0.0211491129442228,0.4171537968529858
3574,8.576297691134652,0.6979431617414735,12.36736896954542,0.3418422423863552,6770.601505967871,0.8088345883065594,0.7396958173758996,0.8793916347517992,0.04220387473246246,0.8425025198477265
3575,8.719945776676976,0.7777476537094311,13.744162997130216,0.6860407492825539,6642.636828938738,0.7021973574489485,0.5165160486427391,0.4330320972854782,0.047759777191198324,0.9547429735595621
3576,7.930613152923613,0.33922952940200723,14.944093187211934,0.9860232968029833,5838.183279624857,0.03181939968738079,0.738113024897233,0.8762260497944658,0.04975477588041291,0.9950459773820789
3577,8.51146968905056,0.6619276050280894,14.693617931581521,0.9234044828953801,6753.038031407034,0.7941983595058619,0.5465188333679394,0.4930376667358789,0.007020339614778418,0.13172403262178622
3578,9.089180800840198,0.9828782226889994,12.09418472017925,0.27354618004481246,5964.385244381164,0.13698770365097002,0.5447476489659984,0.48949529793199686,0.018785634461815175,0.369406756804347
3579,8.564513018775525,0.6913961215419591,13.896810869579042,0.7242027173947607,6425.730725090081,0.5214422709084008,0.7873696800412159,0.9747393600824318,0.009520540897552634,0.18223314944550772
3580,8.506961233343048,0.6594229074128048,13.739527483279275,0.6848818708198189,6180.068649161185,0.3167238743009879,0.6917559988590414,0.7835119977180827,0.023406390608810168,0.4627553658345488
3581,8.356297318857383,0.5757207326985467,11.76369745939342,0.19092436484835495,6992.410682582577,0.9936755688188138,0.6569662236834235,0.713932447366847,0.04857804565816273,0.9712736496598531
3582,7.679618050838747,0.19978780602152624,11.554313588656974,0.13857839716424347,6972.487702894066,0.9770730857450554,0.35232159968825993,0.10464319937651989,0.03424763700817199,0.6817704446095351
3583,7.868918666240382,0.3049548145779901,12.645721618009325,0.4114304045023316,6874.072202385842,0.895060168654868,0.3609823921448615,0.12196478428972302,0.04324975598370078,0.8636314340141571
3584,8.778746139355667,0.8104145218642592,12.653747378331477,0.41343684458286944,6630.668820665104,0.6922240172209205,0.3467450556587657,0.09349011131753138,0.046474232320942804,0.9287723701200565
3585,8.609222371709027,0.7162346509494597,11.67335104262062,0.16833776065515493,6581.370485300415,0.6511420710836788,0.6967047647854747,0.7934095295709495,0.03492672302832575,0.6954893541075908
3586,7.834045538225839,0.28558085456991067,11.621458090447815,0.15536452261195388,6344.900176324772,0.4540834802706427,0.6469168737282106,0.6938337474564212,0.0009758122552810761,0.009612368793557091
3587,8.027464727366777,0.39303595964820914,11.496052569055761,0.12401314226394045,6309.796433449422,0.42483036120785156,0.6578026814937088,0.7156053629874175,0.03817916291133044,0.7611952103299078
3588,7.928606207429871,0.33811455968326154,11.022595089507883,0.005648772376970701,6585.702798750361,0.6547523322919675,0.6925610136604512,0.7851220273209024,0.029872993755727602,0.5933938132470222
3589,8.28180817176756,0.5343378732041999,11.42664909318708,0.10666227329677003,6336.8155677557515,0.4473463064631259,0.6332079698158581,0.6664159396317163,0.043001559053484774,0.858617354615854
3590,7.990845191950685,0.37269177330593606,14.170053769898661,0.7925134424746654,6025.344672540576,0.18778722711714657,0.3073065791056894,0.014613158211378874,0.01877582363623191,0.3692085583077154
3591,7.83032390163613,0.28351327868673915,12.417688895022268,0.35442222375556687,6727.788514832855,0.7731570956940459,0.7732315382419245,0.946463076483849,0.003318433821724319,0.056938057004531695
3592,9.023476549977026,0.9463758610983478,11.381267627230988,0.09531690680774718,6521.873898479458,0.6015615820662152,0.6361721575508519,0.6723443151017038,0.005188595142862067,0.09471909379519328
3593,7.7405331771164345,0.2336295428424635,14.66556534040084,0.9163913351002102,6514.746887245256,0.5956224060377137,0.5095522012550994,0.41910440251019876,0.03592736157471141,0.7157042742365941
3594,7.793793831372935,0.26321879520718605,12.365879738736401,0.34146993468410036,6160.510499480476,0.30042541623373,0.3830461885515637,0.1660923771031274,0.014874951219499515,0.2904030549393841
3595,7.4904865072393205,0.09471472624406696,12.822869554495968,0.45571738862399214,6603.166747384575,0.6693056228204788,0.43828469485533905,0.2765693897106781,0.04534382283510849,0.9059358148506764
3596,8.388087637625405,0.5933820209030034,11.251611589282794,0.06290289732069831,6168.393158503179,0.3069942987526493,0.4952077395083018,0.3904154790166037,0.010067460854578615,0.19328203746623462
3597,8.42136411898362,0.6118689549909004,14.199537662938337,0.799884415734584,6007.351924373133,0.1727932703109446,0.6382727382964215,0.676545476592843,0.04373091083588753,0.8733517340583339
3598,8.227873065924728,0.5043739255137378,14.490776374072967,0.8726940935182418,5908.840690459682,0.0907005753830683,0.40247801812869827,0.20495603625739656,0.022926690135871102,0.45306444718931516
3599,7.900219827722916,0.3223443487349532,11.696769497530886,0.1741923743827215,6338.598655631056,0.4488322130258803,0.4521889688434598,0.3043779376869197,0.03305309469056891,0.6576382765771497
3600,9.107244671196822,0.9929137062204576,13.803608552149147,0.7009021380372864,6910.988892484851,0.9258240770707095,0.3277919932464571,0.055583986492914184,0.03745375572493863,0.7465405196957298
3601,8.991327287809215,0.9285151598940083,12.798682835089982,0.4496707087724957,6215.435256111153,0.3461960467592936,0.4242142177883755,0.24842843557675098,0.024534605094441594,0.48554757766548673
3602,8.33411524773813,0.563397359854517,13.575936093445478,0.6439840233613692,6203.505828436817,0.33625485703068103,0.47220381480749696,0.34440762961499394,0.03261114742394306,0.6487100489685467
3603,8.722931452035986,0.7794063622422147,14.557344454273807,0.8893361135684518,5965.476629912489,0.13789719159374125,0.48480646836241886,0.36961293672483775,0.0258347644288312,0.5118134228046707
3604,7.985390593986758,0.36966144110375443,11.559999275478965,0.13999981886974144,6686.293750389817,0.7385781253248482,0.37457859059139054,0.1491571811827811,0.02615467221483048,0.5182762063602117
3605,7.642668242062593,0.17926013447921807,14.994196866354862,0.9985492165887156,6812.142010111023,0.8434516750925195,0.6160674226383029,0.632134845276606,0.03852620249279028,0.7682061109654602
3606,7.402044268623508,0.04558014923528253,14.1309122853209,0.7827280713302247,5805.228804792493,0.004357337327077437,0.45383578808488817,0.30767157616977636,0.009561338122553423,0.18305733580916006
3607,7.676537873037424,0.19807659613190243,14.222738970510537,0.8056847426276346,6051.290189099131,0.2094084909159425,0.6457043174993828,0.6914086349987656,0.013582971950043408,0.2643024636372405
3608,8.62858574858265,0.726992082545917,14.25230263446862,0.813075658617155,6191.66944619432,0.3263912051619329,0.33692961378690556,0.07385922757381114,0.049558397072190556,0.9910787287311223
3609,8.488265580020984,0.6490364333449913,12.642485916483555,0.41062147912088875,6615.17865724923,0.6793155477076921,0.31747763064770684,0.03495526129541371,0.033607081630290137,0.6688299319250532
3610,8.41012954690512,0.6056275260583999,12.431747199814843,0.35793679995371086,6161.275790988896,0.30106315915741355,0.7657415459307166,0.9314830918614334,0.028207462566896453,0.5597467185231606
3611,8.012219006341326,0.3845661146340694,14.377959147913074,0.8444897869782685,6711.6568326406505,0.7597140272005417,0.619823020017755,0.6396460400355102,0.04927002447275719,0.9852530196516603
3612,7.372912218413593,0.029395676896440737,11.446918801570089,0.11172970039252217,6018.992629712847,0.18249385809403884,0.5321264005432349,0.4642528010864698,0.006572687438894479,0.12268055432110059
3613,7.585360402688149,0.1474224459378607,14.499463476445243,0.8748658691113106,6859.6829206415,0.883069100534583,0.32970766510285504,0.059415330205710104,0.01563401873574475,0.3057377522372676
3614,9.090576091730803,0.9836533842948909,11.44702979695876,0.11175744923969011,6037.525297036508,0.19793774753042348,0.4557775169242047,0.31155503384840944,0.009938449006269659,0.19067573750039712
3615,7.8497124843198876,0.29428471351104857,12.87275279847986,0.46818819961996494,6583.663632933655,0.6530530274447126,0.6655511550639872,0.7311023101279743,0.04749378189241334,0.9493693311598654
3616,8.495158634175331,0.6528659078751842,12.93482283125591,0.4837057078139777,6690.24345286726,0.7418695440560505,0.7416856153078817,0.8833712306157633,0.04899842442080194,0.9797661499151907
3617,7.976946693429865,0.3649703852388143,11.17694173914231,0.04423543478557723,6048.037245677751,0.20669770473145976,0.7064136861343122,0.8128273722686246,0.008491891722869578,0.16145235803776925
3618,8.938118987934242,0.8989549932968016,12.118375376695962,0.27959384417399025,6344.936024769034,0.4541133539741946,0.7369497055447236,0.8738994110894474,0.017374089407086693,0.34089069509266046
3619,7.903887281602783,0.32438182311265706,11.046823947576428,0.011705986894106957,5953.709675688015,0.12809139640667877,0.6618642516467284,0.7237285032934566,0.008270980753874573,0.1569895101792843
3620,8.56861744678137,0.6936763593229843,13.58384537079182,0.6459613426979552,6169.779013477886,0.30814917789823804,0.4435900932601241,0.28718018652024824,0.03307728287515963,0.6581269267709016
3621,7.366415162522863,0.02578620140159016,11.234238388136461,0.058559597034115285,6142.676616439612,0.2855638470330103,0.7761319988221336,0.9522639976442673,0.009474718342467343,0.18130744126196652
3622,8.792026177657426,0.8177923209207926,14.66384039546639,0.9159600988665977,5830.60733009471,0.025506108412258643,0.614743205621263,0.6294864112425259,0.0006796796835484981,0.0036298925969393547
3623,7.955151602447749,0.352862001359861,13.069206788610707,0.5173016971526765,6458.3041509680115,0.5485867924733433,0.7937705714755156,0.9875411429510311,0.03161046847513193,0.6284943126289279
3624,8.642622863739545,0.7347904798553033,12.277784717937202,0.31944617948430054,6640.989838141635,0.7008248651180293,0.725968528752253,0.8519370575045061,0.03795880220519303,0.7567434788927884
3625,8.19031228745529,0.48350682636405007,13.011316623518685,0.5028291558796709,6366.775384264045,0.47231282022003707,0.5434583188136882,0.48691663762737647,0.04222393191058197,0.8429077153652923
3626,8.472010486791001,0.6400058259950011,12.81493656646034,0.45373414161508474,6500.7185146461925,0.5839320955384936,0.61441307958941,0.62882615917882,0.02212072558118072,0.43678233497334784
3627,8.786576874130834,0.8147649300726862,14.735498482763068,0.9338746206907672,6960.665668889543,0.9672213907412857,0.4624685463332888,0.32493709266657766,0.04555387616046421,0.9101793163730143
3628,8.962742372980724,0.912634651655958,14.999194654429008,0.999798663607252,6812.440923090718,0.8437007692422646,0.42558984970429065,0.2511796994085813,0.029091909503850596,0.5776143334111231
3629,9.05341013126713,0.963005628481739,12.040070401006975,0.2600176002517438,6455.1676822513455,0.5459730685427882,0.5276844899707462,0.4553689799414924,0.016733507960704146,0.3279496557718009
3630,7.38036971854364,0.033538732524243886,13.411914519212784,0.602978629803196,6682.398296291409,0.7353319135761737,0.7792549596341798,0.9585099192683597,0.01900404740129021,0.3738191394200042
3631,9.01849865311795,0.9436103628433058,12.095892045271999,0.2739730113179998,5904.417493089274,0.08701457757439535,0.7813584496872772,0.9627168993745544,0.002985227607278915,0.05020661832886697
3632,9.064235516585915,0.9690197314366205,11.794296235814151,0.19857405895353775,6519.80017181157,0.5998334765096417,0.30818090016748945,0.016361800334978915,0.017199815526514027,0.33737001063664696
3633,7.9105450009036655,0.3280805560575921,13.909790199991292,0.7274475499978231,6080.537059528399,0.23378088294033295,0.39998701984687385,0.19997403969374772,0.011124523217506262,0.21463683267689415
3634,8.320445365342389,0.5558029807457718,13.132997056865666,0.5332492642164166,6483.634060344923,0.5696950502874355,0.7908298050338601,0.9816596100677203,0.03371720291325592,0.6710546043082003
3635,8.346550646297153,0.57030591460953,14.449048073173541,0.8622620182933852,6174.854360000311,0.31237863333359306,0.322603190893356,0.04520638178671199,0.04797002995986504,0.9589905042396977
3636,8.78905072182753,0.8161392899041844,14.414143210397292,0.8535358025993229,6622.952239371436,0.6857935328095298,0.4655295680281463,0.33105913605629267,0.04564121032860914,0.9119436430022048
3637,7.5207149276134455,0.11150829311858079,11.719055248587951,0.1797638121469879,6252.503303537178,0.3770860862809817,0.41053143057065816,0.22106286114131635,0.03631837999924671,0.7236036363484184
3638,7.447999718248845,0.07111095458269134,12.021274287199194,0.25531857179979844,6047.089533895512,0.20590794491292697,0.59960523147023,0.59921046294046,0.030836115510449895,0.6128508183929271
3639,7.473107622265874,0.08505979014770759,13.867014924567377,0.716753731141844,6309.893635230757,0.42491136269229746,0.42883674513548486,0.25767349027096975,0.01664548822682344,0.3261714793297664
3640,8.415778979812323,0.6087660998957348,13.204854708928293,0.5512136772320734,6042.893355366622,0.20241112947218498,0.44070103563051555,0.2814020712610311,0.009199143617720177,0.1757402751054581
3641,8.05548484154175,0.408602689745417,12.968849727459341,0.4922124318648352,6168.291387097868,0.3069094892482238,0.6124268980694794,0.6248537961389588,0.039413468146466124,0.7861306696255782
3642,7.473863555078537,0.08547975282140918,13.186392485745593,0.5465981214363984,6433.431056749503,0.5278592139579192,0.7729087096206149,0.9458174192412296,0.04863745883595457,0.9724739158778701
3643,8.215022373921038,0.4972346521783543,13.299252732949684,0.5748131832374211,6506.809998128217,0.5890083317735136,0.3951205439779375,0.19024108795587502,0.006537290271469952,0.121965460029696
3644,7.869305809658573,0.3051698942547628,14.124651365695797,0.7811628414239495,6506.806980867383,0.5890058173894853,0.5851135183686073,0.5702270367372145,0.012431498090815037,0.24104036547101082
3645,8.184479106033782,0.48026617001876826,13.785174960363495,0.6962937400908737,6726.617187584886,0.7721809896540717,0.5920730747361804,0.5841461494723608,0.03161749835052702,0.6286363303136772
3646,8.436019759608705,0.6200109775603913,14.681627354974811,0.920406838743703,6196.415151943866,0.3303459599532217,0.7595556758042828,0.9191113516085657,0.014066161982122398,0.2740638784267151
3647,9.077133325762114,0.9761851809789528,11.66933998550767,0.16733499637691718,6053.27488293781,0.21106240244817476,0.39420689094614686,0.18841378189229374,0.0434546976938728,0.8677716705832889
3648,7.7892462897313335,0.26069238318407406,11.900777830243072,0.22519445756076795,6658.357551995759,0.7152979599964658,0.6119273056145522,0.6238546112291043,0.03203238254584026,0.6370178292088942
3649,8.95808445541532,0.9100469196751776,12.399331013137186,0.3498327532842965,5832.662699909214,0.02721891659101161,0.7009042836900171,0.8018085673800343,0.04322506826373437,0.8631326921966539
3650,8.50278913674843,0.6571050759713504,14.782062430138179,0.945515607534545,6655.131666273066,0.7126097218942217,0.6484034912834393,0.6968069825668788,0.025323164368493897,0.5014780680503818
3651,8.553610552690088,0.6853391959389386,14.638763734732857,0.9096909336832141,6350.209164962267,0.45850763746855616,0.3816061281923538,0.1632122563847076,0.008411207075052066,0.15982236515256698
3652,7.839763338670042,0.28875741037224534,14.095744537178174,0.7739361342945436,6606.5831117666785,0.6721525931388987,0.6578594685106682,0.7157189370213366,0.022011713394246034,0.4345800685706269
3653,8.753282198341783,0.796267887967657,14.088626740979882,0.7721566852449704,6391.233941966521,0.492694951638768,0.682239604119969,0.7644792082399379,0.04643343428279575,0.927948167329207
3654,8.731178391802425,0.7839879954457917,11.535697652821693,0.13392441320542325,6801.0387651975325,0.8341989709979438,0.675025615728151,0.750051231456302,0.030545864624937573,0.606987164140153
3655,8.470351904401449,0.6390843913341381,14.279146077076522,0.8197865192691307,6140.291740777985,0.28357645064832104,0.6522211948672854,0.7044423897345707,0.046837905229646204,0.9361192975686101
3656,7.419469591431538,0.05526088412863184,11.094158482227446,0.023539620556861207,6352.051585950465,0.46004298829205426,0.3706928040028277,0.14138560800565547,0.0005729047646733009,0.001472823528753553
3657,8.427132937180222,0.6150738539890126,13.626392977983398,0.6565982444958496,5965.672925454297,0.13806077121191407,0.7555025273258025,0.911005054651605,0.0006801777692617003,0.0036399549345798032
3658,8.000042105329197,0.37780116962733157,14.857030188743078,0.9642575471857693,6616.169811993287,0.6801415099944057,0.7063769253078769,0.8127538506157538,0.00573105707811453,0.1056779207699905
3659,8.824913958725489,0.8360633104030495,11.980749603436468,0.24518740085911683,6567.99476118586,0.6399956343215495,0.3617309814236124,0.12346196284722477,0.022120155427843485,0.4367708167241108
3660,7.5854177287835345,0.14745429376863006,14.91379369090384,0.9784484227259602,6632.436202942727,0.6936968357856053,0.5499676777445344,0.49993535548906887,0.033421469578617705,0.6650801935074283
3661,7.680365643872141,0.2002031354845224,12.012013213124897,0.25300330328122433,6991.389633986761,0.9928246949889669,0.7404460034095234,0.8808920068190468,0.003264408874929994,0.05584664393797967
3662,7.8037972360510865,0.2687762422506037,11.201391273476839,0.05034781836920954,6795.0632472458765,0.8292193727048974,0.5996602671491352,0.5993205342982705,0.02991023106451456,0.5941460821114052
3663,7.929587450365403,0.33865969464744616,13.393073386553343,0.598268346638336,6789.8005177947125,0.8248337648289268,0.3797190463949671,0.15943809278993426,0.03618218724100957,0.7208522674951429
3664,8.87065820901921,0.8614767827884497,13.034149406017804,0.5085373515044507,6625.506094514809,0.6879217454290077,0.45000080757305927,0.30000161514611856,0.046369607094582745,0.9266587291834897
3665,7.77045808999069,0.2502544944392723,13.602021230907148,0.6505053077267872,6749.84340198799,0.791536168323325,0.494468991997993,0.388937983995986,0.028902304252494668,0.5737839242928215
3666,7.568312838597601,0.1379515769986669,14.588484291409866,0.8971210728524663,6190.878065942999,0.3257317216191653,0.3994250158763218,0.1988500317526436,0.011175475597578852,0.21566617368846164
3667,8.512976801482813,0.6627648897126737,12.018296551428849,0.25457413785721217,6612.06279985919,0.6767189998826579,0.39021946767858523,0.18043893535717048,0.046854395763003834,0.936452439656643
3668,7.571080845098767,0.1394893583882041,11.251920350474004,0.06298008761850105,6880.289042424203,0.9002408686868363,0.4270450397190377,0.2540900794380754,0.03931935716909077,0.7842294377594095
3669,7.977818573775605,0.36545476320866954,13.859250408688633,0.7148126021721581,6364.626685647238,0.47052223803936566,0.32326403444173507,0.046528068883470164,0.0024085120582835696,0.03855579915724383
3670,8.17513265914984,0.47507369952768863,13.06333221877019,0.5158330546925475,6269.03271182927,0.39086059319105804,0.4818471016953339,0.3636942033906678,0.016319920893448372,0.3195943614838055
3671,7.67418246835055,0.19676803797252784,12.352659980744138,0.33816499518603427,6600.32326042316,0.6669360503526333,0.5641152738485307,0.5282305476970613,0.039637589794760876,0.7906583796921389
3672,8.172629457567114,0.4736830319817297,11.996244652205451,0.24906116305136272,6553.736540500417,0.6281137837503469,0.6540515696275881,0.7081031392551764,0.04663921773866354,0.9321054088618896
3673,8.270861718568629,0.528256510315905,11.947319790947274,0.23682994773681842,5844.500987621032,0.03708415635086049,0.660008053318595,0.7200161066371901,0.03743651205288569,0.7461921626845593
3674,8.067100112627083,0.41505561812615743,12.665845968562124,0.4164614921405311,6484.351423145667,0.5702928526213888,0.7673333239960889,0.9346666479921779,0.013806644908200176,0.2688211092565692
3675,9.076814340337947,0.9760079668544153,13.097661735602106,0.5244154339005266,6122.894566234677,0.26907880519556393,0.516274193762453,0.432548387524906,0.0070850121268149335,0.1330305480164633
3676,9.080626156014263,0.9781256422301469,13.345486510872902,0.5863716277182256,6465.682170488246,0.5547351420735386,0.6652935901484215,0.730587180296843,0.006466974877734866,0.12054494702494678
3677,7.338181217582913,0.010100676434951716,12.325997079786998,0.3314992699467496,6211.210060301067,0.34267505025088885,0.7429859171737145,0.8859718343474291,0.006745725426451403,0.12617627124144248
3678,7.793721098031796,0.2631783877954422,14.511613403752925,0.8779033509382315,6825.531139735822,0.8546092831131847,0.6675666727348685,0.735133345469737,0.004836580365498425,0.08760768415148334
3679,8.053511743781796,0.40750652432322,11.209709893628329,0.052427473407082315,6715.678000259357,0.7630650002161311,0.31359838443805865,0.027196768876117328,0.042088963068828186,0.840181072097539
3680,8.676869939672423,0.7538166331513463,12.391783348454787,0.347945837113697,6136.539472404627,0.28044956033718915,0.4059548202649189,0.21190964052983785,0.01391254315049324,0.2709604676867321
3681,9.055624753525255,0.9642359741806968,12.416882646463044,0.35422066161576116,6401.62501551821,0.5013541795985079,0.5744549035686052,0.5489098071372104,0.006490659374825829,0.1210234217136531
3682,8.172364004339956,0.4735355579666427,12.438759407027021,0.3596898517567554,6044.88911321132,0.2040742610094337,0.7801800535439173,0.9603601070878346,0.03979290459532137,0.7937960524307347
3683,7.796066894713832,0.26448160817435096,12.532139785160187,0.38303494629004653,6386.701721941915,0.48891810161826255,0.5650668857883039,0.5301337715766077,0.03574446830945989,0.7120094607971694
3684,8.042984651810759,0.4016581398948662,14.922264270780246,0.9805660676950615,6503.214626811791,0.5860121890098263,0.6743730564828925,0.748746112965785,0.04204048809687887,0.8392017797349265
3685,8.318564208265789,0.5547578934809936,12.09250742140538,0.27312685535134484,6686.624215165128,0.738853512637606,0.7922920930555168,0.9845841861110337,0.0457663060876336,0.9144708300532041
3686,7.346500755194034,0.014722641774463252,14.396929450471921,0.8492323626179803,6857.113781101012,0.8809281509175098,0.39021102519920847,0.18042205039841697,0.012359123484191206,0.2395782522058829
3687,8.053746088166436,0.4076367156480205,12.907926791826679,0.47698169795666945,6773.268283967719,0.8110569033064327,0.6207457286972089,0.6414914573944179,0.02421789829306889,0.4791494604660381
3688,8.973061120706502,0.9183672892813903,13.041831667412959,0.5104579168532397,6634.3152793218505,0.6952627327682087,0.4925692223990119,0.38513844479802384,0.0034289888485078386,0.059171491889047245
3689,7.414870461728664,0.05270581207147973,14.928013595538411,0.9820033988846029,6547.170703873685,0.622642253228071,0.7492301355805775,0.898460271161155,0.04375175607634497,0.873772850027171
3690,8.399936052527046,0.5999644736261367,11.794554239120291,0.1986385597800726,6244.605079729007,0.37050423310750635,0.35312101916231514,0.1062420383246303,0.02894839173074158,0.5747149844594258
3691,8.990715884232802,0.9281754912404463,12.88690043762417,0.47172510940604273,6841.657102050437,0.8680475850420307,0.6724952294201691,0.7449904588403384,0.0408304882677197,0.814757338741812
3692,8.875649711127666,0.8642498395153707,14.886583544768893,0.9716458861922235,6782.437785297036,0.8186981544141965,0.7332133735147537,0.8664267470295075,0.022821443851514616,0.45093825962655787
3693,7.545290332219915,0.1251612956777306,14.68357106693712,0.92089276673428,6593.295438338945,0.6610795319491207,0.7343321568834111,0.8686643137668224,0.013196981679780012,0.2565046803995962
3694,8.799247057680724,0.8218039209337351,14.37815131020821,0.8445378275520523,5927.296626054231,0.10608052171185911,0.3001882351148593,0.00037647022971865063,0.01127247127795241,0.21762568238287694
3695,7.424080126600048,0.05782229255558191,14.18261881571716,0.7956547039292899,6007.453348752219,0.17287779062684938,0.6309491420364607,0.6618982840729214,0.02484111251616924,0.4917396467912978
3696,8.169159965518107,0.4717555363989485,11.680480830369493,0.17012020759237323,6073.304158899,0.22775346574916688,0.6574465016744151,0.7148930033488302,0.03562589969108043,0.709614135173342
3697,7.9653676614053674,0.35853758966964844,12.206010446231597,0.30150261155789915,5956.563923948665,0.1304699366238875,0.4526738542696824,0.30534770853936477,0.00512461718393787,0.09342660977652262
3698,8.363452261595711,0.5796957008865058,11.74466775377529,0.1861669384438227,6243.122608986749,0.36926884082229017,0.6660609240724922,0.7321218481449844,0.017735797496719927,0.34819792922666515
3699,8.567025626652338,0.6927920148068553,14.309169916208537,0.8272924790521342,6071.106640667388,0.22592220055615664,0.5964776835259813,0.5929553670519625,0.04160473188277852,0.8303986238945156
3700,7.403630091547759,0.04646116197097716,11.30713855964655,0.07678463991163731,6014.882278613775,0.1790685655114792,0.4797931849728914,0.35958636994578286,0.03376222542864079,0.6719641500735513
3701,8.180543754460704,0.4780798635892797,11.477749313932152,0.11943732848303823,6774.857600577665,0.8123813338147207,0.3077659459559488,0.015531891911897633,0.02064351546340302,0.4069397063313741
3702,7.91400220838384,0.3300012268799113,12.973596363908438,0.49339909097710954,5823.373019954308,0.019477516628589542,0.5560346881617887,0.5120693763235774,0.037646728792525584,0.7504389655055673
3703,8.659456265097376,0.7441423694985418,13.137482195579569,0.534370548894892,6197.709949103519,0.331424957586266,0.672297702461337,0.7445954049226742,0.025964219618354007,0.5144286791586667
3704,7.642862410151785,0.17936800563988042,13.13262872577014,0.533157181442535,6159.261236807896,0.2993843640065803,0.5915479721834258,0.5830959443668517,0.034213322500707126,0.6810772222365076
3705,7.919498890135559,0.3330549389641997,14.767885106488963,0.9419712766222408,6213.398674736217,0.3444988956135141,0.772218481102984,0.9444369622059681,0.0036983075890136955,0.0646122745255292
3706,7.565804304232398,0.1365579467957767,11.676988965531159,0.16924724138278946,5978.011766893031,0.14834313907752572,0.32159900862440755,0.04319801724881511,0.04869196063526749,0.9735749623286362
3707,8.280119841005035,0.533399911669464,14.270546618329783,0.8176366545824458,6163.440922935912,0.30286743577992614,0.6081417508905353,0.6162835017810707,0.030189420139450928,0.599786265443453
3708,8.944435694286081,0.9024642746033793,13.047041886734984,0.5117604716837462,6808.892159092451,0.8407434659103757,0.5141543514534888,0.42830870290697753,0.0021268193807759753,0.032865037995474244
3709,8.328255086876924,0.5601417149316247,13.823805470191441,0.7059513675478603,6711.36943357582,0.7594745279798502,0.7536579820244833,0.9073159640489666,0.011533793357606119,0.2229049163152751
3710,8.185562966429348,0.48086831468297175,13.177458079818056,0.5443645199545141,6551.7649359613015,0.6264707799677515,0.36116179319494446,0.12232358638988894,0.010251822306546062,0.19700651124335478
3711,9.009388254929027,0.9385490305161265,13.085695410203936,0.5214238525509839,6584.279330188497,0.653566108490414,0.7704279050844816,0.9408558101689632,0.034855173473863264,0.6940439085628942
3712,8.426674680914632,0.6148192671747957,14.363921084233912,0.8409802710584782,6075.000550417267,0.22916712534772243,0.4740622053094601,0.3481244106189202,0.046588416160334684,0.9310791143501955
3713,7.863466502636951,0.30192583479830604,12.157672465468554,0.28941811636713877,6661.873978561698,0.7182283154680816,0.7824202123810144,0.964840424762029,0.039118920788248614,0.7801802179444164
3714,7.9484349695209975,0.34913053862277665,14.593811297861619,0.8984528244654046,6907.546179277872,0.9229551493982271,0.3653715740432115,0.13074314808642307,0.021259313077279622,0.4193800621672651
3715,8.012131148939014,0.384517304966119,14.557175814999031,0.8892939537497578,6255.340348450314,0.3794502903752621,0.37717363366243967,0.15434726732487936,0.04636325063049917,0.9265303157676599
3716,8.380854202121402,0.5893634456230009,14.116031946829999,0.7790079867074998,5800.498869682703,0.00041572473558559864,0.5487566933801438,0.49751338676028745,0.027323809459212183,0.5418951405901451
3717,7.980238375091161,0.36679909727286697,13.419060271915358,0.6047650679788396,6128.040720243128,0.2733672668692735,0.6326595076301401,0.6653190152602803,0.013788618594215962,0.26845694129729214
3718,8.34168167259351,0.5676009292186166,14.485239927571836,0.8713099818929589,6972.4163360357925,0.9770136133631605,0.42857583646290826,0.25715167292581653,0.02307519824329824,0.45606461097572204
3719,8.126915680433328,0.4482864891296271,14.316509344675017,0.8291273361687543,6364.458517140909,0.4703820976174239,0.6833029681624287,0.7666059363248574,0.029822551622299718,0.5923747802484791
3720,8.912667037215964,0.8848150206755356,14.747041679468147,0.936760419867037,6009.335924823272,0.17444660401939294,0.7182162851632767,0.8364325703265534,0.03380404947080368,0.6728090802182561
3721,7.6699807866761684,0.19443377037564913,14.424450932797834,0.8561127331994586,6658.591598179029,0.7154929984825236,0.6997453016165995,0.799490603233199,0.04549107843591269,0.9089106754729837
3722,7.815049620141773,0.27502756674542916,12.477116860453224,0.3692792151133061,6584.290432417855,0.6535753603482128,0.6798198173174925,0.7596396346349852,0.033574674332676704,0.6681752390439738
3723,9.025478857437076,0.947488254131709,13.089070802163345,0.522267700540836,6940.377215423214,0.9503143461860118,0.36062869498339245,0.12125738996678492,0.002067818334738753,0.03167309767148996
3724,8.514433802570094,0.663574334761164,12.551595090089787,0.38789877252244676,6954.04276829638,0.9617023069136497,0.35658915227221916,0.11317830454443834,0.008171133032022963,0.15497238448531236
3725,8.811924174484728,0.8288467636026271,14.697445195147639,0.9243612987869096,6792.064429538666,0.8267203579488885,0.45692890276085835,0.3138578055217167,0.039277486736317944,0.7833835704306655
3726,7.835160000892168,0.2862000004956491,13.890384515967247,0.7225961289918116,6193.267616096188,0.3277230134134902,0.6810653463622581,0.7621306927245163,0.0421241513432509,0.8408919463283009
3727,7.828311945804221,0.28239552544678925,12.107476642426278,0.27686916060656963,6756.83858818253,0.7973654901521083,0.6568003708119016,0.7136007416238032,0.018933760046293314,0.37239919285441037
3728,8.319143584867742,0.5550797693709679,13.558688861629095,0.6396722154072739,6632.564837057341,0.6938040308811176,0.7289263024727098,0.8578526049454197,0.033894914969052274,0.6746447468495409
3729,7.452815636451015,0.07378646469500827,11.940087406443645,0.23502185161091116,6302.16083751697,0.41846736459747513,0.5167030843115142,0.4334061686230285,0.009203738894966758,0.17583310898922744
3730,8.843406982194306,0.8463372123301709,14.468634390919565,0.867158597729891,5813.863476718848,0.011552897265706408,0.48648657286269414,0.3729731457253883,0.04782123683814423,0.9559845825887723
3731,8.081226169180505,0.42290342732250286,13.359936141161441,0.58998403529036,6426.674398387496,0.5222286653229135,0.7569664301279778,0.9139328602559557,0.028347584633523663,0.5625774673439123
3732,8.442402227926328,0.623556793292405,11.268635697904218,0.06715892447605454,6536.479268575015,0.6137327238125125,0.6330619180520191,0.6661238361040381,0.002312871761595346,0.03662367195142113
3733,7.624196730959614,0.16899818386645205,12.253605838681201,0.3134014596703002,5874.581659664437,0.062151383053697495,0.34509903362814526,0.09019806725629054,0.032792869061846745,0.6523811931686211
3734,8.385602893581822,0.5920016075454572,11.071664078052722,0.017916019513180448,6596.465254409455,0.6637210453412127,0.3167006729378043,0.03340134587560861,0.015944887972276573,0.3120179388338702
3735,7.7620161947659945,0.24556455264777444,14.140136523284,0.785034130821,6584.025214484419,0.6533543454036826,0.5086507207463418,0.41730144149268344,0.04115472040654844,0.8213074829605744
3736,8.019893214948963,0.38882956386053535,12.304276972609433,0.32606924315235797,6690.113032064489,0.7417608600537406,0.40810072161460775,0.21620144322921553,0.029320032101058244,0.5822228707284494
3737,9.09913425986159,0.9884079221453278,13.349743781686946,0.5874359454217366,6421.922752546754,0.5182689604556285,0.4426385947745241,0.28527718954904824,0.020599415530848073,0.40604879860299137
3738,8.818783280154586,0.8326573778636593,11.44020530043096,0.11005132510774007,6588.417153111259,0.6570142942593825,0.31192005720604166,0.023840114412083335,0.0058326113593553525,0.10772952241121925
3739,8.750820683950437,0.7949003799724657,12.303591901786882,0.3258979754467206,5922.105075180143,0.1017542293167858,0.6317541251000616,0.6635082502001232,0.02075051793593814,0.40910137244319467
3740,8.53369589351716,0.6742754963984231,12.679548387281235,0.41988709682030867,6453.063047021324,0.5442192058511031,0.6737794284391105,0.7475588568782211,0.009001750005138837,0.1717525253563401
3741,8.28897154537376,0.5383175252076445,14.919218445996872,0.9798046114992178,6992.259209109278,0.9935493409243988,0.49456325531831563,0.3891265106366313,0.009991110995237808,0.19173961606541023
3742,7.897937570576552,0.32107642809808445,12.45471069302753,0.3636776732568828,6109.035294700943,0.25752941225078574,0.3135151174438688,0.027030234887737592,0.0008415828716933152,0.006900664074612428
3743,8.646207772925186,0.7367820960695477,12.659846102497522,0.41496152562438027,6615.002718259639,0.6791689318830318,0.7890280554028248,0.9780561108056496,0.04095010098870907,0.817173757347658
3744,7.42686597339132,0.05936998521739989,11.252760119533232,0.0631900298833078,6920.85821455408,0.9340485121284,0.7508917618666058,0.9017835237332117,0.047478606562268176,0.9490627588337005
3745,8.452423678907989,0.629124266059994,13.532587516181794,0.6331468790454484,6008.3457398525625,0.17362144987713501,0.37260910991459373,0.14521821982918748,0.04646942963694037,0.9286753462008155
3746,8.621036210374701,0.7227978946526121,11.45828710164698,0.11457177541174468,6252.996362016669,0.3774969683472239,0.510628582687797,0.421257165375594,0.029033299291287586,0.5764302887128805
3747,7.886608900883503,0.3147827227130573,12.173303291860108,0.2933258229650272,5890.18998480411,0.07515832067009165,0.7031373596318984,0.8062747192637968,0.039323794676306645,0.7843190843698311
3748,8.36756536368874,0.5819807576048559,12.043103943319053,0.26077598582976325,6735.161616471393,0.7793013470594944,0.30494919893564465,0.009898397871289322,0.007653220924967929,0.14450951363571574
3749,9.031192582091196,0.9506625456062198,13.225476946276466,0.5563692365691164,5906.447441387754,0.08870620115646222,0.6874242114193827,0.7748484228387655,0.027378524781645607,0.5430005006393052
3750,7.37657097462586,0.03142831923658873,12.033036355513678,0.25825908887841953,6986.358779065231,0.988632315887692,0.6581335522987231,0.716267104597446,0.038149001520119005,0.7605858892953334
3751,8.15586932792899,0.4643718488494394,14.194104789622658,0.7985261974056647,6138.430981671372,0.2820258180594767,0.723820295651866,0.8476405913037319,0.018043089461172262,0.3544058477004497
3752,8.311949436907426,0.5510830205041256,14.054761768175586,0.7636904420438965,6652.563290143438,0.7104694084528655,0.5672724632300727,0.5345449264601455,0.018940207458035978,0.3725294435966864
3753,7.512508789008971,0.10694932722720563,12.581419399989889,0.39535484999747206,6553.731283658318,0.6281094030485982,0.6477829613269307,0.6955659226538614,0.036908265246102724,0.7355205100222773
3754,8.969080570987963,0.9161558727710912,11.316595993229527,0.07914899830738154,6219.233307185682,0.34936108932140153,0.4189396298690438,0.23787925973808766,0.0006017161943801157,0.002054872613739711
3755,8.228953643436144,0.5049742463534131,13.73863569579424,0.6846589239485601,6208.984766384408,0.3408206386536733,0.7125740769367798,0.8251481538735596,0.04824438231672613,0.9645329760954773
3756,7.547867533011254,0.12659307389514085,11.46380019191048,0.1159500479776201,6142.0003757253235,0.28500031310443585,0.6818774669973799,0.7637549339947599,0.021789393287612813,0.4300887532851073
3757,8.078528954378937,0.42140497465496474,11.71038790309754,0.17759697577438505,6615.207658334833,0.6793397152790271,0.4658763947781508,0.3317527895563016,0.004810681578666064,0.08708447633668814
3758,8.633450642611086,0.7296948014506037,11.225363550731704,0.05634088768292567,6774.709810377771,0.8122581753148091,0.5205702490445996,0.4411404980891992,0.042654452294032426,0.8516050968491399
3759,8.298611796234994,0.5436732201305524,14.805645271838104,0.9514113179595262,5828.8910971504365,0.024075914292030376,0.3931628156316914,0.18632563126338286,0.030811016907936112,0.6123437759179012
3760,8.057620317133834,0.4097890650743524,14.13239726848291,0.7830993171207273,6462.193579628047,0.5518279830233727,0.34004751409707584,0.08009502819415171,0.030079329564163065,0.5975622134174357
3761,8.176234704890176,0.4756859471612087,11.559279880288361,0.13981997007209013,6640.661257416681,0.7005510478472343,0.3565437385437698,0.11308747708753963,0.03574338943761143,0.7119876654062914
3762,7.437538113737831,0.06529895207657244,12.3061334902949,0.3265333725737254,6111.349478972877,0.2594578991440638,0.5066789236217004,0.41335784724340086,0.012370480433547737,0.2398076855262169
3763,7.801369764313875,0.2674276468410416,13.236577660244224,0.5591444150610559,6664.183996175676,0.7201533301463966,0.3451260827916684,0.09025216558333682,0.025607116969630975,0.5072144842349692
3764,8.8950802962672,0.8750446090373338,12.84792212066687,0.4619805301667176,6372.796514608631,0.47733042884052557,0.3602760541326303,0.12055210826526064,0.01203997863696785,0.23313088155490602
3765,8.522564195218568,0.6680912195658707,11.931457625647147,0.23286440641178674,6897.647141788282,0.9147059514902348,0.42647411807071584,0.2529482361414317,0.005612813591352244,0.1032891634616615
3766,8.58340908444821,0.7018939358045609,13.439249826526705,0.6098124566316763,6644.540825255818,0.7037840210465148,0.5950972772668659,0.5901945545337319,0.03279534097872016,0.6524311308832356
3767,7.358620656856469,0.021455920475815793,14.373309333752163,0.8433273334380406,6803.103408307318,0.835919506922765,0.5823320393340585,0.5646640786681171,0.03995442170803574,0.7970590244047624
3768,8.68715900669839,0.7595327814991065,14.61752225999071,0.9043805649976775,6113.031516382571,0.26085959698547545,0.37967281201399194,0.1593456240279839,0.007396315502300136,0.13931950509697244
3769,7.520559067382127,0.1114217041011818,13.799760370313148,0.699940092578287,6623.035662118416,0.6858630517653473,0.39422417960641976,0.18844835921283953,0.024999537621660538,0.4949401539729401
3770,8.309326073732397,0.5496255965179981,11.208064769936454,0.05201619248411349,6353.120401476479,0.4609336678970659,0.49747615329929085,0.3949523065985817,0.030694685430331128,0.6099936450571944
3771,8.118885353377339,0.44382519632074424,12.469748017548378,0.3674370043870945,5995.366935230199,0.16280577935849916,0.6686849129294445,0.737369825858889,0.03254690976526664,0.6474123184902351
3772,9.0420785715933,0.956710317551834,12.416808683114676,0.3542021707786689,6619.349989629816,0.6827916580248472,0.3039123280695387,0.007824656139077457,0.002892694932109496,0.04833727135574739
3773,8.341020656813486,0.5672336982297146,11.065215122703313,0.016303780675828272,6999.6528542394135,0.9997107118661777,0.6544119604971583,0.7088239209943168,0.012611353610938389,0.24467381032198765
3774,8.82415439204612,0.8356413289145117,12.074306681499504,0.268576670374876,5841.421212889205,0.034517677407670644,0.3463958122393542,0.09279162447870837,0.02027866754428269,0.3995690412986401
3775,7.685318363810387,0.20295464656132578,13.023939705017625,0.5059849262544064,6070.352005669835,0.2252933380581963,0.607400560911053,0.614801121822106,0.03113812591921165,0.6189520387719525
3776,8.091882058981524,0.4288233661008466,11.346652300186165,0.08666307504654136,6545.889568930423,0.6215746407753525,0.7743796151332367,0.9487592302664736,0.000585353914710939,0.001724321509311899
3777,8.706730341046391,0.7704057450257736,13.868628986080713,0.7171572465201783,6417.830794501317,0.5148589954177639,0.7147520255673632,0.8295040511347263,0.038860012622651596,0.7749497499525574
3778,8.57078735012283,0.6948818611793498,14.936323171678985,0.9840807929197466,6817.682456050564,0.8480687133754699,0.573530589490295,0.54706117898059,0.01192465000855528,0.23080101027384403
3779,8.500948709544605,0.6560826164136704,11.77422288501888,0.19355572125471976,6462.495939843018,0.5520799498691821,0.4245095995214245,0.24901919904284897,0.0038001642917141845,0.06666998569119564
3780,7.591313715623088,0.15072984201282658,12.121864983589287,0.2804662458973215,5828.100520175152,0.023417100145960323,0.6218486134699442,0.6436972269398885,0.012604364579905521,0.2445326177758691
3781,7.613836909386197,0.16324272743677593,12.331175155396362,0.33279378884909083,6737.071845317808,0.7808932044315064,0.3471484604914498,0.09429692098289966,0.0227705618372157,0.4499103401457717
3782,8.655614764749808,0.7420082026387828,12.170351210224688,0.2925878025561718,6344.085864292087,0.4534048869100722,0.6953765581004641,0.790753116200928,0.026037516942112492,0.5159094331739897
3783,7.819448203829086,0.2774712243494921,14.362399246883566,0.8405998117208914,6395.276778259661,0.496063981883051,0.6805327947479513,0.7610655894959025,0.023117794237423835,0.4569251361095724
3784,8.640631349483739,0.733684083046522,14.15009299823724,0.7875232495593099,6487.699108924484,0.573082590770403,0.4872970873512033,0.37459417470240663,0.020055879071367744,0.3950682640680352
3785,7.850234637662355,0.29457479870130865,12.248547923869829,0.31213698096745723,6740.606087128366,0.7838384059403054,0.6175424087249708,0.6350848174499416,0.030872958971834827,0.6135951307441379
3786,8.064963665432378,0.41386870301798817,11.797951025393811,0.19948775634845295,6254.669140279856,0.3788909502332134,0.47379672802764594,0.3475934560552919,0.00775699249063924,0.1466059089018028
3787,8.987402521691118,0.9263347342728435,14.5010333257984,0.8752583314495997,6490.199328494267,0.5751661070785564,0.5169716859463749,0.4339433718927498,0.03497217271874506,0.6964075296716173
3788,8.036669636178997,0.3981497978772207,12.313587897271333,0.3283969743178333,6211.7723439307665,0.34314361994230524,0.3381794717162033,0.07635894343240657,0.014302362543126364,0.2788356069318457
3789,7.591901657299631,0.15105647627757257,14.38117939377004,0.8452948484425098,6651.817051598956,0.7098475429991302,0.3320614041289683,0.06412280825793659,0.007043708055402194,0.13219612233135747
3790,8.019415171357673,0.38856398408759596,13.952594363078337,0.7381485907695841,6457.928336170253,0.548273613475211,0.5662871864725469,0.5325743729450938,0.005896753026006238,0.10902531365669166
3791,8.855036462435008,0.8527980346861155,14.959656075016692,0.9899140187541733,5968.1840141254415,0.14015334510453448,0.5070902374736178,0.41418047494723564,0.010102466979673265,0.1939892319125912
3792,8.66387452237753,0.7465969568764053,12.33230729166381,0.33307682291595253,6043.34809756584,0.20279008130486664,0.43885545054941766,0.27771090109883534,0.00524622120336465,0.09588325663362929
3793,7.591017812044197,0.1505654511356651,14.949701451130618,0.9874253627826546,6738.116741672985,0.781763951394154,0.5738656461438117,0.5477312922876235,0.03398024094326925,0.6763685039044293
3794,8.655079714799017,0.7417109526661211,11.120579034787179,0.030144758696794782,6589.27471304869,0.657728927540575,0.6601032213305011,0.7202064426610022,0.013741577309945349,0.26750661232212825
3795,8.238838852660567,0.5104660292558709,13.246175613089644,0.5615439032724111,6178.3608337532,0.315300694794333,0.7167528248064283,0.8335056496128567,0.005273980388088947,0.09644404824422115
3796,8.916987870818812,0.8872154837882292,14.585603476729647,0.8964008691824118,5871.954305049152,0.059961920874293195,0.5748851766285286,0.549770353257057,0.003363048537590306,0.05783936439576376
3797,8.936280495308896,0.8979336085049425,12.569369108642414,0.39234227716060355,6572.116788367569,0.6434306569729741,0.5091783921608646,0.4183567843217293,0.030303008678137778,0.6020809833967228
3798,7.854945894147498,0.29719216341527677,14.8683819525932,0.9670954881482999,6431.304447431524,0.5260870395262697,0.4379618821033531,0.27592376420670617,0.037504362193828376,0.7475628726025935
3799,7.8241236699517875,0.28006870552877083,14.303272833115967,0.8258182082789917,6615.329868608359,0.6794415571736323,0.7348201834108974,0.8696403668217948,0.039042241273551784,0.7786311368394299
3800,8.746802128148135,0.7926678489711863,11.788860732657449,0.19721518316436226,6826.85412891333,0.8557117740944419,0.6232671627528044,0.6465343255056089,0.037233140222691335,0.7420836408624512
3801,8.400221979794205,0.6001233221078918,14.346869603080455,0.8367174007701138,6037.455067493149,0.19787922291095772,0.7233759731411318,0.8467519462822635,0.017988131424294073,0.3532955843291732
3802,8.462042834202293,0.6344682412234968,12.774511206206158,0.4436278015515397,6068.257375386949,0.22354781282245773,0.6598135415406676,0.7196270830813352,0.03688810207676039,0.7351131732678866
3803,8.967889219111097,0.9154940106172762,12.290381980877704,0.322595495219426,6556.935822616679,0.6307798521805653,0.6477095773732935,0.6954191547465871,0.015980245100794144,0.3127322242584676
3804,8.236189657513707,0.5089942541742818,14.055911860044487,0.7639779650111217,6180.155346940558,0.3167961224504652,0.731376607938174,0.8627532158763482,0.03898759841758185,0.7775272407592293
3805,7.5594106393789415,0.1330059107660787,13.615886468825629,0.6539716172064071,6509.977694152372,0.5916480784603102,0.6066594549169084,0.6133189098338169,0.0025326689779822617,0.04106401975721741
3806,8.447836296149028,0.6265757200827937,11.526240339652542,0.13156008491313564,6286.323959197166,0.40526996599763854,0.632315057870884,0.6646301157417682,0.04959343523787293,0.9917865704620793
3807,8.206335897619567,0.4924088320108708,14.15436184948479,0.7885904623711975,6945.843068941074,0.9548692241175621,0.7838851975063676,0.9677703950127353,0.03074739687926888,0.6110585228135127
3808,8.182526776637248,0.47918154257624945,11.774718168252793,0.19367954206319848,6752.46139524857,0.793717829373808,0.3516368349536117,0.10327366990722342,0.001972705995334477,0.029751636269383375
3809,8.070892722395449,0.41716262355302725,11.942660063813646,0.2356650159534115,6825.836288951883,0.8548635741265693,0.6312283592561094,0.6624567185122188,0.035725271580411375,0.7116216480891187
3810,8.394360823189302,0.5968671239940575,14.0554651823741,0.7638662955935249,6532.1835381184255,0.6101529484320215,0.7003819822179338,0.8007639644358675,0.04850160904379444,0.9697294756322109
3811,9.110764113121453,0.9948689517341408,11.149195627346167,0.0372989068365418,6369.214539109774,0.47434544925814515,0.781875254249349,0.9637505084986979,0.03388713257382125,0.6744875267438636
3812,8.221378293778127,0.5007657187656266,11.42391850327212,0.10597962581802989,6347.31694304665,0.45609745253887446,0.3055516437460745,0.011103287492149061,0.007552294311263969,0.14247059214674684
3813,7.720885361472195,0.2227140897067752,14.1077004213202,0.77692510533005,5927.806524319844,0.10650543693320358,0.5244744791227913,0.4489489582455827,0.008059935075502971,0.15272596112127212
3814,7.753612448571092,0.24089580476171768,12.388758465807403,0.34718961645185087,6768.713092082833,0.8072609100690277,0.4852047045966951,0.37040940919339027,0.03858350391908722,0.7693637155371155
3815,8.401151664945365,0.6006398138585363,11.08826432394339,0.022066080985847503,6096.824383638853,0.24735365303237722,0.33607036136753715,0.07214072273507433,0.04339498126642721,0.8665652781096407
3816,8.515508631859188,0.6641714621439934,13.775690070284163,0.6939225175710411,6995.578764309461,0.9963156369245509,0.4134839512844111,0.22696790256882227,0.0019316926727411603,0.028923084297801216
3817,8.851474624443291,0.8508192358018289,13.654358380738078,0.6635895951845192,5911.630157913631,0.09302513159469217,0.34873550342694426,0.09747100685388854,0.01648268647221197,0.32288255499418117
3818,8.179762559349596,0.47764586630533123,12.867198031660752,0.4667995079151881,6621.071169432785,0.6842259745273206,0.6807161954406391,0.7614323908812783,0.024767363552819437,0.490249768743827
3819,8.844173364837875,0.8467629804654867,11.36650261110218,0.0916256527755448,6287.416919499936,0.4061807662499467,0.7731770695091349,0.9463541390182698,0.02960172040176425,0.5879135434699848
3820,8.790979068156059,0.8172105934200328,11.383034422967494,0.09575860574187378,6022.595300882247,0.18549608406853957,0.4349563127837808,0.26991262556756157,0.03440857064476911,0.6850216291872547
3821,8.85102114935895,0.8505673051994166,12.219638600690605,0.30490965017265115,6436.3676627687455,0.5303063856406212,0.7240524219177475,0.8481048438354951,0.03192659694124705,0.6348807462878191
3822,7.680071467953617,0.20003970441867625,14.768828751993357,0.9422071879983391,6050.142354717637,0.20845196226469764,0.7925094538070935,0.985018907614187,0.04330826731846621,0.8648134811811355
3823,8.907260653242748,0.8818114740237488,13.134832122067856,0.5337080305169638,6427.110903055574,0.5225924192129784,0.6272324835197581,0.6544649670395163,0.015972312874802788,0.3125719772687432
3824,8.02845436898323,0.3935857605462387,13.231475953798476,0.5578689884496193,6704.546954547965,0.7537891287899705,0.5586163774077006,0.5172327548154013,0.016921112741826876,0.3317396513500379
3825,7.577353516712857,0.14297417595158723,11.59480058976521,0.14870014744130233,5854.4328871998605,0.04536073933321694,0.5934227863900512,0.5868455727801025,0.016862638047192458,0.33055834438772635
3826,8.408671829443001,0.6048176830238904,13.019637528340645,0.5049093820851616,6728.778252103233,0.7739818767526941,0.3781942529155127,0.15638850583102537,0.02465629667553262,0.4880059934451034
3827,8.860005117425136,0.8555583985695203,11.524408614556032,0.13110215363900812,5991.485422542748,0.15957118545229032,0.3132026703137299,0.026405340627459806,0.02002056055884511,0.3943547587645476
3828,8.995204874733433,0.9306693748519077,13.690600327880022,0.6726500819700054,5837.05944982225,0.030882874851874687,0.4706961375969423,0.3413922751938846,0.01730123651327681,0.3394189194601376
3829,7.644456924427823,0.1802538469043461,14.719092221631627,0.9297730554079064,5807.920422335973,0.006600351946643879,0.719491196842085,0.83898239368417,0.02274550433132435,0.4494041279055424
3830,7.8857661269746515,0.31431451498591734,14.048104498117945,0.7620261245294864,6423.399079785948,0.5194992331549564,0.4663431128217183,0.33268622564343664,0.027829833655162145,0.5521178516194373
3831,9.102107254570543,0.9900595858725245,14.645874620049256,0.9114686550123141,6548.922506125797,0.6241020884381637,0.782806577109386,0.965613154218772,0.006160137503782113,0.11434621219761842
3832,9.081091568272225,0.9783842045956804,13.239623754382135,0.5599059385955338,6290.521694317969,0.408768078598308,0.39500283139899595,0.19000566279799191,0.03405477636436202,0.6778742699871115
3833,8.49356635762748,0.6519813097930439,13.064308698930697,0.5160771747326743,6566.046974512863,0.6383724787607189,0.5829161273351695,0.5658322546703389,0.02939322045798273,0.5837014233935904
3834,7.8628601469021255,0.30158897050118083,14.446106304131202,0.8615265760328006,5903.427070552695,0.08618922546057939,0.6471959381197544,0.6943918762395088,0.03257243463607065,0.6479279724458717
3835,8.123138127404058,0.4461878485578096,12.733009851114033,0.4332524627785086,5963.128490923815,0.13594040910317884,0.7883511739233096,0.976702347846619,0.037622307656148934,0.74994560921513
3836,8.823767911481582,0.8354266174897684,14.897476485688443,0.9743691214221111,6871.0547769470795,0.8925456474558991,0.5148535030384334,0.42970700607686685,0.0426978364976665,0.852481545407404
3837,7.449415430623166,0.07189746145731413,11.671385194852451,0.16784629871311296,5921.101918321172,0.10091826526764325,0.7119508442502245,0.8239016885004489,0.03425631571560776,0.68194577203248
3838,8.891171939032798,0.8728732994626659,14.87010422504137,0.9675260562603424,6943.216727598297,0.9526806063319142,0.5858357491317245,0.5716714982634492,0.018497353615328123,0.36358290131976
3839,7.593965897822315,0.15220327656795252,11.737413023154616,0.18435325578865414,6586.966071254068,0.65580505937839,0.636902795935959,0.6738055918719181,0.0468983578980211,0.9373405635963857
3840,8.473732245914798,0.6409623588415545,12.328742418228787,0.3321856045571967,6106.175823086545,0.25514651923878806,0.7439792518593913,0.8879585037187827,0.032258064862098236,0.6415770679211764
3841,8.43776702728862,0.6209816818270114,11.34920476957418,0.08730119239354506,6638.15125761414,0.6984593813451171,0.5247526523902168,0.4495053047804336,0.01088067492476413,0.20971060454068946
3842,8.070238463140534,0.416799146189186,14.675426848747774,0.9188567121869434,6411.618082646968,0.5096817355391404,0.35837310359527785,0.11674620719055573,0.045392317459774144,0.9069155042378614
3843,7.660583472305984,0.18921304016999085,12.176050427300561,0.2940126068251402,6306.944950520206,0.4224541254335049,0.5583820097342174,0.5167640194684349,0.01911288668111158,0.37601791274972884
3844,8.859286898910172,0.8551593882834291,14.106941074927128,0.7767352687317823,6088.897108831714,0.24074759069309504,0.6768311076028797,0.7536622152057594,0.03860037504496332,0.7697045463628953
3845,7.54387018431125,0.12437232461736103,11.691993777247427,0.17299844431185685,5932.822589659378,0.11068549138281492,0.4488734197570722,0.2977468395141444,0.007497407244997239,0.14136176252519672
3846,8.833178374619061,0.8406546525661452,11.376044236378931,0.09401105909473251,5924.022892792248,0.10335241066020684,0.6751432671094666,0.7502865342189333,0.013489063493015029,0.26240532309121267
3847,7.348272969289966,0.015707205161092253,11.056865263755066,0.014216315938766377,6798.42250330866,0.8320187527572167,0.634683400592277,0.6693668011845542,0.04274775223944517,0.8534899442312156
3848,8.44275732627645,0.6237540701535838,12.595747553731133,0.3989368884327832,6421.124202285754,0.5176035019047953,0.5974998719481794,0.5949997438963589,0.042106497592764185,0.8405353049043269
3849,7.776820388400916,0.2537891046671752,13.242006895883502,0.5605017239708755,6313.96889796877,0.4283074149739752,0.5146772369408199,0.42935447388163994,0.046941189736873834,0.9382058532701785
3850,7.731146232358755,0.22841457353264194,13.628386591500664,0.657096647875166,6553.610381880276,0.6280086515668967,0.46805530834834974,0.3361106166966995,0.009262791364697655,0.1770260881757102
3851,9.044263024159156,0.9579239023106426,11.684425060304601,0.17110626507615034,5844.4498771344315,0.03704156427869265,0.5743572635326067,0.5487145270652135,0.036634291238868855,0.7299856815933101
3852,8.389998844363761,0.5944438024243118,11.729959668401841,0.18248991710046036,6057.532685728469,0.21461057144039086,0.5917261188684535,0.5834522377369071,0.03967407564464404,0.7913954675685665
3853,8.161490354860089,0.46749464158893816,14.729417531691848,0.9323543829229621,6004.485006544957,0.1704041721207974,0.5596625685692861,0.5193251371385722,0.040581362649806746,0.8097244979758939
3854,8.610857968286789,0.7171433157148832,14.456071524000777,0.8640178810001939,6170.640674584301,0.3088672288202512,0.5215383072848843,0.44307661456976866,0.014636163827719982,0.28557906722666626
3855,7.88369167801682,0.31316204334267783,13.049334650749476,0.5123336626873689,6998.018443225922,0.9983487026882683,0.4967607311189461,0.3935214622378922,0.01977309543944551,0.38935546342314153
3856,7.686643472017224,0.20369081778734655,13.451042161671776,0.612760540417944,6238.392389922967,0.3653269916024722,0.5308940527606039,0.46178810552120786,0.005457420553733914,0.1001499101764427
3857,7.48599222862066,0.09221790478925518,13.239498945439907,0.5598747363599768,6542.5930081092865,0.6188275067577386,0.7347999883137264,0.8695999766274528,0.00763925335629201,0.14422734053115172
3858,8.554042464656591,0.68557914703144,13.56380129925625,0.6409503248140624,6510.283933430712,0.5919032778589268,0.3053973708921328,0.010794741784265649,0.016040254094713,0.31394452716591925
3859,8.865117272128224,0.8583984845156799,11.601271710041331,0.1503179275103329,6922.2935125481035,0.9352445937900867,0.38005057880297055,0.16010115760594112,0.04498596503144375,0.8987063642715909
3860,8.37098014084496,0.5838778560249779,12.716094005271584,0.429023501317896,6366.180195537881,0.4718168296149008,0.7326392042427466,0.8652784084854933,0.023445001448562618,0.4635353827992448
3861,8.779681630203411,0.8109342390018951,11.28290918216469,0.07072729554117241,6435.684771766616,0.529737309805513,0.4646809135980979,0.3293618271961958,0.047499590445365024,0.9494866756639398
3862,8.186590415555187,0.4814391197528821,12.72199705650836,0.43049926412709005,6812.090377000227,0.8434086475001892,0.6788802201611116,0.7577604403222232,0.04620859141730086,0.9234058872181992
3863,8.176948321330167,0.4760824007389818,13.907995933560068,0.7269989833900169,5904.296295066801,0.08691357922233378,0.4316778802265386,0.2633557604530772,0.021436128842518214,0.42295209782865073
3864,8.11210607160871,0.44005892867150564,14.700263067150269,0.9250657667875674,6529.224047722311,0.6076867064352598,0.4308772336067789,0.2617544672135578,0.026539492221424075,0.526050347907557
3865,8.08874161390576,0.42707867439208946,12.639035900439858,0.4097589751099644,5908.4847944833755,0.09040399540281296,0.6482709951139608,0.6965419902279216,0.012804939269593639,0.2485846317089624
3866,7.847926040248429,0.2932922445824606,12.503026909274444,0.3757567273186112,6626.730299826857,0.688941916522381,0.5974184337033226,0.5948368674066452,0.006627967482441207,0.12379732287760015
3867,8.273919450486897,0.5299552502704983,13.898163964515618,0.7245409911289046,6358.238994604369,0.4651991621703071,0.4520665369667568,0.30413307393351363,0.02615149127515285,0.5182119449525828
3868,8.628320537131591,0.7268447428508842,13.931260151564128,0.7328150378910319,6843.737110348569,0.8697809252904743,0.581953699097759,0.5639073981955179,0.023614481814269395,0.46695922857109884
3869,8.977175328054484,0.9206529600302692,14.102956195101179,0.7757390487752949,6053.653961563208,0.21137830130267377,0.7456946606074678,0.8913893212149356,0.047175121191629005,0.9429317412450303
3870,8.615516330785974,0.7197312948810969,13.032547502675934,0.5081368756689835,6225.683662085622,0.35473638507135163,0.5770261708006561,0.5540523416013122,0.010292926265452553,0.1978368942515667
3871,9.014081625966222,0.9411564588701238,13.86745861341896,0.7168646533547399,6423.4766950144685,0.5195639125120568,0.3200137642362075,0.040027528472414975,0.04210639227664274,0.8405331773059139
3872,7.600932250445617,0.1560734724697872,14.162328713246449,0.790582178311612,6282.60692158628,0.40217243465523345,0.3873738090365823,0.17474761807316463,0.025643986076792205,0.5079593146826707
3873,8.515907978455116,0.6643933213639539,11.327827258103543,0.08195681452588588,6204.929156443608,0.3374409637030067,0.6413522974505479,0.6827045949010957,0.0017118063722148793,0.024480936812421805
3874,8.12546634995554,0.4474813055308552,11.072551418079296,0.01813785451982386,6456.481200281764,0.5470676669014702,0.6732923229384389,0.7465846458768777,0.029575842122922382,0.5873907499580279
3875,8.698098194195385,0.7656101078863257,13.725333844036449,0.681333461009112,5885.959383405712,0.0716328195047603,0.5251325213171392,0.45026504263427836,0.02105340011199755,0.4152202042827787
3876,7.885387062203019,0.31410392344612204,11.064762629696052,0.016190657424012822,6978.125106117199,0.9817709217643319,0.6135616982569649,0.62712339651393,0.022174053370272822,0.4378596640459156
3877,7.332540868706657,0.006967149281476015,13.693837670244703,0.6734594175611757,5862.567987753926,0.05213998979493806,0.5224967728383829,0.44499354567676597,0.02736495394381118,0.5427263422992157
3878,8.185800081073873,0.48100004504104077,12.041411881102874,0.2603529702757187,6194.863484226085,0.329052903521738,0.5280619435555804,0.4561238871111609,0.006074842808102958,0.112623087032383
3879,8.227793438708481,0.5043296881713787,12.976851675314723,0.494212918828681,6431.111915772065,0.525926596476721,0.48764117542269186,0.37528235084538375,0.03543589117401269,0.7057755792729836
3880,8.899693527598725,0.8776075153326254,14.103376254391497,0.7758440635978743,5973.114779608252,0.14426231634021047,0.4880888652378753,0.37617773047575065,0.01806687181722138,0.3548862993378056
3881,7.729596805381657,0.22755378076758725,12.894501476942622,0.47362536923565535,5910.192227673811,0.09182685639484289,0.32517032842745813,0.05034065685491629,0.03600956308688761,0.7173649108462143
3882,8.391125725749909,0.5950698476388383,14.288076322455778,0.8220190806139446,5863.69374244061,0.053078118700507826,0.5582936795259079,0.5165873590518157,0.03128146916496115,0.621847861918407
3883,8.108811824070598,0.43822879115033264,13.680640823136438,0.6701602057841093,5936.890882400739,0.11407573533394932,0.6380231103429232,0.6760462206858465,0.039415727423285585,0.7861763115815269
3884,8.503364454469349,0.6574246969274166,11.810381325551276,0.20259533138781893,6701.659074962873,0.7513825624690608,0.7483931271995466,0.8967862543990933,0.0378017463603575,0.7535706335425757
3885,8.82930076886129,0.8385004271451609,11.372005340213601,0.09300133505340002,6655.902923777722,0.7132524364814349,0.35111459991956856,0.10222919983913714,0.03777756834720322,0.7530821888323883
3886,8.530100433602748,0.6722780186681929,14.438442776020361,0.8596106940050904,6240.774498807146,0.3673120823392889,0.5309365821649206,0.46187316432984127,0.049950572115124145,0.9990014568711948
3887,8.468593560730028,0.6381075337389052,14.380968899061902,0.8452422247654752,6789.528990939055,0.8246074924492122,0.33427390378642935,0.06854780757285872,0.046868115416162946,0.9367296043669282
3888,8.969605786818407,0.9164476593435604,14.949538805404167,0.9873847013510415,6658.7146934737675,0.715595577894806,0.35727284492717226,0.11454568985434455,0.039677943340230865,0.7914736028329468
3889,8.756482587496384,0.7980458819424356,11.058904864635236,0.014726216158809091,6279.9169142915425,0.3999307619096186,0.6503820502730886,0.7007641005461771,0.04821302412991911,0.9638994773721031
3890,7.368372111381519,0.026873395211954976,12.623561728961946,0.4058904322404864,6914.178398463186,0.9284819987193215,0.6685417785972169,0.7370835571944337,0.04749383055571053,0.9493703142567783
3891,8.462469297110205,0.6347051650612251,12.800043628350398,0.4500109070875997,6439.656275526077,0.5330468962717306,0.765308568704635,0.9306171374092702,0.0205378463065071,0.4048049758890323
3892,8.977863224800274,0.9210351248890414,13.706753994288826,0.6766884985722065,5844.984017295549,0.03748668107962416,0.7431761410116833,0.8863522820233667,0.018883142555807454,0.3713766172890395
3893,7.489459530126224,0.09414418340345765,11.575638568429039,0.14390964210725965,5959.026842657303,0.13252236888108604,0.6082603276905074,0.616520655381015,0.0006345024182635213,0.0027172205709802277
3894,7.729052535761243,0.22725140875624583,13.739077441096018,0.6847693602740044,6059.6181248311395,0.21634843735928322,0.546781773322988,0.4935635466459761,0.04208703164676913,0.8401420534700833
3895,8.61209961347905,0.7178331185994723,12.31408799273434,0.32852199818358496,6589.668446595414,0.6580570388295114,0.4726508997190073,0.34530179943801464,0.0033972585149103156,0.05853047504869324
3896,8.486262700104666,0.6479237222803699,13.875366029648838,0.7188415074122096,5894.959325954576,0.07913277162881327,0.5067123446020771,0.4134246892041542,0.017378639322255446,0.3409826125708171
3897,8.387726919839535,0.5931816221330756,14.527251676179358,0.8818129190448393,6969.107079229288,0.9742558993577395,0.573560495206695,0.5471209904133902,0.0012437141473430906,0.015024528229153344
3898,7.753157546248135,0.24064308124896383,13.553720029038372,0.638430007259593,6902.747271524015,0.9189560596033456,0.34530360863970533,0.09060721727941068,0.036747438499330605,0.7322714848349616
3899,8.365724518378261,0.5809580657657009,14.088919368208927,0.772229842052232,6092.351021923794,0.24362585160316186,0.6552009893559126,0.7104019787118253,0.01794647561127887,0.3524540527531085
3900,7.488442549010425,0.09357919389468017,14.704283766475513,0.9260709416188782,6756.052118969064,0.7967100991408874,0.508057008946109,0.4161140178922179,0.038215419653378144,0.761927669765215
3901,9.022298979363276,0.9457216552018203,12.860696749030474,0.4651741872576184,6623.135228530952,0.6859460237757934,0.4323580248346015,0.26471604966920304,0.04081850637506625,0.8145152803043687
3902,7.582528565872896,0.14584920326271988,11.93650305663895,0.23412576415973751,6131.046797504246,0.27587233125353827,0.4777717303785003,0.3555434607570006,0.02527965847268049,0.5005991610642523
3903,8.05548479365123,0.4086026631395723,13.33440590536714,0.583601476341785,6523.969284660865,0.6033077372173876,0.6484499115650858,0.6968998231301716,0.02501881649320682,0.4953296261253902
3904,7.6737238595415525,0.1965132553008626,13.803278787032557,0.7008196967581392,6755.723831726243,0.7964365264385352,0.3233513779036851,0.046702755807370266,0.043315717465910966,0.8649639892103225
3905,7.46182063022126,0.07878923901181134,11.648132112675672,0.16203302816891774,5862.64138926018,0.05220115771681699,0.7413232728129209,0.8826465456258417,0.038556980261493165,0.7688278840705689
3906,8.482450957178319,0.6458060873212883,13.061057672023352,0.5152644180058382,6590.6585565723935,0.6588821304769947,0.7027623584537703,0.8055247169075406,0.008314567579758186,0.157870052116327
3907,8.167117211805337,0.47062067322518775,13.142635054147659,0.5356587635369148,6530.385840586903,0.608654867155753,0.7664784651414841,0.9329569302829682,0.006796012300385873,0.1271921676845631
3908,8.815975675781454,0.8310975976563638,11.345149021590467,0.08628725539761684,6142.660020587151,0.28555001715595874,0.7546672823809526,0.9093345647619053,0.03481249328164346,0.6931816824574436
3909,7.384783322498974,0.03599073472165182,13.181742342727837,0.5454355856819594,6576.262817569292,0.6468856813077427,0.6408012900892934,0.6816025801785869,0.04780717045603881,0.9557004132533092
3910,8.114812741485677,0.44156263415870933,11.255062330843952,0.06376558271098809,6343.296427850304,0.4527470232085864,0.48627071732423033,0.3725414346484607,0.03565792870434128,0.7102611859462884
3911,8.142967950104786,0.45720441672488144,12.12474756493609,0.2811868912340223,6881.940932691372,0.9016174439094771,0.7839531571515719,0.9679063143031439,0.04276852423560913,0.8539095805173561
3912,8.609950175464883,0.7166389863693795,11.862967210915043,0.21574180272876087,6431.574050234174,0.5263117085284786,0.752116322135371,0.9042326442707422,0.02889538343430019,0.5736441097838422
3913,7.607969950783439,0.15998330599079957,14.033478748707957,0.7583696871769889,6700.134613787963,0.7501121781566352,0.41701262915670423,0.23402525831340848,0.04987986589207981,0.9975730483248446
3914,7.706196227064346,0.2145534594801921,12.066692323616135,0.26667308090403363,5800.868947880573,0.0007241232338105474,0.38435647985393995,0.16871295970787992,0.004878485706347536,0.08845425669388962
3915,8.43383483921308,0.6187971328961563,12.116036206905273,0.2790090517263183,6994.957314108306,0.995797761756921,0.5291954471000193,0.45839089420003865,0.015437632318898099,0.30177034987672924
3916,8.718779726292283,0.7770998479401575,12.011308095040203,0.25282702376005073,6579.804076537495,0.6498367304479128,0.3200721797977229,0.04014435959544582,0.019064006537684582,0.375030435104739
3917,8.206843401003438,0.49269077833524333,14.566970134312227,0.8917425335780568,6229.699843879567,0.35808320323297294,0.5469761032863775,0.49395220657275496,0.015315762870370557,0.2993083408155668
3918,8.204980447778048,0.49165580432113776,13.787864297428488,0.6969660743571222,6047.107642164471,0.20592303513705912,0.5891372250886239,0.5782744501772478,0.012194071615366757,0.2362438710175102
3919,9.103166575612118,0.9906480975622886,11.810026356974532,0.20250658924363307,6990.524933710676,0.9921041114255632,0.41495102106316467,0.22990204212632936,0.0008550266578967436,0.007172255715085729
3920,7.420427722144566,0.05579317896920288,11.777032054726007,0.19425801368150186,6483.512455927648,0.5695937132730405,0.5957336744307979,0.5914673488615959,0.004494798405061664,0.08070299808205383
3921,8.314010718764962,0.5522281770916462,13.964864860411062,0.7412162151027657,6527.603076020894,0.6063358966840782,0.7954760655680837,0.9909521311361673,0.013349009093637745,0.259575941285611
3922,8.969165185842007,0.9162028810233377,14.999830844501592,0.9999577111253981,6055.027115667317,0.21252259638943094,0.7137436095931733,0.8274872191863466,0.009226588307863564,0.176294713290173
3923,7.847230862007098,0.2929060344483877,14.814601100908266,0.9536502752270666,6862.989066146575,0.8858242217888126,0.35628238794199835,0.11256477588399671,0.04660057901751843,0.9313248286367358
3924,8.220688370181257,0.5003824278784763,14.287279221937013,0.8218198054842529,6152.751798293417,0.2939598319111806,0.798638858079424,0.9972777161588481,0.03152331976402556,0.6267337326065769
3925,8.86358200320689,0.857545557337162,12.048203972634894,0.2620509931587235,6815.126460515784,0.8459387170964866,0.6583319105340528,0.7166638210681057,0.02408127704008677,0.47638943515326804
3926,8.994408185554574,0.9302267697525416,13.985763906230952,0.7464409765577379,6719.7019006637065,0.766418250553089,0.3439368816865484,0.08787376337309682,0.0010501465675729574,0.011114072072180958
3927,7.340584645996986,0.011435914442770034,13.343472373332236,0.5858680933330591,6425.0753059026265,0.5208960882521887,0.31619002048334677,0.03238004096669356,0.016408671850315894,0.32138731010739174
3928,7.660570302940235,0.18920572385568635,14.41801758033394,0.854504395083485,6829.792906039028,0.858160755032523,0.41132917156573945,0.22265834313147892,0.038110624892210315,0.7598106038830366
3929,8.464483822404247,0.6358243457801381,12.921995096739153,0.48049877418478804,6244.7925141031055,0.3706604284192543,0.7715489632133842,0.9430979264267684,0.01231419521433741,0.23867061039065474
3930,7.398646478492136,0.04369248805118664,11.316722606414672,0.07918065160366783,6498.674274026592,0.5822285616888263,0.5951454076065994,0.5902908152131987,0.017530712958688965,0.3440548072462417
3931,8.450491772817454,0.6280509848985852,12.29434907097929,0.3235872677448225,6210.031449383558,0.34169287448629804,0.6722328940924134,0.7444657881848269,0.0264952025042443,0.5251556061463495
3932,7.732661186337949,0.2292562146321936,12.233158985195118,0.30828974629877937,6644.9009089122455,0.7040840907602044,0.6447795650749397,0.6895591301498795,0.044688497785163,0.8926969249527879
3933,8.04200123943898,0.40111179968832256,12.375484923460776,0.343871230865194,6891.54898350224,0.9096241529185334,0.6700405409893893,0.7400810819787785,0.0075095264384277115,0.14160659471571135
3934,8.975562094214695,0.9197567190081637,13.863158296484361,0.71578957412109,6806.865778987818,0.8390548158231814,0.6442398708720662,0.6884797417441324,0.026580123328757213,0.5268711783587315
3935,7.401450466885578,0.045250259380876345,12.387970489820978,0.3469926224552443,6734.964596898073,0.7791371640817273,0.6416035600057068,0.6832071200114136,0.012261967612587585,0.2376155073250017
3936,7.576320902001713,0.14240050111206282,14.480569885832683,0.8701424714581708,6547.987339799754,0.6233227831664623,0.37022026135070646,0.14044052270141294,0.016535548651388232,0.32395047780582287
3937,7.766585430783457,0.2481030171019205,14.025760298913427,0.756440074728357,6194.970321718932,0.32914193476577613,0.3789025659042602,0.1578051318085204,0.027780056880312588,0.551112260208335
3938,8.020877177722998,0.38937620984610954,13.176585887023908,0.544146471755977,6754.7343156021025,0.7956119296684186,0.6877064503257813,0.7754129006515625,0.026317720753943164,0.521570116241276
3939,7.98161315660486,0.3675628647804776,12.93811087284166,0.4845277182104152,6649.358399759998,0.7077986664666654,0.7947332850997197,0.9894665701994395,0.042504444172793164,0.8485746297533973
3940,8.09609046011246,0.4311613667291443,11.494895928136613,0.12372398203415313,6728.870576745102,0.7740588139542516,0.5327674910018438,0.4655349820036876,0.013304727581943116,0.2586813652917801
3941,8.047275236046724,0.4040417978037356,14.60886366618746,0.9022159165468651,5863.287923256222,0.05273993604685179,0.4613014823037789,0.3226029646075578,0.012731161425039694,0.2470941702028221
3942,7.343063256741521,0.01281292041195603,11.484046161993552,0.12101154049838803,6679.126928854619,0.7326057740455155,0.46244080117666375,0.3248816023533275,0.028878929963914574,0.5733117164427186
3943,8.347209109123266,0.570671727290704,13.992862886161152,0.748215721540288,6068.396013914367,0.2236633449286397,0.732866622650233,0.8657332453004659,0.042609321594664996,0.8506933655487877
3944,7.451932731325587,0.07329596184754839,12.067479017697355,0.2668697544243386,6424.602367525799,0.5205019729381662,0.5215901077059898,0.4431802154119796,0.034398765423590535,0.6848235439109198
3945,8.67632516747188,0.753513981928823,12.289673637706255,0.3224184094265635,6838.670749341239,0.8655589577843653,0.441000359412021,0.282000718824042,0.037328633547132666,0.744012798931973
3946,8.471054123599192,0.6394745131106621,13.146269342055161,0.5365673355137903,6832.136229983511,0.8601135249862591,0.3218774087764388,0.04375481755287758,0.035732316907915056,0.7117639779376779
3947,7.380126215869576,0.03340345326087535,11.357176770768197,0.0892941926920493,6832.0306854777955,0.860025571231496,0.387611315572793,0.175222631145586,0.04321836592533839,0.8629972914209776
3948,8.89071291687437,0.8726182871524283,11.527282368687485,0.13182059217187148,6899.62007252679,0.9163500604389914,0.6962800316126693,0.7925600632253386,0.045266136753179476,0.9043663990541307
3949,7.859363542079219,0.29964641226623256,11.509455501231072,0.12736387530776783,6833.321462978486,0.8611012191487386,0.4838980544385487,0.36779610887709746,0.005955396943672404,0.11021003926610917
3950,7.390903484056319,0.03939082447573261,14.973113648899366,0.9932784122248415,6304.8003450080105,0.4206669541733422,0.7771007932933289,0.9542015865866579,0.03940602582724713,0.7859803197423662
3951,8.541766439096438,0.6787591328313545,11.35388478119371,0.0884711952984274,6118.815998595275,0.2656799988293962,0.5148344713251751,0.4296689426503504,0.02106304023967079,0.41541495433678355
3952,8.095422696354134,0.4307903868634083,12.542011112710119,0.38550277817752987,6681.42822666107,0.7345235222175578,0.6373445072069078,0.6746890144138157,0.021969901076855775,0.4337353752900156
3953,7.826850133996827,0.2815834077760152,11.545434513097433,0.1363586282743584,6342.242092488104,0.4518684104067535,0.5377316226663749,0.47546324533274986,0.034513399690801146,0.6871393876929524
3954,7.684517923085097,0.20250995726949805,12.944160250962987,0.48604006274074674,6282.596439591109,0.40216369965925725,0.5968561166023905,0.593712233204781,0.010205710602302178,0.19607496166267024
3955,8.234190932026618,0.5078838511258983,14.371912634957697,0.8429781587394242,6387.554583322457,0.4896288194353805,0.7493195441967355,0.8986390883934712,0.028383483887315177,0.5633027047942459
3956,9.112079115243866,0.9955995084688151,13.307186990855818,0.5767967477139546,6923.623275602793,0.9363527296689945,0.6438699248664088,0.6877398497328175,0.023144860744430226,0.4574719342309136
3957,8.05031640172538,0.4057313342918779,11.963222586190604,0.2408056465476507,6895.019511340128,0.9125162594501061,0.4457252520803455,0.29145050416069107,0.006520242693809854,0.12162106452141119
3958,7.952424920801022,0.35134717822278994,13.766833703249624,0.6917084258124058,6235.848311315947,0.36320692609662286,0.5365482000162975,0.473096400032595,0.04868940811740993,0.9735233963113117
3959,8.590559425822857,0.7058663476793654,13.064474973079943,0.5161187432699854,6669.823564010421,0.7248529700086841,0.5160676943553588,0.43213538871071766,0.009593225911663934,0.18370153356896834
3960,8.44726817748708,0.626260098603934,12.505151892220038,0.3762879730550095,6414.19834562892,0.5118319546907667,0.5472061419215726,0.49441228384314506,0.03739620591239428,0.7453778972200864
3961,8.538784964122238,0.6771027578456879,14.409813320704414,0.8524533301761035,6183.568613681612,0.3196405114013434,0.4226682755972363,0.24533655119447262,0.016481000460207965,0.32284849414561545
3962,8.640505177921156,0.7336139877339755,11.718655876627235,0.17966396915680893,6793.38649868789,0.8278220822399082,0.5140442577205204,0.428088515441041,0.031950796609583304,0.6353696284764303
3963,8.487734119340203,0.6487411774112238,13.224463684849045,0.5561159212122615,6673.929075539447,0.7282742296162059,0.5986087683628833,0.5972175367257667,0.009783299584488902,0.18754140574725053
3964,8.201977231219066,0.48998735067725896,14.914989199996329,0.9787472999990822,6973.282981390573,0.9777358178254774,0.4597628224864429,0.3195256449728858,0.03784915887498129,0.7545284621208341
3965,8.632742452833702,0.7293013626853898,11.59843456584256,0.14960864146063968,6079.8106866996895,0.23317557224974128,0.5545241156841845,0.5090482313683691,0.04080443040906493,0.8142309173548471
3966,8.958396437422895,0.9102202430127201,14.753033149959425,0.9382582874898562,6951.933320885163,0.9599444340709692,0.4699256717577503,0.3398513435155006,0.04197001322362436,0.8377780449217043
3967,7.723837321660427,0.2243540675891258,11.699710364900417,0.17492759122510437,6028.117602044145,0.1900980017034546,0.6062623599406978,0.6125247198813955,0.02917182578017013,0.5792288036398006
3968,8.829984662337642,0.8388803679653568,14.606977740991368,0.901744435247842,6312.133847047953,0.42677820587329396,0.6762326189944983,0.7524652379889966,0.04463461295413187,0.8916083425077145
3969,8.020996316074879,0.3894423978193766,14.596761682312744,0.899190420578186,6755.368005024627,0.7961400041871891,0.5305132446047964,0.461026489209593,0.047585179828281324,0.9512157541066933
3970,7.412466886416048,0.051370492453359895,13.182530710756092,0.5456326776890229,6038.6623368378305,0.19888528069819178,0.6771315158631435,0.754263031726287,0.03750821195433913,0.7476406455422046
3971,7.625322446054332,0.16962358114129528,14.250345349991388,0.8125863374978468,6166.298331165878,0.30524860930489817,0.5482886977563259,0.4965773955126519,0.03311300218834287,0.6588485290574317
3972,7.677536063602178,0.19863114644565416,13.272100729726544,0.5680251824316359,6514.159234738132,0.59513269561511,0.5333037484457834,0.4666074968915669,0.029126647730681375,0.5783161157713409
3973,7.322511058797915,0.0013950326655083334,11.921707820917158,0.23042695522928947,6717.846052677002,0.7648717105641688,0.4809577335514693,0.36191546710293865,0.034163138568511935,0.6800634054244835
3974,8.289128560269576,0.53840475570532,11.060309290075672,0.015077322518918024,5953.873324577113,0.1282277704809276,0.4769618871000776,0.3539237742001552,0.009219122816094974,0.1761438952746459
3975,8.58012072534605,0.7000670696366948,13.760310588400046,0.6900776471000113,6968.183376566698,0.973486147138915,0.6548716509809127,0.7097433019618256,0.0022741315826186543,0.035841042073104123
3976,9.014301356196874,0.9412785312204861,14.663995807716557,0.9159989519291393,6302.409680493439,0.418674733744532,0.5847967670672278,0.5695935341344558,0.02751058119338892,0.5456683069371498
3977,8.692657041694877,0.7625872453860433,11.885190212836363,0.22129755320909095,6316.663009587961,0.43055250798996747,0.3750101658695568,0.15002033173911367,0.038399355624585074,0.7656435479714155
3978,9.022428856973168,0.9457938094295385,12.730264579559146,0.4325661448897864,5889.691489855652,0.07474290821304386,0.7688008653574565,0.9376017307149129,0.03877002621903632,0.7731318428088145
3979,8.85621217435748,0.8534512079763782,14.841347681869493,0.9603369204673731,6911.446256226149,0.9262052135217906,0.4075732806165647,0.21514656123312947,0.02065616575490793,0.40719526777591775
3980,7.839589464969639,0.28866081387202147,14.51510410870645,0.8787760271766122,6056.48471117514,0.2137372593126161,0.6369768641385709,0.6739537282771417,0.02661823741375524,0.5276411598738432
3981,8.862003338957484,0.856668521643047,12.113140404497383,0.2782851011243459,6727.3278982652755,0.7727732485543967,0.30486529108562593,0.00973058217125189,0.009672529585366187,0.18530362798719568
3982,7.371429003102951,0.028571668390527938,12.403789055669584,0.35094726391739595,6922.516477541531,0.935430397951275,0.5737912534607179,0.547582506921436,0.04582072746579013,0.9155702518341439
3983,7.808400486001456,0.27133360333414214,12.47993844594691,0.3699846114867277,6370.636200876465,0.47553016739705456,0.4132870182747652,0.22657403654953046,0.02221479648835757,0.43868275734055695
3984,8.66747962552731,0.7485997919596171,11.19361794562711,0.04840448640677786,5969.701294035376,0.14141774502948012,0.6945972283408286,0.7891944566816572,0.03190719515103843,0.6344887909300693
3985,7.950030225404094,0.35001679189116364,14.307104868035225,0.8267762170088064,6316.028066655077,0.43002338887923075,0.5296525955103748,0.4593051910207496,0.020344265409043882,0.4008942506877552
3986,8.469700433206604,0.6387224628925577,14.43436360590681,0.8585909014767027,6652.498523491058,0.7104154362425482,0.563967436813129,0.527934873626258,0.024060813482177992,0.4759760299429897
3987,8.620281144365785,0.7223784135365474,11.14902796499782,0.03725699124945536,6674.966468697978,0.7291387239149817,0.5452142878393613,0.49042857567872267,0.007399281249768861,0.13937941918724972
3988,8.17955770749239,0.47753205971799517,13.96865941486763,0.7421648537169074,6341.035863573754,0.4508632196447946,0.7969532595146858,0.9939065190293714,0.04614991693286535,0.9222205440982898
3989,7.461095211116087,0.07838622839782605,13.337421504777536,0.584355376194384,5969.493487966413,0.1412445733053448,0.7608376671933204,0.9216753343866407,0.019956817305215674,0.39306701626698326
3990,7.412290598259876,0.05127255458881974,11.503545652093738,0.1258864130234345,6232.686803553475,0.36057233629456276,0.36402977656330404,0.1280595531266081,0.015051434358742408,0.293968370883685
3991,7.332022624458625,0.006679235810347017,11.619442129505948,0.15486053237648711,5881.246941564459,0.0677057846370489,0.6605229680800924,0.7210459361601846,0.019393872523029067,0.3816943944046276
3992,7.553654341242688,0.12980796735704903,14.01752048043755,0.7543801201093878,6725.632576054578,0.7713604800454814,0.43917446402090843,0.2783489280418169,0.011513651741238803,0.22249801497452126
3993,8.620695620513082,0.722608678062824,12.847079814529947,0.4617699536324865,6735.7899082773565,0.7798249235644638,0.7717915970173337,0.9435831940346674,0.006196873211243799,0.11508834770189491
3994,8.040817430577267,0.40045412809848124,13.463241705909109,0.6158104264772774,5979.736890308353,0.1497807419236279,0.6572089306917765,0.7144178613835532,0.028929804067408384,0.5743394761092603
3995,8.99183394395351,0.9287966355297281,14.149845800277834,0.7874614500694586,6557.345375680156,0.6311211464001306,0.666672852940378,0.7333457058807562,0.04402018544959995,0.8791956656484838
3996,8.234944484070313,0.5083024911501738,14.588400915427757,0.8971002288569391,6487.065860783969,0.5725548839866402,0.6049904410019689,0.6099808820039377,0.011784654838164262,0.22797282501341942
3997,8.22662703092432,0.5036816838468448,13.164507666816823,0.5411269167042055,5913.090063031038,0.09424171919253133,0.3797894494139192,0.15957889882783838,0.036206111575468006,0.721335587383192
3998,8.003813664052103,0.3798964800289465,14.762119836398844,0.940529959099711,6709.054151913968,0.757545126594973,0.6547314132770286,0.709462826554057,0.004548283613154106,0.08178350733644657
3999,8.448019493767006,0.6266774965372264,13.933200516265071,0.7333001290662676,6323.475003454512,0.4362291695454268,0.6721331301593216,0.7442662603186433,0.03156891408125243,0.6276548299242916
4000,7.400146570075475,0.04452587226415283,14.537763688187908,0.8844409220469772,6366.132559652479,0.4717771330437329,0.42851599447006883,0.2570319889401377,0.014660371289190429,0.28606810685233186
4001,8.804115127720294,0.8245084042890523,11.97369318739983,0.24342329684995745,5880.823275688142,0.06735272974011808,0.7168095954298054,0.8336191908596108,0.035710602846683134,0.7113253100340027
4002,8.07739334439913,0.4207740802217391,11.891613797334081,0.22290344933352024,6587.466040603313,0.6562217005027606,0.43220038784254317,0.26440077568508635,0.01879139851860815,0.36952320239612424
4003,7.9970117676357155,0.37611764868650854,13.644367328464742,0.6610918321161854,6983.390379916729,0.9861586499306081,0.3060520434856568,0.012104086971313599,0.010984132547707342,0.21180065752944122
4004,7.396369718851827,0.04242762158434821,11.110812600941326,0.027703150235331653,6687.408399767677,0.7395069998063972,0.7600420505331014,0.9200841010662026,0.0329777958486649,0.6561170878518161
4005,8.341378956878954,0.5674327538216415,11.749726593708873,0.18743164842721838,6030.150063776474,0.19179171981372856,0.6915629414492964,0.7831258828985929,0.031226064882983347,0.620728583494613
4006,8.82742044237429,0.8374558013190507,12.816663129806884,0.4541657824517208,6657.694359265159,0.7147452993876322,0.7245310262304888,0.8490620524609777,0.002369403827216275,0.03776573388315707
4007,8.458167611447008,0.6323153396927825,14.043521106214278,0.7608802765535698,6244.736522070744,0.3706137683922872,0.4528898699203423,0.30577973984068463,0.0382724935611214,0.7630806780024524
4008,8.605361166027938,0.7140895366821881,14.160923438118314,0.7902308595295783,6177.773577709365,0.3148113147578039,0.5380489820796466,0.4760979641592932,0.036256301646149465,0.7223495282050396
4009,7.4374020903137,0.06522338350761114,11.34880654758318,0.08720163689579519,6122.161380607144,0.26846781717261947,0.31073043454306576,0.02146086908613154,0.024412360884371334,0.48307799766406734
4010,8.198187648862998,0.4878820271461103,11.163290715824008,0.04082267895600189,6177.002860822708,0.3141690506855893,0.4816776521813227,0.3633553043626454,0.04341713693980974,0.8670128674709038
4011,7.857252457454135,0.29847358747451946,14.750618825974879,0.9376547064937196,6520.694231117159,0.6005785259309654,0.6631610588234167,0.7263221176468335,0.039908308468294386,0.796127443803927
4012,7.483612202394956,0.09089566799719773,11.696119876369242,0.17402996909231028,6395.232591655417,0.49602715971284805,0.47149183157701796,0.34298366315403594,0.03632904280047366,0.7238190464742152
4013,8.282140795495213,0.5345226641640074,11.008561704345329,0.0021404260863324698,6239.28813093559,0.36607344244632456,0.5575554291278804,0.5151108582557608,0.004720525391483153,0.08526313922188189
4014,7.912911557672082,0.3293953098178236,14.512875521995886,0.8782188804989715,6681.631419214344,0.7346928493452862,0.3825952491386577,0.16519049827731547,0.04956065657252507,0.9911243752025266
4015,8.527796823734144,0.6709982354078583,14.27472215952434,0.8186805398810849,6551.199414230664,0.6259995118588868,0.31401673380420253,0.028033467608405083,0.0026348867686353905,0.043129025628997786
4016,8.51554732267715,0.6641929570428612,12.04531572080262,0.26132893020065495,6636.792012648152,0.6973266772067938,0.6209310475154575,0.6418620950309148,0.011686410006766696,0.22598808094478173
4017,8.260791701093416,0.5226620561630084,14.696910113642433,0.9242275284106083,6939.363083193062,0.9494692359942188,0.7669227565128283,0.9338455130256565,0.008776596046987101,0.16720396054519393
4018,7.478359393612541,0.08797744089585624,11.621285693779003,0.15532142344475053,6428.592606723059,0.5238271722692163,0.673086178395587,0.746172356791174,0.008357355101832838,0.15873444650167345
4019,8.784483620353157,0.8136020113073097,13.56165640799739,0.6404141019993476,6251.389649382656,0.3761580411522133,0.44494615683890115,0.2898923136778023,0.0086513441405912,0.1646736190018424
4020,8.138720118775211,0.4548445104306734,11.745829759536083,0.18645743988402042,6281.471433471148,0.4012261945592903,0.5255059188637292,0.45101183772745834,0.0462405297025251,0.9240511051015172
4021,7.43735012321081,0.06519451289489409,11.54766408509926,0.13691602127481528,6589.3860677578,0.6578217231315004,0.3551123525278919,0.11022470505578386,0.006104435487051458,0.11322091893033248
4022,7.917935059698454,0.33218614427691895,13.243514774266902,0.5608786935667254,6259.9178338817665,0.38326486156813844,0.5762902204820639,0.552580440964128,0.0063347543661493085,0.1178738255787739
4023,7.407960517455835,0.04886695414213005,14.301584542710163,0.8253961356775407,6009.136948077561,0.17428079006463404,0.40461099808143103,0.20922199616286208,0.03212049421533723,0.6387978629361055
4024,7.62691023393189,0.17050568551771694,12.558347522151456,0.38958688053786406,6674.548448301727,0.7287903735847727,0.41217252932796955,0.22434505865593912,0.04158431014588413,0.8299860635532147
4025,8.16680173019159,0.4704454056619949,13.53238565940653,0.6330964148516326,5852.964522577305,0.044137102147753904,0.3133012942249728,0.026602588449945674,0.03609904713298901,0.7191726693533134
4026,8.479699979588462,0.6442777664380348,11.119116727628164,0.029779181907040764,6505.24845820831,0.5877070485069249,0.5339412644599656,0.4678825289199312,0.005187378917148926,0.09469452357876618
4027,7.890385273096475,0.31688070727581996,11.222226366943664,0.05555659173591587,6813.182180102716,0.8443184834189299,0.7363426698960676,0.8726853397921351,0.007247577806443337,0.13631470316047145
4028,7.488433816099415,0.09357434227745298,14.235723248950501,0.8089308122376254,6626.2596046130575,0.6885496705108812,0.7203288934810308,0.8406577869620615,0.0036648959973414096,0.06393729287558403
4029,8.030851580351886,0.39491754463993634,12.68669102702812,0.4216727567570301,5990.49417389714,0.1587451449142835,0.33603977539797536,0.07207955079595074,0.048973493288614056,0.9792624906790718
4030,9.027657727649148,0.9486987375828599,14.465030290389254,0.8662575725973137,6084.730304443254,0.23727525370271108,0.5902010161046011,0.5804020322092022,0.025277527648014796,0.500556114101309
4031,7.643115704724835,0.1795087248471302,12.009948039461149,0.25248700986528716,6212.508935029153,0.34375744585762713,0.5961442004266669,0.5922884008533339,0.009870063723146433,0.18929421662922086
4032,8.922569624456747,0.8903164580315263,11.602574800454885,0.15064370011372108,6331.547399879978,0.4429561665666485,0.30725003336984325,0.014500066739686512,0.04007064969676949,0.7994070645812018
4033,8.244448859632211,0.5135826997956731,13.406425649184929,0.6016064122962322,6918.699402931136,0.9322495024426137,0.4629220985313069,0.3258441970626138,0.003741898731748239,0.06549290367168159
4034,7.938928885423393,0.3438493807907739,13.620867131783152,0.655216782945788,6431.174405139447,0.5259786709495394,0.34157353571122534,0.0831470714224507,0.04225285696425777,0.8434920598839952
4035,8.550521481043672,0.6836230450242622,13.230240762946071,0.5575601907365176,6031.052923855077,0.19254410321256432,0.6066364363738401,0.6132728727476804,0.034389798156831436,0.6846423870066957
4036,8.981495060465317,0.923052811369621,11.195290652771241,0.048822663192810256,6958.2046640192775,0.9651705533493977,0.3689698875614763,0.13793977512295263,0.012907378898318415,0.2506541191579478
4037,9.094133085878465,0.9856294921547025,14.432809861825152,0.858202465456288,6371.307858244929,0.47608988187077406,0.602184335521578,0.6043686710431561,0.03328068822237987,0.6622361257046437
4038,8.532487888802882,0.673604382668268,13.538467736647702,0.6346169341619254,6031.296866487087,0.1927473887392389,0.7610768171220621,0.9221536342441243,0.01411603896160223,0.2750714941737824
4039,9.066281863004509,0.9701565905580606,12.166963463113245,0.29174086577831093,6079.828334332803,0.2331902786106692,0.31147387179339325,0.02294774358678653,0.04551607633580659,0.9094156835516483
4040,7.968022461516389,0.3600124786202161,14.507443440568645,0.8768608601421614,6437.613890441864,0.5313449087015536,0.35932552613119606,0.11865105226239214,0.007014947093061549,0.1316150927891222
4041,7.810004891973673,0.272224939985374,11.498483847502662,0.12462096187566529,6364.9134754381,0.47076122953175026,0.33357357361668405,0.06714714723336812,0.042432480156161106,0.8471208112355778
4042,7.347232440196371,0.015129133442428278,13.771039138665074,0.6927597846662683,6969.134441606112,0.9742787013384266,0.35701006302656735,0.11402012605313472,0.047280592908761396,0.9450624830052807
4043,8.053911133280959,0.4077284073783106,14.309831575859262,0.8274578939648153,6049.920007723585,0.2082666731029873,0.6067302915652969,0.6134605831305938,0.029637176766209077,0.5886298336607894
4044,8.874474428373349,0.8635969046518603,14.542024189592532,0.8855060473981328,6699.160706388528,0.7493005886571062,0.5064284539336635,0.4128569078673271,0.020630570225709157,0.4066781863779627
4045,7.502266637477774,0.10125924304320799,14.493820022998728,0.8734550057496818,5933.765483748836,0.11147123645736368,0.3105584213638711,0.02111684272774217,0.04843992247071593,0.9684832822366853
4046,8.497824657086635,0.6543470317147975,13.325268750076322,0.5813171875190808,6640.5976336168815,0.7004980280140676,0.43549611058074095,0.2709922211614819,0.013247396688741404,0.25752316542911924
4047,9.111621695684681,0.9953453864914901,13.71122343026932,0.6778058575673299,6826.8154431272615,0.8556795359393842,0.5273702460278111,0.4547404920556223,0.03087510249995693,0.6136384343425643
4048,8.118488365157088,0.443604647309493,12.683472893320527,0.42086822333013163,6591.702757285686,0.659752297738072,0.7770592869814169,0.9541185739628338,0.032724245306839234,0.6509948546836208
4049,8.719713679881579,0.777618711045322,13.817129352885814,0.7042823382214535,6010.369084543238,0.1753075704526985,0.5972201043839347,0.5944402087678693,0.020839371311205834,0.4108963901253704
4050,7.54998774786934,0.12777097103852209,11.078810270942338,0.01970256773558443,6094.892855292069,0.24574404607672395,0.7228926488424217,0.8457852976848433,0.005810575201442139,0.1072843475038816
4051,8.828542810740869,0.8380793393004826,14.811563429891837,0.9528908574729594,6179.933265025144,0.3166110541876198,0.6305398617524365,0.6610797235048729,0.019126295754857518,0.3762888031284347
4052,8.167754078506439,0.4709744880591332,14.236538033616592,0.809134508404148,6782.542745865917,0.8187856215549307,0.7939632342733858,0.9879264685467716,0.03118261005326094,0.6198507081466856
4053,7.949469444275434,0.3497052468196856,12.952615440979978,0.4881538602449945,6817.176924241535,0.8476474368679454,0.6302425393515549,0.6604850787031099,0.002567700707330189,0.04177173146121593
4054,8.416155672061517,0.6089753733675094,11.566984243800816,0.14174606095020392,6520.698146555892,0.6005817887965769,0.47343359908728566,0.34686719817457135,0.0032804903038008864,0.05617152128890679
4055,9.086606559539613,0.9814480886331182,11.37287522423029,0.09321880605757238,6695.492437936629,0.7462436982805245,0.4770525209899705,0.35410504197994097,0.04205801497274586,0.8395558580352699
4056,7.464732333368874,0.08040685187159702,14.792040048285633,0.9480100120714082,6550.486968475755,0.6254058070631294,0.30316227105073285,0.006324542101465713,0.0339419262587859,0.6755944698744626
4057,8.864664167996892,0.858146759998274,14.541259276504688,0.885314819126172,6046.4749807068365,0.2053958172556969,0.5258679735167433,0.45173594703348674,0.01209862418244541,0.2343156400494022
4058,8.928871697696863,0.8938176098315906,14.944613037567105,0.9861532593917762,6514.265417515239,0.5952211812626991,0.5041061110787892,0.40821222215757835,0.02555434550272043,0.5061483939943521
4059,7.689839392119486,0.2054663289552704,13.477822545070175,0.6194556362675436,6014.477694839741,0.17873141236645107,0.6272880690124389,0.6545761380248778,0.031115515483768886,0.6184952622983613
4060,8.174670035199604,0.47481668622200224,14.287092446541552,0.8217731116353878,6065.795286114513,0.22149607176209463,0.6159204312442116,0.6318408624884232,0.020226472787253334,0.3985146017626936
4061,7.344654622865228,0.013697012702904576,14.361924008599916,0.8404810021499789,6254.594538025982,0.37882878168831846,0.38922581876444307,0.17845163752888615,0.03768514114082803,0.7512149725419803
4062,8.825551599300555,0.836417555166975,14.5624438285654,0.89061095714135,6927.931403369027,0.9399428361408559,0.49868855564266246,0.39737711128532494,0.0018177196877202156,0.026620599751923546
4063,8.793236933326781,0.8184649629593229,13.25520541638106,0.5638013540952649,6563.580731808293,0.636317276506911,0.6610817243195607,0.7221634486391214,0.046367584706529325,0.9266178728591782
4064,7.911003255956519,0.32833514219806637,14.929352645713958,0.9823381614284898,6214.1940847606775,0.3451617373005642,0.326755516847488,0.05351103369497601,0.008372758820903728,0.15904563274552985
4065,7.461936560636806,0.07885364479822543,12.595735715818918,0.3989339289547298,6323.353619602611,0.4361280163355089,0.3842932439741598,0.16858648794831965,0.02465967400876564,0.48807422239930587
4066,8.43099883959768,0.617221577554266,12.52450061431407,0.3811251535785173,6427.763486325686,0.5231362386047381,0.6897188288538114,0.7794376577076229,0.023166718311724767,0.45791350124696495
4067,7.7647734923970475,0.24709638466502615,11.810995001722361,0.20274875043059015,5961.881137662902,0.13490094805241803,0.5576199500133616,0.5152399000267233,0.02077305267441101,0.40955661968507084
4068,8.814674707187004,0.8303748373261142,11.476901117233528,0.11922527930838167,6214.351496517886,0.345292913764905,0.460176595282174,0.32035319056434797,0.02120211626024365,0.4182245709140131
4069,7.63338323938366,0.17410179965758865,12.168028406709873,0.29200710167746824,6946.369320364481,0.9553077669704004,0.5998429381366744,0.5996858762733489,0.00166330555350131,0.023501122292955756
4070,8.592280674036555,0.7068225966869758,12.129369848850274,0.2823424622125683,6719.003775459918,0.7658364795499313,0.6228506076679438,0.6457012153358875,0.03899113359087595,0.7775986584015343
4071,8.491081935953149,0.6506010755295277,11.970016419271868,0.2425041048179668,5870.469390812198,0.058724492343498746,0.66143296867779,0.7228659373555799,0.008228709383391703,0.15613554309882227
4072,9.026999001180894,0.9483327784338303,14.010851220132096,0.7527128050330241,6811.05735241376,0.842547793678133,0.6300166464947421,0.6600332929894843,0.012978711995685866,0.25209519183203766
4073,8.016273751369548,0.38681875076086025,12.250616293746173,0.31265407343654317,6607.814573372076,0.6731788111433964,0.5458369756914055,0.4916739513828111,0.01698276733041217,0.3329851985941852
4074,9.005922629240565,0.9366236829114261,11.397369925524483,0.09934248138112056,6863.807450414656,0.8865062086788799,0.5873780877679131,0.5747561755358261,0.020397337839175318,0.4019664209934407
4075,7.490266150902124,0.0945923060567353,13.279285490060188,0.5698213725150468,6097.090270605513,0.2475752255045942,0.7621567534958251,0.9243135069916503,0.00990762367485648,0.19005300353245413
4076,8.737189975920886,0.7873277644004926,13.861268694220929,0.7153171735552319,6093.008585379892,0.24417382114990982,0.42438168444947155,0.24876336889894313,0.015048378695497472,0.2939066403130802
4077,8.680323294570353,0.7557351636501962,13.301237441507439,0.5753093603768599,6722.599960833151,0.7688333006942928,0.539339353251888,0.4786787065037761,0.015254051378186572,0.2980616440037691
4078,8.525704377141714,0.6698357650787301,14.291610725549157,0.8229026813872894,6897.789138736956,0.9148242822807967,0.422443752769671,0.24488750553934202,0.04442215471594113,0.8873162568876996
4079,7.3700374317952955,0.027798573219608658,12.543489977509896,0.38587249437747395,6145.468975936336,0.2878908132802803,0.5710543373736834,0.5421086747473667,0.0008725194353842009,0.007525645159276784
4080,8.811177127344378,0.8284317374135435,11.64536563796382,0.161341409490955,6053.439516535276,0.21119959711272995,0.48336735358252503,0.3667347071650501,0.026146226733861893,0.5181055905830685
4081,7.772382151948937,0.25132341774940936,13.196341097796694,0.5490852744491733,6128.292643964942,0.2735772033041185,0.6502661469818384,0.7005322939636768,0.007419249510451946,0.13978281839296858
4082,8.456743844893658,0.6315243582742553,13.0963153252535,0.5240788313133748,6972.315580279093,0.9769296502325774,0.4217379338010736,0.24347586760214723,0.036818021641576174,0.7336974069005288
4083,7.905681229364316,0.3253784607579536,14.580853675023338,0.8952134187558347,6526.218352536404,0.6051819604470033,0.4178609638404087,0.23572192768081746,0.008005830458723794,0.15163293856007665
4084,7.872327046384243,0.3068483591023574,11.957889088550317,0.23947227213757927,6930.085704041024,0.9417380867008533,0.5205058948420638,0.4410117896841277,0.03764776464090436,0.7504598917354416
4085,7.980339625505595,0.3668553475031081,12.247482126346267,0.31187053158656686,6634.585321379608,0.69548776781634,0.39693662312431943,0.1938732462486389,0.015544664589663764,0.3039326179730053
4086,8.695005459983054,0.763891922212808,12.256566337285518,0.3141415843213795,6258.57455733598,0.38214546444664976,0.301254748113898,0.0025094962277960597,0.04641904320231205,0.9276574384305464
4087,9.060893383724235,0.967162990957909,13.261164349192919,0.5652910872982296,6156.7251954796,0.2972709962329999,0.43436264796461377,0.26872529592922756,0.016081127002146284,0.31477024246760166
4088,8.99468804526555,0.9303822473697503,14.718265921844361,0.9295664804610904,6669.941207584637,0.7249510063205306,0.5571845562472744,0.5143691124945488,0.03652891000984291,0.7278567678756143
4089,8.17044064823456,0.47246702679697783,14.213773262058403,0.8034433155146007,5879.946232739468,0.0666218606162231,0.7116441887880216,0.8232883775760433,0.03301159635163477,0.6567999262956519
4090,8.569696566736939,0.6942758704094109,13.021746654065144,0.505436663516286,6522.068178337376,0.6017234819478128,0.5973763498405947,0.5947526996811895,0.03350588754955945,0.666785607061807
4091,7.809361443432838,0.27186746857379895,11.83988227784415,0.20997056946103765,6530.650025416716,0.6088750211805968,0.5421540992267124,0.484308198453425,0.027056519499060815,0.53649534341537
4092,8.090729515158744,0.4281830639770795,11.196494548611271,0.049123637152817756,6481.321653118708,0.56776804426559,0.48018486887655015,0.3603697377531003,0.026150257888949775,0.5181870280595914
4093,8.287160772578387,0.5373115403213261,14.830466600003927,0.9576166500009818,6055.501179021112,0.21291764918425982,0.7248936327298294,0.8497872654596589,0.004273112016577771,0.07622448518338931
4094,8.118392330357059,0.4435512946428104,12.063803674973656,0.26595091874341414,6613.038489716447,0.6775320747637055,0.7783373464643147,0.9566746929286295,0.02711271025176898,0.537630510136747
4095,7.695721456616603,0.2087341425647795,12.110292289651762,0.27757307241294027,6661.565582141673,0.7179713184513941,0.4871140911040536,0.3742281822081073,0.004338092026448507,0.07753721265552538
4096,7.983702672110729,0.36872370672818267,12.229172393471009,0.3072930983677521,6488.44187672102,0.5737015639341835,0.7047143900377826,0.8094287800755652,0.02291608810502254,0.4528502647479301
4097,8.084394393850204,0.4246635521390022,13.291470334602678,0.5728675836506696,5817.778626432303,0.014815522026918937,0.586845544887211,0.5736910897744221,0.017989822031463286,0.3533297380093593
4098,8.59963374710775,0.710907637282084,12.817469152795116,0.45436728819877903,5879.151435684163,0.06595952973680208,0.7257537713248383,0.8515075426496767,0.006318349775986552,0.11754241971690005
4099,8.639311348054374,0.7329507489190966,12.3300873213336,0.3325218303334,6210.990354351481,0.34249196195956766,0.38602797610600004,0.1720559522120001,0.004163061017118486,0.07400123266906034
4100,9.017441759697554,0.9430231998319751,11.458488740133038,0.11462218503325938,6848.293946826656,0.8735782890222128,0.45945264177209183,0.3189052835441837,0.01106725608249825,0.2134799208585505
4101,7.708809972019862,0.2160055400110349,11.072701461511382,0.01817536537784581,6193.734417380946,0.32811201448412186,0.6413707488553313,0.6827414977106626,0.04955844707212023,0.9910797388307117
4102,8.593678705878666,0.7075992810437033,14.385690965850038,0.8464227414625094,6451.215573713659,0.5426796447613823,0.4650275462241214,0.3300550924482428,0.04817309625811568,0.9630928536993066
4103,8.009155900416912,0.382864389120507,14.021029390906003,0.7552573477265009,6331.274710241375,0.44272892520114593,0.47041832372378134,0.3408366474475627,0.01948200574921392,0.3834748636204832
4104,8.86923131314061,0.860684062855894,12.56125831089186,0.3903145777229652,5899.803379619028,0.08316948301585725,0.6577713496348729,0.7155426992697459,0.03799655079181935,0.7575060766024111
4105,8.936707129479085,0.8981706274883807,12.513234591487311,0.37830864787182794,6547.193521908697,0.6226612682572477,0.35623194554522736,0.11246389109045474,0.0399822691420744,0.7976215988297859
4106,7.715478656110375,0.21971036450576364,14.249533772907004,0.8123834432267509,6011.155005205123,0.17596250433760274,0.4042625549777829,0.20852510995556583,0.0362340422524708,0.7218998434842586
4107,9.098808118433995,0.9882267324633306,14.249319853472073,0.8123299633680185,6242.170381669697,0.36847531805808065,0.4068701578471229,0.21374031569424579,0.010609574967848359,0.20423383773431025
4108,8.310360027129452,0.5502000150719181,13.795780231692893,0.6989450579232231,6997.9139883009775,0.9982616569174814,0.7188043646839557,0.8376087293679114,0.033391424571027006,0.6644732236571113
4109,8.158068049953872,0.4655933610854849,13.023711826590636,0.5059279566476591,5980.83850830998,0.1506987569249837,0.41521225116341476,0.23042450232682954,0.0466785675921977,0.9329003553979333
4110,8.838991685954584,0.8438842699747693,14.352771187663095,0.8381927969157738,5868.780599861422,0.057317166551184906,0.48817220897633234,0.3763444179526647,0.017510822996337782,0.3436529898250057
4111,8.504631944096927,0.6581288578316264,11.425583870414998,0.1063959676037497,6965.394556542147,0.9711621304517895,0.5283504275302626,0.45670085506052527,0.04781082829364361,0.955774308962497
4112,7.941743261579351,0.34541292309963956,11.434919741323721,0.10872993533093045,5817.618608804848,0.014682174004039705,0.3601309200029146,0.12026184000582918,0.045561665815567344,0.9103366831427746
4113,8.356867485455266,0.5760374919195926,13.83905802217572,0.7097645055439299,5986.53849805371,0.15544874837809208,0.48560265182313805,0.37120530364627613,0.03042286754604456,0.6045023746675668
4114,7.386104751763144,0.03672486209063508,11.283032254070028,0.07075806351750702,6626.470534894477,0.6887254457453976,0.6468060930278403,0.6936121860556808,0.0019395880515455039,0.02908258689990917
4115,7.652658063076716,0.18481003504262017,14.774717953318518,0.9436794883296293,6091.289632127988,0.2427413601066566,0.5653371751607318,0.5306743503214636,0.01778196030081698,0.34913051112761573
4116,7.7502886680074345,0.23904926000413051,13.161389256584211,0.5403473141460529,5890.808346264259,0.0756736218868822,0.7174748155627118,0.8349496311254234,0.023907325886053148,0.4728752704253161
4117,8.727527349474917,0.7819596385971767,12.34705344111018,0.33676336027754494,5933.230613735151,0.11102551144595851,0.5369694161068139,0.473938832213628,0.03684497443306234,0.7342419077386331
4118,8.329452058684982,0.5608066992694349,12.148478249284613,0.2871195623211532,6572.511284594496,0.6437594038287466,0.582647335746225,0.56529467149245,0.004954997460587413,0.08999994869873562
4119,7.539276050518192,0.1218200280656625,13.834301308266806,0.7085753270667012,6663.903125885974,0.7199192715716451,0.3772323188713634,0.15446463774272678,0.0100116005396427,0.19215354625540804
4120,7.435638019411268,0.0642433441173712,11.63341979777178,0.15835494944294504,5882.004766406921,0.06833730533910054,0.329140183492703,0.05828036698540606,0.037112431517798285,0.739645081167642
4121,8.817179042307814,0.8317661346154518,13.964270133420221,0.7410675333550552,5879.374099604306,0.06614508300358879,0.37935433103891464,0.1587086620778293,0.016320510603263404,0.3196062748134021
4122,7.541742664065361,0.12319036892520063,11.04201858926758,0.01050464731689471,6485.560908793782,0.5713007573281518,0.41183265372623523,0.22366530745247049,0.04703664955467473,0.9401343344378733
4123,8.833347274377264,0.8407484857651465,11.78915539969573,0.1972888499239327,6333.8402085036205,0.4448668404196837,0.41502110951315974,0.2300422190263195,0.025659396747344854,0.508270641360502
4124,7.700478625465826,0.2113770141476814,11.441456619458542,0.11036415486463569,5980.609566213771,0.15050797184480924,0.6099458869261536,0.6198917738523072,0.04976601069966893,0.9952729434276552
4125,8.853489481350573,0.8519386007503186,12.656241202184141,0.41406030054603526,5998.204529237449,0.1651704410312076,0.5498497366357022,0.4996994732714046,0.02868471457064515,0.5693881731443464
4126,8.748557269296374,0.7936429273868747,14.536075443826622,0.8840188609566556,6784.65516857099,0.8205459738091585,0.6155687759180384,0.6311375518360768,0.02523273927443091,0.49965129847335166
4127,7.4580064018314465,0.0766702232396923,13.710179741600996,0.6775449354002487,6952.691991530846,0.9605766596090385,0.7329666977198678,0.8659333954397356,0.039390950125635094,0.7856757601138402
4128,8.627041453426292,0.7261341407923853,13.376073102361424,0.5940182755903559,6098.451841849758,0.24870986820813212,0.6324971984569663,0.6649943969139326,0.016445666005685252,0.32213466678152025
4129,8.473987462964685,0.6411041460914916,12.850469079046437,0.46261726976160944,6254.134560854371,0.37844546737864226,0.6505437509035665,0.7010875018071332,0.043271169964755926,0.8640640396920389
4130,7.439988198525658,0.06666011029203178,14.80650535766029,0.9516263394150725,6516.1542975139655,0.5967952479283049,0.7840068582311559,0.9680137164623118,0.026596627784505448,0.5272046017071808
4131,8.140743184244519,0.455968435691399,12.996796553352253,0.4991991383380632,6138.984558759061,0.2824871322992172,0.6305887533291992,0.6611775066583984,0.035102819859535166,0.6990468658491953
4132,8.807284962022521,0.8262694233458456,14.628570739770206,0.9071426849425516,6023.9060395078395,0.18658836625653308,0.6388522277550962,0.6777044555101924,0.02074553783894036,0.40900076442303757
4133,7.834118192972812,0.28562121831822895,13.390141472590832,0.5975353681477079,6908.4556611437,0.9237130509530836,0.6371050386809061,0.6742100773618122,0.035789832208369836,0.7129259031993906
4134,7.364867394739346,0.024926330410747988,14.607595133874394,0.9018987834685985,6461.6889575635805,0.5514074646363174,0.6525452110054522,0.7050904220109042,0.04325233318855865,0.8636834987587606
4135,8.112793853958433,0.4404410299769075,12.507233806265274,0.3768084515663185,6428.445366475429,0.5237044720628579,0.4917152696231129,0.38343053924622583,0.01822918145584831,0.35816528193632946
4136,8.48324128387105,0.6462451577061398,12.677810945845023,0.4194527364612558,6718.149721676891,0.7651247680640764,0.6326565773676953,0.6653131547353907,0.028102803755403423,0.557632399099059
4137,7.773466210712593,0.2519256726181073,13.537334614131087,0.6343336535327718,6201.905263616806,0.3349210530140052,0.5220084220768306,0.4440168441536614,0.0006882902902916933,0.0038038442483170343
4138,8.809592158104481,0.8275511989469344,13.648283212148245,0.6620708030370611,6746.555371331865,0.788796142776554,0.3523828044311377,0.10476560886227537,0.03023815740527311,0.600770856672184
4139,8.950805357950962,0.9060029766394242,14.090997284621878,0.7727493211554695,6032.930380222022,0.19410865018501822,0.7140728928586414,0.8281457857172828,0.0036440343818363373,0.06351584609770378
4140,8.34390616827894,0.5688367601549665,14.288677407261119,0.8221693518152795,5812.985567261778,0.010821306051481794,0.7864368565718468,0.9728737131436936,0.009634203369550046,0.18452936100101103
4141,8.07387293256778,0.41881829587098884,13.173773927162307,0.5434434817905767,5831.34240709111,0.026118672575924817,0.6056708498513239,0.6113416997026478,0.01243727587731352,0.24115708843057615
4142,8.500814257970127,0.6560079210945154,11.719215642556005,0.17980391063900136,6472.941829169854,0.5607848576415447,0.6870568456531467,0.7741136913062935,0.03795754368231336,0.7567180541881487
4143,7.966268003831322,0.35903777990629004,13.517514508673049,0.629378627168262,6118.939397098471,0.2657828309153928,0.36459612971439037,0.12919225942878076,0.01021550780139989,0.19627288487676542
4144,7.446210715566428,0.07011706420357122,14.995141076088252,0.9987852690220633,6926.398585740122,0.9386654881167683,0.4536279907709918,0.30725598154198364,0.033685496083626344,0.6704140622954816
4145,7.591738708680781,0.15096594926710039,13.367322622359932,0.5918306555899828,6162.734757060676,0.3022789642172299,0.3735978729097091,0.1471957458194182,0.0020708834868239778,0.03173501993583794
4146,8.84075167619623,0.84486204233124,12.657692133041184,0.4144230332602963,5815.2794572724415,0.012732881060368295,0.7559958989880607,0.9119917979761215,0.04525662840377521,0.9041743111873779
4147,7.940423543734543,0.34467974651919064,11.421623232107773,0.10540580802694333,6640.904845177428,0.7007540376478568,0.4787904460986712,0.35758089219734246,0.028282028809135436,0.5612531072552613
4148,8.383914442331992,0.5910635790733292,13.100843441984141,0.5252108604960354,6798.34343095769,0.8319528591314082,0.4855028985925002,0.3710057971850004,0.002881129599565278,0.04810362827404602
4149,8.252470962275462,0.518039423486368,13.874388589964235,0.7185971474910589,5857.884312725545,0.04823692727128759,0.46668641381690584,0.3333728276338117,0.042230024553083306,0.8430307990521879
4150,8.422825048549612,0.6126805825275619,12.258196970275636,0.3145492425689089,6489.409600249418,0.5745080002078481,0.6974237741321987,0.7948475482643974,0.030887538957654777,0.6138896759122177
4151,7.800476097127387,0.2669311650707705,14.230985140308599,0.8077462850771499,6159.743723060284,0.2997864358835698,0.5345691117745871,0.4691382235491742,0.009187096406214259,0.17549689709523753
4152,7.57494984750236,0.14163880416797792,13.517576274576308,0.6293940686440772,6543.762544252652,0.6198021202105438,0.7296557694095307,0.8593115388190613,0.02562240602563935,0.5075233540533202
4153,7.6519471560394745,0.18441508668859707,13.721913699476683,0.680478424869171,6978.68165394856,0.9822347116238002,0.45818574364450215,0.3163714872890043,0.04168572819808288,0.8320349130925834
4154,7.538374018547876,0.12131889919326433,12.123639443993975,0.2809098609984938,5965.523291468948,0.1379360762241233,0.3138336136213617,0.027667227242723413,0.04518736267209882,0.9027750034767439
4155,7.831572985575281,0.2842072142084895,14.637989860843017,0.9094974652107545,6385.537659111917,0.4879480492599303,0.48955724825114294,0.3791144965022859,0.04801185135212663,0.9598353808510429
4156,7.324073134986079,0.0022628527700434553,14.591217677869231,0.8978044194673077,6265.695378496313,0.3880794820802611,0.3023265464843594,0.004653092968718853,0.03305778615591341,0.6577330536548164
4157,8.215809586649765,0.49767199258320305,13.035807652358052,0.5089519130895129,5884.724861265801,0.07060405105483447,0.37085550699521175,0.14171101399042352,0.022333941448534816,0.44108972623302656
4158,8.053758226763687,0.40764345931315915,14.851348585084988,0.962837146271247,5933.686295651774,0.11140524637647853,0.35715544141269717,0.11431088282539437,0.02134143764511489,0.4210391443457553
4159,7.982825469837664,0.3682363721320354,11.883307767522998,0.22082694188074958,6115.632800339213,0.2630273336160107,0.47714903205837433,0.3542980641167487,0.026408158782934385,0.5233971471299875
4160,8.486361182192336,0.6479784345512982,13.571992285859062,0.6429980714647656,6643.969053123411,0.7033075442695088,0.5888372844759238,0.5776745689518477,0.029763421012271956,0.5911802224701405
4161,8.766407999187965,0.8035599995488699,12.047277734179332,0.2618194335448327,6136.958502153305,0.28079875179442093,0.5561028702481394,0.512205740496279,0.02541026038218084,0.5032375834784008
4162,7.575869809998909,0.1421498944438382,11.625496950137425,0.1563742375343563,5925.824176043954,0.10485348003662875,0.5029003372946288,0.4058006745892576,0.0442049255279432,0.882927788443297
4163,8.174728663633797,0.47484925757433116,14.428549663327736,0.8571374158319339,6461.959521978562,0.5516329349821355,0.5162716564744056,0.4325433129488113,0.0009924579039878954,0.009948644525007988
4164,8.470829037746052,0.6393494654144736,14.607968752820273,0.9019921882050681,6009.115913168256,0.1742632609735466,0.4057585556194354,0.21151711123887085,0.01991236927339065,0.3921690762301141
4165,7.76698331585584,0.2483240643643556,11.222748185409838,0.05568704635245969,6739.683648929267,0.7830697074410562,0.48018433976405794,0.3603686795281159,0.007524284389316923,0.14190473513771562
4166,8.715061665810182,0.775034258783435,11.659453843983606,0.1648634609959012,5800.167349966564,0.00013945830546990834,0.628261874884604,0.6565237497692081,0.010862294978068489,0.20933929248623206
4167,8.663614652387563,0.7464525846597582,14.509313817318555,0.8773284543296387,6974.17221909803,0.9784768492483584,0.3761913905331817,0.15238278106636338,0.0031824754910883533,0.05419142406239097
4168,7.706131350938011,0.21451741718778372,11.509826500210197,0.1274566250525494,6569.81401178907,0.6415116764908914,0.5593638984807102,0.5187277969614205,0.007967332717285341,0.15085520640980488
4169,8.548311557783972,0.6823953098799842,12.03784711278215,0.2594617781955373,6314.756463696338,0.42896371974694825,0.4821576702709366,0.3643153405418732,0.036720647105219946,0.7317302445498979
4170,9.022576994611327,0.9458761081174043,11.755825540611966,0.18895638515299162,6833.60331768784,0.8613360980731998,0.7496246788362324,0.8992493576724649,0.03164625856726676,0.6292173447932679
4171,8.809143262325238,0.8273018124029101,14.975882809180252,0.993970702295063,6973.637322810214,0.9780311023418446,0.41579032844037156,0.23158065688074314,0.049521130974609404,0.9903258782749373
4172,8.322298543991241,0.5568325244395789,13.91539863349392,0.72884965837348,5882.634193742086,0.06886182811840502,0.644195330737203,0.688390661474406,0.037510461537509594,0.7476860916668604
4173,8.993155635832505,0.9295309087958359,11.117532550129624,0.029383137532405956,6579.3022495259,0.6494185412715834,0.7955562672168095,0.9911125344336189,0.0400104525704815,0.7981909610198281
4174,8.105991152305306,0.43666175128072526,13.304430864646509,0.5761077161616273,5967.051046949259,0.13920920579104967,0.33776355413875675,0.07552710827751352,0.016342109185600716,0.32004260981011545
4175,7.437328792391254,0.06518266243958526,11.212379628031961,0.053094907007990244,6205.414021913029,0.33784501826085733,0.7590727810534484,0.9181455621068969,0.011997539601936424,0.23227352731184692
4176,7.9717945559681205,0.3621080866489559,13.340612427077716,0.5851531067694287,6321.807049804751,0.4348392081706254,0.45870978402464263,0.3174195680492853,0.018454711548967592,0.36272144543368867
4177,8.106687569777351,0.4370486498763062,12.196922754941221,0.29923068873530523,6990.469909367983,0.9920582578066522,0.33283298374569537,0.06566596749139075,0.019816671429014734,0.3902357864447421
4178,8.928647799792195,0.8936932221067752,14.899385925104255,0.9748464812760635,5999.078325244497,0.16589860437041437,0.5908260273784957,0.5816520547569913,0.043330416608370025,0.8652609415832327
4179,7.640685487510906,0.17815860417272555,12.421657225044852,0.35541430626121306,6193.403968351031,0.3278366402925257,0.4566543321713566,0.3133086643427132,0.02114601906133645,0.41709129416841306
4180,9.016760866709896,0.9426449259499432,14.163862192903434,0.7909655482258582,6866.677116813877,0.8888975973448975,0.741881356566195,0.88376271313239,0.011680070679571119,0.22586001372870945
4181,7.495964274530828,0.09775793029490454,13.810932396810536,0.7027330992026337,6182.188526799797,0.3184904389998303,0.5257461136071346,0.4514922272142694,0.04770621033888903,0.953660814927051
4182,8.310549123345734,0.5503050685254082,12.057002137561705,0.26425053439042623,5817.0271419250475,0.014189284937539681,0.6638704279307002,0.7277408558614005,0.03840252925468529,0.765707661710814
4183,7.556556861772805,0.13142047876266916,14.855656841348,0.963914210337,6066.8746398109415,0.22239553317578475,0.5073711948020567,0.4147423896041136,0.00056182245471644,0.0012489384791199987
4184,8.214044403567922,0.4966913353155118,11.245933986900813,0.061483496725203035,6002.6996459916645,0.1689163716597203,0.7480419384315316,0.896083876863063,0.049856333156489824,0.9970976395250468
4185,8.310085761625123,0.5500476453472911,14.782438418826782,0.9456096047066956,5992.672287886518,0.16056023990543156,0.7523913540410084,0.9047827080820169,0.0398440082045009,0.7948284485757757
4186,7.910861200515857,0.32825622250880937,14.437726807842573,0.8594317019606432,6241.646492577635,0.36803874381469603,0.31397684156937844,0.027953683138756902,0.02963876675961896,0.5886619547397769
4187,7.455588239514402,0.07532679973022283,11.172779099176841,0.04319477479421019,6793.545691467034,0.8279547428891951,0.6335015422220281,0.6670030844440563,0.04092633429941431,0.81669362221039
4188,9.040814159077577,0.95600786615421,12.97756981140032,0.49439245285008004,6885.845852250365,0.9048715435419712,0.4435614163426833,0.28712283268536665,0.0477418484176711,0.9543807761145676
4189,8.616750511706044,0.7204169509478024,13.877364424377252,0.7193411060943131,6079.409292841123,0.23284107736760262,0.5118712920475244,0.4237425840950486,0.015519088266735204,0.30341592458050914
4190,8.641652009752589,0.7342511165292165,12.737556788296406,0.4343891970741012,6569.667805750016,0.6413898381250127,0.5149780907402517,0.4299561814805033,0.017402815230247403,0.34147101475247277
4191,7.400749918232768,0.04486106568487114,12.358158888137616,0.3395397220344043,5804.818543709459,0.004015453091215759,0.4453805390398873,0.2907610780797746,0.02601645273925776,0.515483893722379
4192,8.961340918447263,0.911856065804035,11.860451580185387,0.215112895046347,6905.902058752987,0.9215850489608224,0.5871896921548707,0.5743793843097413,0.023614447616268956,0.46695853770240314
4193,7.714990595413775,0.21943921967431945,13.315656564034871,0.578914141008718,6152.22062201742,0.2935171850145172,0.46458875185844833,0.3291775037168967,0.038084144288797896,0.7592756421979372
4194,8.371696165520971,0.5842756475116511,13.220074878813993,0.5550187197034983,6810.736495656275,0.8422804130468957,0.685804966803016,0.7716099336060318,0.03296929880549815,0.655945430414104
4195,7.768252215188384,0.24902900843799092,12.586875829186912,0.3967189572967278,6169.601638054013,0.30800136504501074,0.5328923332293236,0.46578466645864725,0.03972102875576344,0.7923440152679483
4196,8.144604689287625,0.45811371627090314,14.018247644395656,0.7545619110989138,6493.332405441659,0.5777770045347161,0.698148373919181,0.7962967478383621,0.02746464138710037,0.5447402300424317
4197,8.012850732415716,0.3849170735642866,12.938781439445357,0.4846953598613394,6923.723021098414,0.9364358509153453,0.545992015356276,0.4919840307125519,0.0072898025300470026,0.1371677278797374
4198,8.784753858412452,0.813752143562474,13.228930129586923,0.5572325323967308,6016.704906023594,0.18058742168632835,0.6069489924317143,0.6138979848634286,0.012049634020997825,0.23332593981813787
4199,7.349413630082283,0.01634090560126855,13.250774808537244,0.562693702134311,6041.1001014059875,0.20091675117165653,0.3091456982670853,0.018291396534170667,0.028926855976273008,0.574279918712586
4200,8.382024256605682,0.5900134758920461,14.41592034631227,0.8539800865780672,6774.142650746867,0.8117855422890555,0.3898204697343763,0.1796409394687526,0.03296895293562934,0.655938443144027
4201,8.590873324982564,0.706040736101425,11.756782141251257,0.1891955353128143,6462.387785021881,0.5519898208515677,0.4576405377292888,0.31528107545857764,0.023336222299482852,0.4613378242319768
4202,7.535494672454184,0.11971926247454667,12.90952836492034,0.4773820912300849,6643.598867826461,0.7029990565220507,0.35332412881136227,0.10664825762272456,0.01603400090984512,0.3138182001988913
4203,7.673266356503473,0.19625908694637384,11.633175407322588,0.15829385183064704,6023.325863552556,0.18610488629379685,0.3400368783990114,0.08007375679802287,0.03757106246241545,0.7489103527760697
4204,8.041382355439382,0.40076797524410124,13.292200152486322,0.5730500381215804,6744.569784262456,0.7871414868853798,0.6239153757185456,0.6478307514370912,0.04636608607518201,0.9265875974784243
4205,7.745722542179659,0.23651252343314377,12.838972164372151,0.45974304109303776,6392.316831743656,0.49359735978637953,0.351848205931762,0.10369641186352407,0.044707937800709086,0.8930896525395774
4206,8.173933344858984,0.47440741381054696,11.911422202746248,0.22785555068656205,6593.550722993492,0.6612922691612431,0.5011634597400105,0.4023269194800211,0.01777312931769963,0.3489521074282753
4207,8.815325694795716,0.8307364971087314,13.867442399255907,0.7168605998139768,6169.375214512445,0.3078126787603708,0.39705915321188995,0.19411830642377992,0.00453317280933823,0.08147823857248948
4208,8.10564931695478,0.43647184275265594,12.72098647313878,0.4302466182846951,6274.049834619095,0.39504152884924604,0.7356553472322074,0.8713106944644147,0.013114374287104965,0.2548358441839387
4209,8.373380873493733,0.5852115963854071,11.957195635761485,0.2392989089403713,6353.3915689251735,0.46115964077097815,0.5690123544787944,0.5380247089575887,0.020400279746948823,0.40202585347371356
4210,7.3617938740102105,0.023218818894561233,12.3890874323445,0.3472718580861247,6706.082118663839,0.7550684322198652,0.549552044374481,0.49910408874896195,0.010144071947103206,0.19482973630511524
4211,8.595526267950206,0.7086257044167806,13.721234612524288,0.6803086531310722,6129.14500267806,0.27428750223171683,0.32686323984394483,0.05372647968788968,0.03977572500372109,0.7934489899741634
4212,8.64074211409567,0.733745618942039,14.206005197704894,0.8015012994262233,6741.902395668252,0.7849186630568772,0.4527165895279978,0.30543317905599565,0.048300851698465874,0.9656737716861792
4213,8.239884374614302,0.5110468747857241,11.043416060474414,0.010854015118603288,6944.058934364994,0.9533824453041617,0.4778208944254185,0.35564178885083697,0.015327042795590466,0.2995362180927367
4214,7.882650738887604,0.31258374382644705,12.66413420962323,0.4160335524058075,5927.21307598842,0.10601089665701702,0.6190324140535766,0.6380648281071531,0.04394464223097575,0.8776695400197121
4215,8.329980331448713,0.5611001841381745,13.151917886740469,0.5379794716851173,6536.78305065682,0.6139858755473497,0.4630321068717365,0.32606421374347305,0.01586933064968474,0.3104915282764594
4216,8.078696429525047,0.42149801640280415,14.655536908577979,0.9138842271444946,6169.08686164648,0.30757238470540005,0.6118561337161368,0.6237122674322737,0.0070921735486944755,0.133175223205949
4217,7.982745887212922,0.36819215956273466,13.077737112115479,0.5194342780288698,6110.520264899994,0.25876688741666176,0.7664400742338693,0.9328801484677386,0.004799701227044954,0.08686265105141322
4218,8.52564646081718,0.6698035893428783,14.492959980905939,0.8732399952264848,6063.559017710686,0.21963251475890533,0.6896077933586195,0.7792155867172392,0.0373323700323673,0.7440882834821676
4219,7.98740100524373,0.3707783362465167,11.819649977395802,0.20491249434895065,6037.1136273911425,0.19759468949261905,0.40263878447158297,0.20527756894316596,0.006441189211289316,0.12002402447049121
4220,8.510496548398134,0.6613869713322967,13.801678561256816,0.7004196403142039,6448.572114456614,0.5404767620471783,0.33497719014809885,0.06995438029619772,0.014833067045183739,0.28955691000371186
4221,7.4123118671368,0.05128437063155533,11.69503522693729,0.1737588067343222,6355.303652847433,0.4627530440395272,0.500382426243327,0.40076485248665383,0.025646853526321442,0.5080172429559887
4222,7.353522381547036,0.018623545303908418,14.519768529303253,0.8799421323258134,6976.145665863223,0.9801213882193527,0.3547822548732815,0.10956450974656307,0.005876273603035123,0.1086115879401035
4223,8.278535294880664,0.5325196082670358,14.65388629126795,0.9134715728169874,5854.330539588055,0.04527544965671304,0.7719764797335513,0.9439529594671027,0.03838010600412612,0.7652546667500226
4224,8.444954458358987,0.6249746990883266,13.33475037668844,0.5836875941721101,6864.804760064149,0.8873373000534577,0.3478802102119631,0.09576042042392618,0.04586566238404307,0.9164780279604661
4225,7.590366827667049,0.1502037931483603,14.862882523686377,0.9657206309215941,6009.161243705772,0.17430103642147698,0.4475717412392561,0.2951434824785122,0.030927342659751497,0.6146937911060908
4226,8.67923831625728,0.7551323979207107,11.837034269133431,0.2092585672833579,6955.574679356148,0.9629788994634566,0.32568593211494296,0.05137186422988593,0.020252774030695368,0.3990459400140478
4227,7.376029952749762,0.031127751527645464,12.610182404311916,0.4025456010779789,6502.681751607612,0.5855681263396764,0.7338745851505446,0.8677491703010892,0.047277022298753676,0.9449903494697711
4228,8.557887066471821,0.6877150369287902,13.907982819497414,0.7269957048743537,6383.270273451477,0.48605856120956403,0.44671724375290267,0.29343448750580536,0.03626713807532371,0.7225684459661355
4229,8.492248082011336,0.6512489344507422,14.064669301897325,0.7661673254743315,6635.957599339266,0.6966313327827224,0.7251359964391617,0.8502719928783236,0.012639634981778357,0.2452451511470375
4230,7.445898730839123,0.06994373935506826,12.966913762254148,0.4917284405635367,6408.129962753243,0.5067749689610359,0.5081937792610485,0.41638755852209686,0.027512357867280665,0.5457041993390033
4231,8.21112251611199,0.4950680645066612,13.963199776580687,0.7407999441451717,6541.318664687639,0.6177655539063658,0.7315729393776159,0.8631458787552319,0.04179111662634717,0.8341639722494377
4232,7.491165927251181,0.09509218180621148,11.820836567738676,0.20520914193466877,6239.6214042484135,0.36635117020701113,0.408300680235627,0.216601360471254,0.027324896038730066,0.5419170916915165
4233,8.150624407685797,0.46145800426988726,13.21299487472102,0.5532487186802549,6746.0884973302145,0.7884070811085122,0.3075532657783028,0.015106531556605574,0.04289133180768264,0.8563905415693462
4234,8.131508920893172,0.4508382893850954,12.746061622214983,0.4365154055537457,6688.140765438706,0.7401173045322545,0.7818787885745847,0.9637575771491694,0.008378719559242012,0.15916605170185882
4235,7.571675711951504,0.13981983997305747,13.5570393014493,0.6392598253623254,6868.215950984363,0.8901799591536361,0.45365939787937526,0.30731879575875054,0.007235676336009416,0.13607426941433165
4236,7.648823588353291,0.18267977130738366,13.343083014029279,0.5857707535073199,6384.3483345065215,0.4869569454221012,0.3807739767485458,0.1615479534970916,0.020489124495422496,0.4038206968772221
4237,7.578874288037655,0.14381904890980823,11.654476092371945,0.16361902309298637,6958.588113548447,0.9654900946237058,0.3009456272716953,0.0018912545433906747,0.026291187305076402,0.5210340869712404
4238,7.424998984870129,0.0583327693722937,14.928740280139031,0.982185070034758,6290.041183327403,0.4083676527728354,0.6074135785369271,0.6148271570738543,0.029427296924182705,0.5843898368521758
4239,8.817528318351664,0.8319601768620365,12.944365086656617,0.48609127166415456,6224.449424677927,0.353707853898272,0.3680808960128122,0.1361617920256244,0.019311529745957633,0.38003090395874006
4240,8.315984353150597,0.5533246406392207,11.915143977642034,0.2287859944105085,6185.957310325168,0.32163109193764017,0.31688228732536794,0.0337645746507359,0.02789891529199362,0.5535134402422953
4241,9.072940374004812,0.9738557633360069,14.615924201528125,0.9039810503820315,6732.122288371983,0.7767685736433193,0.42195923742501723,0.24391847485003448,0.03762117443707534,0.7499227159005118
4242,8.045294822828179,0.40294156823787697,13.992449130143605,0.7481122825359012,6025.470323359363,0.18789193613280264,0.4976101769926804,0.3952203539853608,0.046561929746000576,0.9305440352727389
4243,7.439530412740833,0.06640578485601845,12.875745956666702,0.4689364891666752,6870.376695969228,0.8919805799743572,0.5746843967676322,0.5493687935352644,0.01611220017346363,0.3153979833022955
4244,7.323734587652382,0.002074770917989799,12.439884153758552,0.35997103843963785,6131.372819102652,0.2761440159188765,0.6024531410264019,0.6049062820528038,0.04552957320583142,0.9096883475925538
4245,7.792119400549842,0.2622885558610234,12.173562946510895,0.29339073662772397,6959.31966960719,0.9660997246726586,0.7611573176863906,0.9223146353727811,0.048379329544437036,0.9672591827158996
4246,8.669873228739888,0.7499295715221604,11.976604014108734,0.24415100352718366,6592.410455548237,0.6603420462901975,0.5159960908508385,0.4319921817016771,0.038752631950300404,0.7727804434404122
4247,8.932759938879082,0.8959777438217126,12.999077469676454,0.4997693674191134,6916.55263080375,0.9304605256697918,0.556116942135423,0.5122338842708459,0.008934719843840972,0.17039838068365598
4248,8.71071419584352,0.7726189976908447,11.148375035859784,0.037093758964946044,5813.389674730565,0.011158062275470892,0.5857374707591164,0.5714749415182329,0.0045563278357552,0.08194601688394343
4249,7.478520508862385,0.08806694936799164,12.810575602796483,0.45264390069912064,6740.370833817682,0.7836423615147348,0.7231458456654856,0.8462916913309712,0.016527568366853183,0.32378925993642793
4250,7.806039927365965,0.2700221818699804,13.759006466636013,0.6897516166590034,6554.67787401599,0.628898228346658,0.7844499689179951,0.9688999378359904,0.04633682857290764,0.9259965368264169
4251,8.75473618807616,0.7970756600423117,11.160698342377616,0.0401745855944039,6527.925446734448,0.6066045389453731,0.3541657362158246,0.1083314724316492,0.04785098613904465,0.9565855785665585
4252,8.964997905229916,0.9138877251277312,14.942913001162612,0.9857282502906531,6858.398874216568,0.8819990618471404,0.7363523286748881,0.8727046573497761,0.011080564086728703,0.21374876942886267
4253,8.684282953076014,0.7579349739311192,11.035828615567048,0.008957153891762215,5869.613186091191,0.05801098840932584,0.7952815687633878,0.9905631375267756,0.028255774772591617,0.5607227226786184
4254,8.70539762743696,0.7696653485760891,12.83480105218571,0.45870026304642786,5823.955705303342,0.019963087752785214,0.7370382060500933,0.8740764121001865,0.0047906553105604675,0.08667990526384783
4255,7.692186862495576,0.20677047916420854,11.530719436664198,0.1326798591660493,6816.8831445966225,0.8474026204971852,0.7085667298697731,0.8171334597395461,0.027119818898149725,0.5377741191545399
4256,7.555232987052117,0.13068499280673151,13.9891090091496,0.7472772522873999,6545.469367068634,0.6212244725571948,0.7028699437900684,0.8057398875801368,0.005204637786782082,0.09504318761175923
4257,7.837312908085297,0.28739606004738705,12.018556051386959,0.25463901284673995,6962.221088908249,0.9685175740902077,0.45562531816631674,0.3112506363326335,0.04125571508362358,0.823347779467143
4258,8.66497808801559,0.7472100488975504,13.029983186494242,0.5074957966235604,5954.322470365889,0.12860205863824103,0.36993465355741123,0.13986930711482248,0.03976573307020903,0.7932471327314955
4259,8.580981692924405,0.7005453849580033,13.739710660114644,0.684927665028661,6213.969403950084,0.34497450329173673,0.6026712057261471,0.6053424114522942,0.02945583731733532,0.5849664104512186
4260,8.12288105659793,0.44604503144329444,12.125344906043802,0.2813362265109506,6595.271416573218,0.6627261804776817,0.7193331312076909,0.8386662624153819,0.04818868251201929,0.9634077275155412
4261,8.513810354723779,0.6632279748465443,11.426161870502112,0.10654046762552805,5862.3731558890595,0.05197762990754928,0.730301778583474,0.8606035571669481,0.025361645918264297,0.5022554730962484
4262,8.183262282693978,0.47959015705220964,13.039516207968463,0.5098790519921158,6266.914716204751,0.38909559683729245,0.38108772924804407,0.16217545849608817,0.028050658878694647,0.5565789672463565
4263,7.778133822008588,0.25451879000477107,12.555894202877699,0.38897355071942485,6477.549499655918,0.5646245830465982,0.3934670783243215,0.186934156648643,0.003130468131454468,0.05314077033241349
4264,8.593829254456082,0.7076829191422686,14.862005700155615,0.9655014250389038,6439.977646606643,0.5333147055055364,0.6936068543634083,0.7872137087268166,0.017806189219159916,0.3496199842254528
4265,8.516738377091153,0.6648546539395296,13.407018394629377,0.6017545986573443,6617.638278235856,0.6813652318632136,0.6181083276804971,0.6362166553609943,0.0032308975140459303,0.055169646748402634
4266,7.506904691769309,0.10383593987183815,11.916123744571687,0.22903093614292158,6592.573734258384,0.6604781118819868,0.3953407127192883,0.19068142543857658,0.03668064834351207,0.7309221887578196
4267,7.9182190574372555,0.3323439207984754,14.943062367608114,0.9857655919020286,6238.799050470382,0.36566587539198514,0.7114821029705387,0.8229642059410773,0.022358987909058478,0.4415957153345147
4268,8.89550209710989,0.875278942838828,11.479574995783464,0.11989374894586602,5845.844847346055,0.038204039455046024,0.3488234339393916,0.09764686787878318,0.01797499698892835,0.35303024220057266
4269,7.744713449377757,0.23595191632097612,13.409664447204094,0.6024161118010236,6783.57892956631,0.8196491079719249,0.551867264684478,0.503734529368956,0.020474901866024853,0.4035333710308051
4270,8.494162980533154,0.6523127669628636,11.575290165514721,0.14382254137868022,6266.326198663099,0.3886051655525823,0.7685674090523611,0.9371348181047221,0.01997454734900493,0.39342519896979655
4271,7.893803422785121,0.3187796793250669,12.380889351828074,0.3452223379570185,6565.411368025501,0.6378428066879182,0.4395766204685555,0.279153240937111,0.009194218464338757,0.1756407770573486
4272,7.92913029089547,0.33840571716415013,13.836315086341859,0.7090787715854646,6245.522951926427,0.37126912660535527,0.7751849360112085,0.9503698720224171,0.038160398039340994,0.7608161220068888
4273,9.102776052339456,0.9904311401885872,12.935319404421826,0.4838298511054563,6028.2104595171195,0.19017538293093295,0.3242961291910253,0.04859225838205061,0.01398767537620341,0.2724782904283517
4274,7.813947026661338,0.2744150148118545,13.499195440809256,0.6247988602023142,6221.3277626974,0.35110646891450026,0.6619779723151304,0.7239559446302609,0.018869591688571625,0.37110286239538637
4275,7.877484548783343,0.3097136382129684,11.470975817664456,0.11774395441611385,5897.44859068965,0.08120715890804153,0.7482126510877902,0.8964253021755804,0.02134479076164599,0.4211068840736564
4276,7.63090121602316,0.1727228977906442,14.110905933188914,0.7777264832972283,6590.022007446064,0.6583516728717201,0.4973684974468426,0.3947369948936852,0.018084690746087238,0.35524627769873207
4277,8.348490052241242,0.5713833623562454,14.224331911016172,0.806082977754043,6806.688398148201,0.8389069984568339,0.6921777581715691,0.7843555163431383,0.007736115647383636,0.1461841544925987
4278,7.752369670392052,0.24020537244002882,12.10385710559587,0.27596427639896726,6717.585785817199,0.764654821514333,0.7534495471788474,0.9068990943576947,0.0141352947976178,0.2754605009619757
4279,8.74645186389105,0.79247325771725,12.167544476472013,0.2918861191180032,6240.69782240656,0.36724818533879977,0.5263795249375514,0.45275904987510285,0.025819270823814664,0.5115004206831245
4280,8.499845453545134,0.6554696964139636,12.38100656932903,0.34525164233225747,6650.065082053534,0.7083875683779451,0.5212328527416463,0.44246570548329256,0.04561269852992675,0.9113676470692272
4281,8.70965693516999,0.7720316306499952,14.641027212590986,0.9102568031477464,6326.209179730925,0.4385076497757705,0.40557935340523793,0.21115870681047588,0.03607015683819148,0.7185890270341713
4282,7.929328273254634,0.33851570736368564,12.631536002088911,0.40788400052222773,6866.4470304213055,0.8887058586844212,0.6799882302171912,0.7599764604343825,0.01594867097365832,0.31209436310420846
4283,8.661554922497825,0.7453082902765694,14.473994538727375,0.8684986346818439,6308.917444110288,0.42409787009190625,0.6698223472140845,0.7396446944281692,0.025953139292454866,0.5142048341910074
4284,7.956612156378202,0.3536734202101123,11.640926411695563,0.1602316029238906,6643.599607309641,0.7029996727580341,0.691410723245151,0.7828214464903019,0.0123887309343029,0.24017638251116968
4285,8.922311405339382,0.8901730029663237,14.972231397373907,0.9930578493434769,5997.701987419928,0.16475165618327292,0.5050566945833419,0.4101133891666837,0.041579227890303,0.8298833917232928
4286,7.487603947595916,0.09311330421995334,11.371115598377887,0.09277889959447183,6703.868532796912,0.7532237773307606,0.7733062298273423,0.9466124596546848,0.027013523498576802,0.5356267373449859
4287,9.040442364243768,0.9558013134687602,13.76500059616726,0.6912501490418151,6114.415561280007,0.26201296773333926,0.6932513128681344,0.7865026257362686,0.030519695328375535,0.606458491482334
4288,8.58247145603742,0.7013730311318996,12.693542624465188,0.42338565611629697,6196.552538372892,0.33046044864407653,0.46995565627657526,0.33991131255315055,0.021933648633827765,0.43300300270359116
4289,7.685747949080879,0.2031933050449325,11.838838581428995,0.2097096453572489,6202.451971468195,0.3353766428901619,0.6198391484254993,0.6396782968509986,0.0018475732114218027,0.0272237012408445
4290,7.583173923516722,0.14620773528706776,12.800760703030106,0.4501901757575265,6419.795128018045,0.5164959400150376,0.6445964066878781,0.6891928133757562,0.0353884016663383,0.7048161952795615
4291,7.852215541382164,0.29567530076786885,11.90232022511239,0.22558005627809774,6280.9782624815725,0.40081521873464343,0.6211244902869049,0.6422489805738097,0.01180011097185997,0.22828507013858523
4292,8.417257816051137,0.6095876755839655,13.289507124792655,0.5723767811981637,6962.767000106266,0.968972500088555,0.5308510904830007,0.46170218096600146,0.014546619496256878,0.28377009083347227
4293,7.956670257632377,0.35370569868465385,14.444522051882677,0.8611305129706691,6366.047614343789,0.4717063452864908,0.3412020813356074,0.08240416267121486,0.0042602143588043265,0.07596392644049144
4294,8.030915621797364,0.3949531232207575,13.432519137304364,0.608129784326091,6195.96927380559,0.32997439483799185,0.44651306309315225,0.2930261261863045,0.04578055207985623,0.9147586278758834
4295,7.373470138170851,0.029705632317139408,11.042273158566239,0.01056828964155998,6394.203817764705,0.4951698481372542,0.4223272847603938,0.24465456952078757,0.009031018188341563,0.172343801784678
4296,8.83533091496229,0.8418505083123837,12.088518235619098,0.27212955890477464,6639.218805335061,0.6993490044458844,0.46281388421403113,0.3256277684280623,0.007610974203673593,0.14365604451865843
4297,9.075904716169134,0.9755026200939634,12.193675312378184,0.2984188280945461,6737.341963148539,0.7811183026237825,0.7706444154348522,0.9412888308697043,0.02874052956168943,0.5705157487209985
4298,7.609678677228321,0.16093259846017827,12.685447538830836,0.4213618847077091,6628.645496499874,0.6905379137498945,0.3820885375588441,0.1641770751176882,0.031709426508818944,0.6304934648246251
4299,8.85828104473634,0.8546005804090786,12.339622305442441,0.33490557636061047,6194.525947423782,0.32877162285315176,0.46168824233374106,0.32337648466748214,0.005394011056619526,0.09886891023473787
4300,7.474387676842068,0.08577093157892646,14.751963872166844,0.937990968041711,5862.881783232488,0.052401486027073285,0.3791060806297609,0.15821216125952187,0.01819833911656718,0.35754220437509454
4301,8.651557600306313,0.7397542223923964,14.449249523918315,0.8623123809795786,5982.726583274668,0.15227215272889016,0.347986144440968,0.09597228888193599,0.027943147541913585,0.5544070210487593
4302,8.281393952753355,0.5341077515296415,14.417580172391116,0.8543950430977787,5927.941039150513,0.10661753262542706,0.7662850354924975,0.932570070984995,0.04698646167160043,0.9391204378101096
4303,7.88877166859947,0.31598426033303906,11.078419210430663,0.01960480260766606,6107.007119018233,0.2558392658485277,0.4080945780775278,0.21618915615505563,0.042247302344580615,0.8433798453450628
4304,9.098714348041858,0.9881746378010327,11.961983181805817,0.24049579545145394,6201.427965414861,0.33452330451238443,0.48838140664477714,0.3767628132895543,0.000821605296825128,0.006497076703537941
4305,8.619950515224723,0.7221947306804017,13.566047325446542,0.6415118313616356,5860.657489770311,0.05054790814192589,0.7506409131061262,0.9012818262122524,0.03706528695267863,0.7386926657106795
4306,8.328544185782112,0.5603023254345069,13.8038344317299,0.7009586079324748,6774.845014700914,0.8123708455840952,0.7799728026348944,0.9599456052697888,0.034486038149471446,0.6865866292822514
4307,8.645991633529928,0.7366620186277376,13.811112280309374,0.7027780700773433,6590.576620798585,0.658813850665488,0.5747732258433614,0.5495464516867229,0.04814357758522716,0.9624965168732759
4308,8.12809596171476,0.44894220095264414,13.091219343938,0.5228048359845003,6435.749215365906,0.5297910128049219,0.681349071174034,0.762698142348068,0.012774173322523943,0.2479630974247261
4309,9.019422493045857,0.9441236072476985,14.664730545115518,0.9161826362788794,6475.541134938898,0.5629509457824148,0.4062247750519895,0.21244955010397903,0.01645984117619279,0.32242103386248055
4310,8.471377235306067,0.6396540196144813,12.855688361690252,0.46392209042256316,6368.188061315736,0.47349005109644726,0.5126676737935925,0.42533534758718505,0.0420664211154583,0.8397256791001677
4311,8.238319411295686,0.510177450719826,12.760495965672746,0.44012399141818626,6746.186233800898,0.7884885281674145,0.7128178160052174,0.8256356320104349,0.005074597690451554,0.09241611495861723
4312,8.675717918076213,0.753176621153452,12.37958967418061,0.3448974185451523,6732.5769028704935,0.7771474190587443,0.38743065557955336,0.17486131115910675,0.017021444174935993,0.3337665489886059
4313,7.523062640539965,0.11281257807775869,12.42508058692749,0.3562701467318723,6264.762539951711,0.3873021166264262,0.39041613640362477,0.18083227280724956,0.04327451225021933,0.8641315606104915
4314,9.065886267958465,0.969936815532481,12.152246243379286,0.2880615608448216,6009.916439363114,0.17493036613592794,0.7796566774516377,0.9593133549032754,0.037324855636206224,0.7439364774991156
4315,8.716922037625235,0.7760677986806864,12.275136152890857,0.31878403822271417,6229.692731507856,0.3580772762565465,0.5631030214552669,0.5262060429105339,0.007985434893863457,0.1512209069467365
4316,8.525353246338629,0.6696406924103496,12.546330422170678,0.38658260554266966,6846.604096571912,0.8721700804765935,0.4016589990520867,0.2033179981041734,0.04873057349989498,0.9743550201998985
4317,7.380423024956623,0.03356834719812374,12.548959356376514,0.3872398390941283,6592.403999913643,0.6603366665947027,0.32322246773158264,0.046444935463165304,0.038759967404031384,0.7729286344248764
4318,7.712299161742512,0.21794397874583982,11.48985579568799,0.12246394892199786,6329.076802009683,0.4408973350080688,0.7792626362365632,0.9585252724731265,0.039912842902554896,0.7962190485364625
4319,7.8133105681311825,0.27406142673954603,14.888217588750928,0.9720543971877321,6497.265349880939,0.5810544582341156,0.30974451972793204,0.01948903945586411,0.0054205610330736054,0.09940527339542637
4320,8.849169856184382,0.8495388089913241,13.745597726188585,0.6863994315471462,5962.2625532836455,0.13521879440303775,0.4920018671647304,0.3840037343294608,0.02248164299483393,0.4440735958552309
4321,8.75650841254553,0.7980602291919617,14.905262702988036,0.9763156757470088,6395.29641925529,0.4960803493794086,0.6213626925612308,0.6427253851224616,0.029910129153415507,0.5941440233013233
4322,7.717456474200761,0.22080915233375598,14.009136178039036,0.7522840445097587,6363.311137027901,0.46942594752325106,0.5505355098465461,0.5010710196930923,0.019122022502469832,0.37620247479737035
4323,7.485523076235945,0.091957264575525,12.594667677100471,0.3986669192751179,6616.49929194425,0.6804160766202088,0.5777312494714257,0.5554624989428515,0.00900286866382216,0.17177512452165977
4324,8.877032789225272,0.8650182162362625,14.069203740100885,0.7673009350252213,5934.164693380248,0.11180391115020627,0.591585011070805,0.58317002214161,0.01042584259625488,0.2005220726516137
4325,8.807341240304554,0.8263006890580857,12.931146804768177,0.48278670119204437,5910.066830587451,0.09172235882287583,0.45869833602937904,0.3173966720587581,0.010027384650666028,0.19247241718517227
4326,7.670221413858327,0.19456745214351512,14.614512446915185,0.9036281117287961,6865.735524256403,0.8881129368803351,0.4548235040267908,0.3096470080535816,0.028038254825702793,0.5563283803172281
4327,7.8264315989575906,0.2813508883097724,14.379255325788344,0.8448138314470861,6652.818998387367,0.7106824986561391,0.6834203153044771,0.7668406306089541,0.022631478409859348,0.44710057393655245
4328,7.702077581440656,0.21226532302258638,13.19620881617481,0.5490522040437024,6385.842962881185,0.4882024690676534,0.7799430020657948,0.9598860041315896,0.00839278623992956,0.15945022706928402
4329,9.03147116159186,0.9508173119954776,13.42671975150734,0.6066799378768352,6962.908105501956,0.9690900879182969,0.4336267469894118,0.2672534939788236,0.01832589315056184,0.3601190535467038
4330,8.648706890603927,0.7381704947799601,14.385937218530463,0.8464843046326158,6603.394108604253,0.6694950905035444,0.43816677426645906,0.27633354853291814,0.002574149532627919,0.04190201076015998
4331,7.348829756325571,0.016016531291983882,13.451143146863712,0.6127857867159281,6312.867734559247,0.42738977879937257,0.37236684467230513,0.14473368934461028,0.040475217880126764,0.80758015919448
4332,8.833149839610357,0.8406387997835318,14.738929962111081,0.9347324905277703,6476.283642175993,0.5635697018133272,0.6448314255091074,0.6896628510182148,0.0037170164945891653,0.06499023221392253
4333,7.469957647149569,0.08330980397198262,11.631601572529517,0.15790039313237925,5854.921517283333,0.04576793106944421,0.5051603680232507,0.41032073604650143,0.012117555757417981,0.23469809610945414
4334,8.365614980788308,0.5808972115490605,13.468401912132292,0.6171004780330728,5924.341290604931,0.10361774217077535,0.5487328938293556,0.4974657876587114,0.029924178270403952,0.5944278438465445
4335,8.669106233881973,0.7495034632677625,13.37365850653995,0.5934146266349878,6368.453070786622,0.47371089232218533,0.6400195370664695,0.6800390741329391,0.03947469133724416,0.7873675017625082
4336,8.022628588062855,0.39034921559047486,11.810878118492276,0.20271952962306916,6417.0426529395945,0.5142022107829957,0.5011279941794664,0.40225598835893284,0.038682349661306493,0.771360599218313
4337,8.324555097748716,0.5580861654159531,11.60359487786928,0.15089871946732025,6147.210359769429,0.2893419664745237,0.7751847670988129,0.9503695341976258,0.033880022728675685,0.6743438935085997
4338,7.7868227014370985,0.2593459452428324,13.938066702518997,0.7345166756297491,6923.495168201407,0.9362459735011726,0.6130896585721295,0.626179317144259,0.01529138472705669,0.2988158530718523
4339,8.308940530098164,0.5494114056100917,12.34380314438097,0.33595078609524254,6943.218856124819,0.9526823801040154,0.4398469626745767,0.2796939253491534,0.014125378696300433,0.275260175682837
4340,8.416283904412373,0.609046613562429,12.162720434052593,0.2906801085131484,5838.169818010722,0.03180818167560173,0.7520051761332707,0.9040103522665415,0.021309685771859734,0.4203976923608027
4341,8.491459646406136,0.6508109146700762,12.037648976355094,0.25941224408877317,6300.400403529008,0.41700033627417366,0.555476253924241,0.5109525078484822,0.03294054958129104,0.6553646380058796
4342,8.699706785073053,0.7665037694850292,13.931857837538319,0.7329644593845795,6983.405359989891,0.986171133324909,0.7778699798393344,0.9557399596786688,0.0414141606130246,0.8265486992530222
4343,7.451996106884908,0.07333117049161564,13.011743981623123,0.502935995405781,6136.223019088497,0.28018584924041345,0.47209322968624456,0.34418645937248915,0.016668157457032047,0.326629443576405
4344,8.185452127887224,0.48080673771512494,11.625419787365058,0.15635494684126416,6794.870922196858,0.8290591018307152,0.4365374208345919,0.27307484166918383,0.00263245234464465,0.04307984534635656
4345,8.756101655002343,0.7978342527790794,13.363019915256224,0.5907549788140559,6364.960315398377,0.47080026283198095,0.5490017981990245,0.4980035963980489,0.02286483031115435,0.4518147537606939
4346,7.885191608013255,0.31399533778514155,12.466386726595958,0.3665966816489895,6859.348513835757,0.8827904281964644,0.3845208427676461,0.1690416855352922,0.029539468212384616,0.5866559234825175
4347,7.41596994034744,0.05331663352635585,12.255752217972555,0.3139380544931387,6748.003828196218,0.790003190163515,0.7648258029186967,0.9296516058373934,0.0073210202637514175,0.1377983891666953
4348,7.911792379029897,0.3287735439054984,12.492796037817094,0.3731990094542734,6656.234820544009,0.7135290171200077,0.599966420609138,0.5999328412182761,0.0014137761474732216,0.018460124191378213
4349,8.32881779777965,0.5604543320998049,14.971712333132716,0.9929280832831792,5972.694796600565,0.1439123305004708,0.4191910584116117,0.2383821168232234,0.003610573778777902,0.06283987431874549
4350,8.239426531774601,0.5107925176525565,11.405470910779087,0.10136772769477187,6540.267730610647,0.6168897755088721,0.6347863062775916,0.6695726125551833,0.04115202968584736,0.8212531249666132
4351,9.004646335702692,0.9359146309459403,14.304831208668464,0.8262078021671158,6090.481632764471,0.24206802730372634,0.5073810681541189,0.41476213630823766,0.04575124315653674,0.9141665284148836
4352,8.703907548482187,0.7688375269345488,13.576116983528292,0.6440292458820731,6716.788448597713,0.7639903738314275,0.6611126194234784,0.7222252388469568,0.04802996671191963,0.960201347715548
4353,7.799193215438496,0.266218453021387,12.103972400522087,0.2759931001305217,6028.87044499298,0.1907253708274831,0.3045142831219939,0.009028566243987846,0.02500014262759095,0.4949523763149687
4354,7.93077942790367,0.3393219043909279,11.834905210789145,0.20872630269728643,6142.7676678071275,0.2856397231726061,0.7760361249377441,0.9520722498754882,0.0030527709628728143,0.05157113056308715
4355,8.776201572789894,0.8090008737721636,14.705171645691602,0.9262929114229004,6621.4116542097145,0.6845097118414286,0.6458543814198476,0.6917087628396954,0.03249499230869204,0.6463634809836775
4356,7.952110371465986,0.3511724285922144,12.379452243487332,0.34486306087183305,6593.453138936768,0.6612109491139729,0.7207280903428315,0.8414561806856629,0.03443535949956664,0.6855628181730633
4357,7.5771821653613785,0.14287898075632122,11.759587640259939,0.18989691006498466,6521.384030769359,0.6011533589744654,0.3900431017515174,0.18008620350303484,0.0016357461840455136,0.02294436735445482
4358,8.912437076306631,0.8846872646147951,14.03044353247429,0.7576108831185727,6024.5672178240175,0.18713934818668143,0.6365202070223801,0.6730404140447603,0.048585544409688805,0.9714251395896728
4359,7.716058290304307,0.22003238350239274,13.656470808380359,0.6641177020950898,6180.908778881132,0.3174239824009436,0.7019397463250363,0.8038794926500725,0.01046470485165092,0.2013071687202206
4360,8.014473976826578,0.3858188760147653,13.560626151576342,0.6401565378940853,6412.223976780232,0.5101866473168603,0.6872083483210745,0.774416696642149,0.035691118415013816,0.7109316851517943
4361,8.861593942098178,0.8564410789434327,13.684755111566934,0.6711887778917335,6670.033433363344,0.7250278611361199,0.46708807444618594,0.3341761488923719,0.036554461477947074,0.7283729591504459
4362,8.284463562645492,0.5358130903586064,13.934333975916868,0.7335834939792171,6829.28340320242,0.8577361693353502,0.30003069995884607,6.139991769216202e-05,0.037622788620340956,0.7499553256634536
4363,8.073192752819672,0.4184404182331508,13.490369611261505,0.6225924028153761,6653.759861918243,0.7114665515985356,0.4207475387118036,0.2414950774236072,0.03368287149644609,0.6703610403322442
4364,7.7764116944149,0.25356205245272245,12.641353226858993,0.41033830671474836,6931.288768980605,0.9427406408171708,0.552791598510652,0.5055831970213039,0.009506658336960945,0.18195269367597866
4365,9.054040834014923,0.9633560188971801,12.960594322011488,0.4901485805028719,5897.294880467376,0.08107906705614654,0.7754730871460218,0.9509461742920436,0.006651977751353235,0.12428237881521687
4366,8.073115511882706,0.41839750660150343,12.41481570738646,0.35370392684661467,6857.096364323332,0.8809136369361094,0.48673041965619246,0.37346083931238494,0.04614367014348512,0.9220943463330327
4367,8.39882477160613,0.5993470953367392,13.41647565248605,0.6041189131215124,6865.9271751278575,0.888272645939881,0.39307816599865397,0.18615633199730797,0.022048815529979844,0.4353296066662594
4368,9.079983821037985,0.977768789465547,12.77809660583167,0.44452415145791746,6541.15671293749,0.6176305941145745,0.758467865505779,0.9169357310115581,0.0032595460527206424,0.055748405105467524
4369,8.122776325229196,0.44598684734955374,13.342214144447809,0.5855535361119519,5832.006498134361,0.02667208177863467,0.49853920163478893,0.3970784032695779,0.04222853986020299,0.843000805256626
4370,7.947017241073647,0.34834291170758147,11.143804103349106,0.03595102583727672,6126.198667919366,0.27183222326613865,0.5117169557027516,0.4234339114055031,0.043864098734084644,0.8760423986683766
4371,9.008188201965623,0.9378823344253472,12.085557249548279,0.27138931238706965,6527.097359791722,0.6059144664931015,0.6452671851211227,0.6905343702422453,0.04878916984107329,0.9755387846681471
4372,7.652079040594326,0.18448835588573664,14.530999547034359,0.8827498867585895,6712.414525562231,0.7603454379685255,0.4818886980512251,0.3637773961024502,0.01742008651563835,0.34181992960885554
4373,8.41750328845729,0.6097240491429387,13.50493347591051,0.6262333689776276,5920.182261156978,0.10015188429748156,0.642649971924163,0.6852999438483259,0.021045090348563607,0.4150523302740122
4374,9.038829409371653,0.9549052274286968,11.137960053121873,0.03449001328046808,6088.753809013284,0.24062817417773652,0.6025793536555402,0.6051587073110805,0.04167893507351712,0.8318976782528711
4375,8.021154206065152,0.38953011448063946,13.769002271834298,0.6922505679585745,6604.747398452059,0.6706228320433829,0.7022552480727433,0.8045104961454865,0.026398204542302177,0.5231960513596399
4376,8.325006068112728,0.5583367045070712,11.324888867043228,0.08122221676080688,6784.401813864414,0.8203348448870121,0.6522901779656126,0.7045803559312253,0.0014459016588495841,0.019109124421203716
4377,8.166556997352687,0.4703094429737157,14.81872344256822,0.9546808606420554,6980.62828561822,0.9838569046818499,0.48813401323771344,0.3762680264754269,0.0025987722733827137,0.042399439866317445
4378,7.642213806912077,0.17900767050670896,14.00896882892178,0.752242207230445,6480.714436660193,0.5672620305501614,0.48861674821788953,0.3772334964357791,0.020099450938914847,0.3959485038164615
4379,8.546094462984826,0.6811635905471262,12.056800988328245,0.26420024708206147,6448.651181263342,0.5405426510527848,0.3033860318414794,0.0067720636829587955,0.03161846683895935,0.6286558957365526
4380,9.069617143316407,0.972009524064671,13.259370886808167,0.5648427217020416,6471.887247811146,0.5599060398426219,0.6163809281663138,0.6327618563326277,0.04101997842642605,0.8185854227560818
4381,8.294307981353143,0.5412822118628576,12.422906648589016,0.3557266621472541,5956.060829358198,0.13005069113183165,0.7908900642865668,0.9817801285731336,0.016361440204584726,0.32043313544615604
4382,8.475038453936003,0.6416880299644465,14.17617055517194,0.7940426387929846,6985.301367653202,0.9877511397110016,0.6263483188565719,0.652696637713144,0.02445095383187862,0.483857653169265
4383,8.104336603216254,0.43574255734236367,14.128313159996868,0.782078289999217,6255.545973111982,0.37962164425998457,0.6364119217032436,0.672823843406487,0.032163969219002136,0.6396761458384269
4384,8.028540283137799,0.39363349063211106,12.712876834942023,0.4282192087355058,6819.204799342253,0.8493373327852112,0.4741702964798856,0.34834059295977127,0.032797493207245725,0.6524746102473883
4385,8.050605487456933,0.4058919374760739,11.046483484257465,0.011620871064366045,5932.895757538042,0.11074646461503457,0.44647908930488556,0.29295817860977114,0.034696077435853095,0.6908298471889514
4386,8.035645521725826,0.39758084540323635,12.231798786351389,0.3079496965878473,6293.58422747639,0.41132018956365857,0.7714125454192041,0.9428250908384083,0.031327784409585495,0.6227835234259697
4387,8.275368702856717,0.5307603904759538,11.83120919037748,0.20780229759437008,6238.969989355307,0.3658083244627558,0.4206602484655808,0.24132049693116164,0.013884948932326297,0.2704030087338646
4388,8.796668573563155,0.8203714297573084,14.600501724116969,0.900125431029242,6532.386507952822,0.6103220899606849,0.5630882855591667,0.5261765711183334,0.018862404798153248,0.3709576726899646
4389,8.1461746899681,0.458985938871167,11.064394603227214,0.016098650806803616,6017.800906938814,0.18150075578234492,0.3748262317610898,0.14965246352217965,0.01354117594005579,0.26345809979910684
4390,8.085021223679117,0.42501179093284336,11.236183086284917,0.059045771571229366,6906.121776003336,0.9217681466694463,0.37639115617029106,0.15278231234058215,0.009986654988290034,0.19164959572303097
4391,8.559727602097512,0.6887375567208401,11.176219923199538,0.04405498079988457,5882.504053348292,0.06875337779024304,0.5570891916925165,0.514178383385033,0.03744586114522075,0.7463810332367827
4392,9.012461815323533,0.9402565640686303,13.269906355742298,0.5674765889355747,5966.538085239545,0.13878173769962032,0.5135592010758121,0.4271184021516241,0.004304329778156455,0.07685514703346374
4393,8.158536389951417,0.46585354997300965,12.791768740799181,0.44794218519979534,6901.492036989156,0.9179100308242966,0.7544895143959605,0.9089790287919208,0.03679388744910522,0.7332098474566712
4394,8.401846463912655,0.6010258132848081,14.430650391243717,0.8576625978109289,6276.938842200814,0.397449035167345,0.42590246961169975,0.2518049392233995,0.01633394750956939,0.31987772746604826
4395,8.005709200559757,0.3809495558665321,14.57245820988912,0.89311455247228,6020.4604840599295,0.18371707004994098,0.5118914233213497,0.4237828466426995,0.03132155889548738,0.6226577554643915
4396,7.586564673923231,0.14809148551290607,11.496361694667549,0.12409042366688727,6949.002972319796,0.957502476933163,0.6709982270774852,0.7419964541549705,0.009376181837151653,0.17931680479094247
4397,8.403908642655312,0.6021714681418403,12.52551052512438,0.38137763128109514,6025.99437823744,0.18832864853120046,0.3611789609490736,0.1223579218981472,0.021473582907282393,0.4237087456016645
4398,7.853365218695972,0.29631401038665073,14.726146818607877,0.931536704651969,5843.143907558651,0.03595325629887636,0.37189495302436687,0.14378990604873376,0.02104822240156078,0.41511560407193493
4399,8.020629696902548,0.3892387205014155,12.66024396067872,0.4150609901696799,5969.6416109890815,0.1413680091575683,0.5409401799045002,0.48188035980900035,0.021036795837616414,0.4148847643962912
4400,8.546957444166912,0.681643024537174,12.903079934674336,0.4757699836685839,6973.749009763824,0.9781241748031865,0.4043187123527854,0.20863742470557078,0.028426153502367543,0.5641647172195463
4401,7.3246782225055265,0.0025990125030702638,12.163421005212752,0.29085525130318823,6251.707209980293,0.37642267498357707,0.5647767412718658,0.5295534825437317,0.027064342643001754,0.5366533867273081
4402,7.396154243669936,0.04230791314996418,13.217387691906323,0.5543469229765807,6092.093347544359,0.2434111229536322,0.44541247272882073,0.2908249454576415,0.014833674922856237,0.28956919036073203
4403,8.862921679537848,0.8571787108543607,12.708134864249715,0.42703371606242846,6300.674859246459,0.4172290493720492,0.737953702495119,0.8759074049902381,0.019545366227427693,0.3847548732813675
4404,8.983852432091236,0.9243624622729099,12.167310576318917,0.29182764407972905,6626.823752506692,0.6890197937555764,0.476464925273943,0.35292985054788606,0.02617909803138113,0.5187696571996188
4405,8.406217112144047,0.603453951191137,14.774886223903714,0.9437215559759282,6142.887947569712,0.28573995630809357,0.441836194202008,0.283672388404016,0.025838156506810532,0.511881949632536
4406,8.526784762426301,0.6704359791257233,12.313240849792706,0.3283102124481764,6703.504860638847,0.7529207171990396,0.32655102642077344,0.0531020528415469,0.010180853719423927,0.19557280241260455
4407,8.564302472067268,0.691279151148483,14.35359879416533,0.8383996985413327,6460.012859019662,0.5500107158497183,0.35360929018320825,0.10721858036641652,0.005667545921210628,0.10439486709516421
4408,7.438540411821334,0.06585578434518546,12.89928842010844,0.4748221050271102,6092.356233889602,0.2436301949080013,0.5383961865474542,0.4767923730949085,0.009018711159669063,0.17209517494280935
4409,8.689077868980892,0.7605988161004956,12.985417373621065,0.4963543434052661,6406.240961749832,0.5052008014581935,0.5040384758483313,0.4080769516966626,0.03443053125755629,0.6854652779304301
4410,7.751030214313901,0.23946123017438925,13.116320041138813,0.5290800102847033,6782.35250738448,0.818627089487067,0.6846381415942435,0.7692762831884872,0.0358391889421097,0.713923008931509
4411,8.39081443590574,0.5948969088365226,14.46579230376787,0.8664480759419676,5848.948582463581,0.040790485386317354,0.7834473804690383,0.9668947609380767,0.021437649179239727,0.4229828117018126
4412,8.864055734095281,0.8578087411640448,12.826050913294802,0.4565127283237005,6724.502582202729,0.7704188185022746,0.43165848205088514,0.2633169641017703,0.011300306713873453,0.2181880144216859
4413,8.848509106331479,0.8491717257397108,13.590553719908025,0.6476384299770063,6323.016050529697,0.4358467087747473,0.5107372774713141,0.4214745549426284,0.0430879443083056,0.860362511278901
4414,8.550457655376345,0.6835875863201919,14.82669143974612,0.9566728599365303,5845.602319422641,0.038001932852201104,0.6630765328173731,0.7261530656347461,0.032625188612372916,0.648993709340867
4415,7.68952886561888,0.2052938142327112,13.731357038893481,0.6828392597233701,6707.660347674028,0.7563836230616902,0.7274497579695361,0.8548995159390723,0.018619443167976438,0.3660493569288169
4416,7.6744271053018975,0.1969039473899431,13.351231490801325,0.5878078727003315,6182.61945554772,0.3188495462897666,0.5553482095372775,0.510696419074555,0.023255677383225478,0.4597106542065753
4417,8.383295226821854,0.5907195704565856,14.676282783962792,0.9190706959906979,6889.557475232252,0.9079645626935433,0.6795983757251634,0.7591967514503268,0.032913871903476465,0.6548256950197265
4418,9.083827675453925,0.9799042641410695,14.474132874398316,0.868533218599579,6349.797203126856,0.45816433593904726,0.3744922385451956,0.1489844770903912,0.03467171862919892,0.6903377500848267
4419,8.045856942968639,0.40325385720479934,13.13710307948923,0.5342757698723071,6581.779061681737,0.651482551401448,0.3323232656547722,0.06464653130954445,0.004779305151024413,0.08645060911160429
4420,8.073788869570329,0.4187715942057383,12.776013042302989,0.44400326057574735,6704.342948808041,0.7536191240067006,0.6086280700343276,0.6172561400686554,0.019182479633095103,0.37742383097161825
4421,8.83682106633219,0.8426783701845507,13.107345117583591,0.526836279395898,6227.127953344046,0.355939961120038,0.6308829029574323,0.6617658059148648,0.005118241192835583,0.09329780187546632
4422,9.070211170441027,0.9723395391339048,12.437807607721531,0.359451901930383,6438.169718456861,0.5318080987140509,0.4841786690809822,0.3683573381619645,0.0018681663514792948,0.027639724272308985
4423,7.924772383895051,0.33598465771947283,12.39923778470877,0.3498094461771927,5985.145875322423,0.1542882294353526,0.5199631841315013,0.4399263682630028,0.03606987666492225,0.7185833669681262
4424,7.629410558738626,0.17189475485479233,12.935996510114776,0.4839991275286941,6948.23986336009,0.9568665528000747,0.31392277639996685,0.027845552799933726,0.018499909150016692,0.36363452828316545
4425,8.104042226113004,0.4355790145072247,11.14693012322896,0.03673253080724026,6749.5424208111035,0.79128535067592,0.7565271029297737,0.9130542058595473,0.04799819412848384,0.9595594773431079
4426,8.394878813700084,0.5971548965000468,13.860301035986284,0.7150752589965709,6753.774850284075,0.7948123752367295,0.6768047204920822,0.7536094409841644,0.006294135289230261,0.11705323816626789
4427,7.902791175826483,0.323772875459157,12.266792099166961,0.3166980247917405,5879.056152353712,0.06588012696142664,0.6256353064349953,0.6512706128699907,0.0425496174031433,0.8494872202655211
4428,7.329534756897099,0.00529708716505517,13.910426580953136,0.7276066452382839,5864.512546650718,0.05376045554226516,0.3799177962290572,0.1598355924581144,0.04079096589444005,0.8139589069583848
4429,8.4428343074044,0.6237968374468894,14.267542527899366,0.8168856319748417,6193.317049340162,0.3277642077834684,0.5543457902154729,0.5086915804309459,0.0354082832626251,0.705217843689396
4430,7.653404905286888,0.18522494738160444,13.68972947223128,0.67243236805782,6930.682417550025,0.9422353479583543,0.7787587741710944,0.9575175483421887,0.016834088469635387,0.3299815852451593
4431,7.739139220428962,0.2328551224605343,12.781996475853088,0.4454991189632719,6778.820064711422,0.8156833872595178,0.52673704687676,0.45347409375352,0.04361264930783163,0.8709626122794268
4432,7.42343755658598,0.05746530921443305,11.9709200257675,0.2427300064418748,6503.3109964011355,0.5860924970009463,0.7618759840784594,0.9237519681569187,0.01824371081450612,0.3584588043334569
4433,8.74511382519364,0.7917299028853555,14.570012326591097,0.8925030816477745,6569.770036503401,0.6414750304195008,0.4534152643363222,0.3068305286726444,0.040022454905925445,0.7984334324429382
4434,8.584352269110404,0.7024179272835577,12.530384271076242,0.3825960677690605,6756.565330537764,0.7971377754481368,0.553749288788237,0.5074985775764741,0.004355843758261181,0.07789583350022589
4435,8.499239379967202,0.6551329888706682,11.644062668209468,0.16101566705236703,5852.946027050005,0.044121689208337256,0.33941121086121334,0.0788224217224267,0.038902456254668906,0.7758071970640182
4436,7.43688535975108,0.06493631097282204,12.968707590297267,0.4921768975743167,5918.479277230428,0.09873273102535707,0.5940903159925552,0.5881806319851106,0.03539600110729659,0.7049697193393251
4437,7.842601077413461,0.29033393189636714,14.720895192902285,0.9302237982255712,6269.317492763859,0.39109791063654975,0.7567462851530936,0.9134925703061872,0.000799917076569244,0.006058930839782706
4438,7.904175080094257,0.32454171116347597,14.353056418283852,0.8382641045709629,6829.441828398515,0.857868190332096,0.7882928766484139,0.9765857532968277,0.007515333574227087,0.1417239105904462
4439,7.967238039789985,0.35957668877221394,14.48243771464859,0.8706094286621476,6737.234451952189,0.7810287099601576,0.6588546111496273,0.7177092222992546,0.02621521048749354,0.5194992017675463
4440,7.7953899744615205,0.2641055413675114,13.47563168387764,0.61890792096941,6258.788947851246,0.3823241232093715,0.6488663816374669,0.6977327632749338,0.03896376946581441,0.7770458477942305
4441,7.751227010208925,0.2395705612271809,11.759852229690406,0.18996305742260122,6697.751152492987,0.7481259604108226,0.32961437478473177,0.05922874956946356,0.04300975185978072,0.8587828658541559
4442,7.873110549450107,0.3072836385833929,11.04408680629502,0.011021701573754816,5938.564213152339,0.11547017762694922,0.5368594160946009,0.47371883218920174,0.009550091263332613,0.18283012653197195
4443,8.55616258400749,0.6867569911152722,14.593498869626359,0.8983747174065898,6128.896956151606,0.2740807967930049,0.640561115888507,0.6811222317770139,0.02800999799406942,0.5557575352337256
4444,8.757634987425178,0.7986861041250994,12.556159388606869,0.389039847151717,6066.537533335026,0.22211461111252184,0.7549107461837232,0.9098214923674466,0.02283590154308504,0.45123033420373815
4445,7.435683920295971,0.0642688446088725,14.83316458444914,0.9582911461122848,5943.365363246195,0.11947113603849524,0.5107732101276612,0.4215464202553223,0.018865646964421483,0.37102317099841375
4446,8.49114713454953,0.6506372969719612,13.479337573096519,0.6198343932741298,6819.485867034838,0.8495715558623645,0.6478939555472967,0.6957879110945934,0.028103915686877676,0.5576548623611651
4447,7.626504281845739,0.1702801565809663,13.810111010056474,0.7025277525141186,6327.811785626917,0.43984315468909796,0.6054450652017027,0.6108901304034053,0.03476540318997081,0.6922303674741578
4448,8.011300185954305,0.38405565886350246,11.943671614147215,0.23591790353680364,6069.78265299532,0.22481887749610008,0.7276968504857133,0.8553937009714266,0.010064678338027577,0.1932258250106581
4449,7.7409969131548495,0.23388717397491654,11.009444379797733,0.0023610949494333733,6837.63631657142,0.8646969304761836,0.46342840909089295,0.3268568181817859,0.021682319038177147,0.42792563713489185
4450,8.07464686739947,0.4192482596663717,12.483845380584427,0.3709613451461067,5972.031831323755,0.14335985943646223,0.36470563015183033,0.12941126030366068,0.03275286795385072,0.6515730899767822
4451,7.766899609717673,0.24827756095426312,14.37177753456004,0.84294438364001,6279.644532644153,0.39970377720346073,0.5421231807358375,0.4842463614716751,0.027284311401582707,0.5410972000319738
4452,8.105119778228769,0.43617765457153823,11.38346576950434,0.0958664423760851,5932.362484167375,0.11030207013947946,0.30681418901648744,0.013628378032974897,0.034767642882098666,0.692275613779771
4453,8.679651452065468,0.7553619178141491,12.866653953796812,0.4666634884492028,6730.53522101058,0.7754460175088168,0.3522117991922347,0.10442359838446946,0.0009889670391866384,0.009878122003770473
4454,8.029527920064254,0.3941821778134742,11.800753984594948,0.2001884961487369,6564.427498417741,0.6370229153481176,0.7543800375436265,0.908760075087253,0.018896844810417163,0.371653430513478
4455,7.354823958054946,0.01934664336385883,14.964128262919024,0.991032065729756,6755.767184343097,0.7964726536192479,0.5343084966796541,0.46861699335930806,0.035639199775991524,0.7098828237574045
4456,7.660037746825374,0.18890985934743,13.721109152384798,0.6802772880961995,6539.491534637736,0.6162429455314461,0.6766063054361393,0.7532126108722786,0.02989156794178856,0.5937690493290618
4457,8.984454088419252,0.9246967157884741,14.810673714232623,0.9526684285581557,6673.423808122833,0.7278531734356942,0.7842819717877256,0.9685639435754513,0.015550560445152635,0.30405172616469966
4458,9.088312871659394,0.9823960398107747,12.507816819815357,0.37695420495383913,6956.114697533903,0.963428914611586,0.33379993300148675,0.06759986600297352,0.036436423394754384,0.7259883514091794
4459,8.527116923850476,0.6706205132502653,14.869891576985438,0.9674728942463594,6204.41536430342,0.3370128035861829,0.4612964485260949,0.32259289705218985,0.011487672059327941,0.22197317291571594
4460,7.6302403650881105,0.17235575838228379,11.633535331244223,0.15838383281105584,6763.861541185937,0.8032179509882809,0.49508364658011494,0.3901672931602299,0.04138911758754715,0.826042779546407
4461,7.876098635544431,0.3089436864135727,13.579683530479643,0.644920882619911,5912.851342895316,0.09404278574609637,0.3667827858311772,0.1335655716623544,0.02934841889253611,0.5827963412633557
4462,7.899965322600504,0.32220295700028,11.011370378731323,0.002842594682830768,6282.921204173547,0.4024343368112896,0.3378366413013171,0.07567328260263417,0.020070423945990838,0.39536209991900684
4463,7.70520809435841,0.21400449686578316,13.517363879782547,0.6293409699456365,6315.020223802426,0.42918351983535497,0.48528441713805137,0.37056883427610277,0.011853228795504654,0.22935815748494248
4464,7.982831717435218,0.36823984301956547,12.570130881735725,0.3925327204339315,6628.809185198531,0.6906743209987756,0.7198973900496741,0.8397947800993482,0.018527311094926953,0.3641881029278172
4465,7.615883156958681,0.16437953164371144,12.355358782517897,0.33883969562947414,6538.498710008935,0.6154155916741125,0.780945464642675,0.9618909292853501,0.03462982458569536,0.6894914057716234
4466,7.614232439120309,0.16346246617794946,12.370552171717462,0.3426380429293655,6481.082965130268,0.5675691376085567,0.35355375087435437,0.10710750174870876,0.015203876864738248,0.2970480174694595
4467,7.748473446254089,0.23804080347449408,11.201589408692,0.0503973521729999,5982.128817920586,0.15177401493382114,0.7086077075316541,0.8172154150633084,0.0277259799124635,0.5500197962113837
4468,8.96035005783032,0.9113055876835112,12.815541721723624,0.453885430430906,5804.341994021641,0.003618328351367106,0.46900843621106864,0.3380168724221373,0.004373050961672483,0.07824345377116126
4469,7.655812269606665,0.18656237200370263,11.135192057144423,0.033798014286105516,5950.93538751578,0.12577948959648377,0.5869976787285957,0.5739953574571913,0.03884982656437024,0.7747439709973786
4470,8.096964169460371,0.43164676081131736,13.713551661388589,0.6783879153471472,6895.050847682111,0.9125423730684264,0.6180528630317839,0.6361057260635679,0.04093831915574801,0.8169357405201618
4471,9.06379937363937,0.9687774297996505,12.30627998079061,0.3265699951976523,6329.697446195067,0.4414145384958891,0.606868982123167,0.6137379642463339,0.03825669855562203,0.7627615869822633
4472,7.683389438816819,0.20188302156489968,12.988297165338253,0.49707429133456305,6249.582052245604,0.3746517102046699,0.5337848126926262,0.4675696253852525,0.031572906162757396,0.627735478035503
4473,9.055050452448338,0.9639169180268544,11.502473779446,0.12561844486149965,5919.180833542941,0.0993173612857845,0.4032520222898195,0.206504044579639,0.003388702695296396,0.05835763020800799
4474,8.791647105953599,0.8175817255297773,14.43685802159243,0.8592145053981075,6132.9140939144345,0.27742841159536225,0.7484747815556145,0.8969495631112291,0.014922863550725056,0.2913709808227284
4475,8.191908429800554,0.48439357211141887,11.0733711575221,0.018342789380524804,6647.144765861103,0.7059539715509194,0.41619111357196087,0.23238222714392176,0.015158835385196313,0.2961380885898245
4476,8.089645884740534,0.42758104707807454,12.334795841946669,0.33369896048666703,6892.191160075738,0.910159300063115,0.44988971731656036,0.29977943463312073,0.02819128208099239,0.5594198400200483
4477,7.831914860527229,0.28439714473734956,12.325952312073728,0.33148807801843183,6724.555823535606,0.7704631862796717,0.3300475783214649,0.06009515664292986,0.045621822531344475,0.9115519703301914
4478,7.860579287424898,0.3003218263471653,12.172608747369981,0.29315218684249544,6160.199509379488,0.3001662578162396,0.4450827770014487,0.29016555400289745,0.0232730683819776,0.46006198751469896
4479,7.757729682591675,0.24318315699537507,13.642144042226956,0.6605360105567389,6327.064298961002,0.43922024913416835,0.34956204760146997,0.09912409520293997,0.023644689823736895,0.46756949138862414
4480,8.434753232903038,0.6193073516127993,14.948836567427316,0.987209141856829,5861.934036117508,0.0516116967645901,0.36503687771698906,0.13007375543397814,0.014002408115819286,0.2727759215317027
4481,8.656824416672746,0.7426802314848593,14.35314504948429,0.8382862623710725,6409.98597091832,0.5083216424319339,0.6861854635268252,0.7723709270536503,0.03319334728216739,0.6604716622660078
4482,9.006011921228035,0.9366732895711313,14.673016699500025,0.9182541748750064,6983.892422267283,0.9865770185560693,0.3855826092382457,0.17116521847649147,0.04791075190604745,0.9577929677989383
4483,8.98120828592928,0.922893492182934,13.209744759855282,0.5524361899638204,6163.056239088406,0.30254686590700486,0.7362085375163949,0.8724170750327899,0.0031926050264894108,0.054396061141200214
4484,8.180554609270702,0.4780858940392789,13.599834889361722,0.6499587223404305,6228.152442961649,0.356793702468041,0.6762767070883159,0.7525534141766318,0.004255269922740567,0.07586403884324378
4485,8.668645612630538,0.7492475625725219,13.52448494496219,0.6311212362405476,6452.010818403141,0.543342348669284,0.49636698326496254,0.3927339665299251,0.015312871298335981,0.2992499252189087
4486,8.89313455527247,0.8739636418180391,11.697248423794013,0.17431210594850344,5976.199756060583,0.14683313005048637,0.5295246011033188,0.4590492022066377,0.023658431197666217,0.46784709490234777
4487,7.321558200990062,0.0008656672167011159,14.02172709987688,0.75543177496922,6585.885105583721,0.6549042546531011,0.5064714486481585,0.41294289729631695,0.03868208462458733,0.7713552449411581
4488,7.814007135482402,0.2744484086013348,14.279524595056085,0.8198811487640212,6958.494206573056,0.9654118388108797,0.745260726876422,0.8905214537528439,0.04192308059298354,0.8368299109693643
4489,8.73881731967152,0.7882318442619562,12.524941654278557,0.3812354135696394,6447.12517374164,0.539270978118033,0.677016793884498,0.7540335877689961,0.04726064535189471,0.9446595020584789
4490,8.860067850944478,0.8555932505247104,11.938249467498403,0.23456236687460086,6119.223519532883,0.2660195996107356,0.6333821566452154,0.6667643132904308,0.036799536313650794,0.7333239659323392
4491,7.866261591670191,0.3034786620389951,13.783518617878856,0.6958796544697142,6957.377535582325,0.9644812796519374,0.5026175297016502,0.4052350594033004,0.019600099497208236,0.38586059590319666
4492,8.628541338420433,0.7269674102335747,12.25677188287382,0.3141929707184554,6547.727398780023,0.6231061656500191,0.78322351365233,0.9664470273046601,0.022674253314709677,0.4479647134284783
4493,7.341545491480692,0.01196971748927278,11.39751747457969,0.09937936864492247,6500.7289878528845,0.5839408232107371,0.645013983385698,0.6900279667713961,0.01872509632189662,0.36818376407871956
4494,7.518429589275002,0.11023866070833443,13.940926047137502,0.7352315117843756,6055.805837848965,0.21317153154080437,0.408039326079385,0.21607865215876998,0.014066440949561193,0.2740695141325493
4495,8.543126967180465,0.679514981766925,12.234194869239863,0.3085487173099657,6043.650320649704,0.203041933874753,0.33896912427641657,0.07793824855283316,0.02106862438302044,0.4155277653135442
4496,8.113873149287786,0.44104063849321407,11.400893152941464,0.10022328823536575,6754.323889478255,0.795269907898546,0.300704959085103,0.0014099181702059704,0.0473531199885467,0.946527676536297
4497,8.930419092845376,0.8946772738029877,11.99630845666378,0.24907711416594502,6004.100906217334,0.17008408851444556,0.7517895800511529,0.9035791601023059,0.016981793848179202,0.33296553228644854
4498,7.347713922707501,0.015396623726389613,11.249081472563585,0.06227036814089648,6265.426538301125,0.3878554485842708,0.589552884881488,0.5791057697629761,0.03779919842325308,0.7535191600657187
4499,7.91823213693524,0.33235118718624423,11.065072302670824,0.01626807566770616,6769.0986798679405,0.8075822332232842,0.49317149467664523,0.3863429893532905,0.0012510312932174851,0.015172349357928994
4500,8.298118536880727,0.5433991871559596,11.955182641229808,0.23879566030745214,6090.806423442527,0.24233868620210652,0.3843921181615194,0.16878423632303885,0.011835982897486219,0.2290097555047721
4501,8.46668911680966,0.6370495093386996,14.735824176299612,0.9339560440749032,6229.055507487661,0.3575462562397179,0.38835289926758126,0.17670579853516255,0.019645111528262153,0.3867699298638818
4502,8.342258142910833,0.5679211905060183,14.369901372979971,0.8424753432449925,6872.3207856475055,0.893600654706255,0.5139891268607171,0.42797825372143405,0.0035135914892773417,0.060880636147017
4503,8.80358054815997,0.8242114156444273,11.913025759034856,0.2282564397587138,6948.879875556648,0.9573998962972065,0.6893187000487395,0.778637400097479,0.005471729019386362,0.10043897008861336
4504,9.114391355634023,0.996884086463347,12.927221965060307,0.48180549126507666,5839.012433423238,0.032510361186031345,0.5586991557595431,0.5173983115190861,0.01005415780842462,0.19301328905908322
4505,7.462176570379716,0.07898698354428679,12.413056343224719,0.35326408580617974,6971.135103434514,0.975945919528762,0.3042745578760892,0.008549115752178427,0.02183385714179295,0.4309870129655141
4506,7.624995062304965,0.16944170128053626,14.328625913403004,0.832156478350751,6980.65484386181,0.9838790365515088,0.533175847035757,0.4663516940715142,0.013362134242769422,0.25984109581352366
4507,8.31806352043442,0.5544797335746775,11.055578233135984,0.013894558283996106,6252.00766188563,0.3766730515713581,0.4427039743225283,0.2854079486450566,0.0337767598549359,0.67225777484719
4508,7.32621154106968,0.0034508561498223234,11.31907453951349,0.0797686348783726,6595.120114813513,0.6626000956779274,0.4476499360842497,0.2952998721684994,0.03647199121613633,0.7267068932552795
4509,7.795030693984822,0.26390594110267906,12.30941978101029,0.32735494525257225,6603.071226802713,0.6692260223355943,0.6860247798036787,0.7720495596073575,0.03544477803470499,0.705955111812222
4510,8.744828814182025,0.7915715634344586,11.17484896892988,0.04371224223246961,5954.087839856979,0.1284065332141492,0.5200574185014494,0.4401148370028988,0.047775837464687734,0.9550674235290451
4511,7.719610307229166,0.22200572623842563,13.642760009075287,0.6606900022688218,5910.257463503846,0.09188121958653883,0.7417966385416864,0.8835932770833729,0.013740934547349384,0.26749362721917946
4512,8.834169602432357,0.8412053346846436,11.243764533899885,0.0609411334749711,6584.0500442574885,0.6533750368812404,0.33848755807958836,0.07697511615917674,0.0041515894619097455,0.07376948407898476
4513,8.947516558482313,0.9041758658235082,13.729103737261,0.6822759343152496,5858.610587816089,0.04884215651340751,0.7179836266549829,0.8359672533099659,0.043781572206936306,0.8743751960997233
4514,7.42824259774312,0.06013477652395549,14.931780164382745,0.9829450410956864,5986.8203024494715,0.15568358537455984,0.7225749262967749,0.8451498525935498,0.009397854515148053,0.17975463666965763
4515,8.897839881744988,0.8765777120805492,12.945253301939562,0.48631332548489037,6081.104523335501,0.23425376944625054,0.7220663030772847,0.8441326061545695,0.0337747506720627,0.672217185294196
4516,8.933299108510077,0.8962772825055988,11.672965280789922,0.1682413201974805,6240.983044378448,0.36748587031537283,0.350233689666141,0.100467379332282,0.016476946067827614,0.32276658722884066
4517,7.9686544937587325,0.3603636076437403,14.220717004898104,0.805179251224526,5879.828183363148,0.06652348613595649,0.4663630891593503,0.33272617831870066,0.022881690138491447,0.4521553563331605
4518,9.027035258883586,0.9483529216019922,14.51600452653858,0.8790011316346451,6603.479692413194,0.6695664103443284,0.44762064226323695,0.2952412845264739,0.02294816031029771,0.4534981880868224
4519,7.4315367287109515,0.06196484928386192,12.8695375970127,0.4673843992531749,6344.354751418019,0.4536289595150158,0.7078848969116815,0.8157697938233632,0.02650108351393572,0.5252744144229438
4520,8.229054898968451,0.5050304994269178,11.26283593180605,0.0657089829515125,6211.14406410548,0.34262005342123325,0.761173624888743,0.922347249777486,0.0286529650511107,0.5687467687093071
4521,7.97343343254587,0.3630185736365945,12.55349182797726,0.38837295699431473,6458.7849662223625,0.5489874718519687,0.723567206932404,0.8471344138648079,0.042475425993182686,0.8479884039026805
4522,9.100778454846917,0.9893213638038433,12.568785523790083,0.39219638094752085,5938.589713114273,0.11549142759522701,0.33513071265047345,0.07026142530094692,0.0063713430393979205,0.1186129906949075
4523,8.809680556171307,0.8276003089840596,12.633276009073,0.4083190022682499,6206.730191368171,0.3389418261401431,0.7800944853502583,0.9601889707005167,0.010640406235498369,0.20485669162622966
4524,7.590934056809832,0.1505189204499069,13.823963844435852,0.7059909611089628,6470.693688236861,0.5589114068640506,0.39229472647448665,0.18458945294897333,0.009481719439605064,0.18144887756777905
4525,8.345011137943592,0.5694506321908843,11.62601934370589,0.15650483592647257,5963.4454793660525,0.13620456613837706,0.5670415893931902,0.5340831787863803,0.017427195858480803,0.34196355269658185
4526,7.546753985309469,0.1259744362830384,14.679804294773707,0.9199510736934264,6492.991921416733,0.5774932678472775,0.3734802287633421,0.14696045752668419,0.014093202868007826,0.274610158949653
4527,8.143785975050662,0.45765887502814595,13.510425424852514,0.6276063562131287,6089.685996366886,0.24140499697240492,0.42467027300965654,0.2493405460193131,0.0032420812418595167,0.055395580643626596
4528,8.600276827115263,0.7112649039529239,12.310871328626796,0.3277178321566988,6794.998608335293,0.8291655069460777,0.7904014226641172,0.9808028453282343,0.03466143468856662,0.6901299937084164
4529,8.608314239121697,0.715730132845387,13.345456192724676,0.5863640481811688,6875.674258596876,0.8963952154973965,0.4122299892891873,0.22445997857837463,0.04346155167413548,0.8679101348310196
4530,7.782384985786774,0.2568805476593191,12.25999300674263,0.31499825168565754,6885.048337005917,0.9042069475049315,0.3430047989074763,0.08600959781495265,0.025191326590044357,0.49881467858675466
4531,7.985886326798972,0.36993684822165107,11.513832700603556,0.1284581751508892,6915.109555854203,0.9292579632118355,0.7137302111979349,0.8274604223958699,0.04587480257214168,0.9166626782250844
4532,7.347459912646437,0.015255507025798365,11.350289217473657,0.08757230436841423,6428.677304996644,0.5238977541638703,0.357300405344525,0.11460081068905004,0.0031885455579153264,0.054314051675057096
4533,8.676108953539348,0.7533938630774163,11.482299509327138,0.12057487733178429,6423.367960915386,0.5194733007628216,0.47233265715460265,0.34466531430920533,0.02876814061103636,0.5710735476977042
4534,8.328195270831088,0.5601084837950487,11.618054128558914,0.15451353213972852,6599.158779107362,0.6659656492561344,0.4364761794305411,0.27295235886108227,0.03455185549779595,0.6879162726827464
4535,7.466249953065481,0.08124997392526723,13.36048829173317,0.5901220729332923,6153.132016884452,0.2942766807370434,0.7605327323822447,0.9210654647644895,0.012200235672542779,0.23636839742510662
4536,8.626804465215363,0.7260024806752023,14.162481101070185,0.790620275267546,6218.467807957335,0.34872317329777935,0.5035776297123804,0.4071552594247607,0.017175192446681753,0.3368725746804394
4537,8.988201331391954,0.9267785174399752,13.018068186144356,0.5045170465360891,6708.135020680238,0.7567791839001984,0.7378534248861404,0.8757068497722806,0.017227246878779277,0.3379241793692783
4538,8.315332691741055,0.5529626065228092,13.164843864796303,0.541210966199076,6828.974041971751,0.8574783683097926,0.530841355462814,0.46168271092562785,0.018914623824918972,0.37201260252361557
4539,7.906485108094545,0.32582506005252476,12.500611363687797,0.3751528409219492,6202.251017299019,0.3352091810825153,0.30656343511737966,0.013126870234759336,0.015623977724166554,0.3055349035185162
4540,8.239295112766547,0.5107195070925257,12.326864812315772,0.33171620307894323,6785.206169495782,0.821005141246485,0.3677701936048748,0.1355403872097496,0.022590293438152036,0.4462685543061017
4541,7.690524175645999,0.20584676424777704,11.323948075274131,0.08098701881853299,6623.993547210272,0.6866612893418929,0.4836450763291425,0.367290152658285,0.045698214485240064,0.9130952421260619
4542,7.376926844833114,0.031626024907285055,13.371769967499965,0.5929424918749914,6051.795086948637,0.20982923912386375,0.36646990458090006,0.13293980916180015,0.005866618925816421,0.10841654395588729
4543,8.718673726348372,0.7770409590824295,12.388402051245652,0.3471005128114132,6502.234128154118,0.5851951067950978,0.4093491545318598,0.21869830906371968,0.04486265458343968,0.8962152441098925
4544,7.792805906536261,0.2626699480757002,13.193334970526536,0.548333742631634,6327.14343704016,0.4392861975334673,0.4579385382674471,0.3158770765348943,0.008701061602804979,0.16567801217787836
4545,8.176653903974481,0.4759188355413786,12.478460349449614,0.36961508736240356,6991.427739587789,0.9928564496564906,0.6616865909443033,0.7233731818886067,0.033861977463582736,0.6739793426986411
4546,7.757690572002565,0.24316142889031345,12.482338632153667,0.37058465803841656,5994.688467722532,0.16224038976877608,0.5763721888825699,0.55274437776514,0.02052532607877491,0.4045520419954527
4547,8.814204377251366,0.8301135429174261,13.90355506200767,0.7258887655019178,6641.053998762582,0.7008783323021511,0.3212383274601445,0.04247665492028907,0.0026896243495129514,0.04423483534369599
4548,8.893161959477805,0.8739788663765586,14.618358583671496,0.9045896459178738,6982.953100502651,0.9857942504188761,0.642974773939342,0.685949547878684,0.024586146819273028,0.4865888246317783
4549,8.72305829413507,0.7794768300750393,14.111716925568004,0.7779292313920012,5881.526833189722,0.06793902765810178,0.35695153393937273,0.11390306787874549,0.04388858879131478,0.8765371472992883
4550,7.831939285442429,0.284410714134683,13.753318423593674,0.6883296058984184,6493.987805751106,0.578323171459255,0.4445340716278763,0.2890681432557526,0.02085896082968521,0.41129213797343855
4551,7.401923466000303,0.045513036666834816,14.367473975928338,0.8418684939820844,6640.117733534394,0.7000981112786612,0.39522233691703185,0.19044467383406372,0.001014024477858349,0.010384332886027248
4552,7.93624972976625,0.34236096098125024,14.872675580252224,0.968168895063056,6485.031404452912,0.57085950371076,0.719934511587224,0.8398690231744481,0.03529457046881503,0.7029206155316168
4553,8.777749686737327,0.8098609370762926,13.179716924717997,0.5449292311794993,6754.870185629413,0.7957251546911771,0.3582978040561332,0.11659560811226644,0.02141831426293959,0.4225922073321129
4554,8.487220821285698,0.6484560118253881,12.193475059479365,0.2983687648698413,5900.017686576766,0.083348072147305,0.7789035420671062,0.9578070841342124,0.033572268757082926,0.6681266415572308
4555,8.247005967082382,0.5150033150457675,13.05496733074254,0.5137418326856351,6029.021747970625,0.1908514566421875,0.31938194725066754,0.038763894501335106,0.03905914460117482,0.7789726182055519
4556,9.020933291458048,0.9449629396989159,11.594468494987861,0.14861712374696512,6474.188803213065,0.5618240026775538,0.5013806110331882,0.40276122206637643,0.03585494072684851,0.7142412268050203
4557,7.958319835490624,0.3546221308281242,11.52386323645823,0.13096580911455746,5839.8705630102395,0.03322546917519975,0.5772985009599185,0.5545970019198371,0.010450619243085706,0.20102261097142837
4558,7.480361560751378,0.08908975597298774,14.138243332085047,0.7845608330212618,6315.152204419703,0.4292935036830856,0.45305470584017055,0.3061094116803411,0.020870969951182327,0.41153474648853183
4559,8.183775361775618,0.4798752009864542,12.362258405067102,0.3405646012667757,6516.627168994849,0.5971893074957078,0.4561494545180342,0.3122989090360684,0.014301379121593193,0.2788157398301655
4560,8.447850918526063,0.6265838436255909,12.391587149903428,0.34789678747585706,6641.0988974841775,0.700915747903481,0.4084967899099195,0.21699357981983902,0.04102688921031652,0.8187250345518489
4561,8.265947653307183,0.5255264740595463,12.568914767606394,0.39222869190159826,6639.85958917951,0.6998829909829252,0.578308840269546,0.5566176805390921,0.000610670718323816,0.002235772087349819
4562,8.879375858095472,0.8663199211641509,11.05781467460736,0.014453668651840279,6617.0120129282,0.680843344106834,0.3283971409905397,0.056794281981079386,0.04133474759515774,0.8249443958617725
4563,8.434300865887492,0.6190560366041625,11.766941869220956,0.19173546730523883,6495.358301365213,0.5794652511376776,0.7913493299091939,0.9826986598183879,0.04341121360366681,0.8668932041144809
4564,7.932156084146793,0.3400867134148847,14.157820108714562,0.7894550271786406,6047.95817170819,0.20663180975682538,0.4144676865912442,0.22893537318248847,0.02758637985821841,0.5471995930953214
4565,9.070436662265202,0.9724648123695567,14.836519534879026,0.9591298837197563,6774.1436239287605,0.8117863532739672,0.3279865592206861,0.055973118441372205,0.025008096902438263,0.4951130687361265
4566,8.396845044825628,0.5982472471253497,14.90095749161071,0.9752393729026775,6725.533295106612,0.7712777459221765,0.5487637018162698,0.49752740363253956,0.022022465562126878,0.43479728408337126
4567,8.006437352519681,0.38135408473315635,14.263213870741588,0.8158034676853968,6916.202497479887,0.9301687478999058,0.6476532390025371,0.6953064780050742,0.00927704829292292,0.17731410692773575
4568,7.911152860303269,0.32841825572403827,11.678355420945714,0.16958885523642842,6391.442316502766,0.4928685970856378,0.7280174038645573,0.8560348077291146,0.014500790244743109,0.28284424736854763
4569,7.951353442093899,0.35075191227438873,14.273454288398703,0.8183635720996758,5948.256979621573,0.1235474830179778,0.39637352598793496,0.19274705197586994,0.0007140241205673206,0.0043237196074206175
4570,7.812700978169578,0.2737227656497653,12.780815529474001,0.44520388236850017,6964.566086044652,0.9704717383705437,0.5269395063343089,0.45387901266861774,0.033399385046726175,0.6646340413480035
4571,7.719599143036434,0.22199952390912991,14.182014274969697,0.7955035687424244,6670.121241752244,0.7251010347935363,0.504495296878486,0.4089905937569721,0.011955230393924115,0.23141879583685077
4572,9.077570979542607,0.9764283219681156,12.082495677996867,0.2706239194992167,6692.978074982068,0.7441483958183901,0.6916881107026427,0.7833762214052853,0.03396389935919686,0.6760383708928658
4573,7.565762224942763,0.1365345694126464,14.124442895863961,0.7811107239659905,6848.634496454132,0.8738620803784434,0.4525918156714999,0.30518363134299986,0.03852254028929738,0.7681321270565127
4574,7.671622084671014,0.19534560259500777,12.049380443980102,0.26234511099502567,6474.792482153669,0.5623270684613905,0.7763326369576216,0.9526652739152432,0.006260765889774561,0.11637910888433456
4575,7.970422908227336,0.3613460601262981,12.917644076686111,0.47941101917152773,6512.318850338282,0.593599041948568,0.5238423371962486,0.44768467439249715,0.03939515832434674,0.785760774229227
4576,7.988061255596036,0.3711451419977979,13.524601126671236,0.6311502816678091,6742.522737851451,0.7854356148762094,0.49750371158410633,0.3950074231682127,0.01594572577530636,0.3120348641476033
4577,7.913884720739212,0.32993595596622904,13.712945325763071,0.6782363314407677,6398.937341663281,0.49911445138606714,0.6504490886489619,0.7008981772979238,0.03947904415669019,0.7874554375088927
4578,8.486423114507934,0.6480128413932967,11.773418833028863,0.19335470825721568,5864.514203346905,0.05376183612242069,0.3156320783730642,0.03126415674612837,0.047970107980373024,0.9589920804115761
4579,9.080851359279727,0.9782507551554047,13.153704414465462,0.5384261036163657,6011.090415817506,0.1759086798479219,0.32071231218176594,0.04142462436353189,0.011431851241217292,0.22084547962055134
4580,9.020138574081308,0.9445214300451714,14.117604909321063,0.7794012273302658,6099.6238989237945,0.24968658243649544,0.5340036510171278,0.46800730203425545,0.002044824336636164,0.031208572457296246
4581,7.439394253446575,0.06633014080365252,14.838953295232061,0.9597383238080154,6135.900998470682,0.27991749872556804,0.3947652702426775,0.189530540485355,0.022385619544409728,0.4421337281698935
4582,8.308083343197628,0.5489351906653496,11.462152930191085,0.11553823254777129,6973.156932313468,0.9776307769278897,0.704836781338116,0.8096735626762321,0.022837532945269055,0.45126329182361724
4583,8.882758544803224,0.8681991915573469,12.876051557077247,0.4690128892693116,6055.0116373463525,0.21250969778862738,0.5435763184342914,0.4871526368685828,0.035957814999780124,0.716319494945053
4584,7.991608793911291,0.3731159966173839,11.960508292778666,0.24012707319466664,6726.265978359966,0.7718883152999714,0.39310627532687875,0.18621255065375752,0.02650824246520862,0.5254190397011842
4585,9.061726026856782,0.9676255704759904,13.227309980333079,0.5568274950832699,6409.186665611991,0.5076555546766591,0.6162422336546749,0.6324844673093497,0.016199816183986047,0.3171680037168898
4586,7.9784685362940015,0.3658158534966678,13.254107235249508,0.5635268088123769,6712.830661019969,0.7606922175166411,0.6096203511389853,0.6192407022779707,0.021267999573685175,0.4195555469431348
4587,8.965188702404813,0.9139937235582294,11.975061362582654,0.24376534064566346,5992.308957362392,0.1602574644686603,0.719423868569933,0.838847737139866,0.017039990409590797,0.33414122039577365
4588,8.074252333323876,0.41902907406881984,13.318236344022141,0.5795590860055354,5936.157709526143,0.11346475793845234,0.3029578058937833,0.00591561178756661,0.015303691804674148,0.29906448090250803
4589,7.9814757476911975,0.36748652649510993,11.10971098838381,0.027427747095952526,6717.911358480355,0.7649261320669629,0.5728110832508693,0.5456221665017387,0.006089895747197604,0.11292718681207281
4590,8.716564700283008,0.7758692779350049,14.3303948742939,0.8325987185734749,6467.475511681738,0.5562295930681147,0.4463560166780754,0.2927120333561508,0.0008602054414348469,0.007276877604744381
4591,7.390638220589698,0.039243455883165246,11.650443611404981,0.16261090285124546,6622.993455728021,0.6858278797733508,0.7517944113131135,0.9035888226262271,0.013617760378765326,0.26500526017707726
4592,8.203826569548376,0.4910147608602087,13.288942281949101,0.572235570487275,6288.598436950578,0.4071653641254811,0.5557987646376533,0.5115975292753067,0.008940476792979737,0.1705146826864593
4593,8.61440663296081,0.7191147960893387,11.71633583773658,0.179083959434145,6180.306095204719,0.3169217460039324,0.3788222677828602,0.15764453556572045,0.042180028608107316,0.8420207799617639
4594,7.52396905470778,0.11331614150432201,13.324669984836587,0.581167496209147,6412.9436229344465,0.5107863524453718,0.6702317697778896,0.7404635395557791,0.00593944587315064,0.10988779541718463
4595,7.97462797421251,0.3636822078958386,13.920809906540345,0.7302024766350865,5959.715180170148,0.13309598347512397,0.30304871176849757,0.006097423536995161,0.046872169223604945,0.9368114994667665
4596,7.416658851698947,0.05369936205497061,13.85651441334258,0.7141286033356449,6266.2898107915835,0.3885748423263192,0.30531184083319524,0.010623681666390494,0.003463312148782507,0.059864891894596095
4597,8.564623118506333,0.6914572880590737,11.868325131245903,0.21708128281147565,6950.494921889727,0.958745768241439,0.592280039469709,0.5845600789394179,0.03931970697351362,0.7842365045154266
4598,7.504285598510187,0.10238088806121493,13.043723377657912,0.5109308444144782,6040.345863127784,0.200288219273153,0.34745315274127136,0.09490630548254275,0.006614245508931206,0.1235201112915395
4599,9.111828851211483,0.9954604728952687,11.486256827391296,0.1215642068478241,6506.190609559295,0.588492174632746,0.30150619317821953,0.0030123863564390785,0.0015555471533094918,0.02132418491534327
4600,8.484057455343965,0.6466985863022034,14.840246406975638,0.9600616017439096,6411.43318797379,0.5095276566448252,0.3840406206118251,0.1680812412236502,0.04284572074478477,0.8554691059552479
4601,8.872034127415372,0.8622411818974296,14.847837606514641,0.9619594016286604,5816.0124054246435,0.013343671187203143,0.37898004949857034,0.1579600989971407,0.04480589706377895,0.8950686275510898
4602,7.922918876234092,0.33495493124116227,12.74227759943722,0.43556939985930476,6770.059703797411,0.8083830864978423,0.5723936402696121,0.5447872805392244,0.040957484535649936,0.8173229199121199
4603,8.936348942870515,0.8979716349280638,12.583521986569691,0.39588049664242275,6540.249647073623,0.616874705894686,0.5247698203574918,0.44953964071498365,0.0005350219321659729,0.0007075137811307641
4604,8.256520801766548,0.5202893343147491,13.611827900346466,0.6529569750866167,5933.798350359675,0.11149862529972909,0.6789672640895196,0.7579345281790392,0.04274638411383306,0.8534623053299607
4605,8.537261803503087,0.6762565575017151,14.453790636043184,0.8634476590107958,5963.7147895506,0.13642899129216612,0.5457703487798278,0.4915406975596557,0.04965352154936593,0.9930004353407258
4606,9.102926196889483,0.9905145538274907,13.589155149572806,0.6472887873932015,6718.490521014593,0.7654087675121604,0.6546944582361516,0.7093889164723032,0.00777421270642918,0.14695379204907433
4607,7.649130663306987,0.18285036850388148,13.43285653052994,0.6082141326324849,5940.926680365777,0.11743890030481474,0.6111893172336245,0.6223786344672488,0.04268140245599227,0.8521495445655004
4608,8.059529007059453,0.41084944836636295,12.076377008151884,0.2690942520379711,6871.350797576786,0.8927923313139885,0.4170684090189008,0.23413681803780162,0.007615411122145291,0.14374567923525838
4609,7.434358041469034,0.06353224526057455,14.845028633148068,0.9612571582870172,6893.805914666422,0.9115049288886846,0.7583271118512177,0.9166542237024354,0.04392538199795726,0.8772804444031769
4610,8.106287622414024,0.4368264568966804,11.100594325052336,0.025148581263084058,6599.045071467676,0.6658708928897301,0.5525243416192672,0.5050486832385345,0.015147889556827434,0.29591696074398854
4611,8.21159966350118,0.49533314638954506,14.091188665658308,0.7727971664145767,6360.319128298894,0.466932606915745,0.6232230195684383,0.6464460391368766,0.0456039444430565,0.9111907968294243
4612,8.770448723855512,0.8058048465863957,11.801055802461978,0.20026395061549462,6114.090996938872,0.2617424974490602,0.6433816969278734,0.6867633938557468,0.03881999533109774,0.7741413198201563
4613,8.472288252791074,0.6401601404394862,12.75866281565979,0.4396657039149472,6090.719571335116,0.24226630944592986,0.5117751116243359,0.42355022324867186,0.02159074439182619,0.426075644279317
4614,8.020367424282512,0.3890930134902847,13.532826950480752,0.6332067376201879,6659.228718271877,0.7160239318932309,0.6874769178898608,0.7749538357797214,0.02305716443030443,0.45570029152130154
4615,8.920140899281478,0.8889671662674883,14.901867560296338,0.9754668900740846,6543.413628208784,0.6195113568406528,0.4962683502884217,0.3925367005768434,0.0023880496612141543,0.03814241739826574
4616,8.90667465881749,0.8814859215652731,14.947203200750403,0.9868008001876009,6008.836892258759,0.17403074354896586,0.390042519999031,0.18008503999806202,0.001532460107329804,0.020857779946056643
4617,8.677074694627068,0.7539303859039268,11.495087595879316,0.12377189896982899,6408.606046361639,0.5071717053013656,0.6077632509065136,0.6155265018130274,0.04211768425796806,0.8407612981407688
4618,8.623522790580239,0.7241793281001331,11.47521080160567,0.1188027004014175,6055.329830151811,0.21277485845984212,0.6229841842899791,0.6459683685799583,0.03763983515661393,0.7502997001336146
4619,7.783460940717035,0.2574783003983525,13.257243362464749,0.5643108406161873,6202.0882728345305,0.33507356069544225,0.7604969967034089,0.9209939934068178,0.018255532224817635,0.3586976207033865
4620,8.71620154899387,0.7756675272188177,13.191484183406509,0.5478710458516269,6790.244931813204,0.825204109844337,0.3629230033764768,0.12584600675295365,0.04226741018431517,0.8437860643295994
4621,8.630542232897362,0.7280790182763119,14.660786750753317,0.9151966876883294,6862.4017676311305,0.8853348063592759,0.7901635701337348,0.9803271402674696,0.019268158807439238,0.3791547233826108
4622,8.809202316057773,0.827334620032096,13.452353360609152,0.6130883401522882,6572.628939165165,0.6438574493043043,0.6738528446184193,0.7477056892368388,0.013719087560907148,0.26705227395772013
4623,7.561416750676389,0.13412041704243827,13.611525041560146,0.6528812603900362,6553.03127565752,0.6275260630479338,0.7888640095549713,0.9777280191099426,0.021556054132783838,0.42537483096533
4624,7.338157585875091,0.010087547708384048,13.924383005623833,0.7310957514059581,6595.89840756801,0.6632486729733416,0.3747636152651437,0.14952723053028738,0.024714803951403214,0.4891879586142063
4625,8.538332062791808,0.676851145995449,12.428946932022193,0.35723673300554815,5832.195966870181,0.02682997239181739,0.5412304181600838,0.48246083632016745,0.003445977269316613,0.05951469230942652
4626,8.112849456374052,0.44047192020780646,12.48374784756674,0.3709369618916848,6463.133560783036,0.55261130065253,0.6243976108289522,0.6487952216579044,0.020870313019903736,0.4115214751495704
4627,8.52414103661345,0.6689672425630279,12.37747456070995,0.3443686401774876,5990.074450169832,0.15839537514152624,0.7846051605745266,0.9692103211490533,0.01443843399621083,0.2815845251759763
4628,8.986379739682992,0.9257665220461065,11.043047201875318,0.010761800468829352,6200.674816656924,0.3338956805474369,0.715220005884025,0.8304400117680499,0.015418673218132443,0.30138733774004933
4629,8.116699297002276,0.44261072055682027,13.049432764492499,0.5123581911231248,6966.366922096204,0.9719724350801703,0.3782900223585846,0.15658004471716924,0.036805119954616744,0.7334367667599342
4630,8.142780869254517,0.4571004829191766,13.2861090342049,0.5715272585512249,6252.502397617387,0.3770853313478225,0.7027863183371004,0.8055726366742008,0.03519966551969986,0.7010033438323203
4631,7.369697370942959,0.027609650523866214,14.621367865220282,0.9053419663050706,6097.741998549307,0.24811833212442258,0.5625527537304964,0.5251055074609929,0.04033362661284284,0.8047197295523807
4632,8.780486392481578,0.8113813291564322,11.85059748741903,0.21264937185475752,6510.531071630282,0.5921092263585683,0.4167771095161225,0.23355421903224505,0.013639194820461205,0.2654382792012364
4633,8.024988013447027,0.3916600074705704,14.840765883616301,0.9601914709040754,6225.174424412943,0.35431202034411946,0.6408236680980339,0.681647336196068,0.04998703277884283,0.9997380359362188
4634,8.744150955635163,0.7911949753528685,13.965642462532191,0.7414106156330478,6253.453301110237,0.37787775092519715,0.3044899085671121,0.008979817134224244,0.038073487958865816,0.7590603628053699
4635,8.275752364358407,0.5309735357546703,12.781850199838123,0.44546254995953083,6869.465289291202,0.8912210744093352,0.5535851402094671,0.5071702804189342,0.017822313858872462,0.34994573452267597
4636,7.500609665999176,0.10033870333287542,11.463984236416175,0.11599605910404387,6392.562006391429,0.49380167199285785,0.7016926944322971,0.8033853888645942,0.018980719733489405,0.37334787340382636
4637,7.442594122570806,0.0681078458726696,12.857363153903576,0.4643407884758938,6328.137944746341,0.4401149539552843,0.49582112359089764,0.3916422471817953,0.002198365563254142,0.0343104154192756
4638,8.672366325388225,0.7513146252156804,11.440088335055627,0.11002208376390665,6325.079525775636,0.43756627147969684,0.7606315575368765,0.9212631150737529,0.024799676328338502,0.49090255208764644
4639,8.198030463056895,0.48779470169827543,13.059515800432207,0.5148789501080517,6921.364037419052,0.934470031182543,0.42962780086468944,0.2592556017293789,0.04889093956683175,0.9775947387238737
4640,8.860648914376286,0.8559160635423813,14.099466565554454,0.7748666413886134,6458.184294424693,0.5484869120205776,0.5465000140245112,0.49300002804902243,0.026024772830562416,0.5156519763749983
4641,8.484875800915464,0.6471532227308133,14.310737799113811,0.8276844497784529,6538.165674840676,0.6151380623672299,0.32550985633308216,0.05101971266616434,0.03944215248249152,0.7867101511614448
4642,8.256783392953269,0.5204352183073713,11.807509480829827,0.20187737020745677,6686.770649594926,0.7389755413291053,0.3752096878817131,0.15041937576342623,0.03370325332457801,0.6707727944359194
4643,8.51624814459132,0.6645823025507336,14.947664763412668,0.9869161908531671,6573.315390410635,0.6444294920088627,0.39227030960967796,0.18454061921935594,0.02481658688637383,0.4912441795227036
4644,8.41478636751212,0.6082146486178445,13.779783140313318,0.6949457850783295,6042.863115404181,0.20238592950348477,0.6031391927561933,0.6062783855123867,0.015189361675281286,0.29675478131881383
4645,8.647950432500824,0.7377502402782363,11.805096000747483,0.2012740001868707,6369.867886160362,0.47488990513363516,0.7141534483654175,0.828306896730835,0.0023113041946560657,0.03659200393244577
4646,7.593899244829223,0.15216624712734594,14.29994038159793,0.8249850953994823,5865.98749084833,0.05498957570694152,0.4455868631090079,0.29117372621801585,0.024797044049613092,0.4908493747396584
4647,8.794319977568202,0.819066654204557,13.570496003542011,0.642624000885503,5915.512924558386,0.09626077046532178,0.5944200833325239,0.5888401666650478,0.004598798667701177,0.08280401348891264
4648,8.77089140588863,0.8060507810492396,11.138021296170937,0.03450532404273399,6678.433664160325,0.7320280534669376,0.5503344218991304,0.5006688437982609,0.0044268832923161725,0.07933097560234692
4649,8.112394740797189,0.44021930044288327,14.32590863474423,0.8314771586860579,6010.083612595119,0.17506967716259902,0.6953934116543616,0.7907868233087234,0.023219925544088083,0.45898839483006226
4650,9.05635982575175,0.9646443476398616,13.86619460700021,0.7165486517500528,6973.515558847643,0.9779296323730361,0.7955754156342014,0.991150831268403,0.04766782882967397,0.9528854309025044
4651,7.626653270560431,0.17036292808912845,11.409127989947658,0.10228199748691458,6649.696253266286,0.7080802110552381,0.33113835862229873,0.06227671724459749,0.04989946074722856,0.9979689039844154
4652,7.7318799134626905,0.22882217414593897,12.047103302609104,0.26177582565227586,6310.040478429946,0.42503373202495487,0.371674922968936,0.14334984593787203,0.017300653779259507,0.3394071470557476
4653,8.854182889876954,0.8523238277094193,11.171782067699283,0.04294551692482074,6589.085844862921,0.657571537385767,0.7244096337306389,0.8488192674612778,0.04722174622732248,0.94387366115803
4654,7.747337945771307,0.2374099698729485,14.05001167301568,0.7625029182539199,6711.994725040315,0.759995604200262,0.7658971753032064,0.9317943506064129,0.006810406406778227,0.12748295771269147
4655,8.747826624722133,0.7932370137345185,14.182425252651631,0.7956063131629078,5966.298194704224,0.13858182892018678,0.3530084091344057,0.10601681826881137,0.01970572041458098,0.38799435180971675
4656,7.775029099810899,0.2527939443393883,11.714959679815104,0.17873991995377603,6225.211370619987,0.3543428088499895,0.5129674199611768,0.4259348399223536,0.005119073929658741,0.0933146248415907
4657,8.874955920506608,0.8638644002814488,13.388934841928506,0.5972337104821265,5932.508262188115,0.11042355182342878,0.5387558390393872,0.4775116780787745,0.0007771750030522813,0.005599495011157196
4658,7.375270769648337,0.030705983137964687,14.053573611653286,0.7633934029133216,6836.471249526088,0.86372604127174,0.6907610892211471,0.7815221784422942,0.03515968733417282,0.7001957037206631
4659,8.60448954961002,0.7136053053389007,11.965840646961713,0.24146016174042795,5883.38851728453,0.06949043107044173,0.6106225480982955,0.6212450961965911,0.018425387484635933,0.3621290400936552
4660,8.992241440761179,0.9290230226450998,14.246984950420197,0.8117462376050492,6107.109234723559,0.2559243622696321,0.5242948785930155,0.4485897571860309,0.030097086079299895,0.5979209308949474
4661,7.420516008242668,0.055842226801481876,13.630465156238287,0.6576162890595719,6139.040736919264,0.2825339474327202,0.7162436989224233,0.8324873978448467,0.01419497997747269,0.2766662621711654
4662,7.393713630216535,0.040952016786963474,14.318640300560464,0.8296600751401157,6448.534011680648,0.5404450097338739,0.6195233120807817,0.6390466241615634,0.043718594747948904,0.8731029242009879
4663,7.756808618552913,0.24267145475161855,14.78410883323445,0.9460272083086126,6188.823867332123,0.3240198894434356,0.7414036077514123,0.8828072155028246,0.02115499541920791,0.4172726347314729
4664,8.087574322457867,0.4264301791432593,11.391149317197392,0.09778732929934808,6192.75525683296,0.32729604736079987,0.7661358484930691,0.9322716969861382,0.028756972455237673,0.5708479283886398
4665,7.5126773458237075,0.10704296990205975,12.947472096184253,0.48686802404606333,6518.105219464588,0.5984210162204898,0.6750233330306663,0.7500466660613326,0.045496443834951265,0.9090190673727528
4666,7.489254688412372,0.09403038245131767,13.4555631825881,0.6138907956470253,6313.055038391568,0.4275458653263069,0.7614632378507511,0.9229264757015023,0.025860103454424327,0.5123253223116025
4667,8.121159943799471,0.4450888576663725,13.90378967121762,0.7259474178044051,6886.551878129816,0.9054598984415132,0.5059736465985633,0.41194729319712653,0.043217271052688834,0.8629751727815925
4668,7.986548026832186,0.3703044593512145,14.215857489234786,0.8039643723086963,6778.168134155692,0.8151401117964104,0.6795146836274857,0.7590293672549713,0.045784233849209564,0.9148330070547386
4669,7.940338674749857,0.3446325970832542,14.471662623462892,0.867915655865723,6427.664270351137,0.5230535586259472,0.6656596334248859,0.7313192668497719,0.023142889124107193,0.457432103517317
4670,8.258602497566581,0.5214458319814346,11.951637202680036,0.23790930067000926,6713.096018686875,0.7609133489057295,0.6691922475764238,0.7383844951528475,0.02133457601488104,0.42090052555315227
4671,9.020725659845754,0.9448475888031966,12.429375002276224,0.3573437505690562,6108.531983335241,0.2571099861127011,0.6528865728223225,0.705773145644645,0.04265765704457512,0.8516698392843458
4672,7.620363793975276,0.1668687744307088,11.783527440536064,0.19588186013401587,6175.910426484937,0.3132586887374472,0.48839141973768607,0.37678283947537217,0.043204636878172636,0.8627199369327805
4673,8.952359351351035,0.9068663063061311,13.238587164929916,0.559646791232479,6487.018180524505,0.5725151504370872,0.425991357782966,0.251982715565932,0.03354804411735273,0.6676372548960147
4674,7.333646843461257,0.007581579700698171,13.327786290942194,0.5819465727355485,6271.539030288701,0.39294919190725097,0.5734044447720292,0.5468088895440585,0.020757993043070334,0.40925238470849157
4675,8.233526504362027,0.5075147246455709,13.35454319213725,0.5886357980343127,6655.352129712116,0.7127934414267633,0.48157198568029574,0.3631439713605915,0.004469947345740839,0.0802009564796129
4676,8.512833142930875,0.6626850794060422,12.613946355285602,0.4034865888214004,6774.027670781874,0.8116897256515612,0.5964822032339936,0.5929644064679872,0.04504703386729185,0.8999400781271081
4677,8.324265833618083,0.5579254631211573,13.872888017964819,0.7182220044912049,5843.962056034572,0.03663504669547679,0.7575560816856679,0.9151121633713359,0.023953385444496926,0.47380576655549345
4678,7.649825697148141,0.1832364984156336,12.691438798338302,0.42285969958457537,6583.860450837473,0.6532170423645609,0.3390447184611097,0.07808943692221937,0.028661286703078135,0.5689148828904673
4679,7.525054578313102,0.11391921017394557,11.997714032655514,0.24942850816387852,6247.46331746908,0.37288609789089977,0.5122797214334827,0.42455944286696523,0.015037952199757712,0.29369600403550933
4680,7.5736026216059855,0.14089034533665845,12.620491646374242,0.4051229115935605,5873.569715714841,0.0613080964290339,0.7526002933622885,0.905200586724577,0.044575691095167756,0.8904180019225809
4681,7.499425832490385,0.09968101805021345,13.511682679049677,0.6279206697624192,6953.172807642495,0.9609773397020789,0.39674310982048205,0.19348621964096413,0.015020752070153642,0.2933485266697705
4682,8.122372964823036,0.44576275823502065,14.323090509081828,0.8307726272704569,6518.032378768564,0.5983603156404698,0.3564706732987101,0.11294134659742017,0.00777827170634246,0.14703579204732242
4683,8.563291480201652,0.6907174890009183,11.26105387200209,0.0652634680005224,6576.631471410571,0.6471928928421424,0.5130391266897103,0.4260782533794205,0.043469120825958184,0.8680630469890542
4684,7.886107758390427,0.3145043102169036,14.624529726880944,0.9061324317202358,6829.523668263968,0.8579363902199735,0.33564277383013935,0.07128554766027873,0.0100053391527287,0.19202705359047878
4685,8.68618910494924,0.7589939471940226,11.730221416566572,0.1825553541416427,6124.829647393985,0.2706913728283209,0.5274638202751811,0.45492764055036217,0.011540408473113032,0.22303855501238445
4686,8.969046541537251,0.9161369675206952,14.092596580348093,0.7731491450870235,6536.861492445592,0.61405124370466,0.63656104887244,0.6731220977448802,0.04337025264903964,0.8660657100816088
4687,7.5731253572414925,0.14062519846749566,11.026958243861607,0.006739560965401736,6015.169758850347,0.1793081323752892,0.7771122181436255,0.9542244362872511,0.003153117611977815,0.053598335595511415
4688,7.874385136452806,0.307991742473781,13.132920535333453,0.533230133833363,6803.479783693999,0.8362331530783325,0.37048110697858183,0.14096221395716368,0.023141816176690595,0.4574104278119312
4689,7.70305609688355,0.21280894271308348,14.593825857612073,0.8984564644030181,6760.877223561221,0.800731019634351,0.46649905483589904,0.3329981096717981,0.04661907337168258,0.9316984519531833
4690,7.5653309925760555,0.13629499587558613,12.76964154155409,0.44241038538852273,6303.338319742562,0.419448599785468,0.569757953535909,0.539515907071818,0.015803867830226182,0.30916904707527637
4691,8.554599507841857,0.6858886154676989,11.465143708821088,0.11628592720527198,6247.061095529862,0.3725509129415515,0.37723808436002354,0.1544761687200471,0.0207703271748824,0.40950155908853325
4692,7.50102566561881,0.10056981423267197,12.708902571232922,0.42722564280823083,6061.089958326955,0.21757496527246267,0.5357688630090094,0.4715377260180187,0.038594048013160825,0.7695767275386025
4693,8.96337130602533,0.9129840589029614,11.957119018090275,0.2392797545225689,6830.660174760598,0.8588834789671657,0.7994608527494278,0.9989217054988555,0.0063600938560807105,0.11838573446627698
4694,8.150761423383239,0.4615341241017997,13.157104986664258,0.5392762466660643,6045.849189486025,0.20487432457168808,0.31660846916799906,0.03321693833599815,0.01358962543195965,0.2644368774133262
4695,8.27980665601521,0.5332259200084507,13.93008021568565,0.7325200539214121,6215.746294125307,0.3464552451044228,0.5801040195492486,0.5602080390984971,0.02525966664963195,0.5001952858511505
4696,8.742979809478934,0.7905443385994079,12.309220543531922,0.3273051358829806,6072.024593687085,0.2266871614059045,0.5133593013477649,0.42671860269552975,0.02297988523079308,0.4541390955715774
4697,8.648119542174229,0.7378441900967936,11.468170359254014,0.11704258981350346,6765.654019336831,0.8047116827806923,0.3291100072994203,0.05822001459884063,0.001382714771794051,0.017832621652405067
4698,8.747416930046722,0.793009405581512,14.1581534534361,0.7895383633590252,5811.844061114656,0.009870050928880159,0.7288140732221768,0.8576281464443536,0.025932310493003586,0.5137840503637088
4699,7.5380233206678735,0.12112406703770717,11.943474798701851,0.23586869967546298,6533.039876382187,0.6108665636518219,0.35797599786791995,0.11595199573583992,0.0234846862048381,0.4643370950472343
4700,7.564875067507995,0.1360417041711084,13.05003578569104,0.5125089464227599,6485.8242754856965,0.5715202295714137,0.6086056839643358,0.6172113679286716,0.03356002257474575,0.6678792439342576
4701,7.744022747127234,0.2355681928484632,12.570347442390634,0.3925868605976587,5817.554624262522,0.014628853552102195,0.4351529808077613,0.27030596161552267,0.009824131734126053,0.18836629765911217
4702,8.748813182812265,0.7937851015623699,14.567828151221583,0.8919570378053959,6169.391980709502,0.30782665059125136,0.5750838176561609,0.5501676353123218,0.004953757436514546,0.08997489770736455
4703,7.85576703142623,0.2976483507923501,12.661473469956963,0.4153683674892408,6392.253600436227,0.4935446670301895,0.7198853292991073,0.8397706585982146,0.023221683128973488,0.45902390159542394
4704,7.662744498931534,0.19041361051751882,11.956442472410535,0.2391106181026338,6936.476461585665,0.9470637179880541,0.6052435741117377,0.6104871482234755,0.022186012502332125,0.43810126267337623
4705,8.3467723251218,0.5704290695121106,11.377135635985987,0.09428390899649675,6863.6210043995925,0.88635083699966,0.4785366681631242,0.3570733363262484,0.027450593354998255,0.5444564314141062
4706,8.213241183541129,0.496245101967294,12.365202166340389,0.34130054158509726,6310.824596788804,0.4256871639906704,0.7100115440327668,0.8200230880655336,0.007757222098744758,0.14661054744938906
4707,7.3678829047537535,0.02660161375208492,14.67470440609863,0.9186761015246575,6129.075383259679,0.27422948604973274,0.30667333689030607,0.013346673780612162,0.007580054090450632,0.14303139576667945
4708,7.874155280997776,0.3078640449987643,14.855604721004163,0.9639011802510404,6547.91947240459,0.6232662270038253,0.43657781318299704,0.2731556263659941,0.02871077515045859,0.5699146495042139
4709,8.032727155529638,0.39595953084979874,12.05438752982368,0.26359688245591995,6730.443430549617,0.7753695254580144,0.7387941829809302,0.8775883659618605,0.021614996371181472,0.4265655832561913
4710,7.448809304570328,0.07156072476129305,14.063750545447029,0.7659376363617574,6069.775911148252,0.2248132592902098,0.5132447315915236,0.42648946318304715,0.012198217742976936,0.23632763117125122
4711,7.946244471548141,0.34791359530452304,13.559005935454431,0.6397514838636077,6444.809541092678,0.5373412842438982,0.4210845251404228,0.24216905028084568,0.029157070079051484,0.5789307086677067
4712,9.033094686169154,0.951719270093975,11.763982424388065,0.19099560609701616,6779.649943032234,0.8163749525268615,0.719808637313907,0.8396172746278139,0.015895043422278744,0.3110109782278534
4713,8.502592094452952,0.656995608029418,13.213185441760531,0.5532963604401329,6566.703032169105,0.6389191934742549,0.7953477090295742,0.9906954180591484,0.023348139825367736,0.4615785823306613
4714,8.359084009003954,0.5772688938910856,13.700258025633381,0.6750645064083453,6523.020537163349,0.6025171143027914,0.7363913323098912,0.8727826646197825,0.03934039551655103,0.7846544548798188
4715,7.478260554074641,0.08792253004146722,12.965226484732604,0.49130662118315105,5839.915692678346,0.03326307723195521,0.7457896870374947,0.8915793740749896,0.004365017627613288,0.07808116419420785
4716,7.952619225162136,0.3514551250900759,14.940442866721577,0.9851107166803942,6206.16443871452,0.3384703655954334,0.3964175294833712,0.19283505896674247,0.018152075092449368,0.35660757762523976
4717,8.538395151062174,0.6768861950345416,14.312398789005357,0.8280996972513395,5899.354198506584,0.0827951654221537,0.4593470089430726,0.31869401788614526,0.027367343732260043,0.5427746208537382
4718,8.307424014744655,0.5485688970803639,12.538427293796623,0.38460682344915587,6357.573635511971,0.4646446962599753,0.4090634399909966,0.2181268799819932,0.029519064945153703,0.5862437362657313
4719,8.158634826975387,0.46590823720854846,14.190876002455461,0.7977190006138651,6489.941731930913,0.5749514432757611,0.7432713117365213,0.8865426234730425,0.01153952078304066,0.22302062187960925
4720,7.337144880727731,0.009524933737628416,11.337684947046569,0.08442123676164193,6126.149830768041,0.27179152564003406,0.45408844596125014,0.3081768919225003,0.012536502611805543,0.2431616689253645
4721,7.629722583360834,0.17206810186713017,14.846382919422135,0.9615957298555339,6089.11094353764,0.24092578628136652,0.529882519532257,0.4597650390645138,0.04274892691346355,0.8535136750194656
4722,8.168381456559585,0.47132303142199206,11.503935136336516,0.12598378408412914,6980.4034238194845,0.9836695198495706,0.6353103001469214,0.6706206002938429,0.005040285394955404,0.09172293727182634
4723,7.401709804450339,0.0453943358057437,13.581489401712709,0.6453723504281773,6106.294335879488,0.2552452798995738,0.36118991730861744,0.1223798346172349,0.0010545119407145641,0.011202261428577054
4724,8.629104527571066,0.7272802930950371,14.460080826150817,0.8650202065377043,6338.401922608442,0.44866826884036815,0.7026107365969108,0.8052214731938214,0.03513285198207243,0.6996535753954026
4725,7.60140041729066,0.15633356516147767,14.035465434227344,0.758866358556836,6584.900823094843,0.6540840192457027,0.4472590917567951,0.29451818351359027,0.037606980500031015,0.7496359696975962
4726,7.540935206901338,0.12274178161185412,12.254320929652554,0.3135802324131385,6939.1087384868915,0.9492572820724094,0.5122282462999658,0.42445649259993157,0.036103090585267804,0.7192543552579354
4727,8.203276041390067,0.4907089118833704,12.354262576537991,0.33856564413449786,6903.471075355195,0.9195592294626628,0.5519044113597327,0.5038088227194654,0.005001720723307113,0.0909438529961033
4728,8.014269517472858,0.38570528748492094,12.666257152099254,0.4165642880248134,6603.453303635463,0.6695444196962194,0.6045051817947653,0.6090103635895305,0.029205739168994896,0.5799139226059574
4729,8.467303697725217,0.637390943180677,11.539395366520754,0.1348488416301884,6548.71510310014,0.6239292525834506,0.48673888339390764,0.3734777667878153,0.010044606319254606,0.1928203296819112
4730,8.64503285611524,0.7361293645084664,11.740297231102598,0.1850743077756497,6346.515534395467,0.45542961199622234,0.6146554599361373,0.6293109198722748,0.01135431028705325,0.21927899569804543
4731,8.020378886831923,0.3890993815732907,13.188371048499933,0.5470927621249831,6792.747687622668,0.827289739685557,0.458405116477375,0.31681023295474997,0.021446619812514407,0.42316403661645263
4732,7.454624376816413,0.0747913204535623,12.065032992512087,0.266258248128022,5860.7972565580985,0.05066438046508215,0.6167217122780357,0.6334434245560715,0.047281157474142514,0.9450738883665154
4733,8.293994670930456,0.5411081505169205,13.714902237950223,0.6787255594875556,6424.459941017595,0.5203832841813294,0.4600750024366147,0.3201500048732294,0.009125235735844442,0.17424718658271598
4734,7.765482581844311,0.24749032324683928,13.92090240242823,0.7302256006070575,6119.486011818527,0.26623834318210604,0.782063538309761,0.9641270766195221,0.023056404536503046,0.4556849401313746
4735,8.138499246844868,0.45472180380270477,13.93166998166012,0.7329174954150298,5996.177745885578,0.16348145490464827,0.436151193282266,0.272302386564532,0.02586810878856772,0.5124870462336912
4736,8.037033807373193,0.39835211520732927,11.737604329271665,0.18440108231791608,5808.503716047135,0.007086430039279112,0.3153099540007584,0.030619908001516816,0.015174845191913205,0.29646151902854956
4737,7.877178231059183,0.3095434616995463,13.160188203473975,0.5400470508684936,6899.214479374951,0.9160120661457926,0.4696078911896826,0.3392157823793652,0.0043989962650630345,0.07876760131440474
4738,8.5438655172491,0.679925287360612,13.658681283169953,0.6646703207924883,6177.237347761232,0.3143644564676934,0.4417675800035795,0.28353516000715906,0.0331321798540396,0.6592359566472646
4739,7.343412537030583,0.01300696501699039,11.403278561690868,0.1008196404227173,6528.514005690611,0.607095004742176,0.5689266720301989,0.5378533440603976,0.027222132247678634,0.5398410555086592
4740,7.367919445592213,0.026621914217895504,14.752564082637516,0.9381410206593788,6848.306686691054,0.8735889055758782,0.46411660815120553,0.3282332163024111,0.009451486354559245,0.180838108172914
4741,7.646661771805313,0.18147876211406277,12.862883712853655,0.4657209282134138,6449.9306986324855,0.5416089155270715,0.7992398992178066,0.9984797984356132,0.031935420609979025,0.6350590022217985
4742,7.789760743051461,0.26097819058414484,13.514136022495116,0.628534005623779,5880.108123262429,0.06675676938535746,0.6118734239790753,0.6237468479581507,0.031057678306050187,0.6173268344656603
4743,7.708561862889551,0.21586770160530644,13.983734332916534,0.7459335832291332,6443.396449190231,0.5361637076585255,0.5937785150502652,0.5875570301005306,0.008886705484613127,0.169428393628548
4744,7.7280700981016865,0.22670561005649237,13.459310966967209,0.6148277417418024,5971.398061355286,0.14283171779607173,0.3722592074335096,0.14451841486701922,0.022273265607993645,0.4398639516766393
4745,8.004432949317977,0.3802405273988756,12.927673792004839,0.48191844800120953,6123.33925549424,0.26944937957853365,0.4789414929403079,0.35788298588061584,0.0014366564702295718,0.01892235293393074
4746,8.558463444945525,0.6880352471919591,14.638954149148104,0.9097385372870258,6952.008294088721,0.9600069117406012,0.5433782957619935,0.4867565915239871,0.022632440800841754,0.4471200161786213
4747,8.106405916500874,0.4368921758338188,12.559307558426477,0.3898268896066194,5993.67269364649,0.16139391137207504,0.6424717764622,0.6849435529244,0.011656279622064928,0.22537938630434196
4748,7.7715668098406425,0.2508704499114681,14.145231678995938,0.7863079197489845,6050.010833799636,0.20834236149969676,0.545308551452107,0.4906171029042139,0.028744304203618547,0.570592004113506
4749,9.01636110258017,0.9424228347667615,11.992434045613745,0.24810851140343604,6711.917704121378,0.7599314201011486,0.775715599817854,0.9514311996357079,0.03347379738536223,0.6661373209164086
4750,8.207203276678607,0.4928907092658926,12.083542004982606,0.2708855012456516,6086.972855867836,0.23914404655653043,0.3633477077719067,0.12669541554381347,0.032362258999061935,0.6436819999810491
4751,7.346938637395089,0.014965909663938293,11.937243145274127,0.23431078631853164,6839.43124097124,0.8661927008093668,0.6238360030611965,0.6476720061223928,0.012871025799478401,0.24991971312077577
4752,8.340168123985428,0.5667600688807934,12.244970026396516,0.3112425065991288,5978.252197746401,0.14854349812200063,0.5956663160171121,0.5913326320342241,0.018324748276880076,0.36009592478545605
4753,9.004425033751884,0.9357916854177137,11.201939010288891,0.050484752572222846,6114.681092563302,0.2622342438027516,0.33336101157115267,0.06672202314230535,0.008102496298979219,0.153585783817762
4754,8.592378702513317,0.7068770569518431,11.099269066528619,0.024817266632154777,6072.20266353036,0.22683555294196667,0.5541809246634268,0.5083618493268536,0.029009932360663886,0.5759582295083613
4755,7.5304269722115675,0.11690387345087083,11.47826434251282,0.11956608562820481,6573.599247838752,0.6446660398656261,0.7161562556962253,0.8323125113924508,0.020282207197589164,0.3996405494462457
4756,7.637732209314196,0.17651789406344198,14.908192838385741,0.9770482095964355,6254.207729178562,0.37850644098213504,0.718264228751142,0.836528457502284,0.04763567258339712,0.9522358097655983
4757,7.832170253774695,0.2845390298748308,11.216761286263326,0.05419032156583148,6794.4315739267395,0.8286929782722829,0.3451002326625493,0.09020046532509862,0.024633701058296036,0.48754951632921284
4758,8.069804834529776,0.4165582414054311,14.522555546710676,0.8806388866776689,6203.052672751878,0.335877227293232,0.6635761736276192,0.7271523472552385,0.025239880981210848,0.4997955753779969
4759,8.136304341505255,0.4535024119473636,13.944459062639849,0.7361147656599621,6443.3460991149095,0.5361217492624243,0.5406678008790777,0.4813356017581556,0.0034068171886360043,0.05872357956840413
4760,7.925903656649333,0.3366131425829628,11.206819812219381,0.05170495305484535,6369.977408062169,0.474981173385141,0.674038919176979,0.748077838353958,0.02318635435027435,0.4583101888944313
4761,7.396033087371184,0.04224060409510233,11.725058758395594,0.18126468959889874,6954.589509399517,0.962157924499597,0.37397830080690453,0.14795660161380908,0.046884913390496975,0.9370689573837772
4762,8.888779607017012,0.8715442261205627,14.624001154310735,0.9060002885776838,6143.521902492333,0.2862682520769435,0.5078014165131659,0.41560283302633194,0.017548544345992775,0.34441503729278333
4763,8.527269398605817,0.6707052214476763,14.153209276138249,0.7883023190345619,6712.980394794243,0.760816995661869,0.4842579294525079,0.3685158589050158,0.03405189728546044,0.6778161067769785
4764,9.01484736533555,0.9415818696308618,14.922158458998977,0.9805396147497442,6261.122432354466,0.38426869362872107,0.3504789685385976,0.10095793707719525,0.040430698751475855,0.806680782858098
4765,8.694267961081746,0.7634822006009702,11.085412322852797,0.02135308071319919,6168.619967614648,0.3071833063455399,0.3120150478358201,0.024030095671640272,0.03392946999108747,0.6753428281027771
4766,7.3662732992982916,0.02570738849905052,13.336123752596635,0.5840309381491584,6417.883659676342,0.5149030497302852,0.7997094373867304,0.9994188747734609,0.04210735465082142,0.8405526192085134
4767,7.961238717124454,0.3562437317358076,14.842919291243406,0.9607298228108516,6417.714000637265,0.5147616671977208,0.7796701889820223,0.9593403779640448,0.04110469007604403,0.8202967692130108
4768,8.45851455126936,0.6325080840385333,14.507970446808516,0.876992611702129,6253.444734421039,0.377870612017533,0.5402348758286701,0.4804697516573403,0.005277060405048186,0.09650627080905427
4769,7.63825914680441,0.17681063711356093,12.410200725141431,0.35255018128535787,5898.866404573133,0.08238867047761067,0.512252518014236,0.424505036028472,0.005395588561356449,0.09890077901730199
4770,7.6627815145255,0.1904341747363889,14.422197642326548,0.8555494105816368,6666.731575114569,0.7222763125954743,0.4581431416635447,0.3162862833270894,0.04735664412118407,0.9465988711350317
4771,7.732378338156849,0.22909907675380492,13.664925855513344,0.6662314638783359,5817.172740590657,0.014310617158880379,0.5711766594431846,0.5423533188863693,0.012355091642913065,0.2394968008669306
4772,7.70122843744563,0.21179357635868357,13.573599625617907,0.643399906404477,6292.59452424013,0.41049543686677537,0.5746171413764054,0.5492342827528108,0.001726127496963466,0.024770252463908404
4773,8.946889921612923,0.9038277342294022,12.29717752766966,0.32429438191741533,6210.627970251011,0.34218997520917604,0.6845543262899301,0.7691086525798602,0.023975093600090643,0.4742443151533463
4774,8.043454918829585,0.40191939934976983,12.843081387974825,0.4607703469937062,6019.332332776991,0.1827769439808259,0.5525761187372418,0.5051522374744836,0.03436971249978004,0.6842366161571725
4775,9.083186260022766,0.9795479222348698,11.731501386099954,0.18287534652498816,6700.570997820475,0.7504758315170625,0.4444793099202426,0.2889586198404852,0.0037369438529383727,0.06539280510986611
4776,8.83182043591884,0.8399002421771329,12.526942002626276,0.3817355006565689,6136.373425936637,0.2803111882805309,0.5260926556900284,0.4521853113800568,0.0011808082297158505,0.01375370161042122
4777,7.6938287752741354,0.20768265293007504,14.117032540179412,0.7792581350448532,6203.13544867174,0.33594620722644997,0.30371736380332837,0.007434727606656755,0.048684768889616474,0.9734296745377065
4778,7.848286690618333,0.2934926058990741,11.841698607156204,0.2104246517890509,6041.545739058236,0.20128811588186335,0.7476305148622164,0.8952610297244329,0.01932548827288314,0.3803128944016796
4779,8.64554692075427,0.7364149559745953,14.160926578148203,0.7902316445370506,6413.780933715116,0.5114841114292633,0.3649874661321603,0.12997493226432066,0.005101439975783335,0.09295838334915829
4780,7.682465101922438,0.20136950106802098,12.516278543873074,0.3790696359682687,6048.2636843012815,0.20688640358440102,0.709871901829743,0.8197438036594862,0.0076915092163329715,0.14528301447137315
4781,8.13630527002009,0.4535029277889394,14.989597905465713,0.9973994763664281,6216.3026110370365,0.3469188425308637,0.7691114155911228,0.9382228311822457,0.017407911263494148,0.34157396491907366
4782,7.892018437161066,0.31778802064503653,11.799694633903252,0.19992365847581306,6796.170553339989,0.8301421277833244,0.664594100249038,0.729188200498076,0.003584765497557511,0.06231849490015173
4783,8.580966576309628,0.7005369868386824,11.324319177697166,0.08107979442429136,6050.258801041872,0.20854900086822692,0.48471948955175576,0.36943897910351153,0.03032557724389452,0.6025369140180711
4784,8.734136892403294,0.7856316068907193,14.648765538272492,0.9121913845681233,5979.022168383682,0.14918514031973462,0.3206435833046315,0.041287166609263015,0.011870823160287352,0.22971359919772427
4785,8.28549439995437,0.5363857777524277,12.009725630960236,0.2524314077400591,6451.183503654989,0.5426529197124912,0.7522203481675458,0.9044406963350915,0.001984568412727097,0.029991281065193887
4786,8.717658591982355,0.7764769955457527,14.721230464029155,0.9303076160072888,6497.305895755695,0.581088246463079,0.5203454528992983,0.4406909057985967,0.023524648910874822,0.46514442244191556
4787,7.716917072969069,0.22050948498281575,12.220671830575029,0.30516795764375726,6360.184886981328,0.466820739151107,0.6547091701596557,0.7094183403193114,0.0009834475622303375,0.009766617418794699
4788,9.03802549887287,0.9544586104849279,13.960040250202345,0.7400100625505862,6780.812512956505,0.8173437607970871,0.34125660059456026,0.08251320118912053,0.010039759481668065,0.19272241377107202
4789,8.950743959720889,0.9059688665116049,12.494728669619892,0.37368216740497306,6990.7764699008585,0.9923137249173821,0.510000723103266,0.4200014462065321,0.049146452068015746,0.9827566074346614
4790,8.734417535103217,0.7857875195017875,11.372556066399003,0.09313901659975099,6728.308673592133,0.7735905613267776,0.48376025951697776,0.36752051903395555,0.018437005113315977,0.362363739662949
4791,8.189557320271298,0.4830874001507214,11.474376915263528,0.11859422881588211,6400.144691558876,0.5001205762990629,0.50409302685463,0.40818605370926,0.012301223856039083,0.23840856274826427
4792,7.960256775522074,0.35569820862337465,12.320417261706586,0.3301043154266464,6193.429770233096,0.32785814186091333,0.7542493607865193,0.9084987215730386,0.036364247527345815,0.7245302530776931
4793,8.836247881640588,0.8423599342447718,13.908125417285083,0.7270313543212709,5983.518900991324,0.15293241749276987,0.45649359981805093,0.3129871996361019,0.029140372478785037,0.5785933834097987
4794,8.135093385284383,0.4528296584913243,11.194495800795867,0.048623950198966925,6329.443007444856,0.4412025062040469,0.5718307496002726,0.5436614992005451,0.04830392871717133,0.9657359336802288
4795,8.594152568011776,0.7078625377843197,12.415874678116607,0.3539686695291516,6253.722030753878,0.3781016922948983,0.5266131609342908,0.4532263218685816,0.04545291904103339,0.9081397786067351
4796,7.726836187063441,0.22602010392413363,14.227137257099345,0.8067843142748363,6634.22254123386,0.6951854510282172,0.643921865634667,0.6878437312693342,0.042462454220222164,0.8477263478832759
4797,8.993910238833783,0.9299501326854349,12.863132567101374,0.4657831417753435,6122.569884741195,0.26880823728432934,0.40604505386259876,0.21209010772519754,0.04886006005490767,0.9769709102001549
4798,8.801837198323165,0.8232428879573144,11.689902075690487,0.1724755189226217,6048.863166800445,0.2073859723337037,0.4908372585545261,0.3816745171090522,0.014060323371336975,0.27394592669367623
4799,8.859467822880385,0.8552599016002143,11.265138084132278,0.06628452103306937,5950.086611279026,0.1250721760658554,0.6711398958408081,0.7422797916816163,0.049266533566774066,0.9851824962984659
4800,7.870367813810249,0.3057598965612498,12.618851744016377,0.4047129360040943,6345.30935068695,0.45442445890579164,0.43814441875761184,0.2762888375152237,0.011982233803072614,0.2319643192539922
4801,7.651557831516491,0.18419879528693905,12.270446579712432,0.317611644928108,6633.544880628675,0.6946207338572292,0.4894636944181216,0.3789273888362432,0.003168349798208606,0.053906056529466784
4802,8.805545360542238,0.8253029780790218,14.555882609490926,0.8889706523727314,6089.72471600038,0.24143726333365,0.3457921199263215,0.09158423985264297,0.039617202339449376,0.7902465119080682
4803,7.922482353746004,0.3347124187477799,13.65918491601564,0.6647962290039102,6520.967205789417,0.6008060048245139,0.5235127685305635,0.447025537061127,0.04668670971377684,0.9330648427025624
4804,7.857398528253921,0.29855473791884535,11.498972321998457,0.12474308049961413,6604.018471323476,0.6700153927695633,0.3723966615345793,0.1447933230691586,0.04748582787201377,0.949208643879066
4805,7.611507251617121,0.1619484731206231,11.000808936862818,0.00020223421570464417,6764.52977454988,0.8037748121248999,0.774124963652328,0.9482499273046558,0.008965211648728953,0.17101437674199904
4806,7.430501881279676,0.06138993404426474,13.859526452649723,0.7148816131624306,6372.9078163961785,0.4774231803301491,0.7756725535490228,0.9513451070980454,0.010756314784247769,0.2071982784696519
4807,8.867610970291901,0.8597838723843895,11.471177810908559,0.11779445272713973,5837.48127187455,0.0312343932287914,0.5031268565714033,0.40625371314280656,0.028404453435797054,0.5637263320363041
4808,8.517764735814177,0.6654248532300988,12.960481488661808,0.490120372165452,5887.902971474261,0.07325247622855091,0.6651117873947441,0.7302235747894883,0.005824184664185385,0.1075592861451593
4809,8.255296185156086,0.519608991753381,14.894800690387115,0.9737001725967787,5834.411999821547,0.02867666651795653,0.3515237194580872,0.1030474389161744,0.0303705702803682,0.6034458642498626
4810,8.061704425016917,0.4120580138982868,13.047815326713913,0.511953831678478,6918.966707566301,0.932472256305251,0.6440262240611023,0.6880524481222048,0.010187814371179245,0.19571342163998473
4811,8.129693110586548,0.4498295058814159,12.42912491644283,0.3572812291107078,6812.608179547869,0.8438401496232248,0.792733627514983,0.9854672550299659,0.028695043295441407,0.5695968342513416
4812,7.45974062735929,0.07763368186627229,13.94375382058341,0.7359384551458528,6581.650550551345,0.6513754587927874,0.5746792829254925,0.549358565850985,0.0224056619753139,0.4425386257639171
4813,8.215989189294424,0.49777177183023547,13.781752629809159,0.6954381574522898,6367.471675132487,0.472893062610406,0.7750795740556813,0.9501591481113626,0.011995924185072325,0.23224089262772374
4814,8.273230970618352,0.5295727614546402,13.72434188954881,0.6810854723872025,6154.850517169525,0.2957087643079377,0.7584129467949678,0.9168258935899356,0.04868699730896485,0.9734746931104009
4815,7.5759534870890946,0.14219638171616367,14.783921992956296,0.9459804982390739,6144.983405561021,0.2874861713008505,0.6434685503029418,0.6869371006058835,0.017865590811590323,0.3508200163957641
4816,9.111458730295546,0.9952548501641922,13.037513913478993,0.5093784783697484,6723.447614124129,0.7695396784367745,0.6751837946093076,0.7503675892186152,0.044914139538810884,0.8972553442184017
4817,7.529301871235714,0.11627881735317447,12.006584143167439,0.2516460357918596,5871.761766127585,0.05980147177298778,0.7387841261321472,0.8775682522642944,0.026307108864061193,0.5213557346274988
4818,8.632920413303852,0.7294002296132518,11.903951384446334,0.22598784611158318,6944.0381942892955,0.9533651619077462,0.521395133147697,0.4427902662953941,0.013494364937501087,0.2625124229798199
4819,8.369043193862,0.5828017743677778,12.375514451262688,0.343878612815672,6872.879338392394,0.8940661153269948,0.668241348210366,0.736482696420732,0.03995971260571207,0.7971659112265065
4820,7.575564770612164,0.14198042811786904,11.538998690200165,0.13474967255004133,5881.233708437263,0.06769475703105265,0.7727002256274977,0.9454004512549955,0.027139180044722374,0.5381652534287348
4821,8.710274326369836,0.7723746257610202,12.550863267268248,0.3877158168170618,6452.416593016389,0.5436804941803246,0.5115647866336921,0.4231295732673842,0.004059649455252829,0.07191211020712784
4822,7.685756644155475,0.20319813564193057,13.283482935359586,0.5708707338398965,6248.031773173327,0.37335981097777216,0.44209485376995156,0.28418970753990314,0.04737691635771988,0.9470084112670683
4823,7.667278690154992,0.19293260564166237,13.726354051450306,0.6815885128625766,6795.392953468878,0.8294941278907316,0.5063809849605776,0.4127619699211552,0.01676011464077964,0.32848716446019477
4824,8.81524477293212,0.8306915405178444,13.003027500545949,0.5007568751364873,6771.348878675588,0.8094573988963231,0.33471260054070934,0.0694252010814187,0.02779965808211135,0.5515082440830575
4825,8.658488434960553,0.7436046860891963,14.88012906042393,0.9700322651059824,6502.297920468551,0.5852482670571258,0.7188239480726741,0.8376478961453484,0.027199084007267362,0.5393754344902497
4826,7.61568799712754,0.1642711095153001,13.233038544394912,0.5582596360987281,5850.727690005219,0.042273075004349736,0.3432245647065019,0.08644912941300387,0.044422126702945805,0.8873156909686021
4827,8.27791573301886,0.5321754072327003,14.007686414125804,0.7519216035314508,6067.20422988718,0.22267019157265033,0.45613439556260743,0.3122687911252149,0.010837858643463682,0.20884562916088245
4828,8.387998352951563,0.5933324183064236,14.57660703772368,0.8941517594309196,6195.0902967648435,0.3292419139707027,0.3014156054853906,0.002831210970781206,0.03587971034914815,0.714741623215114
4829,7.339209775002762,0.010672097223756283,12.623449677816575,0.4058624194541438,5906.434684145197,0.08869557012099738,0.4711255593530648,0.3422511187061297,0.033790842201352866,0.6725422666939972
4830,8.625348188469886,0.7251934380388254,11.872116304182352,0.21802907604558797,6373.527277691675,0.47793939807639607,0.731864251178167,0.863728502356334,0.044623183084619183,0.8913774360529128
4831,7.855527823786489,0.29751545765916065,13.231671483793043,0.5579178709482608,6819.044465490376,0.8492037212419797,0.7454591500235694,0.8909183000471389,0.03934439583195267,0.7847352693323771
4832,8.208058739940986,0.4933659666338812,12.062228353899162,0.2655570884747902,6480.0375562620175,0.5666979635516813,0.30668243915392707,0.013364878307854156,0.01583080425725668,0.3097132173183168
4833,8.708505671529135,0.7713920397384086,11.964549730792395,0.24113743269809906,6158.080627050116,0.2984005225417631,0.6823046980976354,0.7646093961952708,0.024457948318637176,0.4839989559320641
4834,9.077196610992662,0.9762203394403679,11.279796302328986,0.06994907558224639,6987.724914045755,0.9897707617047956,0.5164274149030257,0.4328548298060513,0.04553293693205767,0.9097563016577307
4835,8.488488651861083,0.6491603621450461,13.154706040966023,0.5386765102415055,6450.837326531637,0.5423644387763639,0.3346399057779544,0.06927981155590879,0.03294981468544637,0.6555518118271993
4836,8.003137097257735,0.3795206095876301,11.303219019819606,0.07580475495490135,6419.822986012718,0.5165191550105979,0.7541394714842979,0.9082789429685959,0.04855508993481199,0.9708098976729694
4837,8.673590141361059,0.751994522978366,11.15820991420533,0.03955247855133215,5914.455475966383,0.0953795633053196,0.6190057822426276,0.6380115644852552,0.04115726645843976,0.8213589183523183
4838,7.6696708903959,0.1942616057755,14.818253011413137,0.9545632528532841,6646.65146301758,0.7055428858479833,0.38753573420249526,0.17507146840499055,0.02883973662400202,0.5725199317980206
4839,7.696934597137689,0.20940810952093858,14.874913471357027,0.9687283678392568,6952.580487111237,0.9604837392593638,0.5293690602055214,0.4587381204110428,0.0021575143965090046,0.03348513932341424
4840,9.048802069204086,0.960445594002271,12.265817311611727,0.3164543279029317,6777.252020833058,0.8143766840275484,0.5898439783667111,0.5796879567334223,0.012102754029697144,0.23439907130701298
4841,7.9454602620643175,0.34747792336906524,13.18628908207895,0.5465722705197377,6245.678753028932,0.37139896085744306,0.48743574173723647,0.37487148347447297,0.005436004563710578,0.09971726391334501
4842,8.713018963186475,0.7738994239924857,13.741142967995579,0.6852857419988947,6644.572587856069,0.7038104898800576,0.7287814393272534,0.8575628786545068,0.046410849041244394,0.9274918998231191
4843,7.941653064235785,0.3453628134643252,13.784459675404474,0.6961149188511184,6918.300529220771,0.9319171076839753,0.3036868517846948,0.0073737035693896,0.040070785472318494,0.7994098075215856
4844,7.58958153149394,0.14976751749663342,12.60264756743771,0.4006618918594278,5908.3848705970595,0.09032072549754955,0.5718026292520796,0.5436052585041592,0.019478869027634023,0.383411495507758
4845,8.170826786269142,0.4726815479273011,13.92175853230507,0.7304396330762675,6141.43675085673,0.2845306257139417,0.3233706226705076,0.0467412453410152,0.0015404032688467056,0.021018247855489003
4846,7.420746477503849,0.05597026527991611,12.336017389392566,0.33400434734814166,6224.289276961686,0.3535743974680716,0.39688389850518374,0.1937677970103675,0.024176951521978747,0.47832225296926756
4847,8.395826223648875,0.5976812353604858,11.892420031405278,0.22310500785131948,5815.3119358377235,0.012759946531436195,0.35031858842072316,0.10063717684144635,0.026917135449779542,0.5336795040359503
4848,7.4593179452064104,0.07739885844800576,13.282258850304151,0.5705647125760379,6033.824156533068,0.1948534637775572,0.4276313408882603,0.2552626817765207,0.028986547088455113,0.57548579976677
4849,7.9021374676283616,0.3234097042379789,13.043071877975894,0.5107679694939736,6996.8264370343295,0.9973553641952747,0.46045527075664805,0.3209105415132961,0.0083124503963615,0.15782728073457575
4850,7.455631688755684,0.07535093819760208,11.020604853230356,0.005151213307589164,6952.833690880738,0.9606947424006147,0.3132294586445526,0.02645891728910521,0.047797934737503815,0.9555138330808851
4851,7.866695991458574,0.30371999525476356,14.330698221691552,0.8326745554228879,5932.024698865169,0.11002058238764045,0.5402938506487889,0.4805877012975779,0.028712539212425385,0.5699502871197047
4852,8.599475787862627,0.7108198821459036,12.222259960275276,0.3055649900688189,6708.378387104003,0.7569819892533358,0.4149893231330185,0.22997864626603703,0.005885607303067973,0.10880014753672673
4853,8.088656950501772,0.42703163916765097,13.883046829884213,0.7207617074710532,6546.9889620449185,0.622490801704099,0.30183900342686854,0.0036780068537370925,0.019541904385135977,0.3846849370734541
4854,8.855649375154426,0.8531385417524592,13.64670972896289,0.6616774322407225,6062.34007229398,0.2186167269116498,0.34398682989316265,0.08797365978632532,0.03653393820378116,0.7279583475511345
4855,7.936361715749102,0.34242317541616807,14.156785664504751,0.7891964161261876,6838.353593885151,0.8652946615709592,0.7912661478479626,0.9825322956959252,0.04221868414220173,0.8428016998424591
4856,8.498619559205864,0.6547886440032582,14.949613180057044,0.987403295014261,5860.357131414297,0.05029760951191409,0.4808261701272992,0.36165234025459847,0.03517591503045998,0.7005235359688884
4857,8.656968220619017,0.7427601225661208,11.000344087067393,8.602176684857632e-05,6219.23875283763,0.3493656273646919,0.4201728821898544,0.24034576437970878,0.006880195030166791,0.1288928288922584
4858,7.494162924601538,0.09675718033418768,14.60395901059625,0.9009897526490628,6851.799986093578,0.8764999884113152,0.6311542502548657,0.6623085005097313,0.004233959691008953,0.07543352911129197
4859,7.828984013382404,0.28276889632355773,11.51284218023186,0.12821054505796503,5982.241058016218,0.15186754834684846,0.5543802510471074,0.5087605020942149,0.008576356010163688,0.1631587072760341
4860,7.908807955303942,0.32711553072441224,13.04754752688732,0.51188688172183,6157.388940286245,0.29782411690520394,0.641152222444275,0.6823044448885501,0.037743170042313756,0.752387273582096
4861,7.345673012454036,0.014262784696686182,11.116742644141327,0.029185661035331933,6996.529532235698,0.9971079435297477,0.5665843570515318,0.5331687141030635,0.047586530483656936,0.9512430400738774
4862,8.284026264495717,0.5355701469420652,12.609074648295476,0.40226866207386913,6431.555913163304,0.5262965943027527,0.7542049230026613,0.9084098460053226,0.006434524933512336,0.11988939259620879
4863,7.505167621479947,0.10287090082219275,12.610874374776746,0.4027185936941864,6970.960950441347,0.9758007920344562,0.5137610106718264,0.4275220213436528,0.03701862746170645,0.7377500497314434
4864,8.494978763636349,0.6527659797979717,13.589071191991469,0.647267797997867,6996.11768418041,0.996764736817008,0.6573815900351189,0.7147631800702378,0.008897110393747599,0.16963859381308277
4865,7.463115982076516,0.07950887893139802,14.26599471263417,0.8164986781585424,6705.382832791192,0.7544856939926607,0.4351309720681459,0.2702619441362918,0.013946722134696507,0.27165095221609104
4866,7.961363762262568,0.3563132012569825,13.791622452528735,0.6979056131321837,6953.932774900157,0.9616106457501304,0.39918446265954194,0.1983689253190839,0.025985917697766748,0.514867024197308
4867,8.508902667594631,0.6605014819970175,12.313102832691087,0.3282757081727715,6008.408057747803,0.17367338145650246,0.615557735696271,0.6311154713925421,0.016854845624596465,0.33040092170901947
4868,8.497494053128095,0.6541633628489424,13.803357201671643,0.7008393004179108,6244.349120549547,0.3702909337912885,0.7367818200123206,0.8735636400246412,0.016644954460588113,0.3261606961734972
4869,7.737293257274266,0.23182958737459203,11.919873500284972,0.22996837507124268,6216.750473763129,0.34729206146927427,0.4811266664978624,0.3622533329957248,0.02105476551933509,0.4152477882693957
4870,8.44894964730374,0.6271942485020781,12.926408660394472,0.481602165098618,6021.833863439793,0.1848615528664942,0.700417577487314,0.800835154974628,0.04989633223301003,0.9979057016769702
4871,8.150661058840015,0.4614783660222306,11.146525750520105,0.03663143763002641,6848.6286124425615,0.8738571770354678,0.4702127586322039,0.34042551726440784,0.0039472662715152925,0.0696417428588948
4872,8.410101595086061,0.6056119972700338,12.439663439953746,0.35991585998843645,6666.069903002788,0.7217249191689898,0.4546328092522771,0.30926561850455425,0.031081776145416854,0.6178136595033707
4873,7.966152709328522,0.35897372740473443,13.878160900587838,0.7195402251469597,6759.572463079232,0.7996437192326936,0.6541478729370391,0.7082957458740782,0.02715963955816816,0.5385785769326901
4874,8.86448731606877,0.8580485089270943,13.142285337988918,0.5355713344972294,6232.134823988258,0.3601123533235482,0.617549886500809,0.635099773001618,0.011716285628337418,0.22659162885530137
4875,8.139194855071963,0.4551082528177578,14.636716407058636,0.9091791017646591,6695.876661820021,0.7465638848500172,0.5921429612167475,0.5842859224334949,0.04472994081528924,0.8935341578846311
4876,8.402715740012939,0.6015087444516325,11.997469585474997,0.24936739636874927,6093.479103916537,0.24456591993044707,0.3999548914309545,0.19990978286190897,0.024096744152401876,0.47670190206872476
4877,9.109016241484351,0.9938979119357509,11.044151641702742,0.01103791042568536,6438.842898568271,0.5323690821402262,0.4995682753462716,0.39913655069254317,0.010405372245977353,0.20010853022176467
4878,8.429801606047013,0.6165564478038961,12.522627669465104,0.3806569173662758,6385.8420986464,0.48820174887199985,0.6159002533370348,0.6318005066740697,0.008438064740272734,0.16036494424793402
4879,8.012886314728348,0.38493684151574903,12.99701186520621,0.49925296630155247,6439.902643084935,0.5332522025707797,0.6183842651333561,0.6367685302667122,0.005701870191670419,0.10508828670041248
4880,7.8603268294172945,0.30018157189849715,13.058264753926876,0.5145661884817191,6833.088336208465,0.8609069468403877,0.43041310983863057,0.26082621967726116,0.01780823008763198,0.34966121389155513
4881,7.806260392261996,0.27014466236777546,14.207918307350624,0.801979576837656,6705.613509259532,0.7546779243829435,0.5546515910610097,0.5093031821220195,0.03855823279948619,0.7688531878684078
4882,8.04474277692315,0.4026348760684163,11.819418594699492,0.2048546486748728,5912.363975441476,0.09363664620123047,0.611226223940617,0.6224524478812339,0.04540023006461205,0.9070753548406475
4883,7.46146467227237,0.07859148459576082,11.881334795855519,0.22033369896388,6690.3756268852885,0.7419796890710739,0.5960200785489304,0.5920401570978607,0.005810021693787427,0.10727316553105914
4884,8.38732215934667,0.5929567551925949,14.440588287840061,0.860147071960015,6846.138615075198,0.8717821792293312,0.3958995729832412,0.1917991459664824,0.04353503820238286,0.8693947111592496
4885,8.890926752653792,0.8727370848076623,11.4770922910383,0.11927307275957522,6191.635309205475,0.32636275767122935,0.3679568461756601,0.13591369235132023,0.013412660124764572,0.26086182070231456
4886,7.598260413379063,0.15458911854392376,13.562954580486746,0.6407386451216865,6205.94814998219,0.3382901249851584,0.39233041670795354,0.1846608334159071,0.025611694646294914,0.5073069625514124
4887,9.007516989082369,0.9375094383790943,12.628523802070646,0.40713095051766146,6154.195871994883,0.29516322666240313,0.5389245725344936,0.477849145068987,0.030291222703249743,0.6018428828939342
4888,7.763961880210934,0.24664548900607397,12.645959487452876,0.41148987186321884,6221.838071686118,0.35153172640509855,0.4335852726443457,0.26717054528869144,0.04299950958916721,0.8585759512963073
4889,7.925201240770684,0.33622291153926886,11.063960084411185,0.015990021102796126,6052.92427011478,0.2107702250956498,0.600127341769184,0.6002546835383681,0.045254154528516395,0.904124333909422
4890,8.754725917867884,0.7970699543710466,13.687064907946501,0.6717662269866255,6208.6360593186,0.3405300494321668,0.5578579127320811,0.5157158254641622,0.005204173591639246,0.09503380993210597
4891,8.068782431446417,0.4159902396924541,11.292575513462705,0.07314387836567593,6450.269486201972,0.5418912385016429,0.669766298636978,0.739532597273956,0.04802618473590678,0.9601249441597329
4892,7.366467625446721,0.025815347470400707,12.798683093221156,0.44967077330528893,5932.522505505702,0.11043542125475103,0.4956840911871703,0.39136818237434057,0.04419240378621687,0.8826748239639771
4893,8.6319296486262,0.728849804792333,13.849515027070257,0.7123787567675646,6399.475527105773,0.499562939254811,0.7410135098560138,0.8820270197120277,0.0007494415073914377,0.005039222371544194
4894,8.93712151241247,0.8984008402291499,14.930989550628187,0.982747387657047,6806.308811936678,0.8385906766138976,0.7924979911645454,0.9849959823290909,0.02833987926843196,0.5624218034026658
4895,9.07471802657697,0.9748433480983177,14.19433564982161,0.7985839124554028,6147.500962889972,0.289584135741643,0.6659662551678018,0.7319325103356038,0.02686222165367489,0.5325701344176745
4896,8.341653677861727,0.5675853765898481,13.600888913910428,0.6502222284776067,5857.946204926072,0.04828850410505958,0.3348990677198835,0.06979813543976698,0.01742817923084706,0.34198341880499106
4897,7.6974315020160295,0.2096841677866832,14.471811955366544,0.867952988841636,6258.733935090154,0.382278279241795,0.32713211608752607,0.05426423217505216,0.032235794801421414,0.6411271677054831
4898,7.5096946723384335,0.10538592907690747,13.525662485718524,0.631415621429631,6182.931557235743,0.3191096310297855,0.4001885603562276,0.20037712071245517,0.015081218124173306,0.2945700631146122
4899,7.420780489628404,0.05598916090466888,13.597376071108215,0.6493440177770535,6952.621514719702,0.9605179289330846,0.6001773013945257,0.6003546027890514,0.02524713509366203,0.49994212310428343
4900,7.887320104944092,0.31517783608005145,11.095786456254451,0.02394661406361276,6707.691827610974,0.7564098563424778,0.4576888501416218,0.31537770028324363,0.03140728606768504,0.6243896175289907
4901,8.473955508710679,0.641086393728155,12.28888821294431,0.32222205323607744,5904.408603227667,0.08700716935638975,0.6083007536683274,0.6166015073366548,0.015736747194055545,0.3078130746273847
4902,8.182879994047697,0.4793777744709433,12.22333917363699,0.3058347934092478,5879.216319425195,0.06601359952099639,0.6289953510897306,0.6579907021794612,0.03290818813737095,0.6547108714620394
4903,7.5952731145887125,0.15292950810484018,13.427024786470891,0.6067561966177226,6660.860074509519,0.7173833954245993,0.5730210814206992,0.5460421628413984,0.016284742625549957,0.31888368940504963
4904,8.660365934434196,0.7446477413523316,11.326146020291457,0.08153650507286425,6873.780787527743,0.8948173229397863,0.7234764849548609,0.8469529699097218,0.02425992747746808,0.479998534898345
4905,7.676931287568179,0.19829515976009948,11.074049538957212,0.018512384739302945,6557.662542291498,0.6313854519095815,0.5902788992522043,0.5805577985044087,0.010038903232839316,0.19270511581493566
4906,8.073553279763809,0.4186407109798943,14.651701574910254,0.9129253937275633,6700.261827541783,0.7502181896181521,0.46105329059360334,0.3221065811872067,0.04300635335289359,0.8587142091493655
4907,8.26174504309271,0.5231916906070613,12.37761490040727,0.3444037251018177,6227.112217498205,0.3559268479151704,0.5755520081748491,0.5511040163496983,0.02330516830405023,0.4607104707888935
4908,7.98491153799594,0.36939529888663303,11.274413075105185,0.0686032687762963,6992.8018009131365,0.9940015007609468,0.7311708266558886,0.8623416533117773,0.022334107673100026,0.441093084305051
4909,7.802469659106385,0.2680386995035473,14.645634451837584,0.9114086129593957,6251.435357931439,0.37619613160953314,0.3775379763076246,0.1550759526152492,0.03836872301893653,0.7650247074532632
4910,8.794430529628727,0.8191280720159602,12.34573306749277,0.3364332668731925,6488.872996261215,0.574060830217679,0.67500056049032,0.7500011209806401,0.03978508869619753,0.793638155478738
4911,7.3393601968007625,0.010755664889312122,11.721170947661872,0.180292736915468,6504.658665140915,0.5872155542840962,0.35503939541707946,0.11007879083415895,0.022770618623894998,0.44991148735141406
4912,8.059433053324353,0.41079614073575144,11.486567868278918,0.1216419670697293,6389.390268668822,0.4911585572240179,0.5240669071907125,0.44813381438142486,0.0406739723729076,0.8115954014728809
4913,8.631465940064224,0.7285921889245696,12.18554793678805,0.29638698419701237,6062.815177632634,0.21901264802719533,0.7076295636971022,0.8152591273942043,0.03356879428393028,0.6680564501804097
4914,8.897034775741274,0.8761304309673745,11.59973271444655,0.14993317861163746,6145.274236425687,0.28772853035473966,0.4245019798117268,0.24900395962345367,0.007065222388399442,0.13263075532120083
4915,7.85668728220178,0.29815960122321117,12.893420533443473,0.4733551333608682,6714.793118061205,0.7623275983843375,0.7100097985659513,0.8200195971319024,0.03331400945728825,0.6629092819654191
4916,8.139677633857772,0.455376463254318,14.963488918051258,0.9908722295128145,6016.815015047985,0.18067917920665388,0.4593356664376009,0.3186713328752018,0.010735290969913927,0.20677355494775607
4917,7.880346748530988,0.31130374918388215,14.212081197057717,0.8030202992644291,6859.420814008227,0.8828506783401895,0.37588648693446913,0.1517729738689383,0.02332675700885757,0.46114660623954684
4918,7.844505973744762,0.29139220763597895,13.992229863076084,0.7480574657690211,6538.944744775294,0.615787287312745,0.3264055932608303,0.052811186521660614,0.008442216023068128,0.16044880854683086
4919,9.117264073233413,0.99848004068523,14.463776001893926,0.8659440004734813,5831.20544354189,0.02600453628490884,0.539831986584602,0.47966397316920384,0.023516561711328945,0.464981044673312
4920,8.211177278833995,0.4950984882411086,11.582509177340292,0.14562729433507315,6108.126954427467,0.2567724620228894,0.30598540936174257,0.011970818723485155,0.016462106206216017,0.322466792044768
4921,8.510622013518176,0.6614566741767655,13.208242859952845,0.5520607149882112,6696.878119530338,0.7473984329419485,0.43329776284124066,0.26659552568248135,0.027892098892402687,0.5533757352000542
4922,7.582042492761046,0.14557916264502557,11.24777394557819,0.06194348639454761,6234.941041050139,0.36245086754178224,0.6743408688689413,0.7486817377378826,0.038136777719491866,0.7603389438281184
4923,9.059037525839361,0.9661319587996458,13.500589848421106,0.6251474621052763,6808.415630406821,0.8403463586723511,0.35915386893735946,0.11830773787471893,0.03236082475153278,0.6436530252834903
4924,8.112085859305523,0.4400476996141798,13.999283367863029,0.7498208419657572,6562.199367415042,0.6351661395125345,0.4905792770725177,0.3811585541450354,0.025223767929208264,0.49947005917592446
4925,8.599571701221885,0.7108731673454919,13.861106150676056,0.7152765376690139,6294.722904527197,0.4122690871059973,0.5060437132480745,0.41208742649614905,0.04355858351112938,0.8698703739622097
4926,8.437351112449344,0.6207506180274133,14.348622906240356,0.837155726560089,6213.562807208568,0.344635672673807,0.3143411178965966,0.028682235793193178,0.0187398077534405,0.3684809647159697
4927,9.118477128372485,0.9991539602069361,12.914711053850906,0.4786777634627265,6975.094218615985,0.9792451821799875,0.34765804626344315,0.09531609252688633,0.04052138184122291,0.8085127644691498
4928,7.504183938857393,0.10232441047632923,13.181702569425678,0.5454256423564197,5904.471327683504,0.08705943973625341,0.7947087611504227,0.9894175223008453,0.045053465507914704,0.900070010260903
4929,8.287736473238976,0.5376313740216538,13.129559823576475,0.5323899558941186,6286.20292199451,0.4051691016620912,0.765170136494166,0.930340272988332,0.02966978105680466,0.5892885061980739
4930,7.4526848589313275,0.07371381051740422,12.920423594805866,0.4801058987014667,5942.706154460303,0.1189217953835855,0.34557530464056163,0.09115060928112328,0.04555929350980638,0.9102887577738662
4931,7.6869488043862475,0.20386044688124882,11.897453281744802,0.22436332043620055,6326.27269258082,0.43856057715068375,0.46314617243697614,0.3262923448739523,0.02194202127637996,0.4331721469975749
4932,8.049418136743313,0.40523229819072903,14.420935265692377,0.8552338164230943,6545.89565185798,0.62157970988165,0.5607270113504419,0.5214540227008838,0.009854814128154945,0.18898614400313019
4933,8.506450555971199,0.6591391977617769,11.938261201079573,0.23456530026989342,5899.021362554524,0.08251780212877013,0.41078180826023886,0.22156361652047774,0.01092998743517824,0.21070681687228765
4934,7.354637117314952,0.019242842952751027,11.296267299170614,0.07406682479265358,6151.8350806411445,0.2931959005342869,0.7259176806713338,0.8518353613426676,0.036948415987379454,0.7363316361086758
4935,8.842956996897293,0.8460872204984959,12.947013709717018,0.4867534274292544,6300.3108109825625,0.416925675818802,0.6992430596490334,0.7984861192980669,0.03300834690885841,0.6567342809870386
4936,7.974496518983088,0.3636091772128268,11.88939253829257,0.2223481345731425,6269.992458654572,0.3916603822121435,0.6718803606197005,0.743760721239401,0.008061250239003663,0.15275253008088208
4937,7.629747470841538,0.1720819282452989,12.346507666318132,0.3366269165795328,6335.579141749359,0.4463159514577997,0.3592148387753309,0.1184296775506618,0.032914212526990505,0.6548325763028384
4938,7.5854653654992195,0.14748075861067755,13.789173920933123,0.6972934802332809,6151.842480498188,0.29320206708182306,0.7767239870387614,0.9534479740775229,0.027854016388982168,0.5526063916966094
4939,8.233272437514424,0.5073735763969027,13.991129637132694,0.7477824092831736,6432.85682365021,0.527380686375175,0.779619868649955,0.9592397372999101,0.04438904364755307,0.8866473464152135
4940,9.036071464269893,0.953373035705497,12.546695329556645,0.3866738323891612,6521.481986809737,0.601234989008114,0.39032475322656235,0.18064950645312472,0.026967136501302773,0.5346896262889449
4941,7.990391959608522,0.37243997756029024,12.255992813156153,0.31399820328903827,6593.47737524666,0.661231146038883,0.37143073556793116,0.14286147113586234,0.008120571638976243,0.15395094220154026
4942,8.465735732986195,0.6365198516589976,12.429777458642096,0.357444364660524,6683.900926888218,0.7365841057401816,0.7040718952663938,0.8081437905327877,0.03630820091309139,0.7233979982442705
4943,8.183063930579769,0.47947996143320526,13.001212711130997,0.5003031777827491,5984.672620164425,0.15389385013702073,0.47279463598263294,0.3455892719652659,0.032248532389733006,0.6413844927218788
4944,8.30635674853309,0.5479759714072732,11.229900300998185,0.057475075249546204,5965.954524596608,0.1382954371638403,0.6845967621336055,0.7691935242672112,0.04065015941460047,0.8111143316080902
4945,7.461686541492258,0.07871474527347677,13.963206958346408,0.7408017395866021,6070.414062487088,0.2253450520725735,0.4707600892997599,0.3415201785995198,0.04853023160811089,0.9703077092547654
4946,8.40726499540945,0.604036108560806,12.019338473789686,0.2548346184474215,5922.0520660779175,0.10171005506493092,0.32951705243218166,0.059034104864363335,0.045427746108738246,0.9076312345199645
4947,8.82121789319073,0.834009940661517,12.339324033105747,0.33483100827643675,6905.323113799468,0.9211025948328899,0.6920480700034126,0.7840961400068251,0.02016976002551852,0.3973688894044145
4948,7.413866492999833,0.05214805166657366,14.762228037203379,0.9405570093008444,6167.311775836114,0.3060931465300951,0.6634533835876818,0.7269067671753636,0.018989756457906414,0.3735304334930588
4949,9.038152956243342,0.954529420135191,11.080300860541787,0.02007521513544641,6482.9941353601835,0.5691617794668192,0.3762758610707017,0.15255172214140345,0.029935727256995344,0.5946611567069766
4950,7.882312090309231,0.3123956057273506,11.973387006580246,0.2433467516450617,6045.706696353311,0.20475558029442575,0.5834825859185169,0.5669651718370337,0.030797700031030235,0.6120747481016209
4951,7.609444305514618,0.16080239195256552,14.41289145217447,0.8532228630436177,6043.971526909391,0.20330960575782575,0.5535000253505689,0.5070000507011378,0.020202347553595817,0.398027223304966
4952,8.148262776343781,0.4601459868576565,13.214620607408063,0.553655151852016,6832.63461709359,0.8605288475779923,0.7634305186343548,0.9268610372687097,0.02534552553704726,0.5019298088292375
4953,8.610480609404883,0.7169336718916015,14.656484844090045,0.9141212110225113,6409.81566322415,0.5081797193534578,0.40382381931159367,0.20764763862318736,0.011363054469558619,0.21945564584966903
4954,8.776560546203038,0.8092003034461326,14.214213938273643,0.8035534845684108,6564.894076168253,0.6374117301402114,0.35161070116342397,0.10322140232684796,0.002246747758415878,0.035287833503351074
4955,8.132447090039555,0.45135949446642,12.508809016795476,0.3772022541988692,5809.471768197363,0.007893140164469625,0.3221349038607164,0.04426980772143285,0.03364268908101721,0.669549274363984
4956,9.116382245070564,0.9979901361503136,12.692592289573398,0.4231480723933493,6516.465542629505,0.5970546188579209,0.6465527302654075,0.6931054605308149,0.027894128359856447,0.5534167345425545
4957,8.676061738112873,0.7533676322849298,14.210610519872748,0.8026526299681869,5891.8480442925165,0.07654003691043043,0.7568091590709676,0.9136183181419351,0.0011684741003358885,0.013504527279512901
4958,8.73281980884468,0.7848998938025996,11.292625078437673,0.07315626960941812,5949.26200952418,0.12438500793681673,0.44281030353108897,0.28562060706217796,0.039506865322881335,0.7880174812703299
4959,7.808968404082367,0.2716491133790925,12.35187909142429,0.3379697728560729,6471.043802964525,0.5592031691371042,0.33030069563876757,0.060601391277535166,0.020362501067135712,0.40126264782092347
4960,7.737107989677321,0.23172666093184535,12.874744188093231,0.46868604702330785,6834.337491877763,0.861947909898136,0.4537158715916777,0.3074317431833554,0.0324595028199069,0.6456465216142808
4961,7.821000245623396,0.27833346979077556,12.786432565106674,0.4466081412766686,6523.358705039291,0.6027989208660754,0.7980790938689559,0.996158187737912,0.007652695626299607,0.1444989015414062
4962,8.054274207675716,0.4079301153753977,11.687678003698306,0.1719195009245763,6293.669384217791,0.4113911535148258,0.6712037163077724,0.742407432615545,0.007339319470628217,0.13816807011370136
4963,7.942932264612902,0.3460734803405012,14.819917462834113,0.954979365708528,6953.733170246425,0.9614443085386881,0.4559250877923303,0.31185017558466066,0.0423370589738465,0.8451931105827575
4964,7.457504114989496,0.0763911749941647,12.324072733853317,0.33101818346332923,5975.962061192421,0.1466350509936839,0.5713845926926383,0.5427691853852766,0.012581283990792495,0.2440663432483332
4965,7.449748452597288,0.07208247366516007,11.330330704348093,0.08258267608702297,6140.057679858058,0.28338139988171496,0.32482069358334,0.049641387166679984,0.011648844402274492,0.2252291798439291
4966,8.422407073031287,0.6124483739062712,11.245575362444743,0.06139384061118569,6697.971593552508,0.7483096612937571,0.538460302848146,0.476920605696292,0.026521521064293806,0.5256872942281576
4967,8.182136872044115,0.47896492891339715,11.50718264468621,0.1267956611715524,6369.094793577402,0.47424566131450174,0.6592153848970437,0.7184307697940875,0.03562686883811737,0.709633713901361
4968,7.522827164887446,0.1126817582708034,11.02797758020446,0.00699439505111521,6624.70523173483,0.6872543597790246,0.418179635862034,0.236359271724068,0.006670799314033178,0.12466261240471066
4969,7.728793990874713,0.22710777270817428,14.208145436482699,0.8020363591206747,6752.186887876487,0.7934890732304062,0.33222556724375313,0.06445113448750628,0.041092733356424556,0.8200552193217081
4970,7.959119487304103,0.3550663818356129,11.346272266130368,0.08656806653259208,6645.472720298197,0.7045606002484974,0.5766235312893828,0.5532470625787655,0.008500373222980414,0.1616237014743518
4971,8.15185408078757,0.46214115599309513,13.241774531639113,0.5604436329097782,6076.374279184644,0.2303118993205372,0.7684805309487039,0.9369610618974078,0.02385880039893271,0.4718949575541961
4972,8.648242605782638,0.7379125587681321,14.9605238967841,0.9901309741960249,6651.08893135325,0.7092407761277078,0.5434092236101785,0.48681844722035705,0.0032395792646605155,0.055345035649707386
4973,8.598848438439672,0.7104713546887069,11.686827400354012,0.17170685008850295,5826.625832616183,0.02218819384681958,0.7294716273475494,0.8589432546950989,0.005636958213076974,0.10377693359751461
4974,8.710608953659337,0.7725605298107427,13.321023126193523,0.5802557815483809,6318.355222568078,0.43196268547339856,0.6719480606547082,0.7438961213094165,0.04741034477451423,0.9476837328184692
4975,8.385578344717487,0.5919879692874931,12.571515962551333,0.39287899063783305,6277.682783176846,0.39806898598070495,0.6999249607579381,0.7998499215158761,0.04116447377755361,0.8215045207586588
4976,8.066319033828323,0.41462168546017975,14.644460403857416,0.9111151009643539,6886.058655586578,0.9050488796554821,0.5752894821818038,0.5505789643636076,0.04685457810576464,0.9364561233487806
4977,8.31899303323735,0.5549961295763058,12.128197037041883,0.28204925926047053,6300.615016314523,0.4171791802621022,0.4032224950163036,0.2064449900326072,0.03885079499664593,0.7747635352857764
4978,7.485880223391184,0.09215567966176852,11.8822444833578,0.22056112083945012,6581.410715456824,0.6511755962140194,0.6286216003942368,0.6572432007884735,0.003989744835994288,0.07049989567665227
4979,8.377004859874948,0.5872249221527484,14.637257424523796,0.9093143561309487,6912.721478735666,0.9272678989463885,0.7001783280750575,0.8003566561501152,0.00925935251033809,0.17695661637046645
4980,8.956366228686354,0.9090923492701971,12.636231394594542,0.4090578486486357,6219.461993811036,0.3495516615091967,0.5722257324154336,0.5444514648308674,0.03194302626866587,0.6352126518922396
4981,8.405793812060043,0.6032187844778021,13.281444089189636,0.5703610222974088,5873.3064595467395,0.061088716288949296,0.4563694745900139,0.31273894918002787,0.030613844349774766,0.6083604919146417
4982,7.420241201570468,0.0556895564280373,13.080288033742622,0.5200720084356556,6354.335536458869,0.4619462803823906,0.5322938353024751,0.4645876706049502,0.0056005067404372826,0.10304054021085418
4983,7.630670818188551,0.17259489899363933,12.732602608769044,0.4331506521922609,6878.158616827564,0.8984655140229701,0.5106212549740301,0.4212425099480601,0.02407841964915305,0.47633171008389996
4984,8.88936566496884,0.8718698138715784,14.745850666841985,0.9364626667104964,6796.415079698084,0.8303458997484032,0.6195746140335547,0.6391492280671095,0.02644311240714527,0.5241032809524296
4985,7.931542049300458,0.3397455829446989,12.584112482894756,0.3960281207236893,6298.883426557284,0.41573618879773666,0.7556049543443626,0.9112099086887253,0.01917659821376489,0.3773050144194927
4986,7.644626955748632,0.1803483087492399,12.943506644005684,0.4858766610014209,6940.205721983486,0.9501714349862381,0.5217360814830763,0.44347216296615266,0.04841025793840332,0.9678839987556226
4987,8.508314867801584,0.6601749265564353,11.902902323089446,0.22572558077236127,5869.353074949187,0.05779422912432253,0.7488844211019015,0.8977688422038028,0.03093991874433151,0.6149478534208386
4988,8.708741472864777,0.7715230404804312,14.71719593380988,0.9292989834524698,6236.0101485922505,0.3633417904935422,0.42156922808968883,0.24313845617937768,0.04043890469636712,0.8068465595225681
4989,7.984590015379726,0.3692166752109589,14.437468703663003,0.8593671759157505,6657.517902813733,0.7145982523447774,0.5009949294291047,0.40198985885820937,0.01267606621387066,0.24598113563375068
4990,7.658669403814396,0.18814966878577555,12.257074269742175,0.31426856743554366,6983.5503125411415,0.9862919271176182,0.6802887809416266,0.7605775618832532,0.01639914857619014,0.3211949207311139
4991,8.77389402432691,0.8077189024038394,12.409493140203496,0.35237328505087406,6276.2288537042805,0.39685737808690047,0.7247804840919112,0.8495609681838223,0.04799104189214685,0.9594149877201383
4992,8.054881788245627,0.4082676601364593,14.743157965875657,0.9357894914689144,6522.3821594558995,0.6019851328799161,0.5172063247774602,0.4344126495549204,0.026463778403259888,0.524520775823432
4993,7.674535491613816,0.1969641620076753,14.209484447319024,0.802371111829756,5925.106880764382,0.10425573397031862,0.40790008527514127,0.21580017055028256,0.04249477483108119,0.8483792895167916
4994,8.729718355586341,0.7831768642146337,12.570817730108015,0.39270443252700393,6964.018770223818,0.9700156418531816,0.6881006549370803,0.7762013098741607,0.0032058388386703046,0.05466341088222837
4995,7.981197691810768,0.3673320510059822,14.322745363695681,0.83068634092392,5852.784890035571,0.0439874083629761,0.4776952778082072,0.3553905556164144,0.047439711321583075,0.9482769963956176
4996,8.700862120317064,0.7671456223983688,11.247212081459041,0.061803020364760264,6396.12901390502,0.4967741782541828,0.6738064504685772,0.7476129009371544,0.022842875797939435,0.4513712282412007
4997,7.875856301673254,0.30880905648514145,14.762354457776963,0.9405886144442408,5931.217077514535,0.10934756459544559,0.626715343618126,0.653430687236252,0.012406793324086288,0.24054127927447044
4998,8.278105077199568,0.5322805984442041,13.275744628326411,0.5689361570816026,6112.595297110568,0.2604960809254733,0.5277025770749132,0.4554051541498264,0.0005881637040983455,0.0017810849312797083
4999,8.947833068565206,0.9043517047584481,14.004363989480538,0.7510909973701343,5850.194301073035,0.041828584227529,0.7767189548060576,0.9534379096121152,0.011811635172290494,0.2285178822684948
