wavelength,flux,fluxerr
3296.7955400985256,5.408153573689631e-15,-4.988281365426043e-19
3299.0716497019575,5.854226855791821e-15,-4.988281365426043e-19
3301.347759305389,5.306271705801839e-15,-4.988281365426043e-19
3303.623868908821,6.041866853820574e-15,-4.988281365426043e-19
3305.9009733154007,6.022367208483e-15,-4.988281365426043e-19
3308.177082918832,5.261780266956676e-15,-4.988281365426043e-19
3310.453192522264,5.5204654844324055e-15,-4.988281365426043e-19
3312.7293021256955,7.357563853962038e-15,-4.988281365426043e-19
3315.0054117291274,7.386082715101746e-15,-4.988281365426043e-19
3317.2825161357073,6.508900994993645e-15,-4.988281365426043e-19
3319.558625739139,6.082075424826736e-15,-4.988281365426043e-19
3321.8347353425706,4.882817004557627e-15,-4.988281365426043e-19
3324.1108449460025,6.0298244371909095e-15,-4.988281365426043e-19
3326.3879493525824,6.747431540285836e-15,-4.988281365426043e-19
3328.664058956014,6.107470311777996e-15,-4.988281365426043e-19
3330.9401685594457,6.843065459796731e-15,-4.988281365426043e-19
3333.216278162877,5.579972154054307e-15,-4.988281365426043e-19
3335.4933825694575,5.9670930200196426e-15,-4.988281365426043e-19
3337.7694921728894,6.784768070505843e-15,-4.988281365426043e-19
3340.045601776321,6.54019112355859e-15,-4.988281365426043e-19
3342.3217113797527,7.255077345908739e-15,-4.988281365426043e-19
3344.597820983184,5.632827781855639e-15,-4.988281365426043e-19
3346.874925389764,6.003472203310931e-15,-4.988281365426043e-19
3349.151034993196,6.7327690162723105e-15,-4.988281365426043e-19
3351.4271445966274,6.030429077356416e-15,-4.988281365426043e-19
3353.7032542000593,5.515074109623309e-15,-4.988281365426043e-19
3355.9803586066396,5.7065938820473934e-15,-4.988281365426043e-19
3358.256468210071,6.0250880892277776e-15,-4.988281365426043e-19
3360.532577813503,6.297982350592903e-15,-4.988281365426043e-19
3362.8086874169344,5.145336648416276e-15,-4.988281365426043e-19
3365.0857918235142,6.34584969702881e-15,-4.988281365426043e-19
3367.361901426946,6.468944357389778e-15,-4.988281365426043e-19
3369.6380110303776,6.6954828727327624e-15,-4.988281365426043e-19
3371.9141206338095,6.310679794068534e-15,-4.988281365426043e-19
3374.190230237241,6.259285380000507e-15,-4.988281365426043e-19
3376.4673346438212,6.731257415858545e-15,-4.988281365426043e-19
3378.7434442472527,6.838832978638188e-15,-4.988281365426043e-19
3381.019553850684,6.981074577573519e-15,-4.988281365426043e-19
3383.295663454116,6.493180350690484e-15,-4.988281365426043e-19
3385.572767860696,6.795601206804496e-15,-4.988281365426043e-19
3387.848877464128,7.22701196489316e-15,-4.988281365426043e-19
3390.1249870675597,6.854452849580431e-15,-4.988281365426043e-19
3392.401096670991,6.506633594372997e-15,-4.988281365426043e-19
3394.678201077571,6.8461894339851796e-15,-4.988281365426043e-19
3396.9543106810024,6.991303073706665e-15,-4.988281365426043e-19
3399.2304202844343,6.358345593782604e-15,-4.988281365426043e-19
3401.506529887866,5.996317294685775e-15,-4.988281365426043e-19
3403.7826394912977,5.9269852223743985e-15,-4.988281365426043e-19
3406.059743897878,6.839739938886447e-15,-4.988281365426043e-19
3408.3358535013094,7.4589922417257e-15,-4.988281365426043e-19
3410.6119631047413,7.96673882070952e-15,-4.988281365426043e-19
3412.888072708173,7.354943746578177e-15,-4.988281365426043e-19
3415.1651771147526,6.884684857855741e-15,-4.988281365426043e-19
3417.4412867181845,6.261452007260238e-15,-4.988281365426043e-19
3419.717396321616,6.5112187822947525e-15,-4.988281365426043e-19
3421.993505925048,6.314005314978818e-15,-4.988281365426043e-19
3424.270610331628,6.8279998423395356e-15,-4.988281365426043e-19
3426.5467199350596,6.726420294534496e-15,-4.988281365426043e-19
3428.8228295384915,6.50386232694776e-15,-4.988281365426043e-19
3431.098939141923,6.563973636735167e-15,-4.988281365426043e-19
3433.376043548503,6.706164848990039e-15,-4.988281365426043e-19
3435.6521531519347,6.329524412560143e-15,-4.988281365426043e-19
3437.928262755366,6.429642746631876e-15,-4.988281365426043e-19
3440.204372358798,6.718912679146127e-15,-4.988281365426043e-19
3442.4804819622295,5.9939491207042095e-15,-4.988281365426043e-19
3444.75758636881,6.749094300740978e-15,-4.988281365426043e-19
3447.0336959722417,6.676285547477941e-15,-4.988281365426043e-19
3449.309805575673,6.352148032086166e-15,-4.988281365426043e-19
3451.585915179105,6.221999236460959e-15,-4.988281365426043e-19
3453.8630195856845,6.051893803231886e-15,-4.988281365426043e-19
3456.1391291891164,6.211014940120931e-15,-4.988281365426043e-19
3458.4152387925483,5.968655007113867e-15,-4.988281365426043e-19
3460.6913483959797,6.598387739488561e-15,-4.988281365426043e-19
3462.96845280256,6.4534252598084524e-15,-4.988281365426043e-19
3465.2445624059915,6.7024362346360835e-15,-4.988281365426043e-19
3467.5206720094234,6.7366991773481014e-15,-4.988281365426043e-19
3469.7967816128544,6.947517048387925e-15,-4.988281365426043e-19
3472.0728912162863,6.4979670853340746e-15,-4.988281365426043e-19
3474.3499956228666,5.940640012778747e-15,-4.988281365426043e-19
3476.626105226298,6.143547174986532e-15,-4.988281365426043e-19
3478.90221482973,6.668828318770031e-15,-4.988281365426043e-19
3481.1783244331614,6.935575405119178e-15,-4.988281365426043e-19
3483.455428839741,6.586949963024402e-15,-4.988281365426043e-19
3485.731538443173,6.944393074199476e-15,-4.988281365426043e-19
3488.0076480466046,5.7748174473886755e-15,-4.988281365426043e-19
3490.2837576500365,6.034460011793123e-15,-4.988281365426043e-19
3492.5608620566168,6.378601039327062e-15,-4.988281365426043e-19
3494.836971660048,6.339551361971454e-15,-4.988281365426043e-19
3497.11308126348,5.9420004531511355e-15,-4.988281365426043e-19
3499.3891908669116,6.098602256017238e-15,-4.988281365426043e-19
3501.6653004703435,6.670239145822879e-15,-4.988281365426043e-19
3503.9424048769233,6.735489897017089e-15,-4.988281365426043e-19
3506.2185144803548,6.546590231976864e-15,-4.988281365426043e-19
3508.4946240837867,6.357589793575722e-15,-4.988281365426043e-19
3510.770733687218,6.094873641663284e-15,-4.988281365426043e-19
3513.0478380937984,6.696792926424693e-15,-4.988281365426043e-19
3515.3239476972303,6.985407832092979e-15,-4.988281365426043e-19
3517.600057300662,6.016623126910691e-15,-4.988281365426043e-19
3519.8761669040937,6.3044318456916364e-15,-4.988281365426043e-19
3522.1532713106735,6.888312698848778e-15,-4.988281365426043e-19
3524.429380914105,6.781644096317394e-15,-4.988281365426043e-19
3526.705490517537,6.546842165379158e-15,-4.988281365426043e-19
3528.9816001209683,6.0963348553965905e-15,-4.988281365426043e-19
3531.2577097244002,6.764260691559091e-15,-4.988281365426043e-19
3533.53481413098,6.634918082821227e-15,-4.988281365426043e-19
3535.810923734412,6.816461292514459e-15,-4.988281365426043e-19
3538.0870333378434,7.102355317437968e-15,-4.988281365426043e-19
3540.3631429412753,6.485118481817069e-15,-4.988281365426043e-19
3542.640247347855,6.2436151223778054e-15,-4.988281365426043e-19
3544.9163569512866,6.606449608361977e-15,-4.988281365426043e-19
3547.1924665547185,7.055495704611238e-15,-4.988281365426043e-19
3549.46857615815,6.1685389684941206e-15,-4.988281365426043e-19
3551.7456805647303,5.972534781509198e-15,-4.988281365426043e-19
3554.021790168162,6.213685434185249e-15,-4.988281365426043e-19
3556.2978997715936,7.059627412408864e-15,-4.988281365426043e-19
3558.5740093750255,7.20771386627742e-15,-4.988281365426043e-19
3560.850118978457,6.008762804759111e-15,-4.988281365426043e-19
3563.127223385037,6.426619545804345e-15,-4.988281365426043e-19
3565.4033329884687,7.53164983494736e-15,-4.988281365426043e-19
3567.6794425919,6.744509112819223e-15,-4.988281365426043e-19
3569.955552195332,6.596573818992042e-15,-4.988281365426043e-19
3572.232656601912,6.174283050066429e-15,-4.988281365426043e-19
3574.5087662053434,6.920963267786111e-15,-4.988281365426043e-19
3576.7848758087753,6.719466932631175e-15,-4.988281365426043e-19
3579.0609854122067,6.153019870912795e-15,-4.988281365426043e-19
3581.338089818787,6.14888816311517e-15,-4.988281365426043e-19
3583.614199422219,6.372957731115671e-15,-4.988281365426043e-19
3585.8903090256504,7.02082966845555e-15,-4.988281365426043e-19
3588.1664186290823,6.060661085631725e-15,-4.988281365426043e-19
3590.4425282325137,5.919779927068783e-15,-4.988281365426043e-19
3592.7196326390936,6.6938704989580796e-15,-4.988281365426043e-19
3594.9957422425255,6.5107653021706225e-15,-4.988281365426043e-19
3597.271851845957,7.280774552942752e-15,-4.988281365426043e-19
3599.547961449389,6.637437416844169e-15,-4.988281365426043e-19
3601.8250658559687,7.381195207097238e-15,-4.988281365426043e-19
3604.1011754594006,6.590577804017439e-15,-4.988281365426043e-19
3606.377285062832,6.6771421210457415e-15,-4.988281365426043e-19
3608.653394666264,7.409613294876028e-15,-4.988281365426043e-19
3610.9304990728438,7.608187202564352e-15,-4.988281365426043e-19
3613.206608676275,6.8777818826328785e-15,-4.988281365426043e-19
3615.482718279707,6.9915550071089586e-15,-4.988281365426043e-19
3617.7588278831386,6.860045771111363e-15,-4.988281365426043e-19
3620.0349374865705,7.212248667518718e-15,-4.988281365426043e-19
3622.3120418931508,6.439216215919057e-15,-4.988281365426043e-19
3624.588151496582,6.81071721094215e-15,-4.988281365426043e-19
3626.864261100014,7.131327658701806e-15,-4.988281365426043e-19
3629.1403707034456,7.645120639340688e-15,-4.988281365426043e-19
3631.4174751100254,6.4881416826446e-15,-4.988281365426043e-19
3633.6935847134573,6.911641731901224e-15,-4.988281365426043e-19
3635.9696943168888,6.589066203603674e-15,-4.988281365426043e-19
3638.2458039203207,6.182344918939845e-15,-4.988281365426043e-19
3640.522908326901,7.495925678502036e-15,-4.988281365426043e-19
3642.7990179303324,7.533665302165715e-15,-4.988281365426043e-19
3645.0751275337643,7.069100108335128e-15,-4.988281365426043e-19
3647.3512371371958,6.352551125529837e-15,-4.988281365426043e-19
3649.6273467406277,6.359051007309029e-15,-4.988281365426043e-19
3651.9044511472075,7.057813491912345e-15,-4.988281365426043e-19
3654.180560750639,7.0425967144137725e-15,-4.988281365426043e-19
3656.456670354071,7.580323368270608e-15,-4.988281365426043e-19
3658.7327799575023,7.766149445802844e-15,-4.988281365426043e-19
3661.0098843640826,7.495119491614695e-15,-4.988281365426043e-19
3663.285993967514,7.518700458069436e-15,-4.988281365426043e-19
3665.5621035709455,7.729619102470177e-15,-4.988281365426043e-19
3667.8382131743774,7.5999237869691e-15,-4.988281365426043e-19
3670.1153175809573,7.2261050046449e-15,-4.988281365426043e-19
3672.391427184389,7.636554903662684e-15,-4.988281365426043e-19
3674.667536787821,7.496278385265248e-15,-4.988281365426043e-19
3676.9436463912525,7.462872016121031e-15,-4.988281365426043e-19
3679.2197559946844,7.548630146261993e-15,-4.988281365426043e-19
3681.496860401264,7.44196154373061e-15,-4.988281365426043e-19
3683.7729700046957,8.025640850165915e-15,-4.988281365426043e-19
3686.049079608127,7.449116452355766e-15,-4.988281365426043e-19
3688.325189211559,7.592214624858897e-15,-4.988281365426043e-19
3690.6022936181394,7.723119220690986e-15,-4.988281365426043e-19
3692.878403221571,8.101321644215106e-15,-4.988281365426043e-19
3695.1545128250027,8.436594615988287e-15,-4.988281365426043e-19
3697.430622428434,7.553719200988336e-15,-4.988281365426043e-19
3699.707726835014,7.929351903809055e-15,-4.988281365426043e-19
3701.983836438446,7.92955345053089e-15,-4.988281365426043e-19
3704.2599460418774,8.075170957056964e-15,-4.988281365426043e-19
3706.5360556453093,7.687596610967497e-15,-4.988281365426043e-19
3708.8121652487407,7.54177755771959e-15,-4.988281365426043e-19
3711.089269655321,8.78008061667626e-15,-4.988281365426043e-19
3713.365379258753,7.745541293495174e-15,-4.988281365426043e-19
3715.6414888621844,8.095224855879585e-15,-4.988281365426043e-19
3717.9175984656163,7.668046578949465e-15,-4.988281365426043e-19
3720.194702872196,7.759347243940899e-15,-4.988281365426043e-19
3722.4708124756276,8.327205132712127e-15,-4.988281365426043e-19
3724.7469220790595,8.689787685294004e-15,-4.988281365426043e-19
3727.023031682491,8.064186660716935e-15,-4.988281365426043e-19
3729.300136089071,7.99218409434124e-15,-4.988281365426043e-19
3731.576245692503,8.691601605790522e-15,-4.988281365426043e-19
3733.8523552959346,8.14888667056826e-15,-4.988281365426043e-19
3736.1284648993665,8.114623727856242e-15,-4.988281365426043e-19
3738.4055693059463,7.548428599540158e-15,-4.988281365426043e-19
3740.6816789093778,7.831904063801642e-15,-4.988281365426043e-19
3742.9577885128097,7.242178355711274e-15,-4.988281365426043e-19
3745.233898116241,7.43143072751471e-15,-4.988281365426043e-19
3747.510007719673,7.619675365708969e-15,-4.988281365426043e-19
3749.787112126253,7.425082005776895e-15,-4.988281365426043e-19
3752.0632217296848,6.633507255768379e-15,-4.988281365426043e-19
3754.339331333116,7.539207837016188e-15,-4.988281365426043e-19
3756.6154409365477,7.93267742471934e-15,-4.988281365426043e-19
3758.892545343128,7.720851820070338e-15,-4.988281365426043e-19
3761.1686549465594,8.075372503778799e-15,-4.988281365426043e-19
3763.4447645499913,7.3058167331308e-15,-4.988281365426043e-19
3765.7208741534228,7.706894709583237e-15,-4.988281365426043e-19
3767.9979785600026,7.428457913367637e-15,-4.988281365426043e-19
3770.2740881634345,7.597605999667994e-15,-4.988281365426043e-19
3772.550197766866,7.422814605156247e-15,-4.988281365426043e-19
3774.826307370298,6.920509787661982e-15,-4.988281365426043e-19
3777.1024169737293,7.220512083113969e-15,-4.988281365426043e-19
3779.3795213803096,7.007527584814414e-15,-4.988281365426043e-19
3781.6556309837415,6.119714275129496e-15,-4.988281365426043e-19
3783.931740587173,7.0136747598303935e-15,-4.988281365426043e-19
3786.207850190605,6.9153703462551796e-15,-4.988281365426043e-19
3788.4849545971847,7.117874415019293e-15,-4.988281365426043e-19
3790.761064200616,6.8578791438516326e-15,-4.988281365426043e-19
3793.037173804048,7.389105915929276e-15,-4.988281365426043e-19
3795.3132834074795,7.697069306893761e-15,-4.988281365426043e-19
3797.59038781406,7.212853307684224e-15,-4.988281365426043e-19
3799.8664974174917,6.413821328967797e-15,-4.988281365426043e-19
3802.142607020923,6.596825752394337e-15,-4.988281365426043e-19
3804.418716624355,6.474889985683922e-15,-4.988281365426043e-19
3806.6948262277865,6.753981808745486e-15,-4.988281365426043e-19
3808.9719306343663,7.055596477972156e-15,-4.988281365426043e-19
3811.2480402377983,6.72712570806092e-15,-4.988281365426043e-19
3813.5241498412297,7.179497325220465e-15,-4.988281365426043e-19
3815.8002594446616,7.0601312792134524e-15,-4.988281365426043e-19
3818.0773638512414,6.816410905834e-15,-4.988281365426043e-19
3820.3534734546733,6.3977983645818835e-15,-4.988281365426043e-19
3822.629583058105,6.9454008078086535e-15,-4.988281365426043e-19
3824.9056926615367,6.902572129418632e-15,-4.988281365426043e-19
3827.1827970681165,6.5336912417793985e-15,-4.988281365426043e-19
3829.458906671548,6.934920378273213e-15,-4.988281365426043e-19
3831.73501627498,7.106335865194216e-15,-4.988281365426043e-19
3834.0111258784113,6.998609142373198e-15,-4.988281365426043e-19
3836.2872354818433,6.594407191732312e-15,-4.988281365426043e-19
3838.5643398884235,7.310099600969802e-15,-4.988281365426043e-19
3840.840449491855,6.917788906917204e-15,-4.988281365426043e-19
3843.116559095287,6.531726161241504e-15,-4.988281365426043e-19
3845.3926686987184,7.06285215995823e-15,-4.988281365426043e-19
3847.669773105298,6.688327964107606e-15,-4.988281365426043e-19
3849.94588270873,6.258479193113166e-15,-4.988281365426043e-19
3852.2219923121615,6.3976472045405065e-15,-4.988281365426043e-19
3854.4981019155935,7.089204393838208e-15,-4.988281365426043e-19
3856.7752063221733,6.945955061293701e-15,-4.988281365426043e-19
3859.0513159256047,6.858483784017139e-15,-4.988281365426043e-19
3861.3274255290366,6.617081197938794e-15,-4.988281365426043e-19
3863.603535132468,7.044813728353962e-15,-4.988281365426043e-19
3865.8796447359,7.055798024693991e-15,-4.988281365426043e-19
3868.1567491424803,6.93809473914212e-15,-4.988281365426043e-19
3870.4328587459117,6.639452884062523e-15,-4.988281365426043e-19
3872.7089683493436,7.601737707465619e-15,-4.988281365426043e-19
3874.985077952775,7.502627107003064e-15,-4.988281365426043e-19
3877.262182359355,8.16556466180014e-15,-4.988281365426043e-19
3879.538291962787,7.37061400420088e-15,-4.988281365426043e-19
3881.8144015662183,8.082174705640744e-15,-4.988281365426043e-19
3884.09051116965,8.151809098034873e-15,-4.988281365426043e-19
3886.36761557623,8.332596507521223e-15,-4.988281365426043e-19
3888.643725179662,8.510511876221419e-15,-4.988281365426043e-19
3890.919834783094,8.196552470282332e-15,-4.988281365426043e-19
3893.1959443865253,8.059954179558392e-15,-4.988281365426043e-19
3895.472053989957,8.508949889127194e-15,-4.988281365426043e-19
3897.7491583965366,8.922473375652967e-15,-4.988281365426043e-19
3900.0252679999685,8.751914462299764e-15,-4.988281365426043e-19
3902.3013776034,7.962657499592354e-15,-4.988281365426043e-19
3904.577487206832,7.864050765934386e-15,-4.988281365426043e-19
3906.854591613412,9.08476887341092e-15,-4.988281365426043e-19
3909.1307012168436,8.200029151233992e-15,-4.988281365426043e-19
3911.4068108202755,8.823614708592705e-15,-4.988281365426043e-19
3913.682920423707,8.724907201573821e-15,-4.988281365426043e-19
3915.960024830287,9.492800211766678e-15,-4.988281365426043e-19
3918.2361344337187,9.001933170736572e-15,-4.988281365426043e-19
3920.51224403715,8.366154036706816e-15,-4.988281365426043e-19
3922.788353640582,7.80000929507119e-15,-4.988281365426043e-19
3925.0644632440135,8.99150312788159e-15,-4.988281365426043e-19
3927.341567650594,8.517666784846575e-15,-4.988281365426043e-19
3929.6176772540257,7.6192722722653e-15,-4.988281365426043e-19
3931.893786857457,7.967696167638238e-15,-4.988281365426043e-19
3934.169896460889,8.830920777259239e-15,-4.988281365426043e-19
3936.447000867469,7.761715417922464e-15,-4.988281365426043e-19
3938.7231104709003,8.30211256584362e-15,-4.988281365426043e-19
3940.9992200743322,8.424854519441375e-15,-4.988281365426043e-19
3943.2753296777637,8.651745741547573e-15,-4.988281365426043e-19
3945.552434084344,8.114371794453948e-15,-4.988281365426043e-19
3947.828543687776,7.70503040240626e-15,-4.988281365426043e-19
3950.104653291207,8.011280646235144e-15,-4.988281365426043e-19
3952.380762894639,7.830090143305123e-15,-4.988281365426043e-19
3954.6568724980702,8.309720954592905e-15,-4.988281365426043e-19
3956.9339769046505,8.296821964395441e-15,-4.988281365426043e-19
3959.2100865080824,8.330026786817821e-15,-4.988281365426043e-19
3961.486196111514,8.716391852576275e-15,-4.988281365426043e-19
3963.762305714946,8.11346483420569e-15,-4.988281365426043e-19
3966.039410121525,8.125003384030765e-15,-4.988281365426043e-19
3968.315519724957,7.927235663229784e-15,-4.988281365426043e-19
3970.5916293283885,8.184560440333125e-15,-4.988281365426043e-19
3972.8677389318204,8.128530451662884e-15,-4.988281365426043e-19
3975.1448433384007,7.99304066790904e-15,-4.988281365426043e-19
3977.420952941832,7.563494216997353e-15,-4.988281365426043e-19
3979.697062545264,7.836237318321102e-15,-4.988281365426043e-19
3981.9731721486955,7.874027328665239e-15,-4.988281365426043e-19
3984.2492817521274,7.336905314973909e-15,-4.988281365426043e-19
3986.5263861587073,7.22479495095297e-15,-4.988281365426043e-19
3988.8024957621387,7.6007803605369e-15,-4.988281365426043e-19
3991.0786053655706,7.1013475838287906e-15,-4.988281365426043e-19
3993.354714969002,7.409562908195569e-15,-4.988281365426043e-19
3995.6318193755824,6.837069444822128e-15,-4.988281365426043e-19
3997.9079289790143,7.45506208064991e-15,-4.988281365426043e-19
4000.1840385824457,7.456422521022298e-15,-4.988281365426043e-19
4002.4601481858776,7.739041411715983e-15,-4.988281365426043e-19
4004.7372525924575,7.30662292001814e-15,-4.988281365426043e-19
4007.013362195889,7.576947460679865e-15,-4.988281365426043e-19
4009.289471799321,7.097618969474836e-15,-4.988281365426043e-19
4011.5655814027523,7.116010107842317e-15,-4.988281365426043e-19
4013.8426858093326,7.121351095970953e-15,-4.988281365426043e-19
4016.1187954127645,7.707499349748743e-15,-4.988281365426043e-19
4018.394905016196,7.765292872235043e-15,-4.988281365426043e-19
4020.671014619628,7.757130230000709e-15,-4.988281365426043e-19
4022.9471242230593,7.946281828443228e-15,-4.988281365426043e-19
4025.224228629639,7.875942022522675e-15,-4.988281365426043e-19
4027.500338233071,8.272434811053357e-15,-4.988281365426043e-19
4029.7764478365025,8.77438692178441e-15,-4.988281365426043e-19
4032.0525574399344,8.089833481070489e-15,-4.988281365426043e-19
4034.329661846514,8.119712782582586e-15,-4.988281365426043e-19
4036.605771449946,7.939882720024954e-15,-4.988281365426043e-19
4038.8818810533776,8.615114624853989e-15,-4.988281365426043e-19
4041.157990656809,8.943887714847978e-15,-4.988281365426043e-19
4043.4350950633893,8.6846482438872e-15,-4.988281365426043e-19
4045.711204666821,8.597227353291098e-15,-4.988281365426043e-19
4047.9873142702527,8.915671173791022e-15,-4.988281365426043e-19
4050.263423873684,8.815250519636538e-15,-4.988281365426043e-19
4052.539533477116,8.50653132846517e-15,-4.988281365426043e-19
4054.816637883696,8.414877956710524e-15,-4.988281365426043e-19
4057.0927474871273,8.753476449393989e-15,-4.988281365426043e-19
4059.3688570905592,9.318361524018143e-15,-4.988281365426043e-19
4061.6449666939907,8.8588853849139e-15,-4.988281365426043e-19
4063.922071100571,9.386333155957131e-15,-4.988281365426043e-19
4066.198180704003,8.90393107724411e-15,-4.988281365426043e-19
4068.4742903074343,8.231772759923067e-15,-4.988281365426043e-19
4070.7503999108662,9.514315324322607e-15,-4.988281365426043e-19
4073.027504317446,9.335341835332776e-15,-4.988281365426043e-19
4075.3036139208775,8.624436160738876e-15,-4.988281365426043e-19
4077.57972352431,8.319294423880087e-15,-4.988281365426043e-19
4079.855833127741,8.136088453731712e-15,-4.988281365426043e-19
4082.1319427311732,7.961196285859047e-15,-4.988281365426043e-19
4084.409047137753,8.369630717658476e-15,-4.988281365426043e-19
4086.685156741184,8.293395670124239e-15,-4.988281365426043e-19
4088.9612663446164,8.074616703571917e-15,-4.988281365426043e-19
4091.2373759480474,8.0281097975084e-15,-4.988281365426043e-19
4093.514480354628,8.701578168521373e-15,-4.988281365426043e-19
4095.7905899580596,9.191991729427351e-15,-4.988281365426043e-19
4098.066699561492,9.285207088276221e-15,-4.988281365426043e-19
4100.342809164923,8.784514644556638e-15,-4.988281365426043e-19
4102.619913571502,8.693365139606581e-15,-4.988281365426043e-19
4104.896023174934,8.25434599276863e-15,-4.988281365426043e-19
4107.172132778366,8.352801566385221e-15,-4.988281365426043e-19
4109.448242381798,8.956887478406361e-15,-4.988281365426043e-19
4111.724351985229,9.044308369002464e-15,-4.988281365426043e-19
4114.00145639181,8.917888187731212e-15,-4.988281365426043e-19
4116.277565995241,8.332042254036176e-15,-4.988281365426043e-19
4118.553675598673,8.362626969074697e-15,-4.988281365426043e-19
4120.829785202104,8.688880725045744e-15,-4.988281365426043e-19
4123.1068896086845,8.812176932128547e-15,-4.988281365426043e-19
4125.382999212116,8.727930402401352e-15,-4.988281365426043e-19
4127.659108815547,8.643633485993698e-15,-4.988281365426043e-19
4129.93521841898,8.377440653129599e-15,-4.988281365426043e-19
4132.21232282556,9.098171730412973e-15,-4.988281365426043e-19
4134.4884324289915,9.109962213640344e-15,-4.988281365426043e-19
4136.764542032423,8.480934894792074e-15,-4.988281365426043e-19
4139.040651635854,7.64507025266023e-15,-4.988281365426043e-19
4141.316761239286,8.112305940555135e-15,-4.988281365426043e-19
4143.593865645867,7.961649765983177e-15,-4.988281365426043e-19
4145.8699752492985,7.541979104441425e-15,-4.988281365426043e-19
4148.1460848527295,8.206932126456854e-15,-4.988281365426043e-19
4150.422194456161,7.989211280194168e-15,-4.988281365426043e-19
4152.699298862742,8.279640106358974e-15,-4.988281365426043e-19
4154.975408466173,7.955603364328115e-15,-4.988281365426043e-19
4157.251518069605,7.806307630128546e-15,-4.988281365426043e-19
4159.5276276730365,7.828679316252274e-15,-4.988281365426043e-19
4161.804732079617,7.558657095673303e-15,-4.988281365426043e-19
4164.080841683048,7.500410093062874e-15,-4.988281365426043e-19
4166.356951286481,8.099054243594459e-15,-4.988281365426043e-19
4168.633060889912,7.496580705348002e-15,-4.988281365426043e-19
4170.9091704933435,7.31100656121806e-15,-4.988281365426043e-19
4173.186274899923,7.4703796315094e-15,-4.988281365426043e-19
4175.462384503355,7.23184908621721e-15,-4.988281365426043e-19
4177.738494106787,6.377542919037426e-15,-4.988281365426043e-19
4180.014603710218,6.6251430668122096e-15,-4.988281365426043e-19
4182.291708116799,7.576242047153442e-15,-4.988281365426043e-19
4184.56781772023,7.509731628947761e-15,-4.988281365426043e-19
4186.843927323662,6.897785394775041e-15,-4.988281365426043e-19
4189.120036927093,7.195117196162708e-15,-4.988281365426043e-19
4191.397141333673,7.05670498494225e-15,-4.988281365426043e-19
4193.673250937105,7.361544401718287e-15,-4.988281365426043e-19
4195.949360540536,7.0057640509983545e-15,-4.988281365426043e-19
4198.225470143969,6.3431288162840325e-15,-4.988281365426043e-19
4200.5015797474,7.122308442899673e-15,-4.988281365426043e-19
4202.77868415398,6.764059144837256e-15,-4.988281365426043e-19
4205.054793757412,6.786380444280526e-15,-4.988281365426043e-19
4207.330903360844,6.683087749339886e-15,-4.988281365426043e-19
4209.607012964275,6.72843576175285e-15,-4.988281365426043e-19
4211.884117370855,6.018487434087668e-15,-4.988281365426043e-19
4214.160226974287,7.125079710324909e-15,-4.988281365426043e-19
4216.436336577718,6.426518772443427e-15,-4.988281365426043e-19
4218.71244618115,6.457657740966996e-15,-4.988281365426043e-19
4220.98955058773,6.095780601911543e-15,-4.988281365426043e-19
4223.265660191162,6.464056849385269e-15,-4.988281365426043e-19
4225.541769794593,6.524722412657723e-15,-4.988281365426043e-19
4227.817879398026,6.5328850548920574e-15,-4.988281365426043e-19
4230.093989001457,6.2925909757838065e-15,-4.988281365426043e-19
4232.371093408036,7.020275414970503e-15,-4.988281365426043e-19
4234.647203011469,7.058821225521523e-15,-4.988281365426043e-19
4236.9233126149,7.052119797020495e-15,-4.988281365426043e-19
4239.199422218332,6.368473316554833e-15,-4.988281365426043e-19
4241.476526624912,6.8513792620724416e-15,-4.988281365426043e-19
4243.752636228343,7.217438495605979e-15,-4.988281365426043e-19
4246.028745831775,7.002539303448988e-15,-4.988281365426043e-19
4248.304855435206,7.24192642230898e-15,-4.988281365426043e-19
4250.5819598417875,6.760683237246513e-15,-4.988281365426043e-19
4252.8580694452185,7.023550549200328e-15,-4.988281365426043e-19
4255.13417904865,8.219528796571566e-15,-4.988281365426043e-19
4257.410288652081,8.6128976109138e-15,-4.988281365426043e-19
4259.686398255514,8.303674552937844e-15,-4.988281365426043e-19
4261.963502662094,8.08010885174193e-15,-4.988281365426043e-19
4264.239612265525,8.027605930703811e-15,-4.988281365426043e-19
4266.515721868957,8.601157514366887e-15,-4.988281365426043e-19
4268.791831472388,8.114170247732113e-15,-4.988281365426043e-19
4271.068935878969,8.75690274366519e-15,-4.988281365426043e-19
4273.345045482401,8.115681848145878e-15,-4.988281365426043e-19
4275.6211550858325,8.750302088525081e-15,-4.988281365426043e-19
4277.8972646892635,9.560318363581536e-15,-4.988281365426043e-19
4280.174369095844,9.455161361463918e-15,-4.988281365426043e-19
4282.450478699276,8.007602418561648e-15,-4.988281365426043e-19
4284.726588302707,8.779627136552131e-15,-4.988281365426043e-19
4287.002697906139,9.295183651007072e-15,-4.988281365426043e-19
4289.279802312719,8.749697448359575e-15,-4.988281365426043e-19
4291.555911916151,8.3913977636167e-15,-4.988281365426043e-19
4293.832021519582,8.368421437327464e-15,-4.988281365426043e-19
4296.108131123015,8.691400059068686e-15,-4.988281365426043e-19
4298.384240726446,9.571604980004318e-15,-4.988281365426043e-19
4300.661345133025,9.771337781343195e-15,-4.988281365426043e-19
4302.937454736458,9.739997266097791e-15,-4.988281365426043e-19
4305.213564339889,9.300927732579382e-15,-4.988281365426043e-19
4307.489673943321,9.094695049461313e-15,-4.988281365426043e-19
4309.766778349901,8.470605625298011e-15,-4.988281365426043e-19
4312.042887953333,8.560596236597514e-15,-4.988281365426043e-19
4314.318997556764,8.354514713520822e-15,-4.988281365426043e-19
4316.595107160196,9.048238530078255e-15,-4.988281365426043e-19
4318.872211566776,8.779677523232589e-15,-4.988281365426043e-19
4321.148321170207,8.31128294168713e-15,-4.988281365426043e-19
4323.424430773639,7.72558816803347e-15,-4.988281365426043e-19
4325.700540377071,8.65663324955208e-15,-4.988281365426043e-19
4327.976649980503,8.366809063552782e-15,-4.988281365426043e-19
4330.253754387082,8.594304925824484e-15,-4.988281365426043e-19
4332.529863990513,8.63259880297321e-15,-4.988281365426043e-19
4334.805973593946,8.673210467423041e-15,-4.988281365426043e-19
4337.082083197377,8.394420964444231e-15,-4.988281365426043e-19
4339.359187603957,8.949329476337533e-15,-4.988281365426043e-19
4341.635297207389,8.422536732140269e-15,-4.988281365426043e-19
4343.911406810821,8.011532579637437e-15,-4.988281365426043e-19
4346.187516414252,8.672958534020748e-15,-4.988281365426043e-19
4348.464620820832,8.10379059155759e-15,-4.988281365426043e-19
4350.740730424264,7.85296569623344e-15,-4.988281365426043e-19
4353.016840027695,7.862791098922916e-15,-4.988281365426043e-19
4355.292949631127,7.786354504666842e-15,-4.988281365426043e-19
4357.569059234559,7.987296586336732e-15,-4.988281365426043e-19
4359.846163641139,7.644969479299311e-15,-4.988281365426043e-19
4362.12227324457,7.633582089515613e-15,-4.988281365426043e-19
4364.398382848003,7.740401852088371e-15,-4.988281365426043e-19
4366.674492451434,7.346579557622009e-15,-4.988281365426043e-19
4368.9515968580135,7.704526535601672e-15,-4.988281365426043e-19
4371.227706461446,8.327658612836256e-15,-4.988281365426043e-19
4373.503816064877,7.478441500382817e-15,-4.988281365426043e-19
4375.779925668309,7.780459263053157e-15,-4.988281365426043e-19
4378.05703007489,7.557397428661833e-15,-4.988281365426043e-19
4380.3331396783215,7.5518045071309e-15,-4.988281365426043e-19
4382.609249281752,7.478894980506946e-15,-4.988281365426043e-19
4384.885358885184,7.532304861793326e-15,-4.988281365426043e-19
4387.161468488616,8.143092202315492e-15,-4.988281365426043e-19
4389.438572895196,7.483732101830995e-15,-4.988281365426043e-19
4391.714682498628,7.97600996991395e-15,-4.988281365426043e-19
4393.9907921020595,7.639175011046544e-15,-4.988281365426043e-19
4396.266901705491,7.413291522549525e-15,-4.988281365426043e-19
4398.544006112071,7.200004704167217e-15,-4.988281365426043e-19
4400.820115715503,7.489476183403305e-15,-4.988281365426043e-19
4403.096225318935,7.993242214630876e-15,-4.988281365426043e-19
4405.3723349223665,7.605819028582787e-15,-4.988281365426043e-19
4407.649439328946,7.803989842827438e-15,-4.988281365426043e-19
4409.925548932378,7.87967063687663e-15,-4.988281365426043e-19
4412.20165853581,8.292337549834603e-15,-4.988281365426043e-19
4414.477768139241,7.81356331211462e-15,-4.988281365426043e-19
4416.753877742673,7.71767745920143e-15,-4.988281365426043e-19
4419.030982149253,7.460806162222219e-15,-4.988281365426043e-19
4421.307091752685,7.25195337172029e-15,-4.988281365426043e-19
4423.583201356116,7.514367203549975e-15,-4.988281365426043e-19
4425.859310959548,7.101246810467873e-15,-4.988281365426043e-19
4428.136415366128,7.608590296008023e-15,-4.988281365426043e-19
4430.412524969559,8.583371016164914e-15,-4.988281365426043e-19
4432.688634572992,8.497864819426247e-15,-4.988281365426043e-19
4434.964744176423,7.858407457722996e-15,-4.988281365426043e-19
4437.241848583002,7.878864449989288e-15,-4.988281365426043e-19
4439.517958186435,8.330329106900575e-15,-4.988281365426043e-19
4441.794067789866,8.411300502397945e-15,-4.988281365426043e-19
4444.070177393298,7.6201288458331e-15,-4.988281365426043e-19
4446.346286996729,7.294378956666642e-15,-4.988281365426043e-19
4448.62339140331,7.260166400635082e-15,-4.988281365426043e-19
4450.899501006741,7.456775227785512e-15,-4.988281365426043e-19
4453.175610610173,7.082150258573969e-15,-4.988281365426043e-19
4455.451720213605,7.826966169116675e-15,-4.988281365426043e-19
4457.728824620184,7.358873907653968e-15,-4.988281365426043e-19
4460.004934223616,7.834221851102749e-15,-4.988281365426043e-19
4462.281043827048,8.180479119215958e-15,-4.988281365426043e-19
4464.55715343048,7.450879986171825e-15,-4.988281365426043e-19
4466.834257837059,8.012590699927074e-15,-4.988281365426043e-19
4469.110367440491,7.080890591562498e-15,-4.988281365426043e-19
4471.386477043923,7.431481114195168e-15,-4.988281365426043e-19
4473.662586647355,7.26989102996364e-15,-4.988281365426043e-19
4475.938696250786,6.876270282219112e-15,-4.988281365426043e-19
4478.215800657366,7.239457474966495e-15,-4.988281365426043e-19
4480.491910260798,7.593978158674957e-15,-4.988281365426043e-19
4482.768019864229,7.039120033462112e-15,-4.988281365426043e-19
4485.044129467661,7.332118580330319e-15,-4.988281365426043e-19
4487.321233874241,7.396260824554433e-15,-4.988281365426043e-19
4489.597343477673,7.781063903218663e-15,-4.988281365426043e-19
4491.873453081104,7.435915142075548e-15,-4.988281365426043e-19
4494.149562684537,7.162365853864457e-15,-4.988281365426043e-19
4496.4266670911165,7.48181740797356e-15,-4.988281365426043e-19
4498.7027766945475,7.040178153751748e-15,-4.988281365426043e-19
4500.97888629798,7.395857731110763e-15,-4.988281365426043e-19
4503.254995901411,7.623907846867512e-15,-4.988281365426043e-19
4505.531105504843,6.603325634173528e-15,-4.988281365426043e-19
4507.808209911424,6.999062622497327e-15,-4.988281365426043e-19
4510.084319514855,6.664847771013782e-15,-4.988281365426043e-19
4512.360429118286,6.785876577475937e-15,-4.988281365426043e-19
4514.636538721717,7.343808290196771e-15,-4.988281365426043e-19
4516.913643128299,6.994225501173278e-15,-4.988281365426043e-19
4519.18975273173,6.600302433345997e-15,-4.988281365426043e-19
4521.465862335162,7.490836623775692e-15,-4.988281365426043e-19
4523.741971938593,7.0590227722433575e-15,-4.988281365426043e-19
4526.019076345173,6.498269405416828e-15,-4.988281365426043e-19
4528.295185948605,6.512276902584388e-15,-4.988281365426043e-19
4530.571295552037,6.9226764149217124e-15,-4.988281365426043e-19
4532.847405155469,6.711556223799136e-15,-4.988281365426043e-19
4535.1235147589,6.728133441670097e-15,-4.988281365426043e-19
4537.40061916548,7.263693468267202e-15,-4.988281365426043e-19
4539.676728768912,7.0337286586530155e-15,-4.988281365426043e-19
4541.952838372344,6.319346303107455e-15,-4.988281365426043e-19
4544.228947975775,7.058317358716934e-15,-4.988281365426043e-19
4546.506052382355,6.922122161436665e-15,-4.988281365426043e-19
4548.782161985787,6.477711639789618e-15,-4.988281365426043e-19
4551.058271589218,6.7821983498024416e-15,-4.988281365426043e-19
4553.33438119265,6.752671755053556e-15,-4.988281365426043e-19
4555.61148559923,7.0403797004735835e-15,-4.988281365426043e-19
4557.887595202662,6.722590906819624e-15,-4.988281365426043e-19
4560.163704806093,6.745819166511153e-15,-4.988281365426043e-19
4562.439814409526,6.74067972510435e-15,-4.988281365426043e-19
4564.715924012957,6.8799988965730675e-15,-4.988281365426043e-19
4566.993028419536,6.808500197001961e-15,-4.988281365426043e-19
4569.269138022969,6.233033919481447e-15,-4.988281365426043e-19
4571.5452476264,6.688378350788065e-15,-4.988281365426043e-19
4573.821357229832,6.589973163851933e-15,-4.988281365426043e-19
4576.098461636412,6.751311314681167e-15,-4.988281365426043e-19
4578.374571239844,6.495649298032968e-15,-4.988281365426043e-19
4580.650680843275,5.858509723630823e-15,-4.988281365426043e-19
4582.926790446707,6.729796202125239e-15,-4.988281365426043e-19
4585.203894853287,6.844224353447285e-15,-4.988281365426043e-19
4587.480004456718,6.340055228776042e-15,-4.988281365426043e-19
4589.75611406015,6.693215472112115e-15,-4.988281365426043e-19
4592.032223663582,6.43951853600181e-15,-4.988281365426043e-19
4594.309328070162,6.690595364728254e-15,-4.988281365426043e-19
4596.585437673593,6.675781680673353e-15,-4.988281365426043e-19
4598.861547277026,6.472017944897768e-15,-4.988281365426043e-19
4601.137656880457,6.342221856035773e-15,-4.988281365426043e-19
4603.413766483889,6.2535412984281986e-15,-4.988281365426043e-19
4605.690870890468,6.10903229887222e-15,-4.988281365426043e-19
4607.9669804939,6.673363120011328e-15,-4.988281365426043e-19
4610.243090097332,6.2396345746215566e-15,-4.988281365426043e-19
4612.519199700763,5.39595999701859e-15,-4.988281365426043e-19
4614.796304107344,5.960492364879533e-15,-4.988281365426043e-19
4617.072413710775,6.676890187643447e-15,-4.988281365426043e-19
4619.348523314206,6.204111964898068e-15,-4.988281365426043e-19
4621.624632917638,6.3924069897727866e-15,-4.988281365426043e-19
4623.901737324219,6.2589326732372955e-15,-4.988281365426043e-19
4626.1778469276505,6.539435323351707e-15,-4.988281365426043e-19
4628.4539565310815,5.679989714765122e-15,-4.988281365426043e-19
4630.730066134514,6.162089473395388e-15,-4.988281365426043e-19
4633.006175737945,6.2706223831037485e-15,-4.988281365426043e-19
4635.283280144525,5.82802578195322e-15,-4.988281365426043e-19
4637.5593897479575,6.085955199222067e-15,-4.988281365426043e-19
4639.8354993513885,6.237014467237696e-15,-4.988281365426043e-19
4642.11160895482,6.171310235919357e-15,-4.988281365426043e-19
4644.388713361401,6.316877355764972e-15,-4.988281365426043e-19
4646.664822964833,6.081218851258935e-15,-4.988281365426043e-19
4648.940932568264,5.909551430935637e-15,-4.988281365426043e-19
4651.2170421716955,5.933384330792673e-15,-4.988281365426043e-19
4653.494146578276,6.132965972090174e-15,-4.988281365426043e-19
4655.770256181707,6.076734436698098e-15,-4.988281365426043e-19
4658.046365785139,5.906679390149483e-15,-4.988281365426043e-19
4660.322475388571,5.932275823822578e-15,-4.988281365426043e-19
4662.5985849920025,5.5812822077462365e-15,-4.988281365426043e-19
4664.875689398582,5.477334485959631e-15,-4.988281365426043e-19
4667.151799002015,5.323403177157848e-15,-4.988281365426043e-19
4669.427908605446,5.086182685557587e-15,-4.988281365426043e-19
4671.704018208878,5.34431364954827e-15,-4.988281365426043e-19
4673.981122615457,5.627285247005165e-15,-4.988281365426043e-19
4676.257232218889,5.294884316018139e-15,-4.988281365426043e-19
4678.533341822321,4.718611851610284e-15,-4.988281365426043e-19
4680.809451425752,4.906851451136498e-15,-4.988281365426043e-19
4683.086555832333,4.541195311046631e-15,-4.988281365426043e-19
4685.362665435764,4.827033910621635e-15,-4.988281365426043e-19
4687.638775039196,5.289996808013631e-15,-4.988281365426043e-19
4689.914884642627,5.1750647898869965e-15,-4.988281365426043e-19
4692.19099424606,4.729067087805495e-15,-4.988281365426043e-19
4694.468098652639,4.920042684080624e-15,-4.988281365426043e-19
4696.74420825607,4.991143328876106e-15,-4.988281365426043e-19
4699.020317859503,5.3495034776355314e-15,-4.988281365426043e-19
4701.296427462934,4.856016329221565e-15,-4.988281365426043e-19
4703.573531869514,4.490158642409863e-15,-4.988281365426043e-19
4705.849641472946,4.6381947095979615e-15,-4.988281365426043e-19
4708.125751076377,4.790599301981841e-15,-4.988281365426043e-19
4710.401860679809,4.7159967828944694e-15,-4.988281365426043e-19
4712.678965086389,4.587576250409002e-15,-4.988281365426043e-19
4714.955074689821,4.51980616519185e-15,-4.988281365426043e-19
4717.231184293252,4.892768373948249e-15,-4.988281365426043e-19
4719.507293896684,4.5923932170608674e-15,-4.988281365426043e-19
4721.783403500116,4.5656026190608976e-15,-4.988281365426043e-19
4724.060507906695,4.230042443209101e-15,-4.988281365426043e-19
4726.336617510127,4.680640449216496e-15,-4.988281365426043e-19
4728.612727113559,4.828898217798612e-15,-4.988281365426043e-19
4730.888836716991,4.8116407797414564e-15,-4.988281365426043e-19
4733.1659411235705,4.485769962541897e-15,-4.988281365426043e-19
4735.442050727003,4.238094234746426e-15,-4.988281365426043e-19
4737.718160330434,5.034178592656009e-15,-4.988281365426043e-19
4739.994269933866,5.035085552904268e-15,-4.988281365426043e-19
4742.2713743404465,5.60738250822392e-15,-4.988281365426043e-19
4744.5474839438775,5.253365691320048e-15,-4.988281365426043e-19
4746.823593547309,5.271555282965692e-15,-4.988281365426043e-19
4749.09970315074,5.105984650977915e-15,-4.988281365426043e-19
4751.375812754173,5.961852805251923e-15,-4.988281365426043e-19
4753.652917160753,6.1195631150881195e-15,-4.988281365426043e-19
4755.9290267641845,5.708861282668042e-15,-4.988281365426043e-19
4758.2051363676155,5.9383726121580984e-15,-4.988281365426043e-19
4760.481245971048,6.0367777990942306e-15,-4.988281365426043e-19
4762.758350377628,6.222452716585089e-15,-4.988281365426043e-19
4765.034459981059,6.153977217841514e-15,-4.988281365426043e-19
4767.3105695844915,6.4557934337900184e-15,-4.988281365426043e-19
4769.5866791879225,6.752369434970803e-15,-4.988281365426043e-19
4771.863783594503,6.8613558248032935e-15,-4.988281365426043e-19
4774.139893197935,6.598941992973608e-15,-4.988281365426043e-19
4776.416002801367,6.484009974846974e-15,-4.988281365426043e-19
4778.692112404798,6.73805961772049e-15,-4.988281365426043e-19
4780.9682220082295,6.9021186492945024e-15,-4.988281365426043e-19
4783.24532641481,6.917990453639039e-15,-4.988281365426043e-19
4785.521436018241,6.959357918295754e-15,-4.988281365426043e-19
4787.797545621673,6.859693064348151e-15,-4.988281365426043e-19
4790.073655225105,7.11938601543306e-15,-4.988281365426043e-19
4792.350759631685,7.959382365362529e-15,-4.988281365426043e-19
4794.626869235116,7.471588911840412e-15,-4.988281365426043e-19
4796.902978838549,7.55487809463889e-15,-4.988281365426043e-19
4799.17908844198,7.589947224238249e-15,-4.988281365426043e-19
4801.456192848559,7.542079877802342e-15,-4.988281365426043e-19
4803.732302451992,7.88360079795242e-15,-4.988281365426043e-19
4806.008412055423,7.707197029665991e-15,-4.988281365426043e-19
4808.284521658855,8.045442815586242e-15,-4.988281365426043e-19
4810.560631262286,7.023550549200328e-15,-4.988281365426043e-19
4812.837735668866,7.529231274285335e-15,-4.988281365426043e-19
4815.113845272298,7.881232623970854e-15,-4.988281365426043e-19
4817.389954875729,8.004327284331822e-15,-4.988281365426043e-19
4819.666064479162,7.661798630572568e-15,-4.988281365426043e-19
4821.943168885741,7.54918439974704e-15,-4.988281365426043e-19
4824.219278489173,7.986792719532143e-15,-4.988281365426043e-19
4826.495388092604,8.000850603380162e-15,-4.988281365426043e-19
4828.771497696037,8.263012501807553e-15,-4.988281365426043e-19
4831.048602102616,8.095174469199127e-15,-4.988281365426043e-19
4833.324711706047,7.696363893367338e-15,-4.988281365426043e-19
4835.60082130948,7.663310230986333e-15,-4.988281365426043e-19
4837.876930912911,7.292514649489664e-15,-4.988281365426043e-19
4840.153040516343,7.0253644696968465e-15,-4.988281365426043e-19
4842.430144922923,7.122207669538754e-15,-4.988281365426043e-19
4844.706254526355,6.809004063806549e-15,-4.988281365426043e-19
4846.982364129786,6.9520518496292215e-15,-4.988281365426043e-19
4849.258473733218,6.641367577919959e-15,-4.988281365426043e-19
4851.535578139798,7.169419989128695e-15,-4.988281365426043e-19
4853.811687743229,7.497689212318097e-15,-4.988281365426043e-19
4856.087797346661,7.166497561662083e-15,-4.988281365426043e-19
4858.363906950093,6.8619604649688e-15,-4.988281365426043e-19
4860.6410113566735,6.5948102851759826e-15,-4.988281365426043e-19
4862.9171209601045,7.266515122372898e-15,-4.988281365426043e-19
4865.193230563537,7.64723687991996e-15,-4.988281365426043e-19
4867.469340166968,6.677545214489413e-15,-4.988281365426043e-19
4869.746444573548,6.255355218924717e-15,-4.988281365426043e-19
4872.0225541769805,7.042949421176985e-15,-4.988281365426043e-19
4874.2986637804115,7.088750913714078e-15,-4.988281365426043e-19
4876.574773383843,6.5047692871960195e-15,-4.988281365426043e-19
4878.850882987274,6.9513968227832566e-15,-4.988281365426043e-19
4881.127987393856,7.180101965385971e-15,-4.988281365426043e-19
4883.404096997287,6.629829028094883e-15,-4.988281365426043e-19
4885.6802066007185,6.8000352346848745e-15,-4.988281365426043e-19
4887.95631620415,7.154707078434712e-15,-4.988281365426043e-19
4890.23342061073,6.734885256851583e-15,-4.988281365426043e-19
4892.509530214162,7.0585189054387695e-15,-4.988281365426043e-19
4894.785639817594,6.836011324532492e-15,-4.988281365426043e-19
4897.0617494210255,6.817670572845471e-15,-4.988281365426043e-19
4899.338853827605,7.012011999375252e-15,-4.988281365426043e-19
4901.614963431036,6.580853174688881e-15,-4.988281365426043e-19
4903.891073034469,6.825883601760264e-15,-4.988281365426043e-19
4906.1671826379,6.850673848546017e-15,-4.988281365426043e-19
4908.443292241332,6.694777459206339e-15,-4.988281365426043e-19
4910.720396647912,6.500234485954723e-15,-4.988281365426043e-19
4912.996506251344,6.625294226853586e-15,-4.988281365426043e-19
4915.272615854775,6.463401822539304e-15,-4.988281365426043e-19
4917.548725458207,6.868208413345697e-15,-4.988281365426043e-19
4919.825829864787,6.488695936129646e-15,-4.988281365426043e-19
4922.101939468218,6.441231683137411e-15,-4.988281365426043e-19
4924.37804907165,6.67764598785033e-15,-4.988281365426043e-19
4926.654158675082,6.444859524130448e-15,-4.988281365426043e-19
4928.931263081662,6.606852701805647e-15,-4.988281365426043e-19
4931.207372685093,6.381624240154593e-15,-4.988281365426043e-19
4933.483482288526,6.5090521550350214e-15,-4.988281365426043e-19
4935.759591891957,6.412259341873573e-15,-4.988281365426043e-19
4938.035701495389,6.290877828648206e-15,-4.988281365426043e-19
4940.312805901969,5.935147864608733e-15,-4.988281365426043e-19
4942.5889155054,6.0178324072417034e-15,-4.988281365426043e-19
4944.865025108832,6.607507728651612e-15,-4.988281365426043e-19
4947.141134712263,6.44128206981787e-15,-4.988281365426043e-19
4949.418239118844,5.926733288972105e-15,-4.988281365426043e-19
4951.694348722275,5.9530351361716236e-15,-4.988281365426043e-19
4953.970458325707,6.384395507579829e-15,-4.988281365426043e-19
4956.246567929139,6.24427014922377e-15,-4.988281365426043e-19
4958.523672335718,5.878059755648856e-15,-4.988281365426043e-19
4960.79978193915,6.022619141885294e-15,-4.988281365426043e-19
4963.075891542582,6.466878503490965e-15,-4.988281365426043e-19
4965.352001146014,6.5690626914615106e-15,-4.988281365426043e-19
4967.628110749445,5.84419990638051e-15,-4.988281365426043e-19
4969.905215156025,6.009972085090123e-15,-4.988281365426043e-19
4972.181324759457,5.846668853722994e-15,-4.988281365426043e-19
4974.457434362889,5.906175523344894e-15,-4.988281365426043e-19
4976.73354396632,5.915194739147028e-15,-4.988281365426043e-19
4979.0106483729005,5.734709649743431e-15,-4.988281365426043e-19
4981.286757976332,5.460051854562246e-15,-4.988281365426043e-19
4983.562867579763,5.6242620461776345e-15,-4.988281365426043e-19
4985.838977183195,5.893276533147429e-15,-4.988281365426043e-19
4988.116081589776,5.701454440640591e-15,-4.988281365426043e-19
4990.3921911932075,5.624917073023599e-15,-4.988281365426043e-19
4992.6683007966385,5.6275875670879184e-15,-4.988281365426043e-19
4994.94441040007,6.167883941648156e-15,-4.988281365426043e-19
4997.220520003502,5.7163688980564105e-15,-4.988281365426043e-19
4999.497624410082,5.727151647674604e-15,-4.988281365426043e-19
5001.7737340135145,5.660993936232135e-15,-4.988281365426043e-19
5004.0498436169455,5.717830111789717e-15,-4.988281365426043e-19
5006.325953220377,5.805906029231785e-15,-4.988281365426043e-19
5008.603057626958,5.720550992534495e-15,-4.988281365426043e-19
5010.879167230389,5.582793808160002e-15,-4.988281365426043e-19
5013.155276833821,5.608793335276768e-15,-4.988281365426043e-19
5015.431386437252,5.632071981648756e-15,-4.988281365426043e-19
5017.708490843833,5.4242269247560045e-15,-4.988281365426043e-19
5019.984600447264,5.2646523077428296e-15,-4.988281365426043e-19
5022.260710050696,5.457834840622057e-15,-4.988281365426043e-19
5024.536819654128,5.689714344093679e-15,-4.988281365426043e-19
5026.8129292575595,5.634440155630322e-15,-4.988281365426043e-19
5029.090033664139,5.485799448276718e-15,-4.988281365426043e-19
5031.366143267571,5.447959051252122e-15,-4.988281365426043e-19
5033.642252871003,5.483985527780199e-15,-4.988281365426043e-19
5035.918362474434,5.543240263999805e-15,-4.988281365426043e-19
5038.195466881014,5.57458077924521e-15,-4.988281365426043e-19
5040.471576484446,5.562286429213251e-15,-4.988281365426043e-19
5042.747686087878,5.625320166467271e-15,-4.988281365426043e-19
5045.023795691309,5.7782941283403356e-15,-4.988281365426043e-19
5047.300900097889,5.779503408671348e-15,-4.988281365426043e-19
5049.577009701321,5.572615698707314e-15,-4.988281365426043e-19
5051.853119304752,5.436017407983375e-15,-4.988281365426043e-19
5054.129228908184,5.478191059527432e-15,-4.988281365426043e-19
5056.405338511616,5.572565312026856e-15,-4.988281365426043e-19
5058.682442918196,5.6173086842743134e-15,-4.988281365426043e-19
5060.958552521627,5.512957869044037e-15,-4.988281365426043e-19
5063.23466212506,5.3521739716998505e-15,-4.988281365426043e-19
5065.510771728491,5.424378084797381e-15,-4.988281365426043e-19
5067.78787613507,5.667141111248115e-15,-4.988281365426043e-19
5070.063985738503,5.758290616198173e-15,-4.988281365426043e-19
5072.340095341934,5.6380176099429e-15,-4.988281365426043e-19
5074.616204945366,5.402056785354111e-15,-4.988281365426043e-19
5076.893309351946,5.1777352839513156e-15,-4.988281365426043e-19
5079.169418955378,5.109914812053705e-15,-4.988281365426043e-19
5081.445528558809,5.172444682503136e-15,-4.988281365426043e-19
5083.721638162241,5.2607221466670394e-15,-4.988281365426043e-19
5085.997747765673,5.345019063074694e-15,-4.988281365426043e-19
5088.274852172252,5.418634003225072e-15,-4.988281365426043e-19
5090.550961775684,5.3858322742463615e-15,-4.988281365426043e-19
5092.827071379116,5.170731535367535e-15,-4.988281365426043e-19
5095.103180982548,5.036511495961254e-15,-4.988281365426043e-19
5097.3802853891275,5.230893231835401e-15,-4.988281365426043e-19
5099.656394992559,5.445893197353309e-15,-4.988281365426043e-19
5101.932504595991,5.398529717721991e-15,-4.988281365426043e-19
5104.208614199422,5.400595571620804e-15,-4.988281365426043e-19
5106.485718606003,5.676513033813461e-15,-4.988281365426043e-19
5108.7618282094345,5.860071710725048e-15,-4.988281365426043e-19
5111.037937812866,5.720198285771283e-15,-4.988281365426043e-19
5113.314047416297,5.556995827765071e-15,-4.988281365426043e-19
5115.59015701973,5.563143002781051e-15,-4.988281365426043e-19
5117.86726142631,5.620432658462762e-15,-4.988281365426043e-19
5120.143371029741,5.624614752940846e-15,-4.988281365426043e-19
5122.4194806331725,5.479400339858444e-15,-4.988281365426043e-19
5124.695590236604,5.23925742079157e-15,-4.988281365426043e-19
5126.972694643185,5.234369912787061e-15,-4.988281365426043e-19
5129.248804246616,5.471086537582734e-15,-4.988281365426043e-19
5131.5249138500485,5.521523604722042e-15,-4.988281365426043e-19
5133.8010234534795,5.3151901482430556e-15,-4.988281365426043e-19
5136.078127860059,5.149166036131148e-15,-4.988281365426043e-19
5138.354237463492,5.12150374855924e-15,-4.988281365426043e-19
5140.630347066923,5.175921363454797e-15,-4.988281365426043e-19
5142.906456670355,5.27165605632661e-15,-4.988281365426043e-19
5145.183561076935,5.368700802890353e-15,-4.988281365426043e-19
5147.459670680367,5.411025614475786e-15,-4.988281365426043e-19
5149.735780283798,5.34169354216441e-15,-4.988281365426043e-19
5152.01188988723,5.238955100708817e-15,-4.988281365426043e-19
5154.287999490662,5.23618383328358e-15,-4.988281365426043e-19
5156.565103897241,5.2995702773008124e-15,-4.988281365426043e-19
5158.841213500673,5.337259514284031e-15,-4.988281365426043e-19
5161.117323104105,5.354290212279122e-15,-4.988281365426043e-19
5163.393432707537,5.376611511722392e-15,-4.988281365426043e-19
5165.670537114116,5.3558018126928876e-15,-4.988281365426043e-19
5167.946646717549,5.249687463646551e-15,-4.988281365426043e-19
5170.22275632098,5.1409530072163555e-15,-4.988281365426043e-19
5172.498865924412,5.1163139204719784e-15,-4.988281365426043e-19
5174.775970330991,5.169623028397441e-15,-4.988281365426043e-19
5177.052079934423,5.272613403255328e-15,-4.988281365426043e-19
5179.328189537855,5.394498783285284e-15,-4.988281365426043e-19
5181.604299141286,5.484237461182494e-15,-4.988281365426043e-19
5183.880408744719,5.407750480245961e-15,-4.988281365426043e-19
5186.157513151298,5.144631234889851e-15,-4.988281365426043e-19
5188.433622754729,4.998963341683319e-15,-4.988281365426043e-19
5190.709732358161,5.105631944214703e-15,-4.988281365426043e-19
5192.985841961593,5.169471868356064e-15,-4.988281365426043e-19
5195.262946368173,5.097267755258534e-15,-4.988281365426043e-19
5197.539055971604,5.199603103270456e-15,-4.988281365426043e-19
5199.815165575037,5.486101768359471e-15,-4.988281365426043e-19
5202.091275178468,5.529585473595458e-15,-4.988281365426043e-19
5204.3683795850475,5.260822920027958e-15,-4.988281365426043e-19
5206.64448918848,5.017591297448956e-15,-4.988281365426043e-19
5208.920598791911,4.9343827333392125e-15,-4.988281365426043e-19
5211.196708395343,4.9691545815238646e-15,-4.988281365426043e-19
5213.472817998774,5.061442825452292e-15,-4.988281365426043e-19
5215.749922405355,5.115910827028308e-15,-4.988281365426043e-19
5218.026032008786,5.149720289616195e-15,-4.988281365426043e-19
5220.302141612218,5.254625358331519e-15,-4.988281365426043e-19
5222.57825121565,5.374847977906332e-15,-4.988281365426043e-19
5224.85535562223,5.3918282892209646e-15,-4.988281365426043e-19
5227.1314652256615,5.296647849834199e-15,-4.988281365426043e-19
5229.407574829093,5.128255563740726e-15,-4.988281365426043e-19
5231.683684432525,4.976450572854306e-15,-4.988281365426043e-19
5233.960788839105,4.937274928797551e-15,-4.988281365426043e-19
5236.2368984425375,4.974974243116862e-15,-4.988281365426043e-19
5238.5130080459685,5.019556377986851e-15,-4.988281365426043e-19
5240.7891176494,5.0592761981925614e-15,-4.988281365426043e-19
5243.065227252831,5.092027540490813e-15,-4.988281365426043e-19
5245.342331659412,5.110720998941047e-15,-4.988281365426043e-19
5247.618441262844,5.1139457464904124e-15,-4.988281365426043e-19
5249.894550866275,5.122914575612088e-15,-4.988281365426043e-19
5252.170660469707,5.146999408871417e-15,-4.988281365426043e-19
5254.447764876287,5.134654672158999e-15,-4.988281365426043e-19
5256.723874479719,5.059175424831644e-15,-4.988281365426043e-19
5258.99998408315,4.979982679154471e-15,-4.988281365426043e-19
5261.2760936865825,4.942706612951014e-15,-4.988281365426043e-19
5263.553198093162,4.95150412735913e-15,-4.988281365426043e-19
5265.829307696593,4.988901121595687e-15,-4.988281365426043e-19
5268.105417300026,4.9893193310434955e-15,-4.988281365426043e-19
5270.381526903457,4.949836328235942e-15,-4.988281365426043e-19
5272.657636506889,4.9814086222114564e-15,-4.988281365426043e-19
5274.934740913469,5.087291192527681e-15,-4.988281365426043e-19
5277.210850516901,5.121856455322452e-15,-4.988281365426043e-19
5279.486960120332,5.078423136766924e-15,-4.988281365426043e-19
5281.763069723763,5.101550623097536e-15,-4.988281365426043e-19
5284.040174130344,5.173250869390478e-15,-4.988281365426043e-19
5286.316283733775,5.1362166592532235e-15,-4.988281365426043e-19
5288.592393337207,5.023395843037815e-15,-4.988281365426043e-19
5290.868502940639,5.001916001158208e-15,-4.988281365426043e-19
5293.145607347218,4.9965447810212945e-15,-4.988281365426043e-19
5295.42171695065,4.802152967811056e-15,-4.988281365426043e-19
5297.697826554082,4.583872829395276e-15,-4.988281365426043e-19
5299.973936157514,4.651930118691044e-15,-4.988281365426043e-19
5302.250045760945,4.856434538669374e-15,-4.988281365426043e-19
5304.527150167526,4.900794972145344e-15,-4.988281365426043e-19
5306.803259770957,4.872150144304488e-15,-4.988281365426043e-19
5309.079369374389,4.9432910984443376e-15,-4.988281365426043e-19
5311.35547897782,4.9677437544710166e-15,-4.988281365426043e-19
5313.6325833844,4.785434667234809e-15,-4.988281365426043e-19
5315.908692987832,4.671389454684251e-15,-4.988281365426043e-19
5318.184802591263,4.871545504138982e-15,-4.988281365426043e-19
5320.460912194696,5.0442609674158245e-15,-4.988281365426043e-19
5322.738016601275,4.894597410448906e-15,-4.988281365426043e-19
5325.014126204707,4.6621132668117766e-15,-4.988281365426043e-19
5327.290235808138,4.567073910130296e-15,-4.988281365426043e-19
5329.566345411571,4.594801700386801e-15,-4.988281365426043e-19
5331.842455015002,4.693514246073731e-15,-4.988281365426043e-19
5334.1195594215815,4.723323006233187e-15,-4.988281365426043e-19
5336.395669025014,4.642926018893047e-15,-4.988281365426043e-19
5338.671778628445,4.674765362274994e-15,-4.988281365426043e-19
5340.947888231877,4.868330833925708e-15,-4.988281365426043e-19
5343.2249926384575,4.936252079184236e-15,-4.988281365426043e-19
5345.501102241889,4.8116206250692736e-15,-4.988281365426043e-19
5347.77721184532,4.758598721222427e-15,-4.988281365426043e-19
5350.053321448752,4.825245183465346e-15,-4.988281365426043e-19
5352.330425855333,4.806239327596268e-15,-4.988281365426043e-19
5354.606535458764,4.686500420153859e-15,-4.988281365426043e-19
5356.8826450621955,4.618725296268662e-15,-4.988281365426043e-19
5359.158754665627,4.635700568915248e-15,-4.988281365426043e-19
5361.434864269059,4.6913929668264135e-15,-4.988281365426043e-19
5363.711968675639,4.723932685066738e-15,-4.988281365426043e-19
5365.9880782790715,4.6539909339218105e-15,-4.988281365426043e-19
5368.2641878825025,4.568026218390968e-15,-4.988281365426043e-19
5370.5402974859335,4.631558783781531e-15,-4.988281365426043e-19
5372.817401892515,4.769819834960612e-15,-4.988281365426043e-19
5375.093511495946,4.819027467096724e-15,-4.988281365426043e-19
5377.369621099378,4.781952947615103e-15,-4.988281365426043e-19
5379.645730702809,4.716006860230562e-15,-4.988281365426043e-19
5381.922835109389,4.640270640832866e-15,-4.988281365426043e-19
5384.198944712821,4.572178080860777e-15,-4.988281365426043e-19
5386.475054316252,4.579902358975119e-15,-4.988281365426043e-19
5388.751163919685,4.711225164255017e-15,-4.988281365426043e-19
5391.027273523116,4.884394107655989e-15,-4.988281365426043e-19
5393.304377929696,4.999356357790898e-15,-4.988281365426043e-19
5395.580487533128,4.964186454830622e-15,-4.988281365426043e-19
5397.85659713656,4.748057827670435e-15,-4.988281365426043e-19
5400.132706739991,4.516913969733512e-15,-4.988281365426043e-19
5402.40981114657,4.41429645631102e-15,-4.988281365426043e-19
5404.685920750003,4.468885385920137e-15,-4.988281365426043e-19
5406.962030353434,4.62819295352688e-15,-4.988281365426043e-19
5409.238139956866,4.640960938355152e-15,-4.988281365426043e-19
5411.515244363446,4.444493193910008e-15,-4.988281365426043e-19
5413.791353966878,4.3964041460800826e-15,-4.988281365426043e-19
5416.067463570309,4.597855133222607e-15,-4.988281365426043e-19
5418.343573173741,4.7088368356012674e-15,-4.988281365426043e-19
5420.619682777173,4.6359424249814504e-15,-4.988281365426043e-19
5422.896787183752,4.614351732404834e-15,-4.988281365426043e-19
5425.172896787184,4.67238207228929e-15,-4.988281365426043e-19
5427.449006390616,4.627935981456539e-15,-4.988281365426043e-19
5429.725115994048,4.485825387890402e-15,-4.988281365426043e-19
5432.002220400627,4.39684754886812e-15,-4.988281365426043e-19
5434.27833000406,4.3992509935260075e-15,-4.988281365426043e-19
5436.554439607491,4.461251803830621e-15,-4.988281365426043e-19
5438.830549210923,4.520536772058503e-15,-4.988281365426043e-19
5441.107653617503,4.494577554286104e-15,-4.988281365426043e-19
5443.383763220934,4.427694274645028e-15,-4.988281365426043e-19
5445.659872824366,4.421622679649737e-15,-4.988281365426043e-19
5447.935982427797,4.4598258607736356e-15,-4.988281365426043e-19
5450.213086834378,4.4841928594435354e-15,-4.988281365426043e-19
5452.489196437809,4.523151840774317e-15,-4.988281365426043e-19
5454.765306041241,4.616326890278821e-15,-4.988281365426043e-19
5457.041415644673,4.666048466555613e-15,-4.988281365426043e-19
5459.317525248105,4.57293388106766e-15,-4.988281365426043e-19
5461.5946296546845,4.4356654474936175e-15,-4.988281365426043e-19
5463.870739258116,4.36729072211096e-15,-4.988281365426043e-19
5466.146848861548,4.3340304743400735e-15,-4.988281365426043e-19
5468.422958464979,4.3004628678183885e-15,-4.988281365426043e-19
5470.70006287156,4.3215345775862795e-15,-4.988281365426043e-19
5472.9761724749915,4.424328444390377e-15,-4.988281365426043e-19
5475.2522820784225,4.531329599012788e-15,-4.988281365426043e-19
5477.528391681854,4.581691086131408e-15,-4.988281365426043e-19
5479.805496088435,4.5817515501479584e-15,-4.988281365426043e-19
5482.081605691867,4.5429084581822315e-15,-4.988281365426043e-19
5484.357715295298,4.477491430942508e-15,-4.988281365426043e-19
5486.6338248987295,4.402672249129164e-15,-4.988281365426043e-19
5488.909934502161,4.336685852400255e-15,-4.988281365426043e-19
5491.187038908741,4.292506810973936e-15,-4.988281365426043e-19
5493.463148512173,4.271288979832715e-15,-4.988281365426043e-19
5495.739258115605,4.2841275060136296e-15,-4.988281365426043e-19
5498.0153677190365,4.360664873630621e-15,-4.988281365426043e-19
5500.292472125616,4.463070762995186e-15,-4.988281365426043e-19
5502.568581729049,4.4861125919690175e-15,-4.988281365426043e-19
5504.84469133248,4.446029987664003e-15,-4.988281365426043e-19
5507.120800935912,4.451129119726438e-15,-4.988281365426043e-19
5509.397905342492,4.505672701323142e-15,-4.988281365426043e-19
5511.674014945923,4.5593294773437704e-15,-4.988281365426043e-19
5513.950124549355,4.527464940621595e-15,-4.988281365426043e-19
5516.226234152786,4.307884825849977e-15,-4.988281365426043e-19
5518.502343756219,4.090849238441531e-15,-4.988281365426043e-19
5520.779448162798,4.167573036776221e-15,-4.988281365426043e-19
5523.05555776623,4.348234479561423e-15,-4.988281365426043e-19
5525.331667369662,4.314797878408931e-15,-4.988281365426043e-19
5527.607776973094,4.216191144750964e-15,-4.988281365426043e-19
5529.884881379673,4.283905804619611e-15,-4.988281365426043e-19
5532.160990983105,4.410124439169027e-15,-4.988281365426043e-19
5534.437100586537,4.44993999406761e-15,-4.988281365426043e-19
5536.713210189968,4.452983349567324e-15,-4.988281365426043e-19
5538.990314596548,4.4756573557738066e-15,-4.988281365426043e-19
5541.26642419998,4.4702559036286175e-15,-4.988281365426043e-19
5543.542533803412,4.400132760434038e-15,-4.988281365426043e-19
5545.818643406843,4.293519583251159e-15,-4.988281365426043e-19
5548.094753010276,4.186634317993803e-15,-4.988281365426043e-19
5550.371857416855,4.121590152189475e-15,-4.988281365426043e-19
5552.647967020286,4.1214389921480986e-15,-4.988281365426043e-19
5554.924076623718,4.1650436254171864e-15,-4.988281365426043e-19
5557.20018622715,4.221713524929253e-15,-4.988281365426043e-19
5559.47729063373,4.250544783487807e-15,-4.988281365426043e-19
5561.753400237161,4.236179540888989e-15,-4.988281365426043e-19
5564.029509840593,4.204773522958989e-15,-4.988281365426043e-19
5566.305619444025,4.182835162287206e-15,-4.988281365426043e-19
5568.582723850604,4.201382499364108e-15,-4.988281365426043e-19
5570.858833454037,4.23544389535429e-15,-4.988281365426043e-19
5573.134943057468,4.191798952740835e-15,-4.988281365426043e-19
5575.4110526609,4.095313498330185e-15,-4.988281365426043e-19
5577.687162264331,4.079094025890482e-15,-4.988281365426043e-19
5579.9642666709115,4.123746702113114e-15,-4.988281365426043e-19
5582.240376274343,4.097470048253824e-15,-4.988281365426043e-19
5584.516485877774,4.070236047465816e-15,-4.988281365426043e-19
5586.792595481207,4.221028266075013e-15,-4.988281365426043e-19
5589.069699887787,4.415339460596518e-15,-4.988281365426043e-19
5591.3458094912185,4.390786031208921e-15,-4.988281365426043e-19
5593.62191909465,4.2484285429085354e-15,-4.988281365426043e-19
5595.898028698082,4.209625760287176e-15,-4.988281365426043e-19
5598.175133104662,4.218922102831833e-15,-4.988281365426043e-19
5600.451242708094,4.160004957371301e-15,-4.988281365426043e-19
5602.7273523115255,4.098543284547598e-15,-4.988281365426043e-19
5605.0034619149565,4.119478950278249e-15,-4.988281365426043e-19
5607.279571518388,4.230757934071617e-15,-4.988281365426043e-19
5609.556675924969,4.401669554188032e-15,-4.988281365426043e-19
5611.832785528401,4.42514470861381e-15,-4.988281365426043e-19
5614.108895131832,4.169905940081465e-15,-4.988281365426043e-19
5616.385004735264,3.9508951947990326e-15,-4.988281365426043e-19
5618.662109141844,4.001508615319946e-15,-4.988281365426043e-19
5620.938218745275,4.092708506950463e-15,-4.988281365426043e-19
5623.214328348707,4.057669609359379e-15,-4.988281365426043e-19
5625.490437952139,3.996908311394053e-15,-4.988281365426043e-19
5627.767542358719,3.9801748948136695e-15,-4.988281365426043e-19
5630.04365196215,3.995532755017527e-15,-4.988281365426043e-19
5632.319761565583,4.036028530102303e-15,-4.988281365426043e-19
5634.595871169014,4.100805646500199e-15,-4.988281365426043e-19
5636.871980772446,4.166182364395556e-15,-4.988281365426043e-19
5639.149085179026,4.174632210708505e-15,-4.988281365426043e-19
5641.425194782457,4.1280900339686665e-15,-4.988281365426043e-19
5643.701304385889,4.111794981508275e-15,-4.988281365426043e-19
5645.97741398932,4.1008106851682454e-15,-4.988281365426043e-19
5648.254518395901,3.948940191597229e-15,-4.988281365426043e-19
5650.530627999332,3.754644113079862e-15,-4.988281365426043e-19
5652.806737602764,3.810815184455386e-15,-4.988281365426043e-19
5655.082847206196,4.0231547332450675e-15,-4.988281365426043e-19
5657.359951612775,4.056016926240329e-15,-4.988281365426043e-19
5659.636061216207,3.950461869347086e-15,-4.988281365426043e-19
5661.912170819639,3.9300905344375736e-15,-4.988281365426043e-19
5664.188280423071,3.9808651923359556e-15,-4.988281365426043e-19
5666.464390026502,4.003418270509336e-15,-4.988281365426043e-19
5668.741494433082,3.9783156263047376e-15,-4.988281365426043e-19
5671.017604036514,3.910883131846661e-15,-4.988281365426043e-19
5673.293713639945,3.845602148644176e-15,-4.988281365426043e-19
5675.569823243377,3.8325570370733795e-15,-4.988281365426043e-19
5677.846927649957,3.8512303408514294e-15,-4.988281365426043e-19
5680.123037253389,3.8690369937255865e-15,-4.988281365426043e-19
5682.39914685682,3.899969376859274e-15,-4.988281365426043e-19
5684.675256460253,3.952260673839467e-15,-4.988281365426043e-19
5686.952360866832,3.968797582366061e-15,-4.988281365426043e-19
5689.228470470263,3.912823019044326e-15,-4.988281365426043e-19
5691.504580073695,3.8588740002770365e-15,-4.988281365426043e-19
5693.780689677127,3.853316349422425e-15,-4.988281365426043e-19
5696.056799280559,3.80340330375989e-15,-4.988281365426043e-19
5698.333903687138,3.684269036482987e-15,-4.988281365426043e-19
5700.610013290571,3.669379772407397e-15,-4.988281365426043e-19
5702.886122894002,3.816599575372062e-15,-4.988281365426043e-19
5705.162232497434,3.943473236767444e-15,-4.988281365426043e-19
5707.439336904014,3.947363088498867e-15,-4.988281365426043e-19
5709.715446507445,3.8567174503533976e-15,-4.988281365426043e-19
5711.991556110877,3.733809220710128e-15,-4.988281365426043e-19
5714.267665714308,3.694462261939812e-15,-4.988281365426043e-19
5716.54477012089,3.752029044364048e-15,-4.988281365426043e-19
5718.820879724321,3.800793273712122e-15,-4.988281365426043e-19
5721.096989327752,3.803821513207699e-15,-4.988281365426043e-19
5723.373098931184,3.7871838313201866e-15,-4.988281365426043e-19
5725.650203337764,3.751479829547046e-15,-4.988281365426043e-19
5727.926312941196,3.674020385677657e-15,-4.988281365426043e-19
5730.202422544628,3.653694398780558e-15,-4.988281365426043e-19
5732.4785321480595,3.85672752768949e-15,-4.988281365426043e-19
5734.75464175149,4.08924694200294e-15,-4.988281365426043e-19
5737.031746158072,4.009333666795205e-15,-4.988281365426043e-19
5739.307855761503,3.772874014069873e-15,-4.988281365426043e-19
5741.583965364935,3.703350472372754e-15,-4.988281365426043e-19
5743.860074968366,3.766726839053894e-15,-4.988281365426043e-19
5746.137179374946,3.833650428039337e-15,-4.988281365426043e-19
5748.413288978378,3.921827118842323e-15,-4.988281365426043e-19
5750.689398581809,4.0601385567018625e-15,-4.988281365426043e-19
5752.965508185242,4.167910627535295e-15,-4.988281365426043e-19
5755.242612591821,4.171876059287406e-15,-4.988281365426043e-19
5757.518722195252,4.123000979242323e-15,-4.988281365426043e-19
5759.794831798684,4.08232885077594e-15,-4.988281365426043e-19
5762.070941402116,4.054883225930005e-15,-4.988281365426043e-19
5764.347051005548,4.0473756105416365e-15,-4.988281365426043e-19
5766.624155412127,4.097177805507162e-15,-4.988281365426043e-19
5768.90026501556,4.208461827968576e-15,-4.988281365426043e-19
5771.176374618991,4.292204490891183e-15,-4.988281365426043e-19
5773.452484222423,4.307053445622406e-15,-4.988281365426043e-19
5775.729588629003,4.340369118741797e-15,-4.988281365426043e-19
5778.005698232434,4.41612045414363e-15,-4.988281365426043e-19
5780.281807835866,4.422403673196849e-15,-4.988281365426043e-19
5782.557917439297,4.359067615860076e-15,-4.988281365426043e-19
5784.835021845878,4.40439043493281e-15,-4.988281365426043e-19
5787.111131449309,4.553756710485022e-15,-4.988281365426043e-19
5789.387241052741,4.574949348286014e-15,-4.988281365426043e-19
5791.663350656173,4.460294456901903e-15,-4.988281365426043e-19
5793.939460259605,4.4191537323072534e-15,-4.988281365426043e-19
5796.216564666184,4.486853276171762e-15,-4.988281365426043e-19
5798.492674269616,4.564055747970811e-15,-4.988281365426043e-19
5800.768783873048,4.643969023178545e-15,-4.988281365426043e-19
5803.044893476479,4.772938770481015e-15,-4.988281365426043e-19
5805.32199788306,4.880534487932841e-15,-4.988281365426043e-19
5807.598107486491,4.8489319619490506e-15,-4.988281365426043e-19
5809.874217089923,4.718536271589596e-15,-4.988281365426043e-19
5812.150326693354,4.592932354541777e-15,-4.988281365426043e-19
5814.427431099934,4.5415580951459345e-15,-4.988281365426043e-19
5816.703540703366,4.609786699155262e-15,-4.988281365426043e-19
5818.979650306797,4.698996316907654e-15,-4.988281365426043e-19
5821.25575991023,4.68724614302465e-15,-4.988281365426043e-19
5823.531869513661,4.589823496357466e-15,-4.988281365426043e-19
5825.808973920241,4.462320001456349e-15,-4.988281365426043e-19
5828.085083523672,4.453371327006857e-15,-4.988281365426043e-19
5830.361193127105,4.660243920966753e-15,-4.988281365426043e-19
5832.637302730536,4.812250458575009e-15,-4.988281365426043e-19
5834.914407137116,4.709174426360342e-15,-4.988281365426043e-19
5837.190516740548,4.656409494583835e-15,-4.988281365426043e-19
5839.466626343979,4.8431123003560535e-15,-4.988281365426043e-19
5841.742735947411,4.92312131025666e-15,-4.988281365426043e-19
5844.019840353992,4.7259582296211846e-15,-4.988281365426043e-19
5846.2959499574235,4.6141249923427686e-15,-4.988281365426043e-19
5848.5720595608545,4.736942525961213e-15,-4.988281365426043e-19
5850.8481691642855,4.767109031551926e-15,-4.988281365426043e-19
5853.124278767718,4.585611169871106e-15,-4.988281365426043e-19
5855.401383174298,4.419405665709547e-15,-4.988281365426043e-19
5857.67749277773,4.3832481838122775e-15,-4.988281365426043e-19
5859.9536023811615,4.4537744204505285e-15,-4.988281365426043e-19
5862.229711984593,4.577639997022516e-15,-4.988281365426043e-19
5864.506816391173,4.6557242357295945e-15,-4.988281365426043e-19
5866.782925994605,4.661831101401207e-15,-4.988281365426043e-19
5869.059035598037,4.642613621474202e-15,-4.988281365426043e-19
5871.335145201468,4.606924735705199e-15,-4.988281365426043e-19
5873.612249608049,4.5382073808954215e-15,-4.988281365426043e-19
5875.88835921148,4.4595890433754795e-15,-4.988281365426043e-19
5878.164468814912,4.4153747312728394e-15,-4.988281365426043e-19
5880.440578418343,4.377297516850087e-15,-4.988281365426043e-19
5882.716688021776,4.2866720333768015e-15,-4.988281365426043e-19
5884.993792428355,4.192151659504047e-15,-4.988281365426043e-19
5887.269902031786,4.174027570542999e-15,-4.988281365426043e-19
5889.546011635219,4.222000729007869e-15,-4.988281365426043e-19
5891.82212123865,4.295630785162385e-15,-4.988281365426043e-19
5894.09922564523,4.346163586994564e-15,-4.988281365426043e-19
5896.375335248662,4.332690188639869e-15,-4.988281365426043e-19
5898.651444852094,4.248418465572443e-15,-4.988281365426043e-19
5900.927554455525,4.116712721521058e-15,-4.988281365426043e-19
5903.204658862104,4.110605855849446e-15,-4.988281365426043e-19
5905.480768465537,4.338968369025041e-15,-4.988281365426043e-19
5907.756878068968,4.520083291934373e-15,-4.988281365426043e-19
5910.0329876724,4.449320237897966e-15,-4.988281365426043e-19
5912.309097275831,4.357722291491825e-15,-4.988281365426043e-19
5914.586201682412,4.4113034874917646e-15,-4.988281365426043e-19
5916.862311285843,4.505239375871197e-15,-4.988281365426043e-19
5919.138420889275,4.5494133786294694e-15,-4.988281365426043e-19
5921.414530492707,4.49185163487328e-15,-4.988281365426043e-19
5923.691634899286,4.35223014332181e-15,-4.988281365426043e-19
5925.967744502718,4.3059449386523114e-15,-4.988281365426043e-19
5928.24385410615,4.376672722012397e-15,-4.988281365426043e-19
5930.519963709582,4.3365195763547406e-15,-4.988281365426043e-19
5932.797068116161,4.1711555297568444e-15,-4.988281365426043e-19
5935.073177719594,4.1374065311855074e-15,-4.988281365426043e-19
5937.349287323025,4.247743284054295e-15,-4.988281365426043e-19
5939.625396926457,4.2686033697642585e-15,-4.988281365426043e-19
5941.901506529888,4.2234921747494506e-15,-4.988281365426043e-19
5944.178610936468,4.3414675483758e-15,-4.988281365426043e-19
5946.4547205399,4.527943614085954e-15,-4.988281365426043e-19
5948.730830143331,4.487604037710599e-15,-4.988281365426043e-19
5951.006939746764,4.318047819298527e-15,-4.988281365426043e-19
5953.2840441533435,4.309980911757065e-15,-4.988281365426043e-19
5955.5601537567745,4.409066318879392e-15,-4.988281365426043e-19
5957.836263360207,4.429231068399023e-15,-4.988281365426043e-19
5960.112372963638,4.380915280507033e-15,-4.988281365426043e-19
5962.389477370219,4.331103008205415e-15,-4.988281365426043e-19
5964.6655869736505,4.308323189969969e-15,-4.988281365426043e-19
5966.941696577082,4.3280999620500675e-15,-4.988281365426043e-19
5969.217806180513,4.327510437888699e-15,-4.988281365426043e-19
5971.493915783945,4.24569254615962e-15,-4.988281365426043e-19
5973.771020190526,4.143861064952286e-15,-4.988281365426043e-19
5976.047129793957,4.09423018470032e-15,-4.988281365426043e-19
5978.3232393973885,4.14291379535966e-15,-4.988281365426043e-19
5980.59934900082,4.289745620884791e-15,-4.988281365426043e-19
5982.876453407401,4.356593629849546e-15,-4.988281365426043e-19
5985.152563010832,4.238527560198371e-15,-4.988281365426043e-19
5987.428672614264,4.122431609753138e-15,-4.988281365426043e-19
5989.7047822176955,4.131370206866537e-15,-4.988281365426043e-19
5991.981886624275,4.1714578498395975e-15,-4.988281365426043e-19
5994.257996227707,4.18229098613825e-15,-4.988281365426043e-19
5996.534105831139,4.183606078498226e-15,-4.988281365426043e-19
5998.810215434571,4.186599047317482e-15,-4.988281365426043e-19
6001.08731984115,4.198056978453824e-15,-4.988281365426043e-19
6003.363429444583,4.211253250065996e-15,-4.988281365426043e-19
6005.639539048014,4.191642754031413e-15,-4.988281365426043e-19
6007.915648651446,4.157470507344221e-15,-4.988281365426043e-19
6010.191758254877,4.192484211595075e-15,-4.988281365426043e-19
6012.468862661457,4.266179770434188e-15,-4.988281365426043e-19
6014.744972264889,4.242880969390016e-15,-4.988281365426043e-19
6017.02108186832,4.146259470942128e-15,-4.988281365426043e-19
6019.297191471753,4.114082536801106e-15,-4.988281365426043e-19
6021.574295878332,4.134206976976371e-15,-4.988281365426043e-19
6023.850405481764,4.1126868257523966e-15,-4.988281365426043e-19
6026.126515085196,4.052580554633035e-15,-4.988281365426043e-19
6028.402624688628,3.998873391931948e-15,-4.988281365426043e-19
6030.679729095207,3.975932336319034e-15,-4.988281365426043e-19
6032.955838698639,3.996893195389915e-15,-4.988281365426043e-19
6035.231948302071,4.0754561075613525e-15,-4.988281365426043e-19
6037.508057905502,4.213162905255387e-15,-4.988281365426043e-19
6039.784167508934,4.286803038745995e-15,-4.988281365426043e-19
6042.061271915514,4.178088736987982e-15,-4.988281365426043e-19
6044.337381518945,3.997124974120026e-15,-4.988281365426043e-19
6046.613491122377,3.884878566061848e-15,-4.988281365426043e-19
6048.889600725809,3.890461410256689e-15,-4.988281365426043e-19
6051.166705132389,4.0209729899812e-15,-4.988281365426043e-19
6053.44281473582,4.186644395329895e-15,-4.988281365426043e-19
6055.718924339252,4.289982438282948e-15,-4.988281365426043e-19
6057.995033942684,4.2577752721336514e-15,-4.988281365426043e-19
6060.2721383492635,4.079754091404493e-15,-4.988281365426043e-19
6062.548247952695,3.904181703345633e-15,-4.988281365426043e-19
6064.824357556127,3.833857013429218e-15,-4.988281365426043e-19
6067.100467159559,3.838467394691203e-15,-4.988281365426043e-19
6069.37657676299,3.87588958226799e-15,-4.988281365426043e-19
6071.653681169571,3.8856998689533276e-15,-4.988281365426043e-19
6073.929790773002,3.8585716801942834e-15,-4.988281365426043e-19
6076.205900376434,3.8752698260983464e-15,-4.988281365426043e-19
6078.482009979865,3.950648300064784e-15,-4.988281365426043e-19
6080.759114386446,4.015102941707744e-15,-4.988281365426043e-19
6083.0352239898775,4.048741089582071e-15,-4.988281365426043e-19
6085.3113335933085,4.083286197704658e-15,-4.988281365426043e-19
6087.587443196741,4.096416966632234e-15,-4.988281365426043e-19
6089.864547603321,4.024439593596768e-15,-4.988281365426043e-19
6092.140657206753,3.909719199528061e-15,-4.988281365426043e-19
6094.4167668101845,3.8584557908292285e-15,-4.988281365426043e-19
6096.692876413616,3.886702563894459e-15,-4.988281365426043e-19
6098.968986017047,3.96341124622501e-15,-4.988281365426043e-19
6101.246090423628,4.023315970622536e-15,-4.988281365426043e-19
6103.52220002706,3.989828982789585e-15,-4.988281365426043e-19
6105.798309630491,3.923711580691484e-15,-4.988281365426043e-19
6108.0744192339225,3.924699159628477e-15,-4.988281365426043e-19
6110.351523640503,3.963743798316039e-15,-4.988281365426043e-19
6112.627633243935,3.981757036580077e-15,-4.988281365426043e-19
6114.903742847366,3.92375189003585e-15,-4.988281365426043e-19
6117.1798524507985,3.761385850925256e-15,-4.988281365426043e-19
6119.456956857378,3.6529637919139046e-15,-4.988281365426043e-19
6121.733066460809,3.736192510695831e-15,-4.988281365426043e-19
6124.009176064241,3.8833065016315326e-15,-4.988281365426043e-19
6126.285285667673,3.9624035126158336e-15,-4.988281365426043e-19
6128.561395271105,3.9891034145909774e-15,-4.988281365426043e-19
6130.838499677684,3.976416048451439e-15,-4.988281365426043e-19
6133.114609281117,3.871359819694739e-15,-4.988281365426043e-19
6135.390718884548,3.6852767700921646e-15,-4.988281365426043e-19
6137.666828487979,3.594298579855667e-15,-4.988281365426043e-19
6139.94393289456,3.670926643497484e-15,-4.988281365426043e-19
6142.220042497991,3.755757658718002e-15,-4.988281365426043e-19
6144.496152101423,3.769986857279581e-15,-4.988281365426043e-19
6146.772261704854,3.785460606848494e-15,-4.988281365426043e-19
6149.049366111434,3.821844828807828e-15,-4.988281365426043e-19
6151.325475714866,3.835000791075634e-15,-4.988281365426043e-19
6153.601585318297,3.8064869686039716e-15,-4.988281365426043e-19
6155.87769492173,3.7389839327932515e-15,-4.988281365426043e-19
6158.153804525161,3.659730723099528e-15,-4.988281365426043e-19
6160.430908931741,3.61515866556563e-15,-4.988281365426043e-19
6162.707018535173,3.627891379717581e-15,-4.988281365426043e-19
6164.983128138605,3.709411990031953e-15,-4.988281365426043e-19
6167.259237742036,3.765658641428166e-15,-4.988281365426043e-19
6169.536342148616,3.6396264375964475e-15,-4.988281365426043e-19
6171.812451752048,3.465021473802398e-15,-4.988281365426043e-19
6174.088561355479,3.5050133820825864e-15,-4.988281365426043e-19
6176.364670958911,3.652953714577813e-15,-4.988281365426043e-19
6178.641775365491,3.673844032296051e-15,-4.988281365426043e-19
6180.917884968923,3.6341695601027536e-15,-4.988281365426043e-19
6183.193994572354,3.6737029495907666e-15,-4.988281365426043e-19
6185.470104175787,3.707467064166241e-15,-4.988281365426043e-19
6187.746213779218,3.627835954369076e-15,-4.988281365426043e-19
6190.0233181857975,3.5537221860821555e-15,-4.988281365426043e-19
6192.299427789229,3.607056487347847e-15,-4.988281365426043e-19
6194.575537392661,3.68869802569532e-15,-4.988281365426043e-19
6196.851646996093,3.695454879544852e-15,-4.988281365426043e-19
6199.128751402673,3.645642607243234e-15,-4.988281365426043e-19
6201.404861006105,3.5757814747870395e-15,-4.988281365426043e-19
6203.680970609536,3.548718788712592e-15,-4.988281365426043e-19
6205.957080212968,3.594354005204171e-15,-4.988281365426043e-19
6208.234184619549,3.632708346369448e-15,-4.988281365426043e-19
6210.51029422298,3.614790842798281e-15,-4.988281365426043e-19
6212.7864038264115,3.580391856049024e-15,-4.988281365426043e-19
6215.0625134298425,3.559184102243895e-15,-4.988281365426043e-19
6217.338623033275,3.557672501830129e-15,-4.988281365426043e-19
6219.615727439855,3.5777314393207975e-15,-4.988281365426043e-19
6221.891837043287,3.614876500155061e-15,-4.988281365426043e-19
6224.1679466467185,3.644644950970149e-15,-4.988281365426043e-19
6226.4440562501495,3.6160051617973386e-15,-4.988281365426043e-19
6228.72116065673,3.540798002544461e-15,-4.988281365426043e-19
6230.997270260162,3.4987100083571845e-15,-4.988281365426043e-19
6233.273379863594,3.4906179074754935e-15,-4.988281365426043e-19
6235.549489467025,3.449280674827054e-15,-4.988281365426043e-19
6237.826593873605,3.408240723593321e-15,-4.988281365426043e-19
6240.102703477037,3.4630160839201357e-15,-4.988281365426043e-19
6242.378813080468,3.570873812110348e-15,-4.988281365426043e-19
6244.6549226839,3.623190302430771e-15,-4.988281365426043e-19
6246.931032287332,3.5945454745899154e-15,-4.988281365426043e-19
6249.208136693912,3.496724773147106e-15,-4.988281365426043e-19
6251.484246297343,3.42973064280902e-15,-4.988281365426043e-19
6253.760355900776,3.5106969996383445e-15,-4.988281365426043e-19
6256.036465504207,3.6322498275772715e-15,-4.988281365426043e-19
6258.313569910786,3.6431887759048875e-15,-4.988281365426043e-19
6260.589679514218,3.604451495968125e-15,-4.988281365426043e-19
6262.86578911765,3.607111912696352e-15,-4.988281365426043e-19
6265.141898721082,3.631821540793371e-15,-4.988281365426043e-19
6267.419003127661,3.646534451487355e-15,-4.988281365426043e-19
6269.695112731094,3.627956882402178e-15,-4.988281365426043e-19
6271.971222334525,3.567623871220752e-15,-4.988281365426043e-19
6274.247331937957,3.514531426021263e-15,-4.988281365426043e-19
6276.523441541388,3.5106969996383445e-15,-4.988281365426043e-19
6278.800545947968,3.564021223567944e-15,-4.988281365426043e-19
6281.0766555514,3.654112608228366e-15,-4.988281365426043e-19
6283.352765154831,3.68949413524657e-15,-4.988281365426043e-19
6285.628874758264,3.639540780239668e-15,-4.988281365426043e-19
6287.905979164843,3.620776780436792e-15,-4.988281365426043e-19
6290.182088768275,3.662239979786379e-15,-4.988281365426043e-19
6292.458198371707,3.627730142340113e-15,-4.988281365426043e-19
6294.734307975139,3.500831287604502e-15,-4.988281365426043e-19
6297.011412381718,3.431927502077026e-15,-4.988281365426043e-19
6299.28752198515,3.458335161305509e-15,-4.988281365426043e-19
6301.563631588582,3.494663957916339e-15,-4.988281365426043e-19
6303.839741192013,3.5055625968995877e-15,-4.988281365426043e-19
6306.116845598594,3.4908345702014663e-15,-4.988281365426043e-19
6308.392955202025,3.4783940987961767e-15,-4.988281365426043e-19
6310.669064805457,3.528276912450437e-15,-4.988281365426043e-19
6312.945174408888,3.567966500647873e-15,-4.988281365426043e-19
6315.221284012321,3.4456226018257413e-15,-4.988281365426043e-19
6317.4983884189005,3.2691079828423017e-15,-4.988281365426043e-19
6319.7744980223315,3.2628146864529917e-15,-4.988281365426043e-19
6322.050607625764,3.344078324697023e-15,-4.988281365426043e-19
6324.326717229195,3.3227395655227005e-15,-4.988281365426043e-19
6326.603821635776,3.26542471650076e-15,-4.988281365426043e-19
6328.879931239207,3.2996271951962264e-15,-4.988281365426043e-19
6331.1560408426385,3.334449430061337e-15,-4.988281365426043e-19
6333.43215044607,3.256269456661387e-15,-4.988281365426043e-19
6335.70925485265,3.1883885207472256e-15,-4.988281365426043e-19
6337.985364456083,3.258370581236521e-15,-4.988281365426043e-19
6340.261474059514,3.347580198988913e-15,-4.988281365426043e-19
6342.5375836629455,3.3420376641384394e-15,-4.988281365426043e-19
6344.8136932663765,3.3267604226233167e-15,-4.988281365426043e-19
6347.090797672957,3.3689139194951896e-15,-4.988281365426043e-19
6349.366907276389,3.3928072833687758e-15,-4.988281365426043e-19
6351.64301687982,3.35024061571714e-15,-4.988281365426043e-19
6353.9191264832525,3.3007256248302295e-15,-4.988281365426043e-19
6356.196230889832,3.2751090364849504e-15,-4.988281365426043e-19
6358.472340493264,3.2177639554547347e-15,-4.988281365426043e-19
6360.748450096696,3.127148549317541e-15,-4.988281365426043e-19
6363.024559700128,3.108046958755591e-15,-4.988281365426043e-19
6365.301664106707,3.192459764528301e-15,-4.988281365426043e-19
6367.577773710139,3.3020407171902054e-15,-4.988281365426043e-19
6369.853883313571,3.3870531244603753e-15,-4.988281365426043e-19
6372.129992917002,3.4322650928361003e-15,-4.988281365426043e-19
6374.406102520434,3.4471795502519198e-15,-4.988281365426043e-19
6376.683206927014,3.4704632352919537e-15,-4.988281365426043e-19
6378.959316530446,3.5161689931361756e-15,-4.988281365426043e-19
6381.235426133877,3.580437204061438e-15,-4.988281365426043e-19
6383.51153573731,3.6358172045537584e-15,-4.988281365426043e-19
6385.788640143889,3.633847085347818e-15,-4.988281365426043e-19
6388.06474974732,3.64126400471136e-15,-4.988281365426043e-19
6390.340859350753,3.781737031162585e-15,-4.988281365426043e-19
6392.616968954184,3.9810113137092864e-15,-4.988281365426043e-19
6394.894073360764,4.088727959194213e-15,-4.988281365426043e-19
6397.170182964196,4.086591563942758e-15,-4.988281365426043e-19
6399.446292567628,4.008245314497294e-15,-4.988281365426043e-19
6401.722402171059,3.9693518358511085e-15,-4.988281365426043e-19
6403.998511774491,4.089040356613059e-15,-4.988281365426043e-19
6406.275616181071,4.2637511324360716e-15,-4.988281365426043e-19
6408.551725784502,4.361617181891294e-15,-4.988281365426043e-19
6410.827835387934,4.4475365494097225e-15,-4.988281365426043e-19
6413.103944991365,4.5941365962047436e-15,-4.988281365426043e-19
6415.381049397946,4.746188481825412e-15,-4.988281365426043e-19
6417.657159001377,4.850236976972935e-15,-4.988281365426043e-19
6419.933268604808,4.90342011819725e-15,-4.988281365426043e-19
6422.209378208241,4.924718568027205e-15,-4.988281365426043e-19
6424.4864826148205,4.99674632774313e-15,-4.988281365426043e-19
6426.762592218252,5.154255090857492e-15,-4.988281365426043e-19
6429.038701821684,5.292516142036573e-15,-4.988281365426043e-19
6431.314811425116,5.350158504481496e-15,-4.988281365426043e-19
6433.590921028547,5.366433402269704e-15,-4.988281365426043e-19
6435.8680254351275,5.388553154991139e-15,-4.988281365426043e-19
6438.144135038559,5.486202541720388e-15,-4.988281365426043e-19
6440.42024464199,5.636455622848676e-15,-4.988281365426043e-19
6442.696354245422,5.6760595536893315e-15,-4.988281365426043e-19
6444.973458652003,5.587177449359922e-15,-4.988281365426043e-19
6447.2495682554345,5.516938416800287e-15,-4.988281365426043e-19
6449.5256778588655,5.5331125412275765e-15,-4.988281365426043e-19
6451.801787462298,5.629552647625814e-15,-4.988281365426043e-19
6454.078891868878,5.79779377367791e-15,-4.988281365426043e-19
6456.355001472309,6.02806090337485e-15,-4.988281365426043e-19
6458.6311110757415,6.2178675286633334e-15,-4.988281365426043e-19
6460.9072206791725,6.213181567380661e-15,-4.988281365426043e-19
6463.183330282604,6.1339233190188916e-15,-4.988281365426043e-19
6465.460434689185,6.2229061967092185e-15,-4.988281365426043e-19
6467.736544292617,6.422487838006719e-15,-4.988281365426043e-19
6470.012653896048,6.567551091047745e-15,-4.988281365426043e-19
6472.2887634994795,6.5734967193418895e-15,-4.988281365426043e-19
6474.56586790606,6.397193724416377e-15,-4.988281365426043e-19
6476.841977509491,6.253138204984528e-15,-4.988281365426043e-19
6479.118087112923,6.373612757961636e-15,-4.988281365426043e-19
6481.394196716355,6.521799985191111e-15,-4.988281365426043e-19
6483.671301122935,6.440576656291446e-15,-4.988281365426043e-19
6485.947410726366,6.3823296536810165e-15,-4.988281365426043e-19
6488.223520329798,6.568861144739676e-15,-4.988281365426043e-19
6490.49962993323,6.705862528907286e-15,-4.988281365426043e-19
6492.775739536662,6.578132293944103e-15,-4.988281365426043e-19
6495.052843943241,6.468944357389778e-15,-4.988281365426043e-19
6497.328953546673,6.566996837562698e-15,-4.988281365426043e-19
6499.605063150105,6.672506546443528e-15,-4.988281365426043e-19
6501.881172753536,6.659053302761015e-15,-4.988281365426043e-19
6504.158277160117,6.607507728651612e-15,-4.988281365426043e-19
6506.434386763548,6.581457814854387e-15,-4.988281365426043e-19
6508.71049636698,6.611135569644649e-15,-4.988281365426043e-19
6510.986605970411,6.701277340985531e-15,-4.988281365426043e-19
6513.263710376991,6.813841185130599e-15,-4.988281365426043e-19
6515.539819980423,6.90262251609909e-15,-4.988281365426043e-19
6517.815929583854,6.909475104641494e-15,-4.988281365426043e-19
6520.092039187287,6.852890862486207e-15,-4.988281365426043e-19
6522.368148790718,6.8368678981002926e-15,-4.988281365426043e-19
6524.645253197297,6.856720250201079e-15,-4.988281365426043e-19
6526.92136280073,6.815201625502988e-15,-4.988281365426043e-19
6529.197472404161,6.728083054989638e-15,-4.988281365426043e-19
6531.473582007593,6.683843549546769e-15,-4.988281365426043e-19
6533.750686414173,6.674169306898669e-15,-4.988281365426043e-19
6536.026796017605,6.6420729914463825e-15,-4.988281365426043e-19
6538.302905621036,6.595162991939194e-15,-4.988281365426043e-19
6540.579015224468,6.565989103953521e-15,-4.988281365426043e-19
6542.856119631048,6.557776075038729e-15,-4.988281365426043e-19
6545.132229234479,6.565233303746638e-15,-4.988281365426043e-19
6547.408338837911,6.5840779222382475e-15,-4.988281365426043e-19
6549.684448441343,6.60851546226079e-15,-4.988281365426043e-19
6551.960558044775,6.676940574323907e-15,-4.988281365426043e-19
6554.2376624513545,6.817469026123636e-15,-4.988281365426043e-19
6556.513772054786,6.87551448201223e-15,-4.988281365426043e-19
6558.789881658218,6.729997748847074e-15,-4.988281365426043e-19
6561.06599126165,6.652452647620906e-15,-4.988281365426043e-19
6563.34309566823,6.835205137645151e-15,-4.988281365426043e-19
6565.6192052716615,6.8670495196951434e-15,-4.988281365426043e-19
6567.895314875093,6.506331274290244e-15,-4.988281365426043e-19
6570.171424478524,6.294807989723996e-15,-4.988281365426043e-19
6572.448528885106,6.518272917558991e-15,-4.988281365426043e-19
6574.724638488537,6.638545923814264e-15,-4.988281365426043e-19
6577.0007480919685,6.384093187497076e-15,-4.988281365426043e-19
6579.2768576953995,6.1089819121917614e-15,-4.988281365426043e-19
6581.55396210198,6.030983330841463e-15,-4.988281365426043e-19
6583.830071705412,6.145461868843968e-15,-4.988281365426043e-19
6586.106181308843,6.339249041888701e-15,-4.988281365426043e-19
6588.3822909122755,6.313148741411017e-15,-4.988281365426043e-19
6590.6584005157065,6.058796778454748e-15,-4.988281365426043e-19
6592.935504922287,5.917714073169971e-15,-4.988281365426043e-19
6595.211614525719,5.974247928644799e-15,-4.988281365426043e-19
6597.487724129151,6.084594758849678e-15,-4.988281365426043e-19
6599.763833732582,6.1554384315748196e-15,-4.988281365426043e-19
6602.040938139162,6.113919806876728e-15,-4.988281365426043e-19
6604.317047742594,6.025642342712825e-15,-4.988281365426043e-19
6606.593157346025,6.043176907512504e-15,-4.988281365426043e-19
6608.869266949457,6.1372488399291756e-15,-4.988281365426043e-19
6611.146371356037,6.197057829633829e-15,-4.988281365426043e-19
6613.422480959468,6.1287334909316296e-15,-4.988281365426043e-19
6615.6985905629,5.858812043713576e-15,-4.988281365426043e-19
6617.974700166332,5.580727954261189e-15,-4.988281365426043e-19
6620.250809769764,5.544550317691736e-15,-4.988281365426043e-19
6622.527914176343,5.6591800157356165e-15,-4.988281365426043e-19
6624.804023779775,5.7550658686488065e-15,-4.988281365426043e-19
6627.080133383207,5.772902753531239e-15,-4.988281365426043e-19
6629.356242986639,5.691780197992492e-15,-4.988281365426043e-19
6631.633347393218,5.62401011277534e-15,-4.988281365426043e-19
6633.90945699665,5.665125644029761e-15,-4.988281365426043e-19
6636.185566600082,5.699590133463614e-15,-4.988281365426043e-19
6638.461676203513,5.630509994554532e-15,-4.988281365426043e-19
6640.738780610094,5.508574227844118e-15,-4.988281365426043e-19
6643.014890213525,5.400091704816215e-15,-4.988281365426043e-19
6645.290999816957,5.404576119377053e-15,-4.988281365426043e-19
6647.567109420388,5.530139727080505e-15,-4.988281365426043e-19
6649.843219023821,5.5469688783537606e-15,-4.988281365426043e-19
6652.1203234304,5.369658149819071e-15,-4.988281365426043e-19
6654.396433033831,5.2099827594449786e-15,-4.988281365426043e-19
6656.672542637264,5.1842351657305066e-15,-4.988281365426043e-19
6658.948652240695,5.2613267868325456e-15,-4.988281365426043e-19
6661.225756647275,5.3654760553409864e-15,-4.988281365426043e-19
6663.501866250707,5.352123585019392e-15,-4.988281365426043e-19
6665.777975854139,5.211645519900121e-15,-4.988281365426043e-19
6668.05408545757,5.077667336560041e-15,-4.988281365426043e-19
6670.3311898641505,5.0257992876957025e-15,-4.988281365426043e-19
6672.607299467582,5.087190419166764e-15,-4.988281365426043e-19
6674.883409071013,5.198595369661279e-15,-4.988281365426043e-19
6677.159518674445,5.229331244741177e-15,-4.988281365426043e-19
6679.435628277877,5.169320708314688e-15,-4.988281365426043e-19
6681.7127326844575,5.076760376311782e-15,-4.988281365426043e-19
6683.9888422878885,5.0019714265067125e-15,-4.988281365426043e-19
6686.264951891321,4.990508456702325e-15,-4.988281365426043e-19
6688.541061494752,5.014608405965792e-15,-4.988281365426043e-19
6690.818165901332,5.020166056820403e-15,-4.988281365426043e-19
6693.094275504764,4.983005879982002e-15,-4.988281365426043e-19
6695.3703851081955,4.893357898109618e-15,-4.988281365426043e-19
6697.646494711627,4.8204836421619845e-15,-4.988281365426043e-19
6699.923599118207,4.831110193070756e-15,-4.988281365426043e-19
6702.19970872164,4.814245771121179e-15,-4.988281365426043e-19
6704.475818325071,4.6680740111100585e-15,-4.988281365426043e-19
6706.751927928502,4.518224023425442e-15,-4.988281365426043e-19
6709.0280375319335,4.475647278437714e-15,-4.988281365426043e-19
6711.305141938514,4.441953705214882e-15,-4.988281365426043e-19
6713.581251541946,4.3561552657295546e-15,-4.988281365426043e-19
6715.857361145377,4.365663232332139e-15,-4.988281365426043e-19
6718.1334707488095,4.5293594798068474e-15,-4.988281365426043e-19
6720.410575155389,4.639993514090342e-15,-4.988281365426043e-19
6722.68668475882,4.5890475414784e-15,-4.988281365426043e-19
6724.962794362253,4.51226327912716e-15,-4.988281365426043e-19
6727.238903965684,4.46753502288384e-15,-4.988281365426043e-19
6729.516008372264,4.350854586945284e-15,-4.988281365426043e-19
6731.792117975696,4.1895013201119115e-15,-4.988281365426043e-19
6734.068227579128,4.205786295236212e-15,-4.988281365426043e-19
6736.344337182559,4.384603585516621e-15,-4.988281365426043e-19
6738.620446785991,4.4292512230712064e-15,-4.988281365426043e-19
6740.897551192571,4.323026023327861e-15,-4.988281365426043e-19
6743.173660796002,4.3081317205842254e-15,-4.988281365426043e-19
6745.449770399434,4.404234236223388e-15,-4.988281365426043e-19
6747.725880002866,4.475047676940254e-15,-4.988281365426043e-19
6750.002984409446,4.467096658763848e-15,-4.988281365426043e-19
6752.279094012877,4.37199179939777e-15,-4.988281365426043e-19
6754.55520361631,4.219693019042854e-15,-4.988281365426043e-19
6756.831313219741,4.065157070075564e-15,-4.988281365426043e-19
6759.10841762632,3.937346216423648e-15,-4.988281365426043e-19
6761.384527229752,3.852898139974617e-15,-4.988281365426043e-19
6763.660636833184,3.799372369323182e-15,-4.988281365426043e-19
6765.936746436616,3.754200710291824e-15,-4.988281365426043e-19
6768.212856040047,3.7764464297144054e-15,-4.988281365426043e-19
6770.489960446628,3.922043781568295e-15,-4.988281365426043e-19
6772.766070050059,4.076730890576962e-15,-4.988281365426043e-19
6775.042179653491,4.1169092295748476e-15,-4.988281365426043e-19
6777.318289256922,4.056379710339633e-15,-4.988281365426043e-19
6779.595393663502,3.9426468952079185e-15,-4.988281365426043e-19
6781.871503266934,3.853784945550693e-15,-4.988281365426043e-19
6784.147612870365,3.852903178642663e-15,-4.988281365426043e-19
6786.423722473798,3.9280549125470365e-15,-4.988281365426043e-19
6788.7008268803775,4.0443423323780134e-15,-4.988281365426043e-19
6790.976936483809,4.149242362425291e-15,-4.988281365426043e-19
6793.253046087241,4.181016203122641e-15,-4.988281365426043e-19
6795.529155690673,4.041132700832785e-15,-4.988281365426043e-19
6797.805265294104,3.763371086135334e-15,-4.988281365426043e-19
6800.0823697006845,3.64940649227351e-15,-4.988281365426043e-19
6802.358479304116,3.7773836219709406e-15,-4.988281365426043e-19
6804.634588907547,3.850615623349831e-15,-4.988281365426043e-19
6806.910698510979,3.771528689701622e-15,-4.988281365426043e-19
6809.18780291756,3.698921483160421e-15,-4.988281365426043e-19
6811.463912520991,3.6957320062873755e-15,-4.988281365426043e-19
6813.7400221244225,3.746214421439097e-15,-4.988281365426043e-19
6816.016131727854,3.784709845309657e-15,-4.988281365426043e-19
6818.293236134435,3.685165919395155e-15,-4.988281365426043e-19
6820.569345737866,3.521928190712622e-15,-4.988281365426043e-19
6822.8454553412985,3.5143853046479325e-15,-4.988281365426043e-19
6825.1215649447295,3.567044424395475e-15,-4.988281365426043e-19
6827.397674548161,3.415697952301231e-15,-4.988281365426043e-19
6829.674778954741,3.1704206304956e-15,-4.988281365426043e-19
6831.950888558173,3.095616564686393e-15,-4.988281365426043e-19
6834.226998161605,3.093792566853783e-15,-4.988281365426043e-19
6836.503107765036,2.960892658475523e-15,-4.988281365426043e-19
6838.780212171617,2.8311167242857116e-15,-4.988281365426043e-19
6841.056321775048,2.8982317826568984e-15,-4.988281365426043e-19
6843.33243137848,3.069314717486874e-15,-4.988281365426043e-19
6845.608540981911,3.2005266720697625e-15,-4.988281365426043e-19
6847.885645388491,3.2425491635724426e-15,-4.988281365426043e-19
6850.161754991923,3.1810068720600043e-15,-4.988281365426043e-19
6852.437864595354,3.0894089256538628e-15,-4.988281365426043e-19
6854.713974198787,3.0456027456629397e-15,-4.988281365426043e-19
6856.991078605366,3.0731441052017466e-15,-4.988281365426043e-19
6859.267188208798,3.166354425382571e-15,-4.988281365426043e-19
6861.54329781223,3.2477137983194744e-15,-4.988281365426043e-19
6863.819407415662,3.2652634791232914e-15,-4.988281365426043e-19
6866.095517019093,3.2546772375588873e-15,-4.988281365426043e-19
6868.372621425673,3.254732662907392e-15,-4.988281365426043e-19
6870.648731029105,3.307215429273329e-15,-4.988281365426043e-19
6872.924840632536,3.4037663863685754e-15,-4.988281365426043e-19
6875.200950235968,3.441284308638234e-15,-4.988281365426043e-19
6877.478054642548,3.3867860750539434e-15,-4.988281365426043e-19
6879.75416424598,3.311064971660385e-15,-4.988281365426043e-19
6882.030273849411,3.256652395432874e-15,-4.988281365426043e-19
6884.306383452844,3.2324667888126267e-15,-4.988281365426043e-19
6886.583487859423,3.2433755051319676e-15,-4.988281365426043e-19
6888.859597462854,3.289711096481925e-15,-4.988281365426043e-19
6891.135707066287,3.334711440799723e-15,-4.988281365426043e-19
6893.411816669718,3.31052079551143e-15,-4.988281365426043e-19
6895.68792627315,3.2615046327610615e-15,-4.988281365426043e-19
6897.96503067973,3.3024286946297384e-15,-4.988281365426043e-19
6900.241140283161,3.377383920480322e-15,-4.988281365426043e-19
6902.517249886593,3.351994072197108e-15,-4.988281365426043e-19
6904.793359490024,3.2571663395735543e-15,-4.988281365426043e-19
6907.070463896605,3.185622291990035e-15,-4.988281365426043e-19
6909.346573500036,3.159446411491663e-15,-4.988281365426043e-19
6911.622683103468,3.1775453071124813e-15,-4.988281365426043e-19
6913.898792706899,3.212579166035519e-15,-4.988281365426043e-19
6916.17589711348,3.2321090433813688e-15,-4.988281365426043e-19
6918.4520067169115,3.260774025894408e-15,-4.988281365426043e-19
6920.728116320342,3.324810458089559e-15,-4.988281365426043e-19
6923.004225923775,3.3901065572961816e-15,-4.988281365426043e-19
6925.280335527206,3.4211901004712453e-15,-4.988281365426043e-19
6927.557439933787,3.408396922302744e-15,-4.988281365426043e-19
6929.8335495372185,3.359662924962945e-15,-4.988281365426043e-19
6932.10965914065,3.3309576331055387e-15,-4.988281365426043e-19
6934.385768744081,3.3626508551141546e-15,-4.988281365426043e-19
6936.662873150662,3.446328015352165e-15,-4.988281365426043e-19
6938.938982754094,3.5417906201495004e-15,-4.988281365426043e-19
6941.215092357525,3.5323582335676037e-15,-4.988281365426043e-19
6943.4912019609565,3.394863059931497e-15,-4.988281365426043e-19
6945.768306367537,3.3012899556513684e-15,-4.988281365426043e-19
6948.044415970969,3.322452361444085e-15,-4.988281365426043e-19
6950.3205255744,3.3571889389524154e-15,-4.988281365426043e-19
6952.5966351778325,3.3581563632172252e-15,-4.988281365426043e-19
6954.8727447812635,3.3470309841719115e-15,-4.988281365426043e-19
6957.149849187843,3.3278135042449068e-15,-4.988281365426043e-19
6959.425958791276,3.2873177291601297e-15,-4.988281365426043e-19
6961.702068394707,3.2590407240866238e-15,-4.988281365426043e-19
6963.978177998139,3.318703592417947e-15,-4.988281365426043e-19
6966.255282404719,3.413843722460345e-15,-4.988281365426043e-19
6968.531392008151,3.4032877129042164e-15,-4.988281365426043e-19
6970.807501611582,3.3234449790491245e-15,-4.988281365426043e-19
6973.083611215014,3.307225506609421e-15,-4.988281365426043e-19
6975.360715621594,3.3456251957871096e-15,-4.988281365426043e-19
6977.636825225025,3.3678860312138293e-15,-4.988281365426043e-19
6979.912934828457,3.3863527496019974e-15,-4.988281365426043e-19
6982.189044431889,3.437364224898536e-15,-4.988281365426043e-19
6984.465154035321,3.4423676222680997e-15,-4.988281365426043e-19
6986.7422584419,3.3142191778571092e-15,-4.988281365426043e-19
6989.018368045332,3.2008693014968825e-15,-4.988281365426043e-19
6991.294477648764,3.265470064513173e-15,-4.988281365426043e-19
6993.570587252195,3.4012772843539083e-15,-4.988281365426043e-19
6995.847691658775,3.4730531106675386e-15,-4.988281365426043e-19
6998.123801262207,3.4618672676056743e-15,-4.988281365426043e-19
7000.399910865639,3.3802005359179717e-15,-4.988281365426043e-19
7002.67602046907,3.3182249189535875e-15,-4.988281365426043e-19
7004.95312487565,3.3352757716208623e-15,-4.988281365426043e-19
7007.229234479082,3.329022784575919e-15,-4.988281365426043e-19
7009.505344082513,3.248827343957615e-15,-4.988281365426043e-19
7011.781453685945,3.229478858661417e-15,-4.988281365426043e-19
7014.057563289377,3.324130237903365e-15,-4.988281365426043e-19
7016.334667695957,3.3834252834673382e-15,-4.988281365426043e-19
7018.610777299388,3.3586703073579058e-15,-4.988281365426043e-19
7020.886886902821,3.3985160942647633e-15,-4.988281365426043e-19
7023.162996506252,3.523903348586609e-15,-4.988281365426043e-19
7025.440100912831,3.562479391145904e-15,-4.988281365426043e-19
7027.716210516264,3.4988762844026986e-15,-4.988281365426043e-19
7029.992320119695,3.5067567612264626e-15,-4.988281365426043e-19
7032.268429723127,3.583641796938621e-15,-4.988281365426043e-19
7034.545534129707,3.563305732705429e-15,-4.988281365426043e-19
7036.821643733139,3.4503791044610566e-15,-4.988281365426043e-19
7039.09775333657,3.368359666010142e-15,-4.988281365426043e-19
7041.373862940002,3.3734587980725777e-15,-4.988281365426043e-19
7043.649972543434,3.487569513307733e-15,-4.988281365426043e-19
7045.9270769500135,3.593698978358206e-15,-4.988281365426043e-19
7048.203186553445,3.509195476560671e-15,-4.988281365426043e-19
7050.479296156877,3.3283778350660457e-15,-4.988281365426043e-19
7052.755405760309,3.250142436317591e-15,-4.988281365426043e-19
7055.032510166889,3.2684025693158777e-15,-4.988281365426043e-19
7057.308619770321,3.3129595108456378e-15,-4.988281365426043e-19
7059.584729373752,3.3276018801869793e-15,-4.988281365426043e-19
7061.860838977184,3.2696773523314867e-15,-4.988281365426043e-19
7064.137943383764,3.2141008437853764e-15,-4.988281365426043e-19
7066.414052987196,3.2451239229438895e-15,-4.988281365426043e-19
7068.690162590628,3.3645151622911323e-15,-4.988281365426043e-19
7070.966272194059,3.538177895160601e-15,-4.988281365426043e-19
7073.24238179749,3.620912824474031e-15,-4.988281365426043e-19
7075.519486204071,3.51929800599267e-15,-4.988281365426043e-19
7077.795595807503,3.3898042372134285e-15,-4.988281365426043e-19
7080.071705410934,3.3563071720443855e-15,-4.988281365426043e-19
7082.347815014366,3.3635678926985057e-15,-4.988281365426043e-19
7084.624919420946,3.3643287315734346e-15,-4.988281365426043e-19
7086.901029024377,3.3520243042053836e-15,-4.988281365426043e-19
7089.17713862781,3.326563914569527e-15,-4.988281365426043e-19
7091.453248231241,3.3102638234410893e-15,-4.988281365426043e-19
7093.73035263782,3.309885923337648e-15,-4.988281365426043e-19
7096.006462241253,3.2990376710348578e-15,-4.988281365426043e-19
7098.282571844684,3.284984825854885e-15,-4.988281365426043e-19
7100.558681448116,3.3240445805465846e-15,-4.988281365426043e-19
7102.834791051547,3.3971052672119156e-15,-4.988281365426043e-19
7105.111895458128,3.406154715022325e-15,-4.988281365426043e-19
7107.388005061559,3.337412166872317e-15,-4.988281365426043e-19
7109.664114664991,3.2436929412188583e-15,-4.988281365426043e-19
7111.940224268423,3.1818432909556212e-15,-4.988281365426043e-19
7114.217328675002,3.215340356124664e-15,-4.988281365426043e-19
7116.493438278434,3.2797093404108434e-15,-4.988281365426043e-19
7118.769547881866,3.2406647017232817e-15,-4.988281365426043e-19
7121.045657485298,3.1136650736267526e-15,-4.988281365426043e-19
7123.322761891877,2.9812488773808977e-15,-4.988281365426043e-19
7125.598871495309,2.901038320758456e-15,-4.988281365426043e-19
7127.874981098741,2.9161795182363402e-15,-4.988281365426043e-19
7130.151090702173,2.9602426702976038e-15,-4.988281365426043e-19
7132.427200305604,2.9423856307429875e-15,-4.988281365426043e-19
7134.704304712184,2.8962918954592326e-15,-4.988281365426043e-19
7136.980414315616,2.8775178183202657e-15,-4.988281365426043e-19
7139.256523919047,2.8917369395457527e-15,-4.988281365426043e-19
7141.532633522479,2.929285093823687e-15,-4.988281365426043e-19
7143.809737929059,2.9392011925379883e-15,-4.988281365426043e-19
7146.085847532491,2.8806165991684847e-15,-4.988281365426043e-19
7148.361957135922,2.7785986872434534e-15,-4.988281365426043e-19
7150.638066739355,2.6682014703581152e-15,-4.988281365426043e-19
7152.915171145934,2.58386928327414e-15,-4.988281365426043e-19
7155.191280749365,2.5493644844959203e-15,-4.988281365426043e-19
7157.467390352798,2.5576782867716302e-15,-4.988281365426043e-19
7159.743499956229,2.59497450764727e-15,-4.988281365426043e-19
7162.0206043628095,2.6455627348279544e-15,-4.988281365426043e-19
7164.296713966241,2.6893739534869236e-15,-4.988281365426043e-19
7166.572823569673,2.694649438930965e-15,-4.988281365426043e-19
7168.848933173104,2.679331888071475e-15,-4.988281365426043e-19
7171.125042776536,2.740617207513573e-15,-4.988281365426043e-19
7173.4021471831165,2.8733357238421812e-15,-4.988281365426043e-19
7175.6782567865475,2.9449351967742055e-15,-4.988281365426043e-19
7177.954366389979,2.941312394449214e-15,-4.988281365426043e-19
7180.230475993411,2.961270558578964e-15,-4.988281365426043e-19
7182.507580399992,3.018545098256538e-15,-4.988281365426043e-19
7184.783690003423,3.0658430752032595e-15,-4.988281365426043e-19
7187.0597996068545,3.0871969503817194e-15,-4.988281365426043e-19
7189.335909210286,3.0816846475395215e-15,-4.988281365426043e-19
7191.613013616866,3.0610261085513933e-15,-4.988281365426043e-19
7193.889123220298,3.0480313836610562e-15,-4.988281365426043e-19
7196.16523282373,3.00970223583601e-15,-4.988281365426043e-19
7198.4413424271615,2.895138040476725e-15,-4.988281365426043e-19
7200.7174520305925,2.797176256328631e-15,-4.988281365426043e-19
7202.994556437173,2.838286748915006e-15,-4.988281365426043e-19
7205.270666040605,2.9334772656378633e-15,-4.988281365426043e-19
7207.546775644036,2.9581617003946533e-15,-4.988281365426043e-19
7209.822885247468,2.9391709605297132e-15,-4.988281365426043e-19
7212.099989654048,2.9268917265018916e-15,-4.988281365426043e-19
7214.37609925748,2.9271083892278648e-15,-4.988281365426043e-19
7216.652208860911,2.936596201158266e-15,-4.988281365426043e-19
7218.928318464344,2.924906491291813e-15,-4.988281365426043e-19
7221.205422870923,2.870624920433495e-15,-4.988281365426043e-19
7223.481532474354,2.8004816225667315e-15,-4.988281365426043e-19
7225.757642077787,2.741917183869411e-15,-4.988281365426043e-19
7228.033751681218,2.709196073579435e-15,-4.988281365426043e-19
7230.30986128465,2.707009291647521e-15,-4.988281365426043e-19
7232.58696569123,2.714617680396807e-15,-4.988281365426043e-19
7234.863075294662,2.7257581754462585e-15,-4.988281365426043e-19
7237.139184898093,2.777082048161642e-15,-4.988281365426043e-19
7239.415294501525,2.8558112363785935e-15,-4.988281365426043e-19
7241.692398908105,2.8562949485109982e-15,-4.988281365426043e-19
7243.968508511536,2.7904899438317417e-15,-4.988281365426043e-19
7246.244618114968,2.839405333221192e-15,-4.988281365426043e-19
7248.5207277184,2.9844635475941724e-15,-4.988281365426043e-19
7250.79783212498,2.9901068558055636e-15,-4.988281365426043e-19
7253.073941728411,2.842307606015622e-15,-4.988281365426043e-19
7255.350051331844,2.7103952765743554e-15,-4.988281365426043e-19
7257.626160935275,2.6675414048441042e-15,-4.988281365426043e-19
7259.902270538707,2.7262721195869387e-15,-4.988281365426043e-19
7262.179374945286,2.8251962893317967e-15,-4.988281365426043e-19
7264.455484548718,2.8573429914645426e-15,-4.988281365426043e-19
7266.73159415215,2.819321202390295e-15,-4.988281365426043e-19
7269.007703755581,2.75947694200932e-15,-4.988281365426043e-19
7271.284808162162,2.720402071313483e-15,-4.988281365426043e-19
7273.560917765593,2.739659860584855e-15,-4.988281365426043e-19
7275.837027369024,2.820278549319013e-15,-4.988281365426043e-19
7278.113136972456,2.9467188852624486e-15,-4.988281365426043e-19
7280.3902413790365,3.046106612467528e-15,-4.988281365426043e-19
7282.666350982468,3.049442210713904e-15,-4.988281365426043e-19
7284.942460585899,3.0527475769520046e-15,-4.988281365426043e-19
7287.218570189332,3.1458117757594985e-15,-4.988281365426043e-19
7289.494679792763,3.1698764543466445e-15,-4.988281365426043e-19
7291.771784199343,3.0051573572586218e-15,-4.988281365426043e-19
7294.047893802775,2.8407456189213974e-15,-4.988281365426043e-19
7296.324003406206,2.8335302462796902e-15,-4.988281365426043e-19
7298.600113009638,2.9254053194283555e-15,-4.988281365426043e-19
7300.877217416219,3.0450535308459383e-15,-4.988281365426043e-19
7303.1533270196505,3.1423199788037e-15,-4.988281365426043e-19
7305.4294366230815,3.166087375976139e-15,-4.988281365426043e-19
7307.705546226513,3.0598873695730233e-15,-4.988281365426043e-19
7309.982650633094,2.8596708561017413e-15,-4.988281365426043e-19
7312.258760236525,2.7622079000901896e-15,-4.988281365426043e-19
7314.534869839957,2.8415316511365556e-15,-4.988281365426043e-19
7316.8109794433885,2.9909432747011805e-15,-4.988281365426043e-19
7319.08708904682,3.1085860962365006e-15,-4.988281365426043e-19
7321.3641934534,3.0870205970001135e-15,-4.988281365426043e-19
7323.640303056833,2.9750110063400925e-15,-4.988281365426043e-19
7325.916412660264,2.986967765612977e-15,-4.988281365426043e-19
7328.1925222636955,3.1141235924189283e-15,-4.988281365426043e-19
7330.469626670275,3.1736504167130124e-15,-4.988281365426043e-19
7332.745736273707,3.1392867006400774e-15,-4.988281365426043e-19
7335.021845877139,3.075310732461477e-15,-4.988281365426043e-19
7337.29795548057,3.038069936934342e-15,-4.988281365426043e-19
7339.575059887151,3.086924862307242e-15,-4.988281365426043e-19
7341.851169490582,3.139961882158226e-15,-4.988281365426043e-19
7344.127279094014,3.061298196625871e-15,-4.988281365426043e-19
7346.403388697445,2.987280163031822e-15,-4.988281365426043e-19
7348.679498300878,3.116199523653833e-15,-4.988281365426043e-19
7350.956602707457,3.2917114476961413e-15,-4.988281365426043e-19
7353.232712310888,3.295671840780207e-15,-4.988281365426043e-19
7355.508821914321,3.1588820806705237e-15,-4.988281365426043e-19
7357.784931517752,2.9711513866169443e-15,-4.988281365426043e-19
7360.062035924332,2.8477846381814988e-15,-4.988281365426043e-19
7362.338145527764,2.8785809772779472e-15,-4.988281365426043e-19
7364.614255131196,3.0016907536430527e-15,-4.988281365426043e-19
7366.890364734627,3.1327717028567485e-15,-4.988281365426043e-19
7369.167469141207,3.204628147859113e-15,-4.988281365426043e-19
7371.443578744639,3.181117722757014e-15,-4.988281365426043e-19
7373.71968834807,3.11701074920922e-15,-4.988281365426043e-19
7375.995797951502,3.067218631579786e-15,-4.988281365426043e-19
7378.271907554934,3.058632741229598e-15,-4.988281365426043e-19
7380.549011961513,3.0996273444509176e-15,-4.988281365426043e-19
7382.825121564945,3.165885829254304e-15,-4.988281365426043e-19
7385.101231168377,3.2218503152399475e-15,-4.988281365426043e-19
7387.377340771809,3.210735013530725e-15,-4.988281365426043e-19
7389.654445178388,3.150643858415502e-15,-4.988281365426043e-19
7391.930554781821,3.176245330756643e-15,-4.988281365426043e-19
7394.206664385252,3.259776369621323e-15,-4.988281365426043e-19
7396.482773988684,3.1830173006103124e-15,-4.988281365426043e-19
7398.759878395264,2.997488504492785e-15,-4.988281365426043e-19
7401.035987998695,2.9867863735633254e-15,-4.988281365426043e-19
7403.312097602127,3.1561360065855165e-15,-4.988281365426043e-19
7405.588207205558,3.3236112550946386e-15,-4.988281365426043e-19
7407.864316808991,3.3933464208496853e-15,-4.988281365426043e-19
7410.1414212155705,3.3131459415633355e-15,-4.988281365426043e-19
7412.417530819002,3.1754895305497603e-15,-4.988281365426043e-19
7414.693640422433,3.1431715137034545e-15,-4.988281365426043e-19
7416.969750025866,3.1572848228999783e-15,-4.988281365426043e-19
7419.246854432446,3.084032666848904e-15,-4.988281365426043e-19
7421.522964035877,2.991744422920476e-15,-4.988281365426043e-19
7423.799073639309,2.9903587892078576e-15,-4.988281365426043e-19
7426.07518324274,3.0184292088914826e-15,-4.988281365426043e-19
7428.352287649321,2.991255672120025e-15,-4.988281365426043e-19
7430.628397252753,2.933104404202468e-15,-4.988281365426043e-19
7432.9045068561845,2.8858366592640214e-15,-4.988281365426043e-19
7435.1806164596155,2.8853176764552955e-15,-4.988281365426043e-19
7437.457720866196,2.9516618186154615e-15,-4.988281365426043e-19
7439.733830469628,3.0325828274323733e-15,-4.988281365426043e-19
7442.009940073059,3.086264796793231e-15,-4.988281365426043e-19
7444.286049676491,3.15117291856032e-15,-4.988281365426043e-19
7446.5621592799225,3.2436022451940323e-15,-4.988281365426043e-19
7448.839263686503,3.29343971083588e-15,-4.988281365426043e-19
7451.115373289934,3.2790442362287867e-15,-4.988281365426043e-19
7453.391482893367,3.306968534539081e-15,-4.988281365426043e-19
7455.667592496798,3.3896782705122813e-15,-4.988281365426043e-19
7457.944696903377,3.360448957178103e-15,-4.988281365426043e-19
7460.22080650681,3.165477697142587e-15,-4.988281365426043e-19
7462.496916110241,2.9001011285019217e-15,-4.988281365426043e-19
7464.773025713673,2.707664318493486e-15,-4.988281365426043e-19
7467.050130120253,2.811445764234577e-15,-4.988281365426043e-19
7469.326239723684,3.113040278789063e-15,-4.988281365426043e-19
7471.602349327116,3.1868366109890933e-15,-4.988281365426043e-19
7473.878458930547,3.0040236569482975e-15,-4.988281365426043e-19
7476.15456853398,2.8457742096311907e-15,-4.988281365426043e-19
7478.431672940559,2.8098837771403527e-15,-4.988281365426043e-19
7480.707782543991,2.888436611975698e-15,-4.988281365426043e-19
7482.983892147422,2.993321526018838e-15,-4.988281365426043e-19
7485.260001750855,2.9888975754745513e-15,-4.988281365426043e-19
7487.537106157434,2.891419503458862e-15,-4.988281365426043e-19
7489.813215760865,2.78504314367414e-15,-4.988281365426043e-19
7492.089325364298,2.712476246477306e-15,-4.988281365426043e-19
7494.365434967729,2.69854936799848e-15,-4.988281365426043e-19
7496.642539374309,2.7530274469105873e-15,-4.988281365426043e-19
7498.918648977741,2.8684532545057188e-15,-4.988281365426043e-19
7501.194758581173,2.9077599039316667e-15,-4.988281365426043e-19
7503.470868184604,2.7578998389109583e-15,-4.988281365426043e-19
7505.746977788036,2.6709173124348473e-15,-4.988281365426043e-19
7508.024082194616,2.866770339378393e-15,-4.988281365426043e-19
7510.300191798047,3.0896054337076523e-15,-4.988281365426043e-19
7512.576301401479,3.109875995256247e-15,-4.988281365426043e-19
7514.852411004911,3.058753669262699e-15,-4.988281365426043e-19
7517.129515411491,3.0358478843261063e-15,-4.988281365426043e-19
7519.405625014922,2.9106218673817293e-15,-4.988281365426043e-19
7521.681734618355,2.669173933290971e-15,-4.988281365426043e-19
7523.957844221786,2.630658354748227e-15,-4.988281365426043e-19
7526.234948628366,2.886864547545382e-15,-4.988281365426043e-19
7528.511058231798,3.033983577149129e-15,-4.988281365426043e-19
7530.787167835229,2.9184922668694014e-15,-4.988281365426043e-19
7533.063277438661,2.826813701774526e-15,-4.988281365426043e-19
7535.339387042092,2.863878143920055e-15,-4.988281365426043e-19
7537.6164914486735,2.8974709437819695e-15,-4.988281365426043e-19
7539.8926010521045,2.8667048366937965e-15,-4.988281365426043e-19
7542.168710655536,2.7683903457824904e-15,-4.988281365426043e-19
7544.444820258968,2.6296758144792794e-15,-4.988281365426043e-19
7546.721924665548,2.5207196566550646e-15,-4.988281365426043e-19
7548.99803426898,2.390339082299747e-15,-4.988281365426043e-19
7551.2741438724115,2.0997893281018408e-15,-4.988281365426043e-19
7553.550253475843,1.708259627596355e-15,-4.988281365426043e-19
7555.827357882423,1.3875887158201487e-15,-4.988281365426043e-19
7558.103467485855,1.1583545130726155e-15,-4.988281365426043e-19
7560.379577089287,9.719993753955628e-16,-4.988281365426043e-19
7562.655686692718,8.462442983063676e-16,-4.988281365426043e-19
7564.9317962961495,8.139817068085667e-16,-4.988281365426043e-19
7567.20890070273,8.582060962472984e-16,-4.988281365426043e-19
7569.485010306162,9.471587419293503e-16,-4.988281365426043e-19
7571.761119909593,1.1037151967830398e-15,-4.988281365426043e-19
7574.037229513025,1.3445786453804752e-15,-4.988281365426043e-19
7576.314333919605,1.5638161307249728e-15,-4.988281365426043e-19
7578.590443523036,1.6568450588561456e-15,-4.988281365426043e-19
7580.866553126468,1.631964116045566e-15,-4.988281365426043e-19
7583.1426627299,1.5294776079922673e-15,-4.988281365426043e-19
7585.41976713648,1.4335867164110318e-15,-4.988281365426043e-19
7587.695876739911,1.4055364513995907e-15,-4.988281365426043e-19
7589.971986343344,1.3889642721966753e-15,-4.988281365426043e-19
7592.248095946775,1.3481057130125946e-15,-4.988281365426043e-19
7594.524205550207,1.3375748967966953e-15,-4.988281365426043e-19
7596.801309956787,1.3941742549561204e-15,-4.988281365426043e-19
7599.077419560218,1.5157270828950474e-15,-4.988281365426043e-19
7601.35352916365,1.6784407901008083e-15,-4.988281365426043e-19
7603.629638767081,1.8192514073111075e-15,-4.988281365426043e-19
7605.906743173662,1.914094255938799e-15,-4.988281365426043e-19
7608.182852777093,2.0026589241813177e-15,-4.988281365426043e-19
7610.458962380525,2.1020617673905347e-15,-4.988281365426043e-19
7612.735071983957,2.1978821176191276e-15,-4.988281365426043e-19
7615.012176390536,2.2986151691924584e-15,-4.988281365426043e-19
7617.288285993968,2.437445589860725e-15,-4.988281365426043e-19
7619.5643955974,2.575293470260044e-15,-4.988281365426043e-19
7621.840505200832,2.6162024161245833e-15,-4.988281365426043e-19
7624.116614804263,2.583042941714615e-15,-4.988281365426043e-19
7626.393719210843,2.5764473252425514e-15,-4.988281365426043e-19
7628.669828814275,2.6100300477683743e-15,-4.988281365426043e-19
7630.945938417707,2.6486262449998526e-15,-4.988281365426043e-19
7633.222048021138,2.7319758918148804e-15,-4.988281365426043e-19
7635.499152427718,2.920789899498325e-15,-4.988281365426043e-19
7637.77526203115,3.084602036338089e-15,-4.988281365426043e-19
7640.051371634581,3.052359599512471e-15,-4.988281365426043e-19
7642.327481238013,2.931900162539501e-15,-4.988281365426043e-19
7644.6045856445935,2.889142025502122e-15,-4.988281365426043e-19
7646.880695248025,2.93212186393352e-15,-4.988281365426043e-19
7649.156804851456,3.0248484719819398e-15,-4.988281365426043e-19
7651.432914454889,3.023956627737818e-15,-4.988281365426043e-19
7653.70902405832,2.829076063727128e-15,-4.988281365426043e-19
7655.9861284649,2.688613114611995e-15,-4.988281365426043e-19
7658.262238068332,2.793538337999502e-15,-4.988281365426043e-19
7660.538347671763,2.8976573744996673e-15,-4.988281365426043e-19
7662.814457275195,2.834870531979896e-15,-4.988281365426043e-19
7665.091561681776,2.8387503063752273e-15,-4.988281365426043e-19
7667.367671285207,3.0322653913454823e-15,-4.988281365426043e-19
7669.6437808886385,3.2015747150233065e-15,-4.988281365426043e-19
7671.9198904920695,3.23416481994409e-15,-4.988281365426043e-19
7674.196994898651,3.250399408387931e-15,-4.988281365426043e-19
7676.473104502082,3.29719855719811e-15,-4.988281365426043e-19
7678.749214105514,3.2926738332929054e-15,-4.988281365426043e-19
7681.0253237089455,3.2320082700204514e-15,-4.988281365426043e-19
7683.301433312377,3.2073439899358445e-15,-4.988281365426043e-19
7685.578537718957,3.2470890034817846e-15,-4.988281365426043e-19
7687.854647322389,3.3150253647444507e-15,-4.988281365426043e-19
7690.130756925821,3.3719522363268584e-15,-4.988281365426043e-19
7692.406866529252,3.3733932953879815e-15,-4.988281365426043e-19
7694.683970935832,3.327501106826062e-15,-4.988281365426043e-19
7696.960080539264,3.2807170740200205e-15,-4.988281365426043e-19
7699.236190142696,3.2657824619320177e-15,-4.988281365426043e-19
7701.512299746127,3.304907719308314e-15,-4.988281365426043e-19
7703.789404152707,3.3557176478830173e-15,-4.988281365426043e-19
7706.065513756139,3.3520041495332e-15,-4.988281365426043e-19
7708.34162335957,3.248268051804522e-15,-4.988281365426043e-19
7710.617732963002,3.018136966144821e-15,-4.988281365426043e-19
7712.894837369582,2.8558968937353734e-15,-4.988281365426043e-19
7715.170946973014,2.983355040624078e-15,-4.988281365426043e-19
7717.447056576445,3.2081300221510027e-15,-4.988281365426043e-19
7719.723166179878,3.2712947647742157e-15,-4.988281365426043e-19
7721.999275783309,3.18092625337127e-15,-4.988281365426043e-19
7724.276380189888,3.013496352874561e-15,-4.988281365426043e-19
7726.552489793321,2.9837581340677484e-15,-4.988281365426043e-19
7728.828599396752,3.228823831815452e-15,-4.988281365426043e-19
7731.104709000184,3.383173350065044e-15,-4.988281365426043e-19
7733.381813406764,3.1960523348450167e-15,-4.988281365426043e-19
7735.657923010196,3.0497243761244737e-15,-4.988281365426043e-19
7737.934032613627,3.2009499201856167e-15,-4.988281365426043e-19
7740.210142217059,3.425765211056909e-15,-4.988281365426043e-19
7742.487246623639,3.5369283054852212e-15,-4.988281365426043e-19
7744.76335622707,3.4575188970820753e-15,-4.988281365426043e-19
7747.039465830502,3.2296400960388854e-15,-4.988281365426043e-19
7749.315575433934,3.127617145445808e-15,-4.988281365426043e-19
7751.591685037366,3.266684383512231e-15,-4.988281365426043e-19
7753.868789443945,3.5120574400107334e-15,-4.988281365426043e-19
7756.144899047377,3.729516275535034e-15,-4.988281365426043e-19
7758.421008650809,3.779132039782862e-15,-4.988281365426043e-19
7760.69711825424,3.668195685416615e-15,-4.988281365426043e-19
7762.9742226608205,3.564575477052992e-15,-4.988281365426043e-19
7765.250332264252,3.5205778276763247e-15,-4.988281365426043e-19
7767.526441867684,3.4931019708221145e-15,-4.988281365426043e-19
7769.802551471115,3.469979523159549e-15,-4.988281365426043e-19
7772.079655877696,3.4554127338388955e-15,-4.988281365426043e-19
7774.3557654811275,3.414292163916429e-15,-4.988281365426043e-19
7776.6318750845585,3.2926990266331348e-15,-4.988281365426043e-19
7778.90798468799,3.1787545874434937e-15,-4.988281365426043e-19
7781.184094291422,3.213672557001476e-15,-4.988281365426043e-19
7783.461198698003,3.2692944135599994e-15,-4.988281365426043e-19
7785.737308301434,3.1473334535093558e-15,-4.988281365426043e-19
7788.013417904866,3.0054092906609157e-15,-4.988281365426043e-19
7790.289527508297,3.0617113674056337e-15,-4.988281365426043e-19
7792.566631914877,3.1761949440761843e-15,-4.988281365426043e-19
7794.84274151831,3.1704256691636462e-15,-4.988281365426043e-19
7797.118851121741,3.155239123673349e-15,-4.988281365426043e-19
7799.3949607251725,3.2427708649664615e-15,-4.988281365426043e-19
7801.672065131753,3.2840476335983506e-15,-4.988281365426043e-19
7803.948174735185,3.177988709900519e-15,-4.988281365426043e-19
7806.224284338616,3.1580758937831822e-15,-4.988281365426043e-19
7808.500393942048,3.359486571581339e-15,-4.988281365426043e-19
7810.7765035454795,3.4971278665907767e-15,-4.988281365426043e-19
7813.053607952059,3.4109565656700533e-15,-4.988281365426043e-19
7815.329717555491,3.3441740593898947e-15,-4.988281365426043e-19
7817.605827158923,3.4085833530204416e-15,-4.988281365426043e-19
7819.881936762355,3.3876073779454227e-15,-4.988281365426043e-19
7822.159041168934,3.2598771429822407e-15,-4.988281365426043e-19
7824.435150772367,3.3640667208350484e-15,-4.988281365426043e-19
7826.711260375798,3.698483119040428e-15,-4.988281365426043e-19
7828.98736997923,3.774728243910759e-15,-4.988281365426043e-19
7831.264474385809,3.552533060423327e-15,-4.988281365426043e-19
7833.540583989241,3.5016324358237976e-15,-4.988281365426043e-19
7835.816693592673,3.6550296458127175e-15,-4.988281365426043e-19
7838.092803196104,3.6623709851555715e-15,-4.988281365426043e-19
7840.368912799537,3.5092105925648084e-15,-4.988281365426043e-19
7842.646017206116,3.4118736032544044e-15,-4.988281365426043e-19
7844.922126809548,3.3716599935801967e-15,-4.988281365426043e-19
7847.198236412979,3.271370344794904e-15,-4.988281365426043e-19
7849.474346016411,3.1801956465046168e-15,-4.988281365426043e-19
7851.751450422991,3.243834023924143e-15,-4.988281365426043e-19
7854.027560026422,3.3267301906150412e-15,-4.988281365426043e-19
7856.303669629855,3.2073036805914777e-15,-4.988281365426043e-19
7858.579779233286,3.034195201207056e-15,-4.988281365426043e-19
7860.856883639865,3.04278613022529e-15,-4.988281365426043e-19
7863.132993243298,3.1283830229887826e-15,-4.988281365426043e-19
7865.409102846729,3.1325248081224998e-15,-4.988281365426043e-19
7867.685212450161,3.1371099960442552e-15,-4.988281365426043e-19
7869.961322053592,3.237888395629999e-15,-4.988281365426043e-19
7872.238426460173,3.3988536850238375e-15,-4.988281365426043e-19
7874.514536063604,3.556997320311981e-15,-4.988281365426043e-19
7876.790645667036,3.576879904421043e-15,-4.988281365426043e-19
7879.066755270468,3.3998815733051983e-15,-4.988281365426043e-19
7881.3438596770475,3.2785806787685652e-15,-4.988281365426043e-19
7883.619969280479,3.3717607669411146e-15,-4.988281365426043e-19
7885.896078883911,3.4896404058745915e-15,-4.988281365426043e-19
7888.172188487343,3.496896087860666e-15,-4.988281365426043e-19
7890.449292893923,3.4189529318588726e-15,-4.988281365426043e-19
7892.725402497355,3.3101428954079883e-15,-4.988281365426043e-19
7895.001512100786,3.298644654927279e-15,-4.988281365426043e-19
7897.277621704218,3.374547150370489e-15,-4.988281365426043e-19
7899.553731307649,3.288048336026783e-15,-4.988281365426043e-19
7901.83083571423,3.031978187266867e-15,-4.988281365426043e-19
7904.1069453176615,2.9138869242754627e-15,-4.988281365426043e-19
7906.3830549210925,2.973852112689539e-15,-4.988281365426043e-19
7908.659164524525,2.9813899600861824e-15,-4.988281365426043e-19
7910.936268931105,2.922875908069321e-15,-4.988281365426043e-19
7913.212378534537,2.951812978656838e-15,-4.988281365426043e-19
7915.488488137968,3.0562847219202156e-15,-4.988281365426043e-19
7917.7645977414,3.1275113334168445e-15,-4.988281365426043e-19
7920.04170214798,3.1556522944531114e-15,-4.988281365426043e-19
7922.317811751411,3.173725996733701e-15,-4.988281365426043e-19
7924.593921354844,3.2478951903691264e-15,-4.988281365426043e-19
7926.870030958275,3.4559518713198055e-15,-4.988281365426043e-19
7929.1461405617065,3.63434591348436e-15,-4.988281365426043e-19
7931.423244968287,3.559813935749631e-15,-4.988281365426043e-19
7933.699354571719,3.4420300315090255e-15,-4.988281365426043e-19
7935.97546417515,3.5619654470052235e-15,-4.988281365426043e-19
7938.251573778581,3.686082956979506e-15,-4.988281365426043e-19
7940.528678185162,3.537119774870965e-15,-4.988281365426043e-19
7942.804787788593,3.2753256992109236e-15,-4.988281365426043e-19
7945.080897392025,3.1015470769763997e-15,-4.988281365426043e-19
7947.357006995457,3.0686697679770008e-15,-4.988281365426043e-19
7949.634111402036,3.169715216969176e-15,-4.988281365426043e-19
7951.910221005468,3.21543105214949e-15,-4.988281365426043e-19
7954.1863306089,3.0808230353036752e-15,-4.988281365426043e-19
7956.462440212332,2.919560464495129e-15,-4.988281365426043e-19
7958.738549815763,2.8589352105670422e-15,-4.988281365426043e-19
7961.015654222344,2.9135493335163884e-15,-4.988281365426043e-19
7963.291763825775,3.0475879808730184e-15,-4.988281365426043e-19
7965.567873429207,3.110727530156002e-15,-4.988281365426043e-19
7967.843983032638,3.065858191207397e-15,-4.988281365426043e-19
7970.121087439218,3.097773114610032e-15,-4.988281365426043e-19
7972.39719704265,3.2294183946448665e-15,-4.988281365426043e-19
7974.673306646081,3.2481572011075122e-15,-4.988281365426043e-19
7976.949416249514,3.1327263548443354e-15,-4.988281365426043e-19
7979.226520656093,3.0694608388602047e-15,-4.988281365426043e-19
7981.502630259525,3.120885484936506e-15,-4.988281365426043e-19
7983.778739862956,3.248222703792109e-15,-4.988281365426043e-19
7986.054849466389,3.3799133318393565e-15,-4.988281365426043e-19
7988.33095906982,3.413450706352766e-15,-4.988281365426043e-19
7990.608063476399,3.370249166527349e-15,-4.988281365426043e-19
7992.884173079832,3.349414274157615e-15,-4.988281365426043e-19
7995.160282683263,3.3720630870238677e-15,-4.988281365426043e-19
7997.436392286695,3.4185699930873853e-15,-4.988281365426043e-19
7999.713496693275,3.496326718371481e-15,-4.988281365426043e-19
8001.989606296707,3.616121051162394e-15,-4.988281365426043e-19
8004.265715900138,3.669289076382571e-15,-4.988281365426043e-19
8006.54182550357,3.5368224934562577e-15,-4.988281365426043e-19
8008.8189299101505,3.3483057671875205e-15,-4.988281365426043e-19
8011.0950395135815,3.2721765316822456e-15,-4.988281365426043e-19
8013.371149117013,3.3184466203476068e-15,-4.988281365426043e-19
8015.647258720445,3.4429017210809636e-15,-4.988281365426043e-19
8017.924363127026,3.441878871467649e-15,-4.988281365426043e-19
8020.200472730457,3.1770212856357093e-15,-4.988281365426043e-19
8022.476582333889,2.931854814527088e-15,-4.988281365426043e-19
8024.75269193732,2.9400426501016513e-15,-4.988281365426043e-19
8027.028801540752,3.087035713004251e-15,-4.988281365426043e-19
8029.305905947333,3.2303455095653094e-15,-4.988281365426043e-19
8031.582015550764,3.2051471306678387e-15,-4.988281365426043e-19
8033.8581251541955,2.987542173770208e-15,-4.988281365426043e-19
8036.1342347576265,2.9246041712090598e-15,-4.988281365426043e-19
8038.411339164208,3.133789513802017e-15,-4.988281365426043e-19
8040.687448767639,3.2518001581046872e-15,-4.988281365426043e-19
8042.96355837107,3.1409091517508525e-15,-4.988281365426043e-19
8045.2396679745025,3.0228985074481822e-15,-4.988281365426043e-19
8047.516772381082,2.9910238933899143e-15,-4.988281365426043e-19
8049.792881984514,2.981500810783192e-15,-4.988281365426043e-19
8052.068991587946,2.9986423594752924e-15,-4.988281365426043e-19
8054.345101191378,3.112435638623557e-15,-4.988281365426043e-19
8056.621210794809,3.2553171484007146e-15,-4.988281365426043e-19
8058.898315201388,3.244015415973795e-15,-4.988281365426043e-19
8061.174424804821,3.1547806048811733e-15,-4.988281365426043e-19
8063.450534408252,3.2360643977973887e-15,-4.988281365426043e-19
8065.726644011684,3.4182676730046322e-15,-4.988281365426043e-19
8068.003748418264,3.467621426514075e-15,-4.988281365426043e-19
8070.279858021696,3.407424459369888e-15,-4.988281365426043e-19
8072.555967625127,3.365316310510428e-15,-4.988281365426043e-19
8074.832077228559,3.3172625333568238e-15,-4.988281365426043e-19
8077.109181635139,3.202743686009952e-15,-4.988281365426043e-19
8079.38529123857,3.063802414644676e-15,-4.988281365426043e-19
8081.661400842002,2.9582423190833875e-15,-4.988281365426043e-19
8083.937510445434,2.9873507043844642e-15,-4.988281365426043e-19
8086.213620048866,3.2070315925169996e-15,-4.988281365426043e-19
8088.490724455445,3.17523255847942e-15,-4.988281365426043e-19
8090.766834058878,2.5606007142382433e-15,-4.988281365426043e-19
8093.042943662309,2.107705075601926e-15,-4.988281365426043e-19
8095.319053265741,2.407238774925645e-15,-4.988281365426043e-19
8097.596157672321,2.824712577199392e-15,-4.988281365426043e-19
8099.872267275752,2.8344321678599038e-15,-4.988281365426043e-19
8102.148376879184,2.6529242288429925e-15,-4.988281365426043e-19
8104.424486482615,2.4902105216372317e-15,-4.988281365426043e-19
8106.701590889196,2.4429377380307395e-15,-4.988281365426043e-19
8108.977700492627,2.5444517831511824e-15,-4.988281365426043e-19
8111.253810096059,2.673759121212726e-15,-4.988281365426043e-19
8113.529919699491,2.725037645915697e-15,-4.988281365426043e-19
8115.806029302923,2.6192407329562517e-15,-4.988281365426043e-19
8118.083133709502,2.426889580304596e-15,-4.988281365426043e-19
8120.359243312934,2.452642212687114e-15,-4.988281365426043e-19
8122.635352916366,2.694735096287745e-15,-4.988281365426043e-19
8124.911462519797,2.7810525185817993e-15,-4.988281365426043e-19
8127.1885669263775,2.6974358223603395e-15,-4.988281365426043e-19
8129.464676529809,2.757728524197398e-15,-4.988281365426043e-19
8131.74078613324,2.952473044170849e-15,-4.988281365426043e-19
8134.016895736672,3.051104971169046e-15,-4.988281365426043e-19
8136.294000143253,3.012851403364688e-15,-4.988281365426043e-19
8138.5701097466845,2.8946593670123657e-15,-4.988281365426043e-19
8140.8462193501155,2.8282749155078324e-15,-4.988281365426043e-19
8143.122328953547,2.979757431639316e-15,-4.988281365426043e-19
8145.398438556979,3.175736425284009e-15,-4.988281365426043e-19
8147.675542963559,3.1289423151418757e-15,-4.988281365426043e-19
8149.951652566991,2.929718419275633e-15,-4.988281365426043e-19
8152.227762170423,2.7760843918885566e-15,-4.988281365426043e-19
8154.5038717738535,2.728579829551954e-15,-4.988281365426043e-19
8156.780976180434,2.8002498438366208e-15,-4.988281365426043e-19
8159.057085783867,2.8611471858391856e-15,-4.988281365426043e-19
8161.3331953872985,2.784791210271846e-15,-4.988281365426043e-19
8163.609304990729,2.6923165356257203e-15,-4.988281365426043e-19
8165.88640939731,2.701748922207617e-15,-4.988281365426043e-19
8168.162519000742,2.7216869316651836e-15,-4.988281365426043e-19
8170.438628604172,2.6755931963814283e-15,-4.988281365426043e-19
8172.714738207604,2.6383977488667063e-15,-4.988281365426043e-19
8174.9908478110365,2.6425042633241023e-15,-4.988281365426043e-19
8177.267952217617,2.5393828830970223e-15,-4.988281365426043e-19
8179.544061821047,2.3040972400263813e-15,-4.988281365426043e-19
8181.82017142448,2.2386197487701072e-15,-4.988281365426043e-19
8184.096281027912,2.4392091236767846e-15,-4.988281365426043e-19
8186.37338543449,2.576286087865083e-15,-4.988281365426043e-19
8188.649495037923,2.5372716811857964e-15,-4.988281365426043e-19
8190.925604641355,2.5614421718019063e-15,-4.988281365426043e-19
8193.201714244788,2.726569401001646e-15,-4.988281365426043e-19
8195.478818651365,2.9187593162758333e-15,-4.988281365426043e-19
8197.754928254797,3.0682515585291923e-15,-4.988281365426043e-19
8200.031037858229,3.13374920445765e-15,-4.988281365426043e-19
8202.307147461663,3.1435443751388504e-15,-4.988281365426043e-19
8204.583257065093,3.197694940627975e-15,-4.988281365426043e-19
8206.860361471672,3.2572268035901053e-15,-4.988281365426043e-19
8209.136471075106,3.1867761469725427e-15,-4.988281365426043e-19
8211.412580678536,3.059459082789123e-15,-4.988281365426043e-19
8213.688690281968,3.0555893857298834e-15,-4.988281365426043e-19
8215.965794688549,3.1190161390914826e-15,-4.988281365426043e-19
8218.241904291981,3.096327016880863e-15,-4.988281365426043e-19
8220.518013895411,3.031585171159288e-15,-4.988281365426043e-19
8222.794123498843,3.024662041264242e-15,-4.988281365426043e-19
8225.071227905424,3.0129118673812385e-15,-4.988281365426043e-19
8227.347337508854,2.906223110177672e-15,-4.988281365426043e-19
8229.623447112286,2.7211024461718607e-15,-4.988281365426043e-19
8231.899556715718,2.5050645150365003e-15,-4.988281365426043e-19
8234.17566631915,2.3313967434989856e-15,-4.988281365426043e-19
8236.45277072573,2.263923939696541e-15,-4.988281365426043e-19
8238.728880329161,2.341524466271214e-15,-4.988281365426043e-19
8241.004989932593,2.5381383320896888e-15,-4.988281365426043e-19
8243.281099536023,2.5530679055096454e-15,-4.988281365426043e-19
8245.558203942604,2.239148808914925e-15,-4.988281365426043e-19
8247.834313546036,2.0593993650460273e-15,-4.988281365426043e-19
8250.110423149468,2.2865324432184263e-15,-4.988281365426043e-19
8252.386532752898,2.5681738323112084e-15,-4.988281365426043e-19
8254.66363715948,2.680208616311459e-15,-4.988281365426043e-19
8256.939746762911,2.7257178661018912e-15,-4.988281365426043e-19
8259.215856366342,2.7800901329850352e-15,-4.988281365426043e-19
8261.491965969775,2.8917570942179363e-15,-4.988281365426043e-19
8263.768075573207,3.0278414408011956e-15,-4.988281365426043e-19
8266.045179979787,3.0055201413579254e-15,-4.988281365426043e-19
8268.321289583218,2.864890916197278e-15,-4.988281365426043e-19
8270.59739918665,2.9160082035227804e-15,-4.988281365426043e-19
8272.873508790082,3.1424005974924343e-15,-4.988281365426043e-19
8275.15061319666,3.2344469853546597e-15,-4.988281365426043e-19
8277.426722800094,3.1099263819367063e-15,-4.988281365426043e-19
8279.702832403525,2.8462075350831367e-15,-4.988281365426043e-19
8281.978942006957,2.585496773052961e-15,-4.988281365426043e-19
8284.256046413537,2.508979560108153e-15,-4.988281365426043e-19
8286.532156016969,2.6148218210800108e-15,-4.988281365426043e-19
8288.8082656204,2.8078028072374023e-15,-4.988281365426043e-19
8291.084375223832,2.9011139007791445e-15,-4.988281365426043e-19
8293.361479630412,2.691122371298846e-15,-4.988281365426043e-19
8295.637589233844,2.462034289924643e-15,-4.988281365426043e-19
8297.913698837276,2.608538602026792e-15,-4.988281365426043e-19
8300.189808440706,2.8491551558899795e-15,-4.988281365426043e-19
8302.465918044138,2.796813472229327e-15,-4.988281365426043e-19
8304.743022450719,2.6939944120850002e-15,-4.988281365426043e-19
8307.01913205415,2.822954082051378e-15,-4.988281365426043e-19
8309.29524165758,2.9357093955821902e-15,-4.988281365426043e-19
8311.571351261013,2.803701331448052e-15,-4.988281365426043e-19
8313.848455667594,2.639027582372442e-15,-4.988281365426043e-19
8316.124565271024,2.627730888613568e-15,-4.988281365426043e-19
8318.400674874456,2.674968401543739e-15,-4.988281365426043e-19
8320.676784477888,2.7093421949527653e-15,-4.988281365426043e-19
8322.953888884469,2.805449749259974e-15,-4.988281365426043e-19
8325.2299984879,2.970828911862008e-15,-4.988281365426043e-19
8327.506108091331,3.0378986222207817e-15,-4.988281365426043e-19
8329.782217694765,2.9643189527467247e-15,-4.988281365426043e-19
8332.058327298195,2.952221110768555e-15,-4.988281365426043e-19
8334.335431704774,3.1029528653612016e-15,-4.988281365426043e-19
8336.611541308208,3.3722948657539784e-15,-4.988281365426043e-19
8338.88765091164,3.627750297012296e-15,-4.988281365426043e-19
8341.16376051507,3.6092281532756234e-15,-4.988281365426043e-19
8343.44086492165,3.332947906983663e-15,-4.988281365426043e-19
8345.716974525083,3.1087422949459233e-15,-4.988281365426043e-19
8347.993084128513,3.047482168844055e-15,-4.988281365426043e-19
8350.269193731945,3.0966545303038455e-15,-4.988281365426043e-19
8352.546298138526,3.1888319235352634e-15,-4.988281365426043e-19
8354.822407741958,3.228773445134993e-15,-4.988281365426043e-19
8357.098517345388,3.2317764912903406e-15,-4.988281365426043e-19
8359.37462694882,3.287564623894378e-15,-4.988281365426043e-19
8361.650736552252,3.274212153572783e-15,-4.988281365426043e-19
8363.927840958831,2.991044048062098e-15,-4.988281365426043e-19
8366.203950562263,2.704681427010322e-15,-4.988281365426043e-19
8368.480060165695,2.8033637406889777e-15,-4.988281365426043e-19
8370.756169769127,3.003424055450837e-15,-4.988281365426043e-19
8373.033274175707,2.8866781168276844e-15,-4.988281365426043e-19
8375.309383779138,2.6112897147798454e-15,-4.988281365426043e-19
8377.58549338257,2.4334297714281548e-15,-4.988281365426043e-19
8379.861602986002,2.362636485383472e-15,-4.988281365426043e-19
8382.138707392582,2.3727188601432877e-15,-4.988281365426043e-19
8384.414816996014,2.46970314269048e-15,-4.988281365426043e-19
8386.690926599445,2.632059104464983e-15,-4.988281365426043e-19
8388.967036202876,2.7414989744216027e-15,-4.988281365426043e-19
8391.24314580631,2.7303584793721515e-15,-4.988281365426043e-19
8393.520250212889,2.719243177662929e-15,-4.988281365426043e-19
8395.79635981632,2.8045075183353934e-15,-4.988281365426043e-19
8398.072469419752,2.993155249973324e-15,-4.988281365426043e-19
8400.348579023184,3.230128846839336e-15,-4.988281365426043e-19
8402.625683429764,3.3112312477058995e-15,-4.988281365426043e-19
8404.901793033196,3.2088303970093806e-15,-4.988281365426043e-19
8407.177902636628,3.249749420210012e-15,-4.988281365426043e-19
8409.45401224006,3.4534023052885875e-15,-4.988281365426043e-19
8411.731116646639,3.365714365286053e-15,-4.988281365426043e-19
8414.00722625007,2.97966673561449e-15,-4.988281365426043e-19
8416.283335853503,2.8162375375462133e-15,-4.988281365426043e-19
8418.559445456935,2.92756690802004e-15,-4.988281365426043e-19
8420.835555060365,2.9279951948039404e-15,-4.988281365426043e-19
8423.112659466946,2.821608757683127e-15,-4.988281365426043e-19
8425.388769070378,2.89263382245792e-15,-4.988281365426043e-19
8427.66487867381,3.0766056701492695e-15,-4.988281365426043e-19
8429.94098827724,3.11475846459271e-15,-4.988281365426043e-19
8432.218092683821,3.0214171390426923e-15,-4.988281365426043e-19
8434.494202287253,2.937200841323772e-15,-4.988281365426043e-19
8436.770311890683,2.9006654593230606e-15,-4.988281365426043e-19
8439.046421494115,2.909850951170709e-15,-4.988281365426043e-19
8441.323525900696,2.948542883095059e-15,-4.988281365426043e-19
8443.599635504128,2.9905351425894635e-15,-4.988281365426043e-19
8445.875745107558,2.927047925211314e-15,-4.988281365426043e-19
8448.15185471099,2.6688212265277593e-15,-4.988281365426043e-19
8450.427964314422,2.4457341987962054e-15,-4.988281365426043e-19
8452.705068721001,2.490578344404581e-15,-4.988281365426043e-19
8454.981178324433,2.6625934328230456e-15,-4.988281365426043e-19
8457.257287927865,2.7867159814653738e-15,-4.988281365426043e-19
8459.533397531299,2.8094655676925443e-15,-4.988281365426043e-19
8461.810501937876,2.731522411690751e-15,-4.988281365426043e-19
8464.086611541308,2.7310185448861625e-15,-4.988281365426043e-19
8466.362721144742,2.9073265784797204e-15,-4.988281365426043e-19
8468.638830748174,3.0613183512980546e-15,-4.988281365426043e-19
8470.915935154751,3.062038880828616e-15,-4.988281365426043e-19
8473.192044758185,2.981243838712852e-15,-4.988281365426043e-19
8475.468154361617,2.891762132885982e-15,-4.988281365426043e-19
8477.744263965047,2.8536899571312758e-15,-4.988281365426043e-19
8480.020373568479,2.9056235086802115e-15,-4.988281365426043e-19
8482.29747797506,3.0551056735974787e-15,-4.988281365426043e-19
8484.573587578492,3.227019988655025e-15,-4.988281365426043e-19
8486.849697181922,3.235263249578093e-15,-4.988281365426043e-19
8489.125806785354,3.085383029885201e-15,-4.988281365426043e-19
8491.402911191935,2.986368164115517e-15,-4.988281365426043e-19
8493.679020795365,2.9974985818288767e-15,-4.988281365426043e-19
8495.955130398797,3.0603962750456578e-15,-4.988281365426043e-19
8498.23124000223,3.0917166356188782e-15,-4.988281365426043e-19
8500.50834440881,2.9840705314865933e-15,-4.988281365426043e-19
8502.78445401224,2.808598916788652e-15,-4.988281365426043e-19
8505.060563615672,2.728655409572642e-15,-4.988281365426043e-19
8507.336673219104,2.787723715074551e-15,-4.988281365426043e-19
8509.612782822534,2.9739024993699975e-15,-4.988281365426043e-19
8511.889887229116,3.0663015939954348e-15,-4.988281365426043e-19
8514.165996832548,2.802114151013598e-15,-4.988281365426043e-19
8516.44210643598,2.44931669177683e-15,-4.988281365426043e-19
8518.71821603941,2.3867616279871688e-15,-4.988281365426043e-19
8520.99532044599,2.4882303250951987e-15,-4.988281365426043e-19
8523.271430049423,2.539559236478628e-15,-4.988281365426043e-19
8525.547539652853,2.5743865100117846e-15,-4.988281365426043e-19
8527.823649256286,2.6441065597626938e-15,-4.988281365426043e-19
8530.100753662866,2.6978237997998725e-15,-4.988281365426043e-19
8532.376863266298,2.6977683744513677e-15,-4.988281365426043e-19
8534.65297286973,2.6875953036667263e-15,-4.988281365426043e-19
8536.929082473162,2.70652054084707e-15,-4.988281365426043e-19
8539.205192076593,2.754977411444345e-15,-4.988281365426043e-19
8541.482296483173,2.820898305488657e-15,-4.988281365426043e-19
8543.758406086605,2.859590237413007e-15,-4.988281365426043e-19
8546.034515690037,2.860502236329312e-15,-4.988281365426043e-19
8548.310625293469,2.8922811156947083e-15,-4.988281365426043e-19
8550.587729700048,2.9906409546184274e-15,-4.988281365426043e-19
8552.86383930348,3.138178193669983e-15,-4.988281365426043e-19
8555.139948906912,3.278812457498676e-15,-4.988281365426043e-19
8557.416058510344,3.297934202732809e-15,-4.988281365426043e-19
8559.693162916923,3.1857986453716407e-15,-4.988281365426043e-19
8561.969272520355,3.0570203674549147e-15,-4.988281365426043e-19
8564.245382123787,2.97423001279298e-15,-4.988281365426043e-19
8566.521491727217,2.950563388981459e-15,-4.988281365426043e-19
8568.798596133798,2.9707230998330444e-15,-4.988281365426043e-19
8571.07470573723,2.991170014763245e-15,-4.988281365426043e-19
8573.350815340662,2.986625136185857e-15,-4.988281365426043e-19
8575.626924944092,2.9480440549585163e-15,-4.988281365426043e-19
8577.903034547524,2.8570154780415598e-15,-4.988281365426043e-19
8580.180138954105,2.6982067385713598e-15,-4.988281365426043e-19
8582.456248557535,2.5139829574777164e-15,-4.988281365426043e-19
8584.732358160967,2.3658461169287005e-15,-4.988281365426043e-19
8587.008467764399,2.3130207211356435e-15,-4.988281365426043e-19
8589.28557217098,2.399358298101881e-15,-4.988281365426043e-19
8591.56168177441,2.4929162863778716e-15,-4.988281365426043e-19
8593.837791377842,2.4444997251249637e-15,-4.988281365426043e-19
8596.113900981276,2.42172998422561e-15,-4.988281365426043e-19
8598.391005387854,2.6000837170457975e-15,-4.988281365426043e-19
8600.667114991285,2.742587326719514e-15,-4.988281365426043e-19
8602.94322459472,2.6452049893966965e-15,-4.988281365426043e-19
8605.219334198151,2.615260185200003e-15,-4.988281365426043e-19
8607.495443801581,2.8648304521807275e-15,-4.988281365426043e-19
8609.772548208162,2.9803318397965466e-15,-4.988281365426043e-19
8612.048657811594,2.7283732441620727e-15,-4.988281365426043e-19
8614.324767415024,2.5903792423894232e-15,-4.988281365426043e-19
8616.600877018456,2.8245966878343366e-15,-4.988281365426043e-19
8618.877981425037,3.0418791699770305e-15,-4.988281365426043e-19
8621.15409102847,3.0492305866559768e-15,-4.988281365426043e-19
8623.4302006319,3.093480169434938e-15,-4.988281365426043e-19
8625.706310235331,3.235071780192349e-15,-4.988281365426043e-19
8627.983414641913,3.2207569242739905e-15,-4.988281365426043e-19
8630.259524245343,3.055967285833325e-15,-4.988281365426043e-19
8632.535633848775,3.0851210191468147e-15,-4.988281365426043e-19
8634.811743452206,3.318426465675423e-15,-4.988281365426043e-19
8637.087853055638,3.425316769600825e-15,-4.988281365426043e-19
8639.364957462218,3.3103595581339615e-15,-4.988281365426043e-19
8641.64106706565,3.0529894330182067e-15,-4.988281365426043e-19
8643.917176669082,2.8410529776721966e-15,-4.988281365426043e-19
8646.193286272513,2.953319540402558e-15,-4.988281365426043e-19
8648.470390679093,3.2087195463123714e-15,-4.988281365426043e-19
8650.746500282525,3.1757868119644676e-15,-4.988281365426043e-19
8653.022609885957,2.913206704089268e-15,-4.988281365426043e-19
8655.298719489387,2.691727011464352e-15,-4.988281365426043e-19
8657.575823895968,2.6526773341087438e-15,-4.988281365426043e-19
8659.8519334994,2.86988423623075e-15,-4.988281365426043e-19
8662.128043102832,3.1940872543071217e-15,-4.988281365426043e-19
8664.404152706264,3.4109263336617778e-15,-4.988281365426043e-19
8666.680262309696,3.326362367847692e-15,-4.988281365426043e-19
8668.957366716275,2.8344875932084086e-15,-4.988281365426043e-19
8671.233476319707,2.3166939101410936e-15,-4.988281365426043e-19
8673.509585923139,2.1626567893103463e-15,-4.988281365426043e-19
8675.78569552657,2.3058960445187623e-15,-4.988281365426043e-19
8678.062799933152,2.5822115614870437e-15,-4.988281365426043e-19
8680.338909536582,2.7279499960462186e-15,-4.988281365426043e-19
8682.615019140014,2.577903500307812e-15,-4.988281365426043e-19
8684.891128743446,2.3551994113477458e-15,-4.988281365426043e-19
8687.168233150025,2.2642867237958446e-15,-4.988281365426043e-19
8689.444342753457,2.3582729988557358e-15,-4.988281365426043e-19
8691.720452356889,2.6178450219075416e-15,-4.988281365426043e-19
8693.99656196032,2.8778352544071563e-15,-4.988281365426043e-19
8696.272671563751,3.0252515654256107e-15,-4.988281365426043e-19
8698.549775970332,3.059640474838775e-15,-4.988281365426043e-19
8700.825885573764,3.028748401049455e-15,-4.988281365426043e-19
8703.101995177194,3.0558060484558566e-15,-4.988281365426043e-19
8705.378104780626,3.1586906112847802e-15,-4.988281365426043e-19
8707.655209187207,3.2130779941720618e-15,-4.988281365426043e-19
8709.93131879064,3.2150481133780026e-15,-4.988281365426043e-19
8712.20742839407,3.2878619053090854e-15,-4.988281365426043e-19
8714.483537997501,3.350689057173224e-15,-4.988281365426043e-19
8716.760642404082,3.166893562863481e-15,-4.988281365426043e-19
8719.036752007512,2.8574336874893682e-15,-4.988281365426043e-19
8721.312861610944,2.7534557336944876e-15,-4.988281365426043e-19
8723.588971214376,2.8699497389153463e-15,-4.988281365426043e-19
8725.86508081781,3.0622404275504518e-15,-4.988281365426043e-19
8728.142185224388,3.199796065203109e-15,-4.988281365426043e-19
8730.41829482782,3.164258339475483e-15,-4.988281365426043e-19
8732.694404431253,2.982820941811214e-15,-4.988281365426043e-19
8734.970514034685,2.7422144652841185e-15,-4.988281365426043e-19
8737.247618441263,2.5709299837323074e-15,-4.988281365426043e-19
8739.523728044696,2.57851821780941e-15,-4.988281365426043e-19
8741.799837648128,2.597131057570909e-15,-4.988281365426043e-19
8744.075947251558,2.4458400108251693e-15,-4.988281365426043e-19
8746.35305165814,2.2542597743845336e-15,-4.988281365426043e-19
8748.629161261571,2.171373685029727e-15,-4.988281365426043e-19
8750.905270865003,2.1924151627893427e-15,-4.988281365426043e-19
8753.181380468433,2.2919187793594775e-15,-4.988281365426043e-19
8755.457490071865,2.4585324156327533e-15,-4.988281365426043e-19
8757.734594478447,2.6429879754565074e-15,-4.988281365426043e-19
8760.010704081877,2.6711642071690956e-15,-4.988281365426043e-19
8762.286813685309,2.502792075747806e-15,-4.988281365426043e-19
8764.56292328874,2.455821612224067e-15,-4.988281365426043e-19
8766.840027695322,2.6498959893474155e-15,-4.988281365426043e-19
8769.116137298752,2.772496860239887e-15,-4.988281365426043e-19
8771.392246902184,2.6900289803328885e-15,-4.988281365426043e-19
8773.668356505616,2.55320898821493e-15,-4.988281365426043e-19
8775.945460912195,2.504066858763415e-15,-4.988281365426043e-19
8778.221570515627,2.6919235195181412e-15,-4.988281365426043e-19
8780.497680119059,3.069400374843654e-15,-4.988281365426043e-19
8782.77378972249,3.3662686187711003e-15,-4.988281365426043e-19
8785.04989932592,3.4878970267307153e-15,-4.988281365426043e-19
8787.327003732502,3.5033052736150314e-15,-4.988281365426043e-19
8789.603113335934,3.409253495870544e-15,-4.988281365426043e-19
8791.879222939366,3.1585696832516788e-15,-4.988281365426043e-19
8794.155332542798,2.896231431442682e-15,-4.988281365426043e-19
8796.432436949377,2.8605223910014957e-15,-4.988281365426043e-19
8798.708546552809,2.98613134671736e-15,-4.988281365426043e-19
8800.98465615624,3.0709623619378783e-15,-4.988281365426043e-19
8803.260765759673,3.0697782749470953e-15,-4.988281365426043e-19
8805.537870166252,2.994430032988933e-15,-4.988281365426043e-19
8807.813979769684,2.9063389995427273e-15,-4.988281365426043e-19
8810.090089373116,2.88056117381998e-15,-4.988281365426043e-19
8812.366198976548,2.8082663646976237e-15,-4.988281365426043e-19
8814.64230857998,2.5793042500245682e-15,-4.988281365426043e-19
8816.91941298656,2.472071316672046e-15,-4.988281365426043e-19
8819.195522589991,2.7235764321823902e-15,-4.988281365426043e-19
8821.471632193423,2.9516265479391404e-15,-4.988281365426043e-19
8823.747741796855,2.8203390133355636e-15,-4.988281365426043e-19
8826.024846203434,2.563472755024398e-15,-4.988281365426043e-19
8828.300955806866,2.4127762711080723e-15,-4.988281365426043e-19
8830.577065410298,2.373308384304656e-15,-4.988281365426043e-19
8832.853175013728,2.4403881719995215e-15,-4.988281365426043e-19
8835.13027942031,2.633515279530244e-15,-4.988281365426043e-19
8837.406389023741,2.8872726796570987e-15,-4.988281365426043e-19
8839.682498627173,2.9488401645097663e-15,-4.988281365426043e-19
8841.958608230603,2.7751723929722516e-15,-4.988281365426043e-19
8844.234717834035,2.726609710346013e-15,-4.988281365426043e-19
8846.511822240616,2.9045956203988507e-15,-4.988281365426043e-19
8848.787931844046,3.0107351627854164e-15,-4.988281365426043e-19
8851.064041447478,2.964036787336155e-15,-4.988281365426043e-19
8853.34015105091,2.9376593601159478e-15,-4.988281365426043e-19
8855.617255457491,2.968899102000434e-15,-4.988281365426043e-19
8857.893365060921,2.980755087912401e-15,-4.988281365426043e-19
8860.169474664353,2.961764348047461e-15,-4.988281365426043e-19
8862.445584267787,2.9300963193790745e-15,-4.988281365426043e-19
8864.722688674365,2.9726377936904804e-15,-4.988281365426043e-19
8866.998798277797,3.2244804999598992e-15,-4.988281365426043e-19
8869.27490788123,3.489494284501261e-15,-4.988281365426043e-19
8871.551017484662,3.42064592432229e-15,-4.988281365426043e-19
8873.82812189124,3.104555161799793e-15,-4.988281365426043e-19
8876.104231494674,2.8014792788398168e-15,-4.988281365426043e-19
8878.380341098105,2.6424589153116893e-15,-4.988281365426043e-19
8880.656450701537,2.696281967377832e-15,-4.988281365426043e-19
8882.932560304967,2.8103322185964362e-15,-4.988281365426043e-19
8885.209664711549,2.788590365978443e-15,-4.988281365426043e-19
8887.48577431498,2.5950047396555456e-15,-4.988281365426043e-19
8889.76188391841,2.2653851534298477e-15,-4.988281365426043e-19
8892.037993521843,2.097355651435678e-15,-4.988281365426043e-19
8894.315097928424,2.3118215181407226e-15,-4.988281365426043e-19
8896.591207531854,2.5013610940227748e-15,-4.988281365426043e-19
8898.867317135286,2.339246988314474e-15,-4.988281365426043e-19
8901.143426738718,2.162273850538859e-15,-4.988281365426043e-19
8903.420531145299,2.2018727427114687e-15,-4.988281365426043e-19
8905.696640748729,2.1531689773799453e-15,-4.988281365426043e-19
8907.97275035216,1.885338577400934e-15,-4.988281365426043e-19
8910.248859955593,1.7666376355759774e-15,-4.988281365426043e-19
8912.524969559025,1.954610185695759e-15,-4.988281365426043e-19
8914.802073965604,2.1683404068661045e-15,-4.988281365426043e-19
8917.078183569036,2.2425297551737137e-15,-4.988281365426043e-19
8919.354293172468,2.1921027653704978e-15,-4.988281365426043e-19
8921.6304027759,2.1106375804046308e-15,-4.988281365426043e-19
8923.90750718248,2.223387855267397e-15,-4.988281365426043e-19
8926.183616785911,2.5094330402322825e-15,-4.988281365426043e-19
8928.459726389343,2.6616260085582354e-15,-4.988281365426043e-19
8930.735835992775,2.648475084958476e-15,-4.988281365426043e-19
8933.012940399354,2.6911929126514882e-15,-4.988281365426043e-19
8935.289050002786,2.7258488714710845e-15,-4.988281365426043e-19
8937.565159606218,2.4921352928307595e-15,-4.988281365426043e-19
8939.84126920965,2.176331734386878e-15,-4.988281365426043e-19
8942.117378813082,2.1964309812219127e-15,-4.988281365426043e-19
8944.394483219663,2.4612230643692556e-15,-4.988281365426043e-19
8946.670592823093,2.661112064417555e-15,-4.988281365426043e-19
8948.946702426525,2.665410048260695e-15,-4.988281365426043e-19
8951.222812029957,2.4203544278490835e-15,-4.988281365426043e-19
8953.499916436536,2.226940116239746e-15,-4.988281365426043e-19
8955.776026039968,2.4374657445329085e-15,-4.988281365426043e-19
8958.0521356434,2.7212536062132372e-15,-4.988281365426043e-19
8960.328245246832,2.6594896133067805e-15,-4.988281365426043e-19
8962.605349653411,2.3795916033578746e-15,-4.988281365426043e-19
8964.881459256843,2.1014672045611203e-15,-4.988281365426043e-19
8967.157568860275,2.031570801428605e-15,-4.988281365426043e-19
8969.433678463707,2.27394081177176e-15,-4.988281365426043e-19
8971.709788067137,2.4436633062293468e-15,-4.988281365426043e-19
8973.986892473718,2.2668816378394756e-15,-4.988281365426043e-19
8976.26300207715,2.068776326279419e-15,-4.988281365426043e-19
8978.53911168058,2.089616257317199e-15,-4.988281365426043e-19
8980.815221284012,2.223790948711068e-15,-4.988281365426043e-19
8983.092325690593,2.3482611654485623e-15,-4.988281365426043e-19
8985.368435294025,2.307664617002868e-15,-4.988281365426043e-19
8987.644544897455,2.085897720299336e-15,-4.988281365426043e-19
8989.92065450089,1.932903603754087e-15,-4.988281365426043e-19
8992.197758907469,1.9801209620120743e-15,-4.988281365426043e-19
8994.473868510899,2.186086595723711e-15,-4.988281365426043e-19
8996.74997811433,2.4258667306912815e-15,-4.988281365426043e-19
8999.026087717764,2.4604773414984647e-15,-4.988281365426043e-19
9001.302197321196,2.2889308492082678e-15,-4.988281365426043e-19
9003.579301727774,2.1537534628732678e-15,-4.988281365426043e-19
9005.855411331208,2.1227706930591216e-15,-4.988281365426043e-19
9008.13152093464,2.1286760120088986e-15,-4.988281365426043e-19
9010.40763053807,2.1612409235894526e-15,-4.988281365426043e-19
9012.68473494465,2.2317117348791988e-15,-4.988281365426043e-19
9014.960844548083,2.3447592911566724e-15,-4.988281365426043e-19
9017.236954151515,2.504505222883407e-15,-4.988281365426043e-19
9019.513063754945,2.6378535727177507e-15,-4.988281365426043e-19
9021.790168161526,2.6480115274982546e-15,-4.988281365426043e-19
9024.066277764958,2.582634809602898e-15,-4.988281365426043e-19
9026.342387368388,2.5356945780874343e-15,-4.988281365426043e-19
9028.61849697182,2.476006516415882e-15,-4.988281365426043e-19
9030.894606575252,2.3561265262681887e-15,-4.988281365426043e-19
9033.171710981833,2.2723485926692606e-15,-4.988281365426043e-19
9035.447820585263,2.3216872301745652e-15,-4.988281365426043e-19
9037.723930188695,2.4468326284302085e-15,-4.988281365426043e-19
9040.000039792127,2.570783862358977e-15,-4.988281365426043e-19
9042.277144198706,2.668181315685932e-15,-4.988281365426043e-19
9044.553253802138,2.7217776276900092e-15,-4.988281365426043e-19
9046.82936340557,2.722231107814139e-15,-4.988281365426043e-19
9049.105473009002,2.6768276700526704e-15,-4.988281365426043e-19
9051.382577415581,2.620706985357604e-15,-4.988281365426043e-19
9053.658687019013,2.58728550020925e-15,-4.988281365426043e-19
9055.934796622445,2.6120858243310954e-15,-4.988281365426043e-19
9058.210906225879,2.670322749605433e-15,-4.988281365426043e-19
9060.487015829309,2.6017364001648477e-15,-4.988281365426043e-19
9062.764120235888,2.390953799801345e-15,-4.988281365426043e-19
9065.04022983932,2.282436006097122e-15,-4.988281365426043e-19
9067.316339442752,2.3204174858270023e-15,-4.988281365426043e-19
9069.592449046184,2.261198020283717e-15,-4.988281365426043e-19
9071.869553452763,2.100469548288035e-15,-4.988281365426043e-19
9074.145663056197,2.105503177665874e-15,-4.988281365426043e-19
9076.421772659627,2.225766106585055e-15,-4.988281365426043e-19
9078.697882263059,2.129855060331636e-15,-4.988281365426043e-19
9080.97498666964,1.8952445987791434e-15,-4.988281365426043e-19
9083.25109627307,1.8870063765241216e-15,-4.988281365426043e-19
9085.527205876502,2.037047833594482e-15,-4.988281365426043e-19
9087.803315479934,2.039224538190304e-15,-4.988281365426043e-19
9090.079425083366,1.9782818481753264e-15,-4.988281365426043e-19
9092.356529489945,2.0938789704840176e-15,-4.988281365426043e-19
9094.632639093377,2.365820923588471e-15,-4.988281365426043e-19
9096.90874869681,2.6850961243159674e-15,-4.988281365426043e-19
9099.18485830024,2.839359985208779e-15,-4.988281365426043e-19
9101.46196270682,2.631504850979936e-15,-4.988281365426043e-19
9103.738072310252,2.421427664142857e-15,-4.988281365426043e-19
9106.014181913684,2.617426812459733e-15,-4.988281365426043e-19
9108.290291517114,2.9229262947497802e-15,-4.988281365426043e-19
9110.567395923696,2.9852042317969176e-15,-4.988281365426043e-19
9112.843505527127,2.9126171799278998e-15,-4.988281365426043e-19
9115.119615130558,2.8489233771598688e-15,-4.988281365426043e-19
9117.39572473399,2.8194673237636255e-15,-4.988281365426043e-19
9119.671834337423,2.8330818048236067e-15,-4.988281365426043e-19
9121.948938744003,2.8412646017301237e-15,-4.988281365426043e-19
9124.225048347433,2.819945997227985e-15,-4.988281365426043e-19
9126.501157950866,2.857877090277406e-15,-4.988281365426043e-19
9128.777267554298,2.9678863297232113e-15,-4.988281365426043e-19
9131.054371960876,2.9716703694256706e-15,-4.988281365426043e-19
9133.330481564308,2.8144135397136033e-15,-4.988281365426043e-19
9135.606591167741,2.6808888364976535e-15,-4.988281365426043e-19
9137.882700771173,2.6428015447388097e-15,-4.988281365426043e-19
9140.159805177751,2.5952365183856563e-15,-4.988281365426043e-19
9142.435914781185,2.5119977222676377e-15,-4.988281365426043e-19
9144.712024384617,2.4590010117610205e-15,-4.988281365426043e-19
9146.988133988049,2.4435978035447505e-15,-4.988281365426043e-19
9149.265238394628,2.4143483355383887e-15,-4.988281365426043e-19
9151.54134799806,2.4041500714135175e-15,-4.988281365426043e-19
9153.817457601492,2.5134841293411738e-15,-4.988281365426043e-19
9156.093567204922,2.663404658378433e-15,-4.988281365426043e-19
9158.369676808354,2.669607258742917e-15,-4.988281365426043e-19
9160.646781214935,2.527073417060925e-15,-4.988281365426043e-19
9162.922890818367,2.321173286033885e-15,-4.988281365426043e-19
9165.199000421797,2.1877443175108073e-15,-4.988281365426043e-19
9167.475110025229,2.2731850115648775e-15,-4.988281365426043e-19
9169.75221443181,2.4282349046728475e-15,-4.988281365426043e-19
9172.02832403524,2.4225613644531808e-15,-4.988281365426043e-19
9174.304433638672,2.3323591290957497e-15,-4.988281365426043e-19
9176.580543242104,2.304102278694427e-15,-4.988281365426043e-19
9178.857647648685,2.3928987256670566e-15,-4.988281365426043e-19
9181.133757252115,2.6122621777127013e-15,-4.988281365426043e-19
9183.409866855547,2.799277380903765e-15,-4.988281365426043e-19
9185.685976458979,2.8134662701209768e-15,-4.988281365426043e-19
9187.96208606241,2.811344990873659e-15,-4.988281365426043e-19
9190.23919046899,2.9267456051285607e-15,-4.988281365426043e-19
9192.515300072422,3.0352785148369213e-15,-4.988281365426043e-19
9194.791409675856,3.048923227905178e-15,-4.988281365426043e-19
9197.067519279286,3.0631625038028486e-15,-4.988281365426043e-19
9199.344623685865,3.1319252066250397e-15,-4.988281365426043e-19
9201.620733289297,3.200733257459644e-15,-4.988281365426043e-19
9203.89684289273,3.1996045958173653e-15,-4.988281365426043e-19
9206.172952496161,3.0059333121376877e-15,-4.988281365426043e-19
9208.45005690274,2.6626387808354586e-15,-4.988281365426043e-19
9210.726166506174,2.504500184215361e-15,-4.988281365426043e-19
9213.002276109604,2.6039685301091747e-15,-4.988281365426043e-19
9215.278385713036,2.6601899881651584e-15,-4.988281365426043e-19
9217.554495316468,2.5942086301042956e-15,-4.988281365426043e-19
9219.831599723047,2.58333014579323e-15,-4.988281365426043e-19
9222.10770932648,2.58255922958221e-15,-4.988281365426043e-19
9224.383818929911,2.3521107078356183e-15,-4.988281365426043e-19
9226.659928533343,2.0215337746812024e-15,-4.988281365426043e-19
9228.937032939923,1.973273412137717e-15,-4.988281365426043e-19
9231.213142543354,2.1655741781089137e-15,-4.988281365426043e-19
9233.489252146786,2.3169156115351125e-15,-4.988281365426043e-19
9235.765361750218,2.345993764827914e-15,-4.988281365426043e-19
9238.042466156798,2.2579984660745803e-15,-4.988281365426043e-19
9240.31857576023,2.12284627307981e-15,-4.988281365426043e-19
9242.594685363661,2.0474526831092342e-15,-4.988281365426043e-19
9244.870794967092,1.8731046913855253e-15,-4.988281365426043e-19
9247.146904570523,1.406881775767842e-15,-4.988281365426043e-19
9249.424008977105,1.1092526929654673e-15,-4.988281365426043e-19
9251.700118580537,1.4612137333066188e-15,-4.988281365426043e-19
9253.976228183967,1.910879585725524e-15,-4.988281365426043e-19
9256.2523377874,1.857751869849714e-15,-4.988281365426043e-19
9258.52944219398,1.6359597798059527e-15,-4.988281365426043e-19
9260.80555179741,1.5910299768407972e-15,-4.988281365426043e-19
9263.081661400844,1.4507131490989947e-15,-4.988281365426043e-19
9265.357771004275,1.0468286345449994e-15,-4.988281365426043e-19
9267.634875410855,7.653736761699151e-16,-4.988281365426043e-19
9269.910985014287,8.399862725933786e-16,-4.988281365426043e-19
9272.187094617719,9.822228328606634e-16,-4.988281365426043e-19
9274.46320422115,9.980291345206042e-16,-4.988281365426043e-19
9276.73931382458,9.676006181915053e-16,-4.988281365426043e-19
9279.016418231162,9.516230018180042e-16,-4.988281365426043e-19
9281.292527834594,9.910908886214207e-16,-4.988281365426043e-19
9283.568637438026,1.056250943790804e-15,-4.988281365426043e-19
9285.844747041456,9.733245450916305e-16,-4.988281365426043e-19
9288.121851448037,7.956056844452245e-16,-4.988281365426043e-19
9290.397961051469,8.756096556777849e-16,-4.988281365426043e-19
9292.674070654899,1.1828575557797538e-15,-4.988281365426043e-19
9294.95018025833,1.3086428648772242e-15,-4.988281365426043e-19
9297.227284664912,1.1963964568190465e-15,-4.988281365426043e-19
9299.503394268344,1.0507991049651566e-15,-4.988281365426043e-19
9301.779503871774,1.0143947283336383e-15,-4.988281365426043e-19
9304.055613475206,1.2107868927580937e-15,-4.988281365426043e-19
9306.331723078638,1.4259833663297916e-15,-4.988281365426043e-19
9308.608827485217,1.270661385147344e-15,-4.988281365426043e-19
9310.88493708865,9.553213841636838e-16,-4.988281365426043e-19
9313.161046692081,9.1976854243192e-16,-4.988281365426043e-19
9315.437156295513,1.0796152475195723e-15,-4.988281365426043e-19
9317.714260702092,1.1913225180968405e-15,-4.988281365426043e-19
9319.990370305524,1.1369452125456507e-15,-4.988281365426043e-19
9322.266479908956,8.602719501461113e-16,-4.988281365426043e-19
9324.54258951239,6.724757534079354e-16,-4.988281365426043e-19
9326.819693918967,8.798370981682823e-16,-4.988281365426043e-19
9329.0958035224,1.1331158248307782e-15,-4.988281365426043e-19
9331.371913125833,1.0897228156196175e-15,-4.988281365426043e-19
9333.648022729263,1.068646067183681e-15,-4.988281365426043e-19
9335.924132332695,1.3329544381986189e-15,-4.988281365426043e-19
9338.201236739276,1.5828522186023259e-15,-4.988281365426043e-19
9340.477346342708,1.6116482064845581e-15,-4.988281365426043e-19
9342.753455946138,1.676657101612565e-15,-4.988281365426043e-19
9345.02956554957,1.9028026008479706e-15,-4.988281365426043e-19
9347.306669956151,1.9999985074530904e-15,-4.988281365426043e-19
9349.582779559581,1.856356158801004e-15,-4.988281365426043e-19
9351.858889163013,1.7431675198182456e-15,-4.988281365426043e-19
9354.134998766445,1.803737348397828e-15,-4.988281365426043e-19
9356.412103173026,1.9811841209697562e-15,-4.988281365426043e-19
9358.688212776457,2.149425247021853e-15,-4.988281365426043e-19
9360.964322379888,2.049473188995634e-15,-4.988281365426043e-19
9363.24043198332,1.7752184872581194e-15,-4.988281365426043e-19
9365.51654158675,1.839441350170968e-15,-4.988281365426043e-19
9367.793645993332,2.218399573901971e-15,-4.988281365426043e-19
9370.069755596764,2.4174471163866076e-15,-4.988281365426043e-19
9372.345865200195,2.306873546119664e-15,-4.988281365426043e-19
9374.621974803626,2.0072541894391645e-15,-4.988281365426043e-19
9376.899079210207,1.6923122432311294e-15,-4.988281365426043e-19
9379.175188813639,1.5719636569551686e-15,-4.988281365426043e-19
9381.451298417069,1.6622918590137473e-15,-4.988281365426043e-19
9383.7274080205,1.8714268149262454e-15,-4.988281365426043e-19
9386.004512427082,2.0125447908873436e-15,-4.988281365426043e-19
9388.280622030514,1.8812723722879048e-15,-4.988281365426043e-19
9390.556731633944,1.579743360418015e-15,-4.988281365426043e-19
9392.832841237378,1.3082901581140122e-15,-4.988281365426043e-19
9395.10895084081,1.0483100029504895e-15,-4.988281365426043e-19
9397.386055247387,7.587579050256683e-16,-4.988281365426043e-19
9399.66216485082,6.880956243501786e-16,-4.988281365426043e-19
9401.938274454253,1.0332998108417985e-15,-4.988281365426043e-19
9404.214384057685,1.4705050371832305e-15,-4.988281365426043e-19
9406.491488464264,1.6760524614470589e-15,-4.988281365426043e-19
9408.767598067696,1.7008023988884454e-15,-4.988281365426043e-19
9411.043707671128,1.6360958238431916e-15,-4.988281365426043e-19
9413.31981727456,1.5441502093418841e-15,-4.988281365426043e-19
9415.596921681139,1.4838827008450549e-15,-4.988281365426043e-19
9417.873031284571,1.481116472087864e-15,-4.988281365426043e-19
9420.149140888003,1.518458040975917e-15,-4.988281365426043e-19
9422.425250491433,1.4933705127754562e-15,-4.988281365426043e-19
9424.702354898014,1.360269057675361e-15,-4.988281365426043e-19
9426.978464501446,1.1711779232493926e-15,-4.988281365426043e-19
9429.254574104878,1.032176187867566e-15,-4.988281365426043e-19
9431.530683708308,1.1501011748134562e-15,-4.988281365426043e-19
9433.80679331174,1.4668419255138721e-15,-4.988281365426043e-19
9436.083897718321,1.5804790059527142e-15,-4.988281365426043e-19
9438.360007321751,1.4339948485227487e-15,-4.988281365426043e-19
9440.636116925183,1.3285103329821483e-15,-4.988281365426043e-19
9442.912226528615,1.3056498960579686e-15,-4.988281365426043e-19
9445.189330935196,1.1981952613114273e-15,-4.988281365426043e-19
9447.465440538626,1.1110817294661236e-15,-4.988281365426043e-19
9449.741550142058,1.309660675822493e-15,-4.988281365426043e-19
9452.01765974549,1.6844116117351818e-15,-4.988281365426043e-19
9454.29476415207,1.934047381400503e-15,-4.988281365426043e-19
9456.570873755501,2.0582455100635198e-15,-4.988281365426043e-19
9458.846983358933,2.1760394916402168e-15,-4.988281365426043e-19
9461.123092962367,2.2489742116044007e-15,-4.988281365426043e-19
9463.399202565797,2.2091032313573134e-15,-4.988281365426043e-19
9465.676306972377,1.9832701295407524e-15,-4.988281365426043e-19
9467.95241657581,1.5354282749544574e-15,-4.988281365426043e-19
9470.22852617924,1.2450246421298817e-15,-4.988281365426043e-19
9472.504635782672,1.4693360661965853e-15,-4.988281365426043e-19
9474.781740189253,1.8037474257339197e-15,-4.988281365426043e-19
9477.057849792685,1.8297016048382727e-15,-4.988281365426043e-19
9479.333959396115,1.7737320801845833e-15,-4.988281365426043e-19
9481.610068999547,1.873936071613096e-15,-4.988281365426043e-19
9483.887173406129,2.1332007359141035e-15,-4.988281365426043e-19
9486.163283009559,2.472036045995725e-15,-4.988281365426043e-19
9488.43939261299,2.5777573789344816e-15,-4.988281365426043e-19
9490.715502216422,2.2931482143626735e-15,-4.988281365426043e-19
9492.991611819854,1.904571173332076e-15,-4.988281365426043e-19
9495.268716226434,1.6255448529551087e-15,-4.988281365426043e-19
9497.544825829866,1.4491813940130456e-15,-4.988281365426043e-19
9499.820935433298,1.3932622560398152e-15,-4.988281365426043e-19
9502.09704503673,1.516266220375957e-15,-4.988281365426043e-19
9504.374149443309,1.780614900735262e-15,-4.988281365426043e-19
9506.65025904674,2.045064354455485e-15,-4.988281365426043e-19
9508.926368650173,2.1751174153878196e-15,-4.988281365426043e-19
9511.202478253603,2.053211880685681e-15,-4.988281365426043e-19
9513.479582660184,1.7047275212961898e-15,-4.988281365426043e-19
9515.755692263616,1.2726667750296062e-15,-4.988281365426043e-19
9518.031801867048,9.739745332695497e-16,-4.988281365426043e-19
9520.307911470478,1.0714324506130553e-15,-4.988281365426043e-19
9522.584021073912,1.430341814189482e-15,-4.988281365426043e-19
9524.861125480491,1.6808240800865118e-15,-4.988281365426043e-19
9527.137235083921,1.71705714200447e-15,-4.988281365426043e-19
9529.413344687355,1.5695753283014192e-15,-4.988281365426043e-19
9531.689454290787,1.3863643194849988e-15,-4.988281365426043e-19
9533.966558697366,1.3586566839006776e-15,-4.988281365426043e-19
9536.242668300798,1.4839834742059725e-15,-4.988281365426043e-19
9538.51877790423,1.6888154076072852e-15,-4.988281365426043e-19
9540.794887507662,1.8549654864203396e-15,-4.988281365426043e-19
9543.071991914241,1.877231360515105e-15,-4.988281365426043e-19
9545.348101517673,1.9084962957398206e-15,-4.988281365426043e-19
9547.624211121105,2.1028226062654635e-15,-4.988281365426043e-19
9549.900320724537,2.3030895064172042e-15,-4.988281365426043e-19
9552.176430327967,2.3515715703547087e-15,-4.988281365426043e-19
9554.453534734548,2.2475835392237363e-15,-4.988281365426043e-19
9556.72964433798,2.0615407989655283e-15,-4.988281365426043e-19
9559.00575394141,2.118109925116678e-15,-4.988281365426043e-19
9561.281863544842,2.5209967833975884e-15,-4.988281365426043e-19
9563.558967951423,2.6478855607971074e-15,-4.988281365426043e-19
9565.835077554855,2.195156198206304e-15,-4.988281365426043e-19
9568.111187158285,1.6844670370836866e-15,-4.988281365426043e-19
9570.387296761717,1.4638489566946165e-15,-4.988281365426043e-19
9572.664401168298,1.5132782902247474e-15,-4.988281365426043e-19
9574.940510771728,1.7398974242564663e-15,-4.988281365426043e-19
9577.21662037516,1.9193042386982437e-15,-4.988281365426043e-19
9579.492729978592,1.9631809600418095e-15,-4.988281365426043e-19
9581.768839582024,1.9874774173590662e-15,-4.988281365426043e-19
9584.045943988604,2.0074406201568623e-15,-4.988281365426043e-19
9586.322053592035,1.9234258691597777e-15,-4.988281365426043e-19
9588.598163195467,1.8296310634856303e-15,-4.988281365426043e-19
9590.874272798901,1.994924568730884e-15,-4.988281365426043e-19
9593.151377205479,2.2094710541246628e-15,-4.988281365426043e-19
9595.42748680891,1.9398065789769493e-15,-4.988281365426043e-19
9597.703596412344,1.5085721742698909e-15,-4.988281365426043e-19
9599.979706015774,1.6654359878743794e-15,-4.988281365426043e-19
9602.256810422354,2.18061460222588e-15,-4.988281365426043e-19
9604.532920025787,2.4321096404001328e-15,-4.988281365426043e-19
9606.80902962922,2.3481855854278742e-15,-4.988281365426043e-19
9609.08513923265,2.0543506196640508e-15,-4.988281365426043e-19
9611.361248836081,1.6669677429603283e-15,-4.988281365426043e-19
9613.638353242663,1.3227662514098397e-15,-4.988281365426043e-19
9615.914462846093,1.2143542697345802e-15,-4.988281365426043e-19
9618.190572449525,1.4728379404884752e-15,-4.988281365426043e-19
9620.466682052956,1.8620599310289453e-15,-4.988281365426043e-19
9622.743786459538,2.1208106511892722e-15,-4.988281365426043e-19
9625.019896062968,2.219724743598039e-15,-4.988281365426043e-19
9627.2960056664,2.205404849011634e-15,-4.988281365426043e-19
9629.572115269832,2.3451069592518385e-15,-4.988281365426043e-19
9631.849219676411,2.7565797078829363e-15,-4.988281365426043e-19
9634.125329279843,2.9537427885184124e-15,-4.988281365426043e-19
9636.401438883275,2.6735878064991664e-15,-4.988281365426043e-19
9638.677548486707,2.3358206940432727e-15,-4.988281365426043e-19
9640.953658090137,2.218565849947485e-15,-4.988281365426043e-19
9643.230762496718,2.229247826204761e-15,-4.988281365426043e-19
9645.50687210015,2.3258038219680535e-15,-4.988281365426043e-19
9647.782981703582,2.5643797152726573e-15,-4.988281365426043e-19
9650.059091307012,2.869047817335133e-15,-4.988281365426043e-19
9652.336195713593,3.0045426397570238e-15,-4.988281365426043e-19
9654.612305317025,2.9038146268517387e-15,-4.988281365426043e-19
9656.888414920455,2.667294510109856e-15,-4.988281365426043e-19
9659.164524523889,2.4883714078004834e-15,-4.988281365426043e-19
9661.441628930468,2.6696122974109632e-15,-4.988281365426043e-19
9663.717738533898,3.007717000625931e-15,-4.988281365426043e-19
9665.993848137332,2.921737169090951e-15,-4.988281365426043e-19
9668.269957740764,2.4811006098102718e-15,-4.988281365426043e-19
9670.546067344196,2.1328278744787077e-15,-4.988281365426043e-19
9672.823171750775,2.026325547992839e-15,-4.988281365426043e-19
9675.099281354207,2.1688140416624178e-15,-4.988281365426043e-19
9677.375390957639,2.3838341618525096e-15,-4.988281365426043e-19
9679.65150056107,2.420424969201726e-15,-4.988281365426043e-19
9681.92860496765,2.328005719904105e-15,-4.988281365426043e-19
9684.204714571082,2.246686656311569e-15,-4.988281365426043e-19
9686.480824174514,2.1121894901627635e-15,-4.988281365426043e-19
9688.756933777944,1.8436385606531902e-15,-4.988281365426043e-19
9691.034038184525,1.5807762873674214e-15,-4.988281365426043e-19
9693.310147787957,1.4646097955695451e-15,-4.988281365426043e-19
9695.58625739139,1.3763424087417337e-15,-4.988281365426043e-19
9697.86236699482,1.2121977198109415e-15,-4.988281365426043e-19
9700.138476598251,1.1273566272543316e-15,-4.988281365426043e-19
9702.415581004832,1.2429033628825641e-15,-4.988281365426043e-19
9704.691690608262,1.5084260528965602e-15,-4.988281365426043e-19
9706.967800211694,1.8116379798937755e-15,-4.988281365426043e-19
9709.243909815126,1.8667811629879398e-15,-4.988281365426043e-19
9711.521014221707,1.6055766114892668e-15,-4.988281365426043e-19
9713.797123825138,1.5217583685459716e-15,-4.988281365426043e-19
9716.07323342857,1.7986180616632087e-15,-4.988281365426043e-19
9718.349343032001,1.9708800448159215e-15,-4.988281365426043e-19
9720.62644743858,1.8539980621555298e-15,-4.988281365426043e-19
9722.902557042013,1.7048736426695205e-15,-4.988281365426043e-19
9725.178666645445,1.659319044866675e-15,-4.988281365426043e-19
9727.454776248878,1.7097158026616158e-15,-4.988281365426043e-19
9729.731880655456,1.862160704389863e-15,-4.988281365426043e-19
9732.007990258888,2.1294771602281943e-15,-4.988281365426043e-19
9734.284099862321,2.3901627289181412e-15,-4.988281365426043e-19
9736.560209465753,2.422858645867888e-15,-4.988281365426043e-19
9738.836319069183,2.229817195693946e-15,-4.988281365426043e-19
9741.113423475765,1.9655440953553294e-15,-4.988281365426043e-19
9743.389533079197,1.7534867119762179e-15,-4.988281365426043e-19
9745.665642682627,1.6920048844803304e-15,-4.988281365426043e-19
9747.941752286059,1.783109041417975e-15,-4.988281365426043e-19
9750.21885669264,1.9788109083201445e-15,-4.988281365426043e-19
9752.49496629607,2.0856961735775006e-15,-4.988281365426043e-19
9754.771075899502,1.8892485838045404e-15,-4.988281365426043e-19
9757.047185502934,1.7168152859382676e-15,-4.988281365426043e-19
9759.324289909515,1.9741299857055174e-15,-4.988281365426043e-19
9761.600399512945,2.290573454991226e-15,-4.988281365426043e-19
9763.876509116377,2.2175530776702624e-15,-4.988281365426043e-19
9766.152618719809,1.9238188852673568e-15,-4.988281365426043e-19
9768.42872832324,1.666458837487694e-15,-4.988281365426043e-19
9770.70583272982,1.6523959149716293e-15,-4.988281365426043e-19
9772.981942333252,1.96640066892313e-15,-4.988281365426043e-19
9775.258051936684,2.1546453071173895e-15,-4.988281365426043e-19
9777.534161540114,1.928187410463139e-15,-4.988281365426043e-19
9779.811265946695,1.7718224249951929e-15,-4.988281365426043e-19
9782.087375550127,1.96805335204218e-15,-4.988281365426043e-19
9784.363485153559,2.11478944287444e-15,-4.988281365426043e-19
9786.639594756989,2.001620958563865e-15,-4.988281365426043e-19
9788.91669916357,1.8742585463680328e-15,-4.988281365426043e-19
9791.192808767002,1.848148168554257e-15,-4.988281365426043e-19
9793.468918370432,1.8272528121679725e-15,-4.988281365426043e-19
9795.745027973866,1.7317549366943163e-15,-4.988281365426043e-19
9798.021137577298,1.4576262016579486e-15,-4.988281365426043e-19
9800.298241983877,1.1514565765177992e-15,-4.988281365426043e-19
9802.57435158731,1.286553344164065e-15,-4.988281365426043e-19
9804.850461190741,1.7421547475410228e-15,-4.988281365426043e-19
9807.126570794173,1.8366801600818235e-15,-4.988281365426043e-19
9809.403675200752,1.6071385985834912e-15,-4.988281365426043e-19
9811.679784804184,1.5976759799933192e-15,-4.988281365426043e-19
9813.955894407616,1.933785370662117e-15,-4.988281365426043e-19
9816.232004011048,2.5225587704918125e-15,-4.988281365426043e-19
9818.509108417627,2.9486537337920686e-15,-4.988281365426043e-19
9820.78521802106,2.6532265489257455e-15,-4.988281365426043e-19
9823.061327624491,2.0971641820499347e-15,-4.988281365426043e-19
9825.337437227923,2.096438613851327e-15,-4.988281365426043e-19
9827.613546831353,2.443174555428896e-15,-4.988281365426043e-19
9829.890651237934,2.6418038884657245e-15,-4.988281365426043e-19
9832.166760841366,2.572476854822394e-15,-4.988281365426043e-19
9834.442870444796,2.235566315934301e-15,-4.988281365426043e-19
9836.718980048228,1.983960427063039e-15,-4.988281365426043e-19
9838.99608445481,2.1474198571395905e-15,-4.988281365426043e-19
9841.272194058241,2.3709150169828606e-15,-4.988281365426043e-19
9843.548303661672,2.310289763054774e-15,-4.988281365426043e-19
9845.824413265103,2.209687716850636e-15,-4.988281365426043e-19
9848.101517671685,2.284844489423055e-15,-4.988281365426043e-19
9850.377627275115,2.4665035884813433e-15,-4.988281365426043e-19
9852.653736878547,2.6206616373451915e-15,-4.988281365426043e-19
9854.929846481979,2.376724601239766e-15,-4.988281365426043e-19
9857.205956085412,1.7334680838299172e-15,-4.988281365426043e-19
9859.48306049199,1.6551016797122694e-15,-4.988281365426043e-19
9861.759170095422,2.455962694929352e-15,-4.988281365426043e-19
9864.035279698855,3.1323232614006645e-15,-4.988281365426043e-19
9866.311389302286,3.180457657243003e-15,-4.988281365426043e-19
9868.588493708865,2.8955058632440745e-15,-4.988281365426043e-19
9870.864603312299,2.5455099034408182e-15,-4.988281365426043e-19
9873.14071291573,2.434366963684689e-15,-4.988281365426043e-19
9875.41682251916,2.4843858213761884e-15,-4.988281365426043e-19
9877.693926925742,2.137292134367362e-15,-4.988281365426043e-19
9879.970036529174,1.6243758819684633e-15,-4.988281365426043e-19
9882.246146132604,1.849256675524352e-15,-4.988281365426043e-19
9884.522255736036,2.5798736195137532e-15,-4.988281365426043e-19
9886.798365339468,2.8334748209311858e-15,-4.988281365426043e-19
9889.075469746049,2.6370826565067304e-15,-4.988281365426043e-19
9891.351579349479,2.5547407433008792e-15,-4.988281365426043e-19
9893.62768895291,2.4954305817327684e-15,-4.988281365426043e-19
9895.903798556343,2.1313666607454013e-15,-4.988281365426043e-19
9898.180902962922,1.7235267917753863e-15,-4.988281365426043e-19
9900.457012566354,1.6814136042478803e-15,-4.988281365426043e-19
9902.733122169786,1.8922667459640256e-15,-4.988281365426043e-19
9905.009231773218,2.1038202625385484e-15,-4.988281365426043e-19
9907.286336179797,2.2134818338891875e-15,-4.988281365426043e-19
9909.56244578323,2.166229204954879e-15,-4.988281365426043e-19
9911.838555386661,1.999968275444815e-15,-4.988281365426043e-19
9914.114664990093,1.7940731830858205e-15,-4.988281365426043e-19
9916.390774593525,1.650879275889818e-15,-4.988281365426043e-19
9918.667879000104,1.6609163026372206e-15,-4.988281365426043e-19
9920.943988603536,1.9198282601750157e-15,-4.988281365426043e-19
9923.220098206968,2.3898906408436632e-15,-4.988281365426043e-19
9925.4962078104,2.6032832712549343e-15,-4.988281365426043e-19
9927.77331221698,2.322322102348347e-15,-4.988281365426043e-19
9930.049421820411,2.0140463139650176e-15,-4.988281365426043e-19
9932.325531423843,1.951284664785475e-15,-4.988281365426043e-19
9934.601641027275,1.86869081817733e-15,-4.988281365426043e-19
9936.878745433854,1.7325258529053368e-15,-4.988281365426043e-19
9939.154855037286,1.9415096487764585e-15,-4.988281365426043e-19
9941.430964640718,2.512032992943959e-15,-4.988281365426043e-19
9943.70707424415,2.9310788596480218e-15,-4.988281365426043e-19
9945.983183847582,3.012851403364688e-15,-4.988281365426043e-19
9948.260288254161,2.962379065549059e-15,-4.988281365426043e-19
9950.536397857593,2.816862332383903e-15,-4.988281365426043e-19
9952.812507461025,2.4519116058204604e-15,-4.988281365426043e-19
9955.088617064455,2.098544777094507e-15,-4.988281365426043e-19
9957.365721471037,2.240378243918121e-15,-4.988281365426043e-19
9959.641831074468,2.712078191701681e-15,-4.988281365426043e-19
9961.9179406779,2.9683650031875702e-15,-4.988281365426043e-19
9964.19405028133,2.9495858873805572e-15,-4.988281365426043e-19
9966.471154687912,2.8063919801845543e-15,-4.988281365426043e-19
9968.747264291344,2.8767670567814287e-15,-4.988281365426043e-19
9971.023373894774,3.551217968063351e-15,-4.988281365426043e-19
9973.299483498206,3.966434447052541e-15,-4.988281365426043e-19
9975.575593101637,3.030391006832413e-15,-4.988281365426043e-19
9977.852697508219,1.9027169434911908e-15,-4.988281365426043e-19
9980.128807111649,2.0512014521353727e-15,-4.988281365426043e-19
9982.40491671508,2.564989394106209e-15,-4.988281365426043e-19
9984.681026318514,2.3218383902159418e-15,-4.988281365426043e-19
9986.958130725092,1.8355716531117286e-15,-4.988281365426043e-19
9989.234240328524,1.7094991399356428e-15,-4.988281365426043e-19
9991.510349931958,1.996174158406264e-15,-4.988281365426043e-19
9993.78645953539,2.5599557647283702e-15,-4.988281365426043e-19
9996.063563941967,2.631444386963385e-15,-4.988281365426043e-19
9998.339673545399,1.856925528290189e-15,-4.988281365426043e-19
10000.615783148833,1.3697266375974867e-15,-4.988281365426043e-19
10002.891892752265,1.7569180449154654e-15,-4.988281365426043e-19
10005.168997158842,2.0428372631792037e-15,-4.988281365426043e-19
10007.445106762276,1.7460194059322165e-15,-4.988281365426043e-19
10009.721216365708,1.4196900699404814e-15,-4.988281365426043e-19
10011.997325969138,1.378735776063529e-15,-4.988281365426043e-19
10014.27343557257,1.6084184202671459e-15,-4.988281365426043e-19
10016.550539979151,1.9497881803758473e-15,-4.988281365426043e-19
10018.826649582583,1.984988315344399e-15,-4.988281365426043e-19
10021.102759186013,1.7850892379600078e-15,-4.988281365426043e-19
10023.378868789445,1.978266732171189e-15,-4.988281365426043e-19
10025.655973196026,2.4426908432964913e-15,-4.988281365426043e-19
10027.932082799456,2.44160249099858e-15,-4.988281365426043e-19
10030.208192402888,1.9516272942125955e-15,-4.988281365426043e-19
10032.48430200632,1.4164602837230692e-15,-4.988281365426043e-19
10034.761406412901,1.0762494172649212e-15,-4.988281365426043e-19
10037.037516016331,1.0560493970689688e-15,-4.988281365426043e-19
10039.313625619763,1.3756420338833556e-15,-4.988281365426043e-19
10041.589735223195,1.9695548751198537e-15,-4.988281365426043e-19
10043.865844826625,2.5093524215435484e-15,-4.988281365426043e-19
10046.142949233206,2.615738858664362e-15,-4.988281365426043e-19
10048.419058836638,2.4174471163866076e-15,-4.988281365426043e-19
10050.69516844007,2.20136887590688e-15,-4.988281365426043e-19
10052.971278043502,1.9719835131179703e-15,-4.988281365426043e-19
10055.248382450081,1.7151021388026667e-15,-4.988281365426043e-19
10057.524492053513,1.9408596605985393e-15,-4.988281365426043e-19
10059.800601656945,2.972174236230259e-15,-4.988281365426043e-19
10062.076711260377,3.650051441783383e-15,-4.988281365426043e-19
10064.353815666957,3.081699763543659e-15,-4.988281365426043e-19
10066.629925270388,2.3671712866247682e-15,-4.988281365426043e-19
10068.90603487382,2.3883790404298978e-15,-4.988281365426043e-19
10071.182144477252,2.588464548531987e-15,-4.988281365426043e-19
10073.458254080684,2.528000531981368e-15,-4.988281365426043e-19
10075.735358487264,2.2726559514200594e-15,-4.988281365426043e-19
10078.011468090695,1.9543935229697863e-15,-4.988281365426043e-19
10080.287577694127,1.9279757864052115e-15,-4.988281365426043e-19
10082.56368729756,2.1781103842070754e-15,-4.988281365426043e-19
10084.840791704139,1.9118570873264258e-15,-4.988281365426043e-19
10087.11690130757,1.1648090468393941e-15,-4.988281365426043e-19
10089.393010911002,1.2386456883837914e-15,-4.988281365426043e-19
10091.669120514434,2.2023060681634147e-15,-4.988281365426043e-19
10093.946224921014,2.676943559417726e-15,-4.988281365426043e-19
10096.222334524446,2.399267602077055e-15,-4.988281365426043e-19
10098.498444127878,2.1337197187228294e-15,-4.988281365426043e-19
10100.774553731308,2.018737313915736e-15,-4.988281365426043e-19
10103.05066333474,1.7590947495112877e-15,-4.988281365426043e-19
10105.32776774132,1.4777859125095342e-15,-4.988281365426043e-19
10107.603877344753,1.5218792965790729e-15,-4.988281365426043e-19
10109.879986948183,1.7145730786578488e-15,-4.988281365426043e-19
10112.156096551615,1.626189802464982e-15,-4.988281365426043e-19
10114.433200958196,1.5322992620979628e-15,-4.988281365426043e-19
10116.709310561626,1.942275526319433e-15,-4.988281365426043e-19
10118.985420165058,2.3588121363366453e-15,-4.988281365426043e-19
10121.261529768492,2.065143446618336e-15,-4.988281365426043e-19
10123.538634175071,1.4630730018155503e-15,-4.988281365426043e-19
10125.814743778501,1.1665776193234997e-15,-4.988281365426043e-19
