wavelength,flux
3111.339040155947,7.527246086479592e-16
3113.7558272756505,-8.553007354609647e-17
3116.172614395354,-3.5424789446362205e-17
3118.589401515058,2.930304323363794e-16
3121.0061886347603,6.150759406761984e-16
3123.422975754464,1.7602016158355235e-16
3125.8397628741677,6.132904700016979e-16
3128.2565499938714,4.1414244087828767e-16
3130.6733371135747,9.785898264111152e-18
3133.090124233278,2.7265813019032795e-16
3135.5069113529817,8.70115994449628e-16
3137.923698472685,8.125879661204088e-16
3140.3404855923886,1.1341832241334098e-16
3142.757272712092,-1.690539941800794e-16
3145.174059831795,-8.647132407070958e-16
3147.590846951499,5.232185439684931e-16
3150.007634071202,8.070677671068137e-16
3152.424421190906,-7.955883750662485e-16
3154.841208310609,6.747447320532681e-17
3157.257995430313,-1.7001883024723544e-17
3159.674782550016,2.563214897809604e-16
3162.09156966972,-1.308853240094405e-16
3164.508356789423,7.1777689065518435e-16
3166.9251439091267,3.5862006406090294e-17
3169.3419310288305,9.05217331374338e-17
3171.7587181485333,7.168406904781426e-16
3174.1755052682374,-1.4734311571414202e-16
3176.59229238794,1.1283152131409229e-15
3179.009079507644,8.560065337380294e-17
3181.425866627347,4.185942123743066e-16
3183.842653747051,4.726538625054701e-16
3186.259440866754,2.866584385336492e-16
3188.676227986458,7.093978159138367e-16
3191.093015106161,2.537588776377659e-16
3193.5098022258644,2.930518000005293e-16
3195.926589345568,2.7630184923801823e-16
3198.3433764652714,2.6052219459597383e-16
3200.760163584975,4.88406900019152e-16
3203.1769507046783,4.4311659797520415e-16
3205.593737824382,1.2696008992800422e-17
3208.0105249440853,5.443534066004396e-16
3210.427312063789,6.363057128408516e-16
3212.8440991834923,6.626899700012394e-17
3215.2608863031955,3.807808589795207e-16
3217.6776734228993,3.215419856925559e-16
3220.0944605426025,4.800604474311338e-16
3222.5112476623062,6.629068807477609e-17
3224.92803478201,-1.5559027372438908e-17
3227.344821901713,2.69219692052807e-17
3229.7616090214165,2.1791113783228558e-17
3232.17839614112,3.9344317944058916e-16
3234.595183260824,1.2628127288930554e-16
3237.0119703805267,3.1625376153739743e-16
3239.4287575002304,5.687068060149784e-16
3241.8455446199337,3.382210174931087e-16
3244.2623317396374,1.9597679532652798e-16
3246.6791188593406,4.221853119985984e-17
3249.0959059790443,2.0492556303496316e-16
3251.5126930987476,9.165524043871542e-17
3253.9294802184513,3.263083770889264e-16
3256.3462673381546,3.3713470813694593e-16
3258.763054457858,5.307853739646596e-16
3261.1798415775615,3.4191820644031464e-16
3263.596628697265,1.678056402268619e-16
3266.0134158169685,1.6418726455500372e-16
3268.430202936672,3.1500990204722513e-16
3270.8469900563755,2.0975918456398662e-16
3273.2637771760787,4.6317378239761085e-17
3275.6805642957825,3.6259928626896357e-16
3278.0973514154857,3.028582441474961e-16
3280.5141385351894,2.0026888604742252e-16
3282.9309256548922,5.918719078293424e-17
3285.347712774596,3.09112124497627e-16
3287.7644998942997,1.2720309010778055e-16
3290.181287014003,2.955569941216382e-16
3292.5980741337066,2.669052197537063e-16
3295.01486125341,1.8285700185540294e-16
3297.4316483731136,2.3839438024447787e-16
3299.848435492817,1.0331358730197776e-16
3302.2652226125206,1.955489492793766e-16
3304.682009732224,8.475710805356369e-17
3307.098796851927,2.4676372704360443e-16
3309.515583971631,2.605767706181534e-16
3311.932371091334,1.8155284272806143e-16
3314.349158211038,1.0176767989180607e-16
3316.7659453307406,2.277693559107253e-16
3319.1827324504447,4.2193443620074725e-16
3321.599519570148,2.0152713437090122e-16
3324.0163066898517,2.7928935274972503e-16
3326.433093809555,4.2583070500800656e-17
3328.8498809292582,2.3408591351101594e-16
3331.2666680489624,9.877490730123456e-17
3333.683455168665,3.234040981088658e-16
3336.100242288369,4.099286958298084e-16
3338.5170294080717,2.657290475236054e-16
3340.9338165277763,2.6605808215214264e-16
3343.350603647479,8.567056765186634e-17
3345.767390767183,2.0160441703907743e-16
3348.184177886886,2.2059132713782692e-16
3350.6009650065894,1.6856803487078306e-16
3353.017752126293,1.345726355528596e-16
3355.4345392459963,1.2239272900405056e-16
3357.8513263657,2.0217273183313872e-16
3360.2681134854033,1.8082716393909542e-16
3362.684900605107,3.6476111505289094e-16
3365.1016877248103,7.690278115818144e-17
3367.518474844514,2.5149365417119123e-16
3369.9352619642173,1.9943270763004463e-16
3372.3520490839205,1.22464846854454e-17
3374.7688362036242,5.476122077443153e-17
3377.1856233233275,5.993445022036712e-17
3379.602410443031,2.137041691114899e-16
3382.0191975627345,2.7078434546005647e-16
3384.435984682438,1.4167958744647e-16
3386.852771802142,8.894081456331405e-17
3389.2695589218447,2.4816928803855744e-16
3391.6863460415484,1.251314638366075e-16
3394.103133161252,1.741776000589363e-16
3396.519920280956,1.7680308344071712e-16
3398.9367074006586,2.2759613099781936e-16
3401.3534945203623,5.128650437683117e-17
3403.7702816400656,2.133872998875877e-16
3406.1870687597693,2.1167891055015726e-16
3408.6038558794726,2.1307352491648207e-16
3411.0206429991763,1.2517506844082275e-16
3413.4374301188795,1.5861716894532472e-16
3415.8542172385833,1.6991890835975791e-16
3418.2710043582865,6.196895151592966e-17
3420.68779147799,1.2409367564403703e-16
3423.1045785976935,1.635019359595983e-16
3425.5213657173967,1.705756024083648e-16
3427.9381528371005,1.9630127754822131e-16
3430.3549399568037,2.7017949124202592e-16
3432.7717270765074,1.7972662311857535e-16
3435.1885141962107,1.2039348679491283e-16
3437.605301315915,1.5737758221458443e-16
3440.0220884356177,2.7893436683191043e-16
3442.4388755553214,1.432631794294193e-16
3444.855662675024,1.3584576054228066e-16
3447.272449794728,2.2978658500731127e-16
3449.689236914431,1.9731894338399296e-16
3452.106024034135,1.3944115809492248e-16
3454.5228111538386,1.902114269866066e-16
3456.939598273542,1.452410426122108e-16
3459.3563853932455,1.6149732162843763e-16
3461.773172512949,2.3803026580248024e-16
3464.189959632652,1.8160945433658475e-16
3466.6067467523553,2.374932068452305e-16
3469.0235338720595,2.5542013099014423e-16
3471.4403209917637,5.1758972425987174e-17
3473.8571081114655,1.1661748588893136e-16
3476.273895231169,2.770661261842124e-16
3478.690682350873,2.5034871422172724e-16
3481.1074694705767,1.6652543223918523e-16
3483.52425659028,1.5937928588801164e-16
3485.9410437099837,3.256805433215661e-16
3488.357830829687,1.9669048400453214e-16
3490.77461794939,2.148405848125287e-16
3493.1914050690943,6.615650496306064e-17
3495.608192188797,1.2180783464131848e-16
3498.0249793085013,1.9410827971336816e-16
3500.4417664282037,1.447495281213167e-16
3502.858553547908,1.7276244062530083e-16
3505.275340667611,2.17466625436229e-16
3507.692127787315,2.1039549462107323e-16
3510.108914907018,1.7725561624359491e-16
3512.5257020267213,1.733607584737495e-16
3514.942489146425,2.0634766738897546e-16
3517.359276266128,1.85513740284998e-16
3519.776063385832,2.008847007845332e-16
3522.1928505055357,2.061708426252534e-16
3524.6096376252394,2.0926025311533902e-16
3527.0264247449413,1.9288450373016044e-16
3529.4432118646455,1.9679572935218382e-16
3531.859998984349,1.4509447449017674e-16
3534.2767861040525,2.4739217671770046e-16
3536.693573223756,2.497025589577426e-16
3539.1103603434594,1.8751258012510207e-16
3541.527147463163,2.1004402746625026e-16
3543.943934582867,1.5998734975893315e-16
3546.36072170257,1.801285591234511e-16
3548.777508822274,1.666251694809361e-16
3551.194295941977,2.0467339396349915e-16
3553.611083061681,1.6332858511849319e-16
3556.0278701813836,1.4132300872163051e-16
3558.4446573010873,1.7884652527012244e-16
3560.8614444207906,1.4685909978924982e-16
3563.2782315404943,1.4722874676941048e-16
3565.6950186601975,1.89644929731972e-16
3568.1118057799013,2.2651348692465083e-16
3570.5285928996045,1.821723603252672e-16
3572.9453800193087,6.662102948486214e-17
3575.3621671390115,1.036322870350172e-16
3577.7789542587147,1.766637210501125e-16
3580.195741378419,2.120978269628933e-16
3582.6125284981217,2.1244119883338202e-16
3585.029315617825,1.5498335024257502e-16
3587.4461027375287,1.713748597679716e-16
3589.8628898572324,1.5054587929912408e-16
3592.2796769769357,8.650457380701067e-17
3594.6964640966394,1.5111572269210258e-16
3597.1132512163426,2.3182758038676145e-16
3599.5300383360463,1.8435210671129486e-16
3601.9468254557496,1.1458233198645954e-16
3604.3636125754533,2.3544627756374863e-16
3606.7803996951566,2.9427286123475613e-16
3609.19718681486,2.1899125701439252e-16
3611.613973934563,2.388095095585016e-16
3614.030761054267,1.8493491159778134e-16
3616.4475481739705,1.9729444004766454e-16
3618.864335293674,1.7567982825376836e-16
3621.2811224133775,1.6922423533604074e-16
3623.6979095330807,2.283883622695226e-16
3626.114696652784,1.6736638756137247e-16
3628.5314837724877,1.8632274637099251e-16
3630.9482708921914,2.58988366575941e-16
3633.3650580118947,1.7810833669187691e-16
3635.7818451315975,2.4919529818206323e-16
3638.198632251301,1.6563659007405522e-16
3640.615419371005,2.030173293638993e-16
3643.0322064907086,2.809801159748119e-16
3645.448993610412,2.3391846331026763e-16
3647.865780730115,2.4545990772029687e-16
3650.282567849819,1.895969137235908e-16
3652.699354969522,1.1973751056106714e-16
3655.1161420892263,1.3827314669386832e-16
3657.532929208929,1.8557537178608334e-16
3659.9497163286323,2.2139991202793824e-16
3662.3665034483356,8.586142872013415e-17
3664.78329056804,1.3842440332811246e-16
3667.200077687743,2.2481579988549323e-16
3669.6168648074463,1.1453256064100526e-16
3672.03365192715,1.9996912092605502e-16
3674.4504390468533,2.0383843188752411e-16
3676.867226166557,1.5643865178420207e-16
3679.28401328626,1.5309298530855907e-16
3681.700800405964,1.7374056840307942e-16
3684.1175875256677,1.8509545307871195e-16
3686.5343746453714,1.7339966973573283e-16
3688.9511617650733,1.8788309733843004e-16
3691.3679488847774,1.813096795088511e-16
3693.784736004481,1.9002058904814172e-16
3696.2015231241844,1.8684745814545416e-16
3698.618310243888,1.7726093189033664e-16
3701.0350973635914,1.3564125506257698e-16
3703.451884483295,1.2473065378596623e-16
3705.868671602999,1.616464228549899e-16
3708.285458722702,1.719496865088287e-16
3710.702245842406,1.915598356131011e-16
3713.119032962109,2.2224575417816623e-16
3715.5358200818127,1.7989416536767364e-16
3717.952607201515,1.7856226130562283e-16
3720.3693943212193,1.4276063866275744e-16
3722.7861814409225,1.5330095781683062e-16
3725.2029685606262,1.982892306996791e-16
3727.6197556803295,1.8035772660363042e-16
3730.036542800033,1.867175611836971e-16
3732.4533299197365,2.0085160249766175e-16
3734.8701170394406,1.5753816254832964e-16
3737.286904159144,1.5574959528192502e-16
3739.7036912788467,1.2429064585153462e-16
3742.120478398551,1.7237216350715919e-16
3744.5372655182537,1.4253055346326806e-16
3746.9540526379574,1.6751693468635407e-16
3749.3708397576606,1.5381259598918203e-16
3751.7876268773643,1.500819541146925e-16
3754.2044139970676,1.4456879326730187e-16
3756.6212011167713,1.8610290155301831e-16
3759.0379882364746,1.4551963835365078e-16
3761.4547753561783,1.674506367569313e-16
3763.8715624758815,1.524967460334335e-16
3766.2883495955853,1.9957136856404656e-16
3768.7051367152885,1.5767564308821275e-16
3771.121923834992,1.9878384855905306e-16
3773.5387109546955,1.9716219417514042e-16
3775.9554980743987,1.417886742230959e-16
3778.3722851941025,1.3655961513462731e-16
3780.7890723138057,1.975254612930867e-16
3783.205859433509,1.687516055594722e-16
3785.622646553213,1.3419605998184171e-16
3788.039433672916,1.6301299438123031e-16
3790.4562207926197,1.403184432562088e-16
3792.8730079123234,1.0743946460311175e-16
3795.2897950320266,1.193875478399005e-16
3797.7065821517294,1.788574442752195e-16
3800.1233692714336,1.6637178871032762e-16
3802.540156391137,1.3914550994296452e-16
3804.9569435108406,1.4662917397228461e-16
3807.373730630544,1.5901548589756083e-16
3809.790517750247,1.3171380361656574e-16
3812.2073048699513,1.3132191724785132e-16
3814.624091989654,1.4623371028046614e-16
3817.0408791093582,1.7561201740088871e-16
3819.457666229061,1.3293667077853206e-16
3821.8744533487647,1.768300068374663e-16
3824.2912404684675,1.4575381275754542e-16
3826.7080275881717,1.5519373025950682e-16
3829.124814707875,1.5523978388247472e-16
3831.5416018275782,1.0840780768372288e-16
3833.958388947282,1.5238092029799862e-16
3836.375176066985,1.8704393301633087e-16
3838.791963186689,1.3781196537023627e-16
3841.2087503063917,1.691018349480324e-16
3843.625537426096,1.2608774836436678e-16
3846.0423245458,1.526771042099708e-16
3848.4591116655024,1.8062216013835207e-16
3850.875898785205,1.4398938327794456e-16
3853.292685904909,1.3178658196231583e-16
3855.709473024613,1.7398984437054986e-16
3858.1262601443163,1.54045661052673e-16
3860.54304726402,1.6681472349235574e-16
3862.9598343837233,1.5427057400933224e-16
3865.376621503427,1.9534299960655302e-16
3867.7934086231307,2.600196501198261e-16
3870.210195742834,2.11670122225185e-16
3872.6269828625377,2.003427886682368e-16
3875.0437699822405,2.098991310585973e-16
3877.4605571019442,1.873783018165112e-16
3879.877344221647,1.5159867839645424e-16
3882.294131341351,1.820908088189489e-16
3884.7109184610545,1.4903403071810318e-16
3887.127705580758,1.4797058352494408e-16
3889.5444927004614,1.739595314556521e-16
3891.961279820165,2.1876974416543422e-16
3894.3780669398684,1.3568990563239346e-16
3896.794854059572,1.7533699849552454e-16
3899.211641179276,2.0010462591993527e-16
3901.6284282989777,2.0501099163287235e-16
3904.045215418682,2.009859830496483e-16
3906.4620025383856,1.4612519690054906e-16
3908.8787896580893,1.3273557378662121e-16
3911.2955767777926,1.881651101349568e-16
3913.7123638974963,1.606903004406731e-16
3916.1291510171995,1.4351731386204192e-16
3918.5459381369033,1.7584112575588066e-16
3920.9627252566065,1.7129681788583332e-16
3923.37951237631,1.7354720095421886e-16
3925.7962994960135,1.5343933694718864e-16
3928.2130866157167,1.6536035142975608e-16
3930.6298737354205,1.304754850578527e-16
3933.0466608551237,1.24086476150731e-16
3935.4634479748274,1.1985330520203523e-16
3937.8802350945307,1.5835920424778816e-16
3940.2970222142344,1.4749864787314622e-16
3942.7138093339377,1.3460343432147979e-16
3945.130596453641,1.3852461012546812e-16
3947.5473835733446,1.7578583620628372e-16
3949.964170693048,1.5023153099336659e-16
3952.3809578127516,1.3616696082271574e-16
3954.797744932455,1.2274747401255387e-16
3957.2145320521586,1.4418870355644447e-16
3959.631319171862,1.300122821344693e-16
3962.0481062915655,1.0630178120490394e-16
3964.464893411269,1.456503438137261e-16
3966.881680530972,1.319099975383113e-16
3969.298467650676,1.0962116849688276e-16
3971.715254770379,1.5950689127993527e-16
3974.1320418900827,1.6757572441514122e-16
3976.548829009786,1.5315948542650142e-16
3978.9656161294906,9.105628176217148e-17
3981.382403249193,1.5236800098980467e-16
3983.7991903688967,1.6369611912281563e-16
3986.2159774886,1.1227256727653218e-16
3988.632764608303,1.4823491778020036e-16
3991.049551728007,1.7110400781344563e-16
3993.46633884771,1.4711725095730528e-16
3995.883125967414,1.367768808404866e-16
3998.299913087117,1.2960810070604848e-16
4000.716700206821,1.710952004836225e-16
4003.133487326524,2.070151262526435e-16
4005.550274446228,1.7438910510193426e-16
4007.967061565932,1.8213310596165923e-16
4010.383848685635,1.499715498336244e-16
4012.800635805338,1.5878804694421364e-16
4015.2174229250413,1.5029045706069311e-16
4017.634210044745,1.1254624430513124e-16
4020.0509971644483,1.5501553857797531e-16
4022.467784284152,1.3886775500488814e-16
4024.8845714038553,1.3429603278079768e-16
4027.301358523559,1.6004767102895726e-16
4029.7181456432622,1.4620886163731828e-16
4032.134932762966,1.644893170640342e-16
4034.55171988267,1.7506760419069223e-16
4036.9685070023725,1.778909402391838e-16
4039.385294122076,1.6368560025634871e-16
4041.8020812417794,1.387218057443397e-16
4044.218868361483,9.985747604900592e-17
4046.6356554811864,1.2905647609879268e-16
4049.05244260089,1.4896019105613275e-16
4051.4692297205934,1.7296241206484154e-16
4053.886016840297,1.7553463437279816e-16
4056.3028039600003,1.6323999172970668e-16
4058.7195910797036,1.4067938609987303e-16
4061.1363781994073,1.557961290545768e-16
4063.5531653191106,1.2722814376506787e-16
4065.9699524388143,1.3789051954031994e-16
4068.3867395585175,1.0946655297202361e-16
4070.8035266782213,1.558307828463276e-16
4073.2203137979245,1.424218537492917e-16
4075.6371009176282,1.7597810727858595e-16
4078.0538880373315,1.5894516510777532e-16
4080.4706751570347,1.8732669416063332e-16
4082.8874622767385,1.2964344861131462e-16
4085.3042493964417,1.994507252790724e-16
4087.7210365161454,1.3899576160302794e-16
4090.1378236358487,1.6347474613854402e-16
4092.5546107555524,1.5371234517481255e-16
4094.9713978752557,1.0411662588145652e-16
4097.388184994959,1.336357314971407e-16
4099.804972114663,1.4660598147209394e-16
4102.221759234366,1.6039159039565014e-16
4104.638546354069,1.8269347078444943e-16
4107.055333473773,1.2106785321117532e-16
4109.472120593477,1.226825761583748e-16
4111.88890771318,1.156926014027345e-16
4114.305694832883,9.978874724457252e-17
4116.722481952587,1.2709077575744986e-16
4119.1392690722905,1.33959269508205e-16
4121.556056191994,1.5081882843888518e-16
4123.972843311697,1.0818631847136041e-16
4126.3896304314,5.4115636354495746e-17
4128.8064175511045,1.1486941382542014e-16
4131.223204670808,1.268971439183741e-16
4133.639991790511,1.2433427058139972e-16
4136.056778910214,1.3226940443154184e-16
4138.473566029918,1.4485823339174064e-16
4140.890353149623,1.1023566332252511e-16
4143.307140269325,1.637594700360468e-16
4145.723927389028,9.749713858983675e-17
4148.140714508731,1.2467641820886912e-16
4150.557501628436,1.4546157810135899e-16
4152.974288748139,1.3851313457057374e-16
4155.391075867842,1.4777082804269282e-16
4157.807862987545,1.428615520210574e-16
4160.2246501072495,1.4936657023619028e-16
4162.641437226953,1.1452802366446842e-16
4165.058224346656,1.18852335797836e-16
4167.475011466359,1.1193558563046223e-16
4169.8917985860635,8.668464681661978e-17
4172.308585705767,1.443100134932074e-16
4174.72537282547,1.151776748214432e-16
4177.142159945173,1.1541167392962743e-16
4179.5589470648765,1.123621222463851e-16
4181.975734184581,6.705389956048294e-17
4184.392521304284,1.3031412912384107e-16
4186.809308423987,1.1513546488889396e-16
4189.2260955436905,9.782601846964286e-17
4191.642882663395,1.583946658242806e-16
4194.059669783098,1.4181289791421836e-16
4196.476456902801,1.8389719336503719e-16
4198.893244022504,1.4807220884947946e-16
4201.310031142208,1.5177246231100515e-16
4203.726818261912,1.683229127979276e-16
4206.143605381615,1.2418881532036856e-16
4208.560392501318,1.412899570132799e-16
4210.977179621022,1.3729277937956216e-16
4213.393966740726,1.3350584970743216e-16
4215.810753860429,1.578716838711999e-16
4218.227540980132,1.0753596165521167e-16
4220.6443280998365,1.4370511030408768e-16
4223.061115219539,1.1145542014029776e-16
4225.477902339243,1.13822808003717e-16
4227.894689458946,1.3675234889596407e-16
4230.3114765786495,1.312171937199857e-16
4232.728263698353,1.609416583902139e-16
4235.145050818057,1.2014476247306279e-16
4237.56183793776,8.793016059448108e-17
4239.978625057463,9.81448013281185e-17
4242.395412177167,7.886730767114339e-17
4244.81219929687,5.933086556687132e-17
4247.228986416575,8.000103537855474e-17
4249.645773536277,1.5752160457428204e-16
4252.062560655981,1.6816122969313203e-16
4254.479347775684,1.3380588596115143e-16
4256.896134895388,6.308625111273463e-17
4259.312922015091,1.56625376629558e-16
4261.729709134795,1.9402450559040608e-16
4264.146496254498,1.013876245357575e-16
4266.563283374201,1.7313505111776647e-16
4268.980070493905,1.5594028329477334e-16
4271.3968576136085,1.6565288849686034e-16
4273.813644733312,1.1822760556267963e-16
4276.230431853015,1.1986008018413722e-16
4278.647218972719,1.308639351005744e-16
4281.0640060924225,1.407938117223228e-16
4283.480793212126,1.1761003757749e-16
4285.897580331829,9.275331782944732e-17
4288.314367451532,1.2688439800956026e-16
4290.731154571236,1.4574001817003895e-16
4293.14794169094,1.4844955776145851e-16
4295.564728810643,1.5580251399067464e-16
4297.981515930346,1.3580357378199842e-16
4300.39830305005,1.0588172796183013e-16
4302.8150901697545,8.759039805943518e-17
4305.231877289457,1.2000507099771112e-16
4307.64866440916,1.5748500431842404e-16
4310.065451528863,5.782158104329444e-17
4312.4822386485675,1.4682761668270768e-16
4314.899025768271,1.0178560401792014e-16
4317.315812887974,1.299641981868274e-16
4319.732600007677,1.0184072212936628e-16
4322.1493871273815,1.5365959765643912e-16
4324.566174247085,1.4556459667920803e-16
4326.982961366788,1.4817054947919755e-16
4329.399748486491,1.203839967756911e-16
4331.8165356061945,1.0796011572100134e-16
4334.233322725899,8.198278011129958e-17
4336.650109845602,1.2133186823104475e-16
4339.066896965305,1.307068417274442e-16
4341.4836840850085,1.714414120927343e-16
4343.900471204713,1.9229974313287435e-16
4346.317258324416,2.0307630656727763e-16
4348.734045444119,1.4597139780767651e-16
4351.150832563822,1.1578458950599611e-16
4353.567619683526,1.0184757697777004e-16
4355.98440680323,1.6143142997665155e-16
4358.401193922933,1.2852414292453911e-16
4360.817981042636,1.2735666948315731e-16
4363.23476816234,1.6570624618543555e-16
4365.651555282044,8.451657780876809e-17
4368.068342401747,1.1681243880768723e-16
4370.48512952145,1.3725369428902174e-16
4372.901916641154,1.2553264672898955e-16
4375.318703760857,1.2835640917146756e-16
4377.735490880561,1.371669009184358e-16
4380.152278000264,1.0382735312389308e-16
4382.569065119968,1.2585627167983144e-16
4384.985852239671,1.1547811595073898e-16
4387.402639359375,1.462293214593777e-16
4389.819426479078,5.836815490434916e-17
4392.236213598781,1.4486810541817782e-16
4394.653000718485,1.5921816996167394e-16
4397.069787838189,1.3912142357415582e-16
4399.486574957892,1.150333425971533e-16
4401.903362077595,1.414091461741968e-16
4404.320149197299,1.1918765846100142e-16
4406.736936317002,1.2509560180304854e-16
4409.153723436707,1.3279684521134635e-16
4411.570510556409,1.2014826018601262e-16
4413.987297676113,1.2908512259779374e-16
4416.404084795816,1.417215393824187e-16
4418.82087191552,1.3345980093360726e-16
4421.237659035223,9.462691911649812e-17
4423.6544461549265,1.106048571723182e-16
4426.07123327463,8.817123443635983e-17
4428.488020394333,1.27707143490211e-16
4430.904807514037,1.589217887996823e-16
4433.3215946337405,1.482028430842572e-16
4435.738381753444,1.0757984379388158e-16
4438.155168873147,8.687694143429837e-17
4440.571955992851,8.941114048434191e-17
4442.988743112554,9.473090538017136e-17
4445.405530232258,1.6045843793437803e-16
4447.822317351961,1.016972073301448e-16
4450.239104471664,1.1727043877485992e-16
4452.655891591368,1.4162870885587707e-16
4455.072678711072,1.264299136812789e-16
4457.489465830775,1.020151752699604e-16
4459.906252950478,1.4072801235785546e-16
4462.323040070182,1.199053813376278e-16
4464.739827189886,9.049850528902911e-17
4467.156614309589,9.002892977573921e-17
4469.573401429292,7.984243049756894e-17
4471.990188548995,9.678943174316041e-17
4474.4069756686995,9.661767231601945e-17
4476.823762788403,1.1808375894750967e-16
4479.240549908106,9.635113390255031e-17
4481.657337027809,1.2104225139206421e-16
4484.074124147513,1.1346172501402822e-16
4486.490911267217,1.7691910735980412e-16
4488.90769838692,1.3897531779593064e-16
4491.324485506623,1.4558891504543638e-16
4493.7412726263265,1.3450664698141524e-16
4496.158059746031,1.0981559634139434e-16
4498.574846865734,1.2236985729051821e-16
4500.991633985437,1.2168246101480666e-16
4503.40842110514,9.061917351982033e-17
4505.825208224845,1.128319855763492e-16
4508.241995344548,1.1566421772959463e-16
4510.658782464251,1.2942713122024906e-16
4513.075569583954,1.0329433454169332e-16
4515.4923567036585,1.1046412096213573e-16
4517.909143823362,1.1301856985450072e-16
4520.325930943065,1.0764813967915937e-16
4522.742718062768,9.885984230871888e-17
4525.159505182472,1.3533621616417934e-16
4527.576292302176,1.3441536363788028e-16
4529.993079421879,9.959989699134354e-17
4532.409866541582,1.0786821813637972e-16
4534.8266536612855,1.14139497127599e-16
4537.243440780989,9.245855909748308e-17
4539.660227900693,1.1345502092151907e-16
4542.077015020396,7.521659536535934e-17
4544.493802140099,9.793783053026207e-17
4546.910589259803,8.141329664414448e-17
4549.327376379507,9.61351615572942e-17
4551.74416349921,1.227562065171709e-16
4554.160950618913,1.2330086708201711e-16
4556.577737738617,1.1580422007850126e-16
4558.99452485832,1.2858147095920286e-16
4561.411311978024,1.1424390615726668e-16
4563.828099097727,1.0955406876333346e-16
4566.244886217431,1.0561167628835915e-16
4568.661673337134,7.580124303228274e-17
4571.078460456839,1.0498295216647107e-16
4573.495247576541,1.1991895077023866e-16
4575.9120346962445,1.1489000583816831e-16
4578.328821815948,1.2166578245353102e-16
4580.745608935651,1.0567101663137811e-16
4583.162396055355,9.987942123392351e-17
4585.5791831750585,1.2811636063209947e-16
4587.995970294762,9.822399004932631e-17
4590.412757414465,8.841517819395005e-17
4592.829544534169,9.700225257094358e-17
4595.246331653872,7.669736138367614e-17
4597.663118773576,8.12677295273604e-17
4600.079905893279,1.1135728633366818e-16
4602.496693012983,7.666063597297285e-17
4604.913480132686,9.795225175185147e-17
4607.33026725239,8.584810637538052e-17
4609.747054372093,1.4439221358800774e-16
4612.163841491796,1.0556340124171335e-16
4614.5806286115,1.3425223729115746e-16
4616.997415731204,9.360424506783396e-17
4619.414202850907,9.061005707055392e-17
4621.83098997061,9.586820552492551e-17
4624.247777090314,9.290313977134257e-17
4626.6645642100175,1.2738719420125082e-16
4629.081351329721,4.663503979723669e-17
4631.498138449424,9.751930454854053e-17
4633.914925569127,1.0479751321693124e-16
4636.331712688831,6.380388605856722e-17
4638.748499808535,8.736548787084896e-17
4641.165286928238,1.0163409994556446e-16
4643.582074047941,1.0374090511181835e-16
4645.998861167645,1.1144734247501806e-16
4648.415648287349,7.607942524845161e-17
4650.832435407052,6.107631426345048e-17
4653.249222526755,1.0803809545714572e-16
4655.666009646458,6.722559963526216e-17
4658.082796766163,4.2081067660297833e-17
4660.499583885866,7.539780175890744e-17
4662.916371005569,1.3784433284951468e-16
4665.333158125272,1.0657239598003983e-16
4667.7499452449765,8.454225278241726e-17
4670.16673236468,1.0287230144145591e-16
4672.583519484383,1.2443582166211129e-16
4675.000306604086,7.998419781770567e-17
4677.4170937237905,9.868147929602271e-17
4679.833880843494,1.4022621030318864e-16
4682.250667963197,1.2377490942083283e-16
4684.6674550829,1.102548606105661e-16
4687.0842422026035,1.0061547116049733e-16
4689.501029322308,8.845007075116403e-17
4691.917816442011,9.630492680751139e-17
4694.334603561714,1.1549600078212426e-16
4696.751390681417,7.18599595304613e-17
4699.168177801121,1.1079037248012251e-16
4701.584964920825,9.447089582476936e-17
4704.001752040528,1.0395997575549735e-16
4706.418539160231,8.63543249818391e-17
4708.835326279935,1.1521283728242707e-16
4711.252113399639,1.1214267685923626e-16
4713.668900519342,9.723549121833732e-17
4716.085687639045,1.0310145709702114e-16
4718.502474758749,1.0019326373602232e-16
4720.919261878452,8.749456886044486e-17
4723.336048998156,7.248662209949247e-17
4725.752836117859,5.610304474025103e-17
4728.1696232375625,7.259908596478229e-17
4730.586410357266,1.0111769356288001e-16
4733.00319747697,8.251898183893642e-17
4735.419984596673,1.0403305095009099e-16
4737.8367717163765,8.919409134599618e-17
4740.25355883608,1.4910113261719144e-16
4742.670345955783,9.188631349755483e-17
4745.087133075487,6.510423001100953e-17
4747.50392019519,8.354228432357383e-17
4749.920707314894,1.1103016828563882e-16
4752.337494434597,1.196771390848161e-16
4754.754281554301,1.340648696782217e-16
4757.171068674005,1.0303539615877181e-16
4759.587855793708,9.975699995574952e-17
4762.004642913411,1.2971767667343883e-16
4764.421430033114,1.192294539369146e-16
4766.838217152818,8.01958971991649e-17
4769.255004272522,8.666349200823237e-17
4771.671791392225,6.186028074658413e-17
4774.088578511928,8.338280614825543e-17
4776.505365631632,1.1272120087731915e-16
4778.9221527513355,1.0006470692544351e-16
4781.338939871039,1.002079996396096e-16
4783.755726990743,8.680619942014357e-17
4786.172514110445,9.276590484254614e-17
4788.589301230149,8.815591057727491e-17
4791.006088349853,1.1427270197323474e-16
4793.422875469556,1.2633113413946954e-16
4795.839662589259,1.0347212160820396e-16
4798.256449708963,9.701663373620698e-17
4800.673236828667,1.2856293813481839e-16
4803.09002394837,1.1901471513868032e-16
4805.506811068073,1.5367329626027515e-16
4807.923598187777,1.4771752019213096e-16
4810.340385307481,1.1348700077822434e-16
4812.757172427184,1.4057534374754204e-16
4815.173959546887,1.1792959891332926e-16
4817.59074666659,9.519546884956847e-17
4820.0075337862945,9.2573339531225e-17
4822.424320905998,1.1023377344027127e-16
4824.841108025701,8.544602586608864e-17
4827.257895145404,1.4925452284768883e-16
4829.6746822651085,1.0700820785048221e-16
4832.091469384812,1.2555681982494998e-16
4834.508256504515,1.136159075771442e-16
4836.925043624218,1.0337920468818218e-16
4839.3418307439215,1.090666573109422e-16
4841.758617863626,1.0987527533369992e-16
4844.175404983329,8.094246916357472e-17
4846.592192103032,1.0072987475504095e-16
4849.008979222735,1.364451180480593e-16
4851.42576634244,1.0303569485724478e-16
4853.842553462143,1.2456372856520955e-16
4856.259340581846,1.157458644094649e-16
4858.676127701549,1.053189865030127e-16
4861.092914821253,1.1729414221721503e-16
4863.509701940957,1.179837491279675e-16
4865.92648906066,1.268728008573236e-16
4868.343276180363,9.483126295010755e-17
4870.760063300067,1.1851966229408318e-16
4873.176850419771,9.954334495415461e-17
4875.593637539474,4.157087401075943e-17
4878.010424659177,8.766383589203531e-17
4880.4272117788805,1.032141779286888e-16
4882.843998898584,1.0066247702316287e-16
4885.260786018288,1.2186163593572844e-16
4887.677573137991,1.0354592616461687e-16
4890.0943602576945,1.0268001338703415e-16
4892.511147377398,1.155211652191449e-16
4894.927934497102,9.523769490481687e-17
4897.344721616805,1.1466905829712735e-16
4899.761508736508,8.547179716379867e-17
4902.178295856212,1.1936773852738322e-16
4904.595082975915,1.3356481867605604e-16
4907.011870095619,8.94286953162688e-17
4909.428657215322,1.1099743590361741e-16
4911.845444335026,1.2797465831701546e-16
4914.262231454729,1.327245461707061e-16
4916.679018574433,1.2215143265131564e-16
4919.095805694137,1.0329034359476319e-16
4921.51259281384,9.194509484364093e-17
4923.929379933543,1.0606603607648624e-16
4926.346167053246,1.2484389186653036e-16
4928.76295417295,8.014293478006396e-17
4931.1797412926535,8.817173112123921e-17
4933.596528412357,9.72200240589075e-17
4936.01331553206,8.862985260442666e-17
4938.430102651764,7.868439128800285e-17
4940.846889771467,1.0212770539247052e-16
4943.263676891171,1.2345688978262115e-16
4945.680464010875,1.2369641765206719e-16
4948.097251130577,1.09433095490055e-16
4950.514038250281,1.0007558511172002e-16
4952.930825369985,1.2405600511409467e-16
4955.347612489688,1.0395429603227424e-16
4957.764399609391,8.489184218349239e-17
4960.181186729095,8.310168019791356e-17
4962.597973848799,1.1341040356740395e-16
4965.014760968502,1.0032020917700923e-16
4967.431548088205,7.005862705410721e-17
4969.848335207908,7.579892502273565e-17
4972.2651223276125,9.11955289065906e-17
4974.681909447316,9.480645238378488e-17
4977.098696567019,7.500681107240416e-17
4979.515483686722,8.996890606858006e-17
4981.9322708064265,1.0476236711691443e-16
4984.34905792613,6.817174862888695e-17
4986.765845045833,1.1644770912346624e-16
4989.182632165536,9.443963559865421e-17
4991.5994192852395,9.893579734659984e-17
4994.016206404944,8.18627319638748e-17
4996.432993524647,1.2693958395396282e-16
4998.84978064435,1.1915587176614075e-16
5001.266567764053,9.686448504340593e-17
5003.683354883758,8.195050349740632e-17
5006.100142003461,9.688264629264872e-17
5008.516929123164,9.478191975081503e-17
5010.933716242867,1.3606620998498322e-16
5013.350503362571,1.055784171017662e-16
5015.767290482275,1.1420430502211954e-16
5018.184077601978,9.399638579302255e-17
5020.600864721681,6.935133117164559e-17
5023.017651841385,1.0703480809766132e-16
5025.434438961089,9.383329905543512e-17
5027.851226080792,1.1589191584686326e-16
5030.268013200495,9.449913883107337e-17
5032.6848003201985,9.440369954765927e-17
5035.101587439903,1.1513861407179918e-16
5037.518374559606,1.0697443739464233e-16
5039.935161679309,7.280483383375213e-17
5042.3519487990125,7.99841307370662e-17
5044.768735918716,6.861899042268254e-17
5047.18552303842,9.082375188527997e-17
5049.602310158123,7.29700130562415e-17
5052.019097277827,5.982094641649743e-17
5054.43588439753,7.59510429993282e-17
5056.852671517234,1.0555955130427139e-16
5059.269458636937,1.0094418551956076e-16
5061.68624575664,7.852872403676219e-17
5064.103032876344,9.710728479823345e-17
5066.519819996047,1.13786844812008e-16
5068.936607115751,5.2938950370191717e-17
5071.353394235454,1.2435679094453671e-16
5073.770181355158,1.1780984288843734e-16
5076.186968474861,9.013298694183136e-17
5078.603755594565,1.0997234558947855e-16
5081.020542714268,4.8344417974277425e-17
5083.4373298339715,1.0419750621729304e-16
5085.854116953675,1.367049466278022e-16
5088.270904073378,1.2292153983431565e-16
5090.687691193082,1.1693985084582407e-16
5093.104478312785,8.547969991020155e-17
5095.521265432489,1.1456175745020723e-16
5097.938052552192,9.614408402813408e-17
5100.354839671896,6.918852305265149e-17
5102.771626791599,7.558566575161431e-17
5105.188413911303,6.582412322763763e-17
5107.605201031006,6.71522505492308e-17
5110.021988150709,4.420296499348068e-17
5112.438775270413,1.0735271616800558e-16
5114.855562390117,1.0271754704828447e-16
5117.27234950982,9.332382748565536e-17
5119.689136629523,8.800053632003501e-17
5122.105923749227,7.713944955601086e-17
5124.5227108689305,1.0109198053411423e-16
5126.939497988634,9.080365522700795e-17
5129.356285108337,8.669879890731896e-17
5131.773072228041,1.2371718204513803e-16
5134.1898593477445,1.0459510340207351e-16
5136.606646467448,1.0017520970868832e-16
5139.023433587151,8.755680775253247e-17
5141.440220706854,9.457505975493048e-17
5143.857007826558,8.847086760747155e-17
5146.273794946262,1.0279965485726595e-16
5148.690582065965,1.243817828422538e-16
5151.107369185668,9.060099294185835e-17
5153.524156305371,8.070546011923105e-17
5155.940943425076,1.10980998247841e-16
5158.357730544779,7.816523876672076e-17
5160.774517664482,1.0636943836605375e-16
5163.191304784185,8.827814962724036e-17
5165.6080919038895,1.1402805975553946e-16
5168.024879023593,1.0656851415081403e-16
5170.441666143296,1.2093118480632046e-16
5172.858453262999,1.0751525900435236e-16
5175.275240382703,6.610140183824163e-17
5177.692027502407,7.117913796103404e-17
5180.10881462211,1.0674109138547302e-16
5182.525601741813,7.944979094029501e-17
5184.9423888615165,9.678165820381644e-17
5187.359175981221,8.512131992466619e-17
5189.775963100924,4.906933706360329e-17
5192.192750220627,1.089168445293488e-16
5194.6095373403305,9.875530208233357e-17
5197.026324460034,9.92117924702741e-17
5199.443111579738,8.326654539285028e-17
5201.859898699441,1.0910586969206142e-16
5204.276685819144,1.1121109562866935e-16
5206.693472938848,1.240940211893271e-16
5209.110260058552,3.947755397209599e-17
5211.527047178255,7.137350821913699e-17
5213.943834297959,1.1622331366096592e-16
5216.360621417662,1.2633726009538147e-16
5218.777408537365,1.898076285024037e-16
5221.194195657069,1.0750938829011544e-16
5223.610982776772,6.791068648352837e-17
5226.027769896476,4.054905305750087e-17
5228.444557016179,7.064262172521333e-17
5230.861344135883,6.897204720607339e-17
5233.278131255586,9.520759728598024e-17
5235.6949183752895,7.804735784264281e-17
5238.111705494993,1.284589764233694e-16
5240.528492614697,1.2983289445881758e-16
5242.9452797344,9.590287198386087e-17
5245.362066854103,8.41515043992589e-17
5247.778853973807,5.570817749059047e-17
5250.19564109351,7.007540146840912e-17
5252.612428213214,7.888920488633846e-17
5255.029215332917,1.143915506506919e-16
5257.446002452621,1.1693402345582408e-16
5259.862789572324,7.286891170365907e-17
5262.279576692028,5.975016070043282e-17
5264.696363811731,6.89766947740666e-17
5267.113150931435,1.166566508986089e-16
5269.529938051138,1.1404500923986895e-16
5271.946725170841,9.399239370862886e-17
5274.363512290545,7.601323933716741e-17
5276.7802994102485,8.868089908634817e-17
5279.197086529952,7.697883907726464e-17
5281.613873649655,8.263675055305774e-17
5284.030660769359,7.184588118707682e-17
5286.4474478890625,1.0238980211034902e-16
5288.864235008766,9.887489360839335e-17
5291.281022128469,1.0857333564369599e-16
5293.697809248173,1.0867103832971796e-16
5296.114596367876,1.0676590316463296e-16
5298.53138348758,1.0685909282894672e-16
5300.948170607283,8.437375873467192e-17
5303.364957726986,7.307149441663672e-17
5305.78174484669,9.087313415040277e-17
5308.198531966394,7.800790089119446e-17
5310.615319086097,9.520029747947743e-17
5313.0321062058,8.914311654757134e-17
5315.448893325503,1.0686056483962868e-16
5317.8656804452075,8.536633364026546e-17
5320.282467564912,5.948791826031666e-17
5322.699254684614,7.495887930741622e-17
5325.116041804317,7.945690483229148e-17
5327.5328289240215,9.990735892044935e-17
5329.949616043725,1.5474442614787192e-16
5332.366403163428,1.4931006804619718e-16
5334.783190283131,7.394984501005964e-17
5337.1999774028345,6.593201331019788e-17
5339.616764522539,1.0795301663793078e-16
5342.033551642242,1.1000723325271491e-16
5344.450338761945,6.864397350733043e-17
5346.8671258816485,8.560585026271198e-17
5349.283913001353,7.055398180205241e-17
5351.700700121056,4.9993437177620833e-17
5354.117487240759,8.546785669385285e-17
5356.534274360462,9.608643323862792e-17
5358.951061480166,8.621503811596453e-17
5361.36784859987,7.823043900091993e-17
5363.784635719573,8.014141266132861e-17
5366.201422839276,6.902681985435578e-17
5368.61820995898,8.102468115088763e-17
5371.034997078684,9.062590118003428e-17
5373.451784198387,8.385158236049071e-17
5375.86857131809,7.034900745213561e-17
5378.285358437794,6.856941733174984e-17
5380.702145557497,7.293322776073494e-17
5383.118932677201,7.944611850516703e-17
5385.535719796904,6.340740341322394e-17
5387.9525069166075,8.96882290384917e-17
5390.369294036311,9.925549233269195e-17
5392.786081156015,9.53680255395977e-17
5395.202868275718,1.0143339680029579e-16
5397.619655395421,8.107207178433072e-17
5400.036442515125,6.680435379829711e-17
5402.453229634828,7.212350506565323e-17
5404.870016754532,7.253317236946215e-17
5407.286803874235,5.653540130478018e-17
5409.703590993939,6.3452902997216e-17
5412.120378113642,6.670263122616547e-17
5414.537165233346,9.935632570077296e-17
5416.953952353049,1.2598712016755906e-16
5419.370739472753,1.1024686916716804e-16
5421.787526592456,1.1898461676470563e-16
5424.204313712159,1.093626467086562e-16
5426.621100831864,1.0776919230439867e-16
5429.0378879515665,1.3075139781670939e-16
5431.45467507127,9.099747522499501e-17
5433.871462190973,8.350887297498028e-17
5436.288249310677,1.1277958803901254e-16
5438.7050364303805,1.2130819188532247e-16
5441.121823550084,7.885189055863167e-17
5443.538610669787,1.0648090102849086e-16
5445.955397789491,1.2221744561420095e-16
5448.372184909194,1.165606089588025e-16
5450.788972028898,1.1627506731440816e-16
5453.205759148601,1.1705771141149232e-16
5455.622546268305,5.50385780164758e-17
5458.039333388008,5.892469671152899e-17
5460.456120507712,8.335759701774934e-17
5462.872907627415,7.514718304344708e-17
5465.289694747118,8.362093797606015e-17
5467.706481866822,9.36249829489087e-17
5470.1232689865255,1.0605807299081899e-16
5472.540056106229,7.322573196080205e-17
5474.956843225932,6.904016471590474e-17
5477.373630345635,8.965988286224457e-17
5479.7904174653395,1.023589172343108e-16
5482.207204585044,9.406938398104685e-17
5484.623991704746,8.666512765349176e-17
5487.040778824449,9.06554371068776e-17
5489.457565944153,9.693366673852117e-17
5491.874353063857,7.262085016121581e-17
5494.29114018356,8.158372284580754e-17
5496.707927303263,9.89881703487314e-17
5499.1247144229665,1.0257092204344267e-16
5501.541501542671,9.628142142254011e-17
5503.958288662374,8.486971054382991e-17
5506.375075782077,8.234618186157665e-17
5508.79186290178,8.628213502138574e-17
5511.208650021485,8.488312590475757e-17
5513.625437141188,8.547502984514571e-17
5516.042224260891,8.900746655475774e-17
5518.459011380594,9.005255223731267e-17
5520.875798500298,7.70790355777406e-17
5523.292585620002,7.367800566661305e-17
5525.709372739705,7.287758788543922e-17
5528.126159859408,7.631893947876031e-17
5530.542946979112,8.759513854649872e-17
5532.959734098816,8.294020725632933e-17
5535.376521218519,9.022497893800172e-17
5537.793308338222,9.265958916312972e-17
5540.2100954579255,9.347729542526896e-17
5542.626882577629,8.33372896982211e-17
5545.043669697333,6.559642287800357e-17
5547.460456817036,7.431904540948938e-17
5549.877243936739,7.66835491769712e-17
5552.294031056443,6.769447412645121e-17
5554.710818176147,6.366036559778996e-17
5557.12760529585,7.542636175502429e-17
5559.544392415553,7.804749267414095e-17
5561.961179535257,5.224202283305625e-17
5564.37796665496,6.049366207197192e-17
5566.794753774664,7.682339807863002e-17
5569.211540894367,7.359717351851411e-17
5571.628328014071,5.3707382522066515e-17
5574.045115133774,6.439890135809117e-17
5576.461902253478,7.616961625062565e-17
5578.878689373181,8.018465492160435e-17
5581.2954764928845,7.197976321996228e-17
5583.712263612588,7.657141262159625e-17
5586.129050732291,7.261313761664721e-17
5588.545837851996,5.964164939327865e-17
5590.9626249716985,7.230296139719513e-17
5593.379412091402,5.773753327735922e-17
5595.796199211105,5.657465084240972e-17
5598.212986330809,7.355851663632666e-17
5600.629773450512,1.0290760672486581e-16
5603.046560570216,1.0993694830761547e-16
5605.463347689919,7.809646402765813e-17
5607.880134809622,8.485983873074651e-17
5610.296921929326,1.0436965605751022e-16
5612.71370904903,9.227223592279238e-17
5615.130496168733,8.418602820351526e-17
5617.547283288436,8.800068300101031e-17
5619.96407040814,8.447724425014151e-17
5622.380857527844,7.631075295924509e-17
5624.797644647547,5.738028008374183e-17
5627.21443176725,7.211285544739331e-17
5629.631218886953,9.687370116503884e-17
5632.0480060066575,7.264696379214811e-17
5634.464793126361,4.8298484609947336e-17
5636.881580246064,9.022423524825235e-17
5639.298367365767,5.839780728680164e-17
5641.715154485471,6.017700848829331e-17
5644.131941605175,6.423175260198673e-17
5646.548728724878,4.9583271769263376e-17
5648.965515844581,5.223348612034846e-17
5651.3823029642845,4.0834256633434367e-17
5653.799090083989,6.04983760295165e-17
5656.215877203692,9.067366429670581e-17
5658.632664323395,5.823659075928731e-17
5661.049451443098,4.230511705483465e-17
5663.466238562803,4.7249640156643913e-17
5665.883025682506,6.433952205805754e-17
5668.29981280221,7.487874220817845e-17
5670.716599921912,6.200762150682869e-17
5673.1333870416165,3.893885324812456e-17
5675.55017416132,4.503721909503449e-17
5677.966961281023,6.888595689989338e-17
5680.383748400726,7.882073131977074e-17
5682.80053552043,7.58972923011418e-17
5685.217322640134,6.28811959638903e-17
5687.634109759837,5.495115978340704e-17
5690.05089687954,6.414146664132467e-17
5692.4676839992435,4.9739070246476986e-17
5694.884471118948,4.430198406647005e-17
5697.301258238651,6.57100138398025e-17
5699.718045358354,6.141234257045347e-17
5702.134832478057,6.743590680564514e-17
5704.551619597761,8.387085936469167e-17
5706.968406717465,9.127617958010248e-17
5709.385193837168,8.966985499220217e-17
5711.801980956871,7.983345371677022e-17
5714.218768076575,7.744267316986207e-17
5716.635555196279,7.447762416014704e-17
5719.052342315982,7.075793747721632e-17
5721.469129435685,7.739054403968518e-17
5723.885916555389,8.222995773028003e-17
5726.302703675092,9.308478260926303e-17
5728.719490794796,7.130730602735147e-17
5731.136277914499,7.334433806748861e-17
5733.5530650342025,8.148260713204025e-17
5735.969852153906,7.483331528835368e-17
5738.38663927361,7.54416510229348e-17
5740.803426393313,8.504389128063053e-17
5743.2202135130165,1.0427862371998217e-16
5745.63700063272,9.092078424689621e-17
5748.053787752423,7.021811406999815e-17
5750.470574872128,6.182354038098035e-17
5752.88736199183,6.023279763764127e-17
5755.304149111534,8.275453847276774e-17
5757.720936231237,8.331469180040281e-17
5760.137723350941,7.830113289472602e-17
5762.554510470644,7.846861875878553e-17
5764.971297590348,8.392367360597123e-17
5767.388084710051,7.609008726459516e-17
5769.804871829754,5.985956816772434e-17
5772.221658949458,6.914295850588258e-17
5774.638446069162,8.780673895239129e-17
5777.055233188865,8.567024703230515e-17
5779.472020308568,7.221040790458399e-17
5781.888807428272,8.369502531635396e-17
5784.3055945479755,6.644680157405988e-17
5786.722381667679,6.254920461858402e-17
5789.139168787382,5.905874668904173e-17
5791.555955907085,7.15340580993373e-17
5793.972743026789,7.69781723543528e-17
5796.389530146493,8.053340378347095e-17
5798.806317266196,5.75566590639946e-17
5801.223104385899,8.150052112658865e-17
5803.639891505603,8.392604243331527e-17
5806.056678625307,7.776697103358948e-17
5808.47346574501,8.447040025334307e-17
5810.890252864713,7.563439913759529e-17
5813.307039984416,7.333969594576946e-17
5815.723827104121,6.902923319006346e-17
5818.140614223824,6.616308281034445e-17
5820.557401343527,7.673771203758509e-17
5822.97418846323,8.09911020136141e-17
5825.3909755829345,8.208213863630905e-17
5827.807762702638,7.455528962959883e-17
5830.224549822342,7.723887942023945e-17
5832.641336942044,8.715950629214741e-17
5835.058124061748,8.154346493901953e-17
5837.474911181452,7.405001830591101e-17
5839.891698301155,6.856594890902043e-17
5842.308485420858,8.417769316430587e-17
5844.7252725405615,9.33593549165858e-17
5847.142059660266,7.360157878827822e-17
5849.558846779969,6.61112489131503e-17
5851.975633899672,6.598108156974455e-17
5854.392421019375,8.127224209603681e-17
5856.80920813908,7.980997591234477e-17
5859.225995258783,8.286266894106535e-17
5861.642782378486,6.626283814034788e-17
5864.059569498189,6.974292316776662e-17
5866.476356617893,7.128374656786317e-17
5868.893143737597,5.2876120564230616e-17
5871.3099308573,5.68490645748972e-17
5873.726717977003,8.740965623161064e-17
5876.143505096707,9.321616368176404e-17
5878.560292216411,8.113712826410397e-17
5880.977079336114,7.277053211740654e-17
5883.393866455817,6.617358227168456e-17
5885.8106535755205,7.102842872342747e-17
5888.227440695224,7.15987976898137e-17
5890.644227814928,4.892254258250992e-17
5893.061014934631,5.944468066957157e-17
5895.4778020543345,6.86167920666022e-17
5897.894589174038,7.268980837499461e-17
5900.311376293742,8.277419730497768e-17
5902.728163413445,8.191695471784314e-17
5905.144950533148,6.741422845134702e-17
5907.561737652852,7.410034220984452e-17
5909.978524772555,7.584451844279192e-17
5912.395311892259,8.446693439942255e-17
5914.812099011962,1.1601851180663498e-16
5917.228886131666,1.1069956048346531e-16
5919.645673251369,8.497123094221092e-17
5922.062460371073,7.088867163616166e-17
5924.479247490776,7.895298777807126e-17
5926.89603461048,8.871930402315622e-17
5929.312821730183,6.867705050826593e-17
5931.729608849886,6.602662592522911e-17
5934.14639596959,7.751256055041665e-17
5936.5631830892935,8.72524413045094e-17
5938.979970208997,8.214098730594157e-17
5941.3967573287,7.120660558536684e-17
5943.813544448404,7.531965107769876e-17
5946.230331568107,7.821007511564815e-17
5948.647118687811,6.635811741859793e-17
5951.063905807514,6.35651925792788e-17
5953.480692927217,6.755489930412169e-17
5955.897480046921,7.008335655459842e-17
5958.314267166625,7.82941818600249e-17
5960.731054286328,7.24549662877899e-17
5963.147841406032,6.769975055055307e-17
5965.564628525735,5.69974718508384e-17
5967.981415645439,6.372827208916127e-17
5970.398202765142,6.946470280210009e-17
5972.814989884845,5.800934978930042e-17
5975.231777004548,5.5006797437131264e-17
5977.6485641242525,7.638369661260037e-17
5980.065351243956,8.229372504077274e-17
5982.482138363659,7.325059439282622e-17
5984.898925483362,7.255475428687805e-17
5987.3157126030665,7.777234940402541e-17
5989.73249972277,7.187593923132098e-17
5992.149286842473,7.511238167259489e-17
5994.566073962176,7.891215385669837e-17
5996.9828610818795,6.190012777515908e-17
5999.399648201584,6.22599601101551e-17
6001.816435321287,7.810907904260984e-17
6004.23322244099,8.368813342698732e-17
6006.650009560693,7.694294495820266e-17
6009.066796680398,7.196412832941157e-17
6011.483583800101,7.102913891674e-17
6013.900370919804,7.19062583680957e-17
6016.317158039507,7.356576865066718e-17
6018.733945159211,6.366545890061435e-17
6021.150732278915,5.93404754039739e-17
6023.567519398618,8.680342166493915e-17
6025.984306518321,1.0798071403392226e-16
6028.401093638025,6.290162382784896e-17
6030.817880757729,3.9826337010025973e-17
6033.234667877432,6.391616741658418e-17
6035.651454997135,8.70192781231815e-17
6038.0682421168385,7.555563814396148e-17
6040.485029236542,6.78786127839285e-17
6042.901816356246,7.593384856463644e-17
6045.318603475949,7.580706442601336e-17
6047.7353905956525,6.522441533183864e-17
6050.152177715356,6.065839094578399e-17
6052.56896483506,7.273292475557415e-17
6054.985751954763,5.705646445647945e-17
6057.402539074466,6.986146877193837e-17
6059.81932619417,7.637235759474153e-17
6062.236113313873,6.71395633814561e-17
6064.652900433577,5.0288493608013344e-17
6067.06968755328,4.157118652182927e-17
6069.486474672984,6.333025176172215e-17
6071.903261792687,7.421508682012093e-17
6074.320048912391,7.548898900417247e-17
6076.736836032094,5.92499800951112e-17
6079.153623151798,5.5202853338962885e-17
6081.570410271501,6.682854338263917e-17
6083.987197391205,6.575220413570218e-17
6086.403984510908,6.940364198594403e-17
6088.8207716306115,6.594908524870143e-17
6091.237558750315,6.637984186022505e-17
6093.654345870018,5.797012119618052e-17
6096.071132989722,5.093872793839029e-17
6098.487920109425,5.1620722817055524e-17
6100.904707229129,6.156202699825354e-17
6103.321494348832,7.103275106247704e-17
6105.738281468536,7.45267807359549e-17
6108.155068588239,6.979816337261419e-17
6110.571855707943,5.089735785280606e-17
6112.988642827646,5.69015856381516e-17
6115.405429947349,7.096749725684241e-17
6117.822217067053,7.27092313424532e-17
6120.239004186757,7.11018821003343e-17
6122.65579130646,6.13489152293421e-17
6125.072578426164,6.292870146318757e-17
6127.489365545867,5.69666933349707e-17
6129.9061526655705,5.497776388650341e-17
6132.322939785274,6.051448380830216e-17
6134.739726904977,6.903844572883157e-17
6137.15651402468,6.356862930525792e-17
6139.5733011443845,5.756980657893688e-17
6141.990088264088,6.607719362340546e-17
6144.406875383791,6.75667626342663e-17
6146.823662503494,6.632510366258651e-17
6149.240449623198,6.368080778467515e-17
6151.657236742902,6.00653647126073e-17
6154.074023862605,6.057754564262891e-17
6156.490810982308,5.747142289468936e-17
6158.907598102011,6.449245223961875e-17
6161.324385221716,6.587715460387476e-17
6163.741172341419,5.665310469861031e-17
6166.157959461122,5.5175437073385624e-17
6168.574746580825,5.587128202637246e-17
6170.9915337005295,5.4587674938207086e-17
6173.408320820233,6.685488023076286e-17
6175.825107939936,6.520541242811459e-17
6178.241895059639,5.668816621215182e-17
6180.658682179343,6.796869621608153e-17
6183.075469299047,7.349784556457982e-17
6185.49225641875,6.116368861381504e-17
6187.909043538453,5.477895225903673e-17
6190.3258306581565,6.926166295798196e-17
6192.742617777861,6.160854945540337e-17
6195.159404897564,5.625515210579005e-17
6197.576192017267,5.607410754217108e-17
6199.9929791369705,5.854133437146535e-17
6202.409766256674,5.567690858792911e-17
6204.826553376379,6.101422142287949e-17
6207.243340496081,5.87203773750625e-17
6209.660127615784,6.14830074424712e-17
6212.076914735488,6.437325996671831e-17
6214.493701855192,5.708212053530752e-17
6216.910488974895,6.395067439398577e-17
6219.327276094598,7.1507339087917e-17
6221.744063214302,6.371418179006829e-17
6224.160850334005,6.148730601134094e-17
6226.577637453709,5.917986350378509e-17
6228.994424573412,5.2265373443552256e-17
6231.4112116931165,5.749549668876756e-17
6233.827998812819,5.783695881797018e-17
6236.244785932523,5.767731617316164e-17
6238.661573052226,6.01023335413982e-17
6241.0783601719295,5.694987237582529e-17
6243.495147291633,5.609005594578981e-17
6245.911934411336,5.772676859020694e-17
6248.32872153104,4.999813593606127e-17
6250.745508650743,4.7191391530574933e-17
6253.162295770447,5.875885391369988e-17
6255.57908289015,6.198539281362245e-17
6257.995870009854,4.87995890118841e-17
6260.412657129557,5.912074882838907e-17
6262.829444249261,5.623422656343896e-17
6265.246231368964,5.070912438123069e-17
6267.663018488667,5.3318071854174385e-17
6270.079805608371,5.742286456810296e-17
6272.496592728075,6.682040783062198e-17
6274.913379847778,7.206894073844728e-17
6277.330166967481,6.807751231008285e-17
6279.746954087185,5.3058683650692244e-17
6282.1637412068885,5.922437374291384e-17
6284.580528326592,4.927245745862136e-17
6286.997315446295,7.501404972401612e-17
6289.414102565999,7.646645520941315e-17
6291.8308896857025,7.25887836783644e-17
6294.247676805406,7.782962939257806e-17
6296.664463925109,6.985028999553495e-17
6299.081251044812,6.580636095671158e-17
6301.498038164516,6.603902484212248e-17
6303.91482528422,6.633050907905074e-17
6306.331612403923,7.429225840287814e-17
6308.748399523626,6.694435372656176e-17
6311.16518664333,5.58025851054346e-17
6313.581973763034,5.974310352249629e-17
6315.998760882737,5.893780970274316e-17
6318.41554800244,6.098179409203434e-17
6320.832335122143,6.552707799809482e-17
6323.2491222418475,6.272262004710081e-17
6325.665909361551,6.291223638716526e-17
6328.082696481254,6.580787570606461e-17
6330.499483600957,6.811956359261912e-17
6332.9162707206615,6.238137747311104e-17
6335.333057840365,5.0215809708355044e-17
6337.749844960068,5.4809527778043365e-17
6340.166632079771,6.36240883780608e-17
6342.5834191994745,6.164786142540495e-17
6345.000206319179,5.587824040377581e-17
6347.416993438882,5.714021150862035e-17
6349.833780558585,5.766277635558518e-17
6352.2505676782885,5.748893491929146e-17
6354.667354797993,6.130521283409707e-17
6357.084141917696,7.062558949847875e-17
6359.500929037399,6.715520546136739e-17
6361.917716157102,6.27245682372564e-17
6364.334503276806,6.972208656493966e-17
6366.751290396511,6.733875132693649e-17
6369.168077516213,6.668840085655287e-17
6371.584864635916,7.71364625170596e-17
6374.00165175562,7.826840554095766e-17
6376.418438875324,7.150045800611105e-17
6378.835225995027,6.944418373205425e-17
6381.25201311473,6.834059238026845e-17
6383.668800234434,6.50081704366548e-17
6386.085587354137,5.1860655660859483e-17
6388.502374473841,4.661073876551198e-17
6390.919161593544,6.196328084149347e-17
6393.335948713248,6.478950348899831e-17
6395.752735832951,7.208166568557958e-17
6398.169522952655,7.574603470992073e-17
6400.586310072358,6.841810073834469e-17
6403.003097192061,6.87872598094143e-17
6405.419884311765,6.546158478027364e-17
6407.836671431468,6.0510552320481e-17
6410.253458551172,6.365837809651324e-17
6412.670245670875,6.922847870728466e-17
6415.087032790579,6.914371282740514e-17
6417.503819910282,6.859315020438402e-17
6419.920607029986,7.253478076166254e-17
6422.337394149689,6.766930870859369e-17
6424.754181269393,6.629626506315444e-17
6427.170968389096,7.719004834542346e-17
6429.587755508799,8.36646146133537e-17
6432.004542628503,6.975804015707327e-17
6434.4213297482065,7.198815851418771e-17
6436.83811686791,7.232906545858071e-17
6439.254903987613,7.311183992568677e-17
6441.671691107317,8.565620049916843e-17
6444.0884782270205,7.763792779678952e-17
6446.505265346724,6.911134303649213e-17
6448.922052466427,6.660468421570234e-17
6451.33883958613,6.973252622822743e-17
6453.755626705834,6.955503830820934e-17
6456.172413825538,6.95279750967113e-17
6458.589200945241,7.058565078609894e-17
6461.005988064944,7.102722682972742e-17
6463.422775184648,6.584382438337344e-17
6465.839562304352,7.428718189159435e-17
6468.256349424055,7.268624349713145e-17
6470.673136543758,7.972124350222658e-17
6473.089923663461,8.119157403149733e-17
6475.5067107831655,7.641991550554307e-17
6477.923497902869,7.577653356504121e-17
6480.340285022572,6.9456912127259e-17
6482.757072142275,6.585130309412688e-17
6485.1738592619795,7.774287784205701e-17
6487.590646381683,7.541535737746807e-17
6490.007433501386,7.981441761628075e-17
6492.424220621089,6.943116026976865e-17
6494.8410077407925,6.294940592671844e-17
6497.257794860497,6.480878606852236e-17
6499.674581980201,7.536622187672171e-17
6502.091369099903,7.580214261736299e-17
6504.5081562196065,6.715702121918529e-17
6506.924943339311,7.936523778620222e-17
6509.341730459014,7.452873588564035e-17
6511.758517578717,7.139619866106521e-17
6514.17530469842,7.368596821230244e-17
6516.592091818125,6.807982335692943e-17
6519.008878937828,6.586258491728546e-17
6521.425666057531,6.887494516768918e-17
6523.842453177234,7.530466991508999e-17
6526.259240296938,7.441724296117167e-17
6528.676027416642,6.230988308128777e-17
6531.092814536345,6.643988948277118e-17
6533.509601656048,7.00870476477888e-17
6535.926388775752,6.756126568401985e-17
6538.343175895456,6.609629133903387e-17
6540.759963015159,6.112670775996069e-17
6543.176750134862,6.561118114263431e-17
6545.5935372545655,6.523122266757636e-17
6548.010324374269,6.970691330899275e-17
6550.427111493973,8.833659636400451e-17
6552.843898613676,7.647828219928361e-17
6555.260685733379,6.411656496915264e-17
6557.677472853083,7.230463434942316e-17
6560.094259972787,1.0905392634866768e-16
6562.51104709249,1.3689262484177426e-16
6564.927834212193,1.321835676042623e-16
6567.344621331897,1.4976837126418176e-16
6569.7614084516,1.4402270496605692e-16
6572.178195571304,8.24290839884085e-17
6574.594982691007,6.756322575084938e-17
6577.011769810711,7.02535091146073e-17
6579.428556930415,7.561015115988812e-17
6581.845344050118,9.408945399178481e-17
6584.262131169821,1.0186581630040987e-16
6586.6789182895245,9.968732752529888e-17
6589.095705409228,9.112450262219299e-17
6591.512492528931,8.018706405207275e-17
6593.929279648635,7.526464602404348e-17
6596.3460667683385,6.486503551419649e-17
6598.762853888042,6.649912884298039e-17
6601.179641007745,5.988683077973556e-17
6603.596428127449,5.497420625683226e-17
6606.013215247153,6.011078657164783e-17
6608.430002366856,6.48316839048372e-17
6610.846789486559,6.451460419215058e-17
6613.263576606262,6.724713426748029e-17
6615.680363725966,6.609614265197578e-17
6618.09715084567,5.907800053835674e-17
6620.513937965373,6.38966996030749e-17
6622.930725085076,6.272005758067947e-17
6625.34751220478,6.401848595865479e-17
6627.7642993244835,5.872874184164882e-17
6630.181086444187,5.916287361187902e-17
6632.59787356389,6.507144224046547e-17
6635.014660683593,6.516702863217529e-17
6637.4314478032975,6.289071763692932e-17
6639.848234923001,7.072523563925392e-17
6642.265022042704,7.050675684962039e-17
6644.681809162407,6.411575250150348e-17
6647.098596282111,6.744282138829173e-17
6649.515383401815,6.578535363119692e-17
6651.932170521518,6.524571638190587e-17
6654.348957641221,6.198308521678043e-17
6656.7657447609245,6.275929705917242e-17
6659.182531880629,6.311711103965344e-17
6661.599319000333,6.335817463064882e-17
6664.016106120035,7.105619616255501e-17
6666.432893239738,7.619975898122538e-17
6668.849680359443,6.616126339782377e-17
6671.266467479146,6.721443167496772e-17
6673.683254598849,6.914780902839804e-17
6676.100041718552,6.21343403906262e-17
6678.516828838256,6.453775127186755e-17
6680.93361595796,5.637073308058731e-17
6683.350403077663,5.589038192402872e-17
6685.767190197366,6.402064483105157e-17
6688.18397731707,5.902233850193918e-17
6690.600764436774,5.57398625968967e-17
6693.017551556477,5.602683409487693e-17
6695.43433867618,5.335779684308191e-17
6697.8511257958835,5.5051065399900946e-17
6700.267912915587,5.08488361587363e-17
6702.684700035291,5.081942128286016e-17
6705.101487154994,6.094006015157292e-17
6707.518274274697,5.943681354950879e-17
6709.935061394401,5.426829869478031e-17
6712.351848514105,5.998868473300733e-17
6714.768635633808,7.628573515111123e-17
6717.185422753511,7.263840208227441e-17
6719.602209873215,6.702438015953455e-17
6722.018996992919,6.214775664887252e-17
6724.435784112622,6.593513767589717e-17
6726.852571232325,6.148519993320424e-17
6729.269358352029,5.430268175125389e-17
6731.686145471732,6.360382267271147e-17
6734.102932591436,6.766787023062371e-17
6736.519719711139,6.34886874239208e-17
6738.9365068308425,6.08834834211765e-17
6741.353293950547,5.165091946561433e-17
6743.77008107025,5.3354455263355986e-17
6746.186868189953,5.010147796571804e-17
6748.6036553096565,5.3130267800284145e-17
6751.02044242936,5.71428416776957e-17
6753.437229549063,5.824171866722777e-17
6755.854016668767,6.491694046780338e-17
6758.27080378847,6.407172314074466e-17
6760.687590908174,5.820450859108807e-17
6763.104378027877,5.771028956019336e-17
6765.521165147581,5.04757771743785e-17
6767.937952267285,5.5000079835144425e-17
6770.354739386988,5.709793059831006e-17
6772.771526506691,6.068229067274671e-17
6775.188313626394,5.5349259207575514e-17
6777.605100746098,4.799921443606983e-17
6780.021887865802,5.665082543004871e-17
6782.438674985505,5.655491869069588e-17
6784.855462105208,4.941052300956442e-17
6787.272249224912,5.112137796506182e-17
6789.6890363446155,4.9661497257819577e-17
6792.105823464319,5.0074213314823925e-17
6794.522610584022,5.4354242576273604e-17
6796.939397703725,5.764468505154488e-17
6799.356184823429,4.623546650257804e-17
6801.772971943133,5.492816556177233e-17
6804.189759062836,5.01681277974014e-17
6806.606546182539,4.444687731043966e-17
6809.023333302243,5.2680745967171316e-17
6811.440120421947,4.84859071270021e-17
6813.85690754165,4.79870814743452e-17
6816.273694661353,5.567682889858552e-17
6818.690481781056,5.822135994543109e-17
6821.107268900761,5.821564024437027e-17
6823.524056020464,5.4145250319467516e-17
6825.940843140167,4.375286150036812e-17
6828.35763025987,4.424170611281724e-17
6830.7744173795745,4.679434155921578e-17
6833.191204499278,4.6887337302013417e-17
6835.607991618981,4.649702064080068e-17
6838.024778738684,5.934886738775476e-17
6840.441565858388,5.995359315887512e-17
6842.858352978092,5.560859823926989e-17
6845.275140097795,5.0393661631170377e-17
6847.691927217498,4.666810868707554e-17
6850.1087143372015,4.955826963192031e-17
6852.525501456906,4.6302685700082214e-17
6854.942288576609,4.5740242830624114e-17
6857.359075696312,5.0863774212731084e-17
6859.775862816015,5.099666144358796e-17
6862.192649935719,5.1970674783016146e-17
6864.609437055423,5.459564552570138e-17
6867.026224175126,5.1092887998380274e-17
6869.443011294829,4.7357624381668355e-17
6871.859798414533,4.9082872605230884e-17
6874.276585534238,4.813171114726125e-17
6876.69337265394,5.2675742762692933e-17
6879.110159773643,5.824481222447498e-17
6881.526946893347,5.381543755327618e-17
6883.94373401305,5.461167326666384e-17
6886.360521132754,5.1722727760934635e-17
6888.777308252457,4.951692688426564e-17
6891.1940953721605,5.2039949883383124e-17
6893.610882491864,5.721180585348663e-17
6896.027669611568,5.923307251059081e-17
6898.444456731271,5.413211788513178e-17
6900.8612438509745,4.8612291949472805e-17
6903.278030970678,5.432030466223315e-17
6905.694818090381,5.790322894871124e-17
6908.111605210085,4.8422320511019473e-17
6910.528392329788,5.1672868062606617e-17
6912.945179449492,5.2328727141281545e-17
6915.361966569195,4.9133758106671684e-17
6917.778753688899,4.626059086191007e-17
6920.195540808602,3.910533059521869e-17
6922.612327928306,4.809266269796357e-17
6925.029115048009,5.956447816894516e-17
6927.445902167713,4.6419732932418915e-17
6929.862689287416,4.8535561020675885e-17
6932.27947640712,4.965539782123217e-17
6934.696263526823,5.2610647771153014e-17
6937.113050646526,5.736729185224007e-17
6939.52983776623,5.0127035527539506e-17
6941.9466248859335,4.282361427027635e-17
6944.363412005637,5.3952132669355616e-17
6946.78019912534,5.798981027495368e-17
6949.196986245044,5.693523825278473e-17
6951.613773364747,6.276742895240198e-17
6954.030560484451,5.13172565773096e-17
6956.447347604153,5.313143167433714e-17
6958.864134723857,5.221965036300084e-17
6961.280921843561,3.8960087140750505e-17
6963.697708963265,4.5737409022770385e-17
6966.114496082968,5.502214010225429e-17
6968.531283202671,6.616952079141055e-17
6970.948070322375,5.660734880977504e-17
6973.364857442079,4.5076825189931965e-17
6975.781644561782,5.068469152797653e-17
6978.198431681485,4.5788335970205056e-17
6980.615218801188,5.365799108549881e-17
6983.032005920892,4.862075884576672e-17
6985.448793040596,4.1283926080974303e-17
6987.865580160299,4.1053113429902693e-17
6990.282367280002,5.657481260560926e-17
6992.6991543997065,6.366002513520348e-17
6995.11594151941,5.637430656238922e-17
6997.532728639113,5.061975521290173e-17
6999.949515758816,4.5211879915856576e-17
7002.3663028785195,4.875584674243973e-17
7004.783089998224,4.7957904610850856e-17
7007.199877117927,4.3077821714836307e-17
7009.616664237629,2.874146576661244e-17
7012.033451357333,3.9807240218901275e-17
7014.450238477038,5.580732851745494e-17
7016.867025596741,6.51846902775701e-17
7019.283812716444,5.868595178420922e-17
7021.700599836147,5.364593773826775e-17
7024.117386955851,4.859300036852847e-17
7026.534174075555,5.1710217028972076e-17
7028.950961195258,4.661636815709765e-17
7031.367748314961,4.869250165666292e-17
7033.784535434665,4.71970181965908e-17
7036.201322554368,3.486139389259105e-17
7038.618109674072,4.109903494922352e-17
7041.034896793775,5.0867388995971345e-17
7043.4516839134785,5.767491336176752e-17
7045.868471033182,4.802384825531223e-17
7048.285258152886,5.480321858110416e-17
7050.702045272589,5.1734353223161e-17
7053.1188323922925,4.4361257492558666e-17
7055.535619511996,5.0784606976261587e-17
7057.9524066317,4.4361840201418607e-17
7060.369193751403,4.721103878427317e-17
7062.7859808711055,3.9541039549949086e-17
7065.20276799081,4.5281320116926426e-17
7067.619555110513,5.189191997622307e-17
7070.036342230217,5.31382505890906e-17
7072.45312934992,5.4658252075192816e-17
7074.869916469624,5.569023943467408e-17
7077.286703589327,6.520727509759294e-17
7079.703490709031,6.492955647222968e-17
7082.120277828734,4.7931136017173166e-17
7084.537064948438,4.413029784147621e-17
7086.953852068141,4.765804958495426e-17
7089.370639187844,4.670551633609678e-17
7091.787426307548,4.9600421963944645e-17
7094.2042134272515,5.02824826069583e-17
7096.621000546955,5.4555037726428945e-17
7099.037787666658,5.1646473004710507e-17
7101.454574786362,5.708735287136347e-17
7103.871361906065,6.079664960432732e-17
7106.288149025769,5.702973942509126e-17
7108.704936145472,4.887569172103791e-17
7111.121723265175,4.9451659016717094e-17
7113.538510384879,4.556307320427268e-17
7115.955297504583,4.206142812724824e-17
7118.372084624286,4.581251965324447e-17
7120.788871743989,4.84597433039363e-17
7123.205658863693,5.1550130652330914e-17
7125.622445983397,5.2291724199275285e-17
7128.0392331031,5.007165963409158e-17
7130.456020222803,5.080205559908917e-17
7132.872807342506,4.8663924575885877e-17
7135.2895944622105,4.735884062984644e-17
7137.706381581914,4.965674351323029e-17
7140.123168701617,4.713563391357175e-17
7142.53995582132,5.17477673345177e-17
7144.9567429410245,5.5171909907615365e-17
7147.373530060728,4.8036916062361096e-17
7149.790317180431,3.9095417629158966e-17
7152.207104300134,4.0572214059374485e-17
7154.623891419838,5.775280576140454e-17
7157.040678539542,6.040318525461548e-17
7159.457465659245,5.198353752225062e-17
7161.874252778948,4.168860816614853e-17
7164.291039898651,3.9958198646600406e-17
7166.707827018356,4.639643739132509e-17
7169.124614138058,4.6327081208226026e-17
7171.541401257762,5.0744613637858826e-17
7173.958188377465,5.715214402369329e-17
7176.3749754971695,5.718579617856278e-17
7178.791762616873,5.176839764671489e-17
7181.208549736576,4.7669729846203375e-17
7183.625336856279,4.462235458034348e-17
7186.042123975983,4.485808786412621e-17
7188.458911095687,5.065847810196078e-17
7190.87569821539,5.244604771821514e-17
7193.292485335093,4.717385182386327e-17
7195.7092724547965,3.912034418663386e-17
7198.1260595745,3.972496576670873e-17
7200.542846694204,4.8459261552798286e-17
7202.959633813907,4.4859722480687857e-17
7205.3764209336105,4.322151810427989e-17
7207.793208053314,5.1756564424785115e-17
7210.209995173018,5.1726708463491906e-17
7212.626782292721,4.2292696556496855e-17
7215.043569412424,3.616711522355232e-17
7217.460356532128,4.067473176944104e-17
7219.877143651832,4.5309958212639203e-17
7222.293930771535,4.461500943351012e-17
7224.710717891237,5.1353883719509893e-17
7227.127505010942,5.521389919816584e-17
7229.544292130645,4.900385206781916e-17
7231.961079250349,4.913155430734365e-17
7234.377866370052,4.5132331673543585e-17
7236.794653489756,4.239542150186516e-17
7239.211440609459,4.405441332383984e-17
7241.628227729163,5.059366283525594e-17
7244.045014848866,4.548641302101651e-17
7246.4618019685695,3.548083445820939e-17
7248.878589088273,4.5491112313154e-17
7251.295376207976,5.1328899059361974e-17
7253.71216332768,4.8230015638223096e-17
7256.128950447383,5.065296854245953e-17
7258.545737567087,4.3229806662491355e-17
7260.96252468679,2.790830462110108e-17
7263.379311806494,3.639190533600018e-17
7265.796098926197,5.642514090713446e-17
7268.212886045901,5.294444792692606e-17
7270.629673165604,6.411388808144627e-17
7273.046460285307,3.167197482536536e-17
7275.463247405011,3.862718772286161e-17
7277.880034524715,2.870239407804288e-17
7280.296821644418,4.4176712573631967e-17
7282.713608764121,4.2344094467710043e-17
7285.130395883825,4.7082889711765617e-17
7287.5471830035285,4.6106993989291314e-17
7289.963970123232,3.8208724969720657e-17
7292.380757242935,3.41655843100571e-17
7294.797544362638,5.041510432695396e-17
7297.2143314823425,6.160496009009975e-17
7299.631118602046,4.9449699143446404e-17
7302.047905721749,5.4510644490503225e-17
7304.464692841452,4.966222571310842e-17
7306.881479961156,4.771686957536049e-17
7309.29826708086,4.2590479249919835e-17
7311.715054200563,4.776004153791282e-17
7314.131841320266,4.266522216665993e-17
7316.548628439969,4.185311763121949e-17
7318.965415559674,4.9009144117296984e-17
7321.382202679377,4.68521981664197e-17
7323.79898979908,4.4067765054440304e-17
7326.215776918783,5.4151415157823137e-17
7328.6325640384875,3.944108799593562e-17
7331.04935115819,4.0178372072673145e-17
7333.466138277894,5.0612973885020606e-17
7335.882925397597,4.090596760414616e-17
7338.299712517301,4.096147246318013e-17
7340.716499637005,4.745817232482396e-17
7343.133286756708,4.7017795242625216e-17
7345.550073876411,4.0823139186403016e-17
7347.9668609961145,4.395977467373548e-17
7350.383648115819,4.335972115154474e-17
7352.800435235522,4.99939814671122e-17
7355.217222355225,4.915968271001524e-17
7357.634009474928,4.3173347255642627e-17
7360.050796594633,4.377533822029973e-17
7362.467583714336,4.2660946469401935e-17
7364.884370834039,5.208761464909422e-17
7367.301157953742,5.40368372883278e-17
7369.717945073446,4.6266117040422425e-17
7372.13473219315,4.121526449714647e-17
7374.551519312853,4.987700573777148e-17
7376.968306432556,5.515680986283708e-17
7379.38509355226,4.848197207556232e-17
7381.801880671964,4.6749910977350503e-17
7384.218667791666,5.0027470217629747e-17
7386.63545491137,5.310102368173032e-17
7389.052242031074,4.123302140693571e-17
7391.469029150777,4.7417817961072276e-17
7393.885816270481,3.944564113833074e-17
7396.302603390184,3.759715854140326e-17
7398.7193905098875,4.204908996301377e-17
7401.136177629591,4.508083194447197e-17
7403.552964749295,5.2151318398770575e-17
7405.969751868998,5.5175780247280585e-17
7408.386538988701,5.721313106606292e-17
7410.803326108404,6.022321103604525e-17
7413.220113228108,6.692534477129139e-17
7415.636900347812,4.9517458193052876e-17
7418.053687467515,3.90908082872545e-17
7420.470474587219,3.844861299771833e-17
7422.887261706922,3.0886324818932e-17
7425.304048826626,4.385273685347288e-17
7427.720835946329,4.3391027723086216e-17
7430.137623066033,4.686653753512079e-17
7432.554410185736,4.9288725850627707e-17
7434.971197305439,4.265212153471133e-17
7437.387984425143,4.8870089271331335e-17
7439.8047715448465,5.5439382256931803e-17
7442.22155866455,4.3098947492832384e-17
7444.638345784253,4.1458793643568965e-17
7447.055132903957,4.0558978916827625e-17
7449.4719200236605,4.2655618317688816e-17
7451.888707143364,4.336150400236965e-17
7454.305494263067,4.493155692230471e-17
7456.72228138277,4.4677392688194103e-17
7459.139068502474,3.2209085017693665e-17
7461.555855622178,3.488756352748454e-17
7463.972642741881,4.406561642078101e-17
7466.389429861584,4.999148674773379e-17
7468.806216981288,5.549383990284914e-17
7471.223004100992,5.756181066413608e-17
7473.639791220695,5.099682222672503e-17
7476.056578340398,5.170490059845246e-17
7478.473365460101,6.09924568436054e-17
7480.8901525798055,7.096669092997683e-17
7483.306939699509,5.438625812126245e-17
7485.723726819212,3.761087727225607e-17
7488.140513938915,4.3360989863207086e-17
7490.5573010586195,4.1648846591129e-17
7492.974088178322,3.556595949377493e-17
7495.390875298026,4.260298815237396e-17
7497.807662417729,4.960519933809942e-17
7500.2244495374325,4.8722302013982566e-17
7502.641236657137,5.255576920327442e-17
7505.05802377684,4.400041145393613e-17
7507.474810896543,4.7605819422166486e-17
7509.8915980162465,4.946974011871506e-17
7512.308385135951,4.365858962942068e-17
7514.725172255654,3.958268385602179e-17
7517.141959375357,2.990852653914432e-17
7519.5587464950595,4.1272482658878577e-17
7521.975533614764,4.411526795053152e-17
7524.392320734468,3.173992089191811e-17
7526.809107854171,3.91292626418496e-17
7529.225894973874,3.152322687767185e-17
7531.642682093578,2.3990438354729534e-17
7534.059469213282,4.5126746396439565e-17
7536.476256332985,4.471594076150146e-17
7538.893043452688,4.486910367717904e-17
7541.309830572392,4.918236576007494e-17
7543.726617692095,3.7594979224723835e-17
7546.143404811798,2.894938392355997e-17
7548.560191931502,4.28666079371297e-17
7550.9769790512055,4.1806663658556826e-17
7553.393766170909,4.132268492475699e-17
7555.810553290613,4.0171721639255457e-17
7558.227340410316,4.050045583031198e-17
7560.644127530019,4.337660123294734e-17
7563.060914649723,3.929355131534713e-17
7565.477701769427,3.2670762013938855e-17
7567.89448888913,2.414797459926421e-17
7570.311276008833,4.1105083447275067e-17
7572.728063128536,4.597363332276127e-17
7575.14485024824,3.5792814118452256e-17
7577.561637367944,4.504658580443228e-17
7579.978424487647,4.4288443185048003e-17
7582.395211607351,3.1671154276338116e-17
7584.811998727054,4.085606533246965e-17
7587.228785846758,2.7180656181642245e-17
7589.645572966461,2.947566721168272e-17
7592.0623600861645,3.46454685904598e-17
7594.479147205868,3.847931391337565e-17
7596.895934325571,4.9698305906832646e-17
7599.312721445275,4.973281939945021e-17
7601.7295085649785,4.396253110276767e-17
7604.146295684682,4.829249299898452e-17
7606.563082804385,5.314348747171252e-17
7608.979869924089,4.6016844373807515e-17
7611.396657043792,3.8199596503836016e-17
7613.813444163496,5.0672530485169505e-17
7616.230231283199,6.210287761573248e-17
7618.647018402902,5.081861194781725e-17
7621.063805522606,3.7616238886240735e-17
7623.48059264231,4.676968514294231e-17
7625.897379762013,4.186622850071454e-17
7628.314166881716,5.380390483887684e-17
7630.73095400142,4.8670220811363256e-17
7633.1477411211235,4.36973928369511e-17
7635.564528240827,4.5802293906638803e-17
7637.98131536053,4.886002024434453e-17
7640.398102480233,5.852689179548745e-17
7642.8148895999375,3.520496208726475e-17
7645.231676719641,2.638015077405993e-17
7647.648463839344,4.161449712259797e-17
7650.065250959047,4.152016504570255e-17
7652.482038078751,3.9023042155952816e-17
7654.898825198455,4.4649013332231937e-17
7657.315612318158,4.677388416018908e-17
7659.732399437861,4.7192102316299625e-17
7662.1491865575645,4.026767411367621e-17
7664.565973677269,3.2904008696330053e-17
7666.982760796972,3.456975697772139e-17
7669.399547916675,3.378552321170896e-17
7671.816335036378,3.8166663495642367e-17
7674.233122156083,4.900048495356117e-17
7676.649909275786,4.546673994256125e-17
7679.066696395489,3.926787177046115e-17
7681.483483515192,3.7088993624899096e-17
7683.900270634896,4.692601544330488e-17
7686.3170577546,5.037769305389317e-17
7688.733844874303,3.80987609853467e-17
7691.150631994006,3.636964575142769e-17
7693.56741911371,3.69339214613228e-17
7695.984206233414,4.0405384319066815e-17
7698.400993353117,4.3710838041242936e-17
7700.81778047282,4.313282093860391e-17
7703.2345675925235,4.4856908932459e-17
7705.651354712227,3.57287138852073e-17
7708.068141831931,3.6158306968073836e-17
7710.484928951634,4.806393052749133e-17
7712.901716071337,4.5853770208270127e-17
7715.318503191041,3.9717650076939736e-17
7717.735290310745,3.811769029036412e-17
7720.152077430448,4.0332039677504426e-17
7722.568864550151,4.107095092283831e-17
7724.985651669855,3.805997754606144e-17
7727.402438789558,4.253065850539534e-17
7729.819225909262,4.298202182994216e-17
7732.236013028964,3.274312521477704e-17
7734.652800148669,3.87077047470237e-17
7737.069587268372,4.223949618663928e-17
7739.486374388076,4.1519847439756077e-17
7741.903161507779,4.341145339020338e-17
7744.3199486274825,4.496760203593329e-17
7746.736735747186,5.2151723674930004e-17
7749.153522866889,4.068786781313017e-17
7751.570309986593,3.970356828559254e-17
7753.9870971062965,3.731572286765392e-17
7756.403884226,4.482397773385559e-17
7758.820671345702,4.493609073915023e-17
7761.237458465407,3.837290835131614e-17
7763.65424558511,4.3255311125643615e-17
7766.071032704814,4.231860193240308e-17
7768.487819824517,4.1155661982462575e-17
7770.904606944221,4.254511085181327e-17
7773.321394063924,3.7350547317701874e-17
7775.738181183628,3.656794345365469e-17
7778.154968303331,3.7597723675642914e-17
7780.571755423034,3.2239127838658625e-17
7782.988542542738,3.068305000239092e-17
7785.4053296624415,3.521268640991036e-17
7787.822116782145,4.5123912767656917e-17
7790.238903901848,3.3228436000249704e-17
7792.655691021552,3.9067888196189696e-17
7795.0724781412555,4.6743657595589915e-17
7797.489265260959,3.6404023848060686e-17
7799.906052380662,4.12606133897176e-17
7802.322839500365,3.4502642386437635e-17
7804.739626620069,3.6618222705102816e-17
7807.156413739773,4.445297853180872e-17
7809.573200859476,4.249030097729821e-17
7811.989987979179,4.1824099250025897e-17
7814.406775098883,4.3965820361768403e-17
7816.823562218587,4.412744977889287e-17
7819.24034933829,4.662018504322835e-17
7821.657136457993,4.4188273829520846e-17
7824.073923577696,4.0448449802211517e-17
7826.490710697401,4.785308622179841e-17
7828.907497817104,5.5091354331680346e-17
7831.324284936807,4.455510922006652e-17
7833.74107205651,4.278268672570522e-17
7836.1578591762145,3.8666567121877074e-17
7838.574646295918,4.5138757376077656e-17
7840.991433415621,4.8488947762113973e-17
7843.408220535324,4.261509543210142e-17
7845.825007655028,4.260205445336383e-17
7848.241794774732,3.902247079289533e-17
7850.658581894435,4.316929309902846e-17
7853.075369014138,3.853671494151989e-17
7855.4921561338415,3.860120951640855e-17
7857.908943253546,3.957365098293422e-17
7860.325730373249,3.1574218873367885e-17
7862.742517492952,3.0169694293017493e-17
7865.159304612655,3.6930595109568016e-17
7867.576091732359,4.918347258870765e-17
7869.992878852063,5.0407686704000476e-17
7872.409665971766,3.9929245390040346e-17
7874.826453091469,3.4905272672418823e-17
7877.243240211173,3.826237820422549e-17
7879.660027330877,3.857661541573463e-17
7882.07681445058,3.994356313906892e-17
7884.493601570283,3.902560261280388e-17
7886.910388689987,3.606175801355976e-17
7889.32717580969,4.1252398774364355e-17
7891.743962929394,4.0894193090270085e-17
7894.160750049097,4.228986726373316e-17
7896.5775371688005,4.4618892603681086e-17
7898.994324288504,4.70587846290469e-17
7901.411111408208,4.1884770514671855e-17
7903.827898527911,3.303860654973541e-17
7906.2446856476145,3.376236130364732e-17
7908.661472767318,4.0153310345962165e-17
7911.078259887021,4.4462497637266265e-17
7913.495047006725,4.267936983032347e-17
7915.911834126428,3.2754838503257085e-17
7918.328621246132,3.843617267696471e-17
7920.745408365835,3.716329270298995e-17
7923.162195485539,2.8479059532978585e-17
7925.578982605242,5.1428208139425265e-17
7927.995769724946,3.9929244891791946e-17
7930.412556844649,2.2338054761032e-17
7932.829343964352,3.0067114196001054e-17
7935.246131084056,3.3248257422182906e-17
7937.66291820376,3.5759830257949905e-17
7940.079705323463,4.0326056190549983e-17
7942.496492443166,4.0603431467756944e-17
7944.91327956287,2.680015913865953e-17
7947.3300666825735,2.8296289667009167e-17
7949.746853802277,2.8687229226487244e-17
7952.16364092198,3.913764237599418e-17
7954.580428041683,4.055737642097331e-17
7956.997215161387,4.0623488994364655e-17
7959.414002281091,3.688557138740815e-17
7961.830789400794,3.104626445442209e-17
7964.247576520497,3.3763411801317576e-17
7966.664363640201,3.867514088551854e-17
7969.081150759905,3.23033389323678e-17
7971.497937879608,3.434710301385394e-17
7973.914724999311,3.985693175260666e-17
7976.331512119014,4.340454221054452e-17
7978.748299238719,2.7367663428881966e-17
7981.165086358422,3.6286951091755625e-17
7983.581873478125,5.553909961549803e-17
7985.998660597828,1.8708149924804648e-17
7988.4154477175325,2.131472574217416e-17
7990.832234837236,3.821794276451776e-17
7993.249021956939,2.8708918872567525e-17
7995.665809076642,2.5608082315545362e-17
7998.0825961963465,3.503577645451194e-17
8000.49938331605,3.329790835795344e-17
8002.916170435753,3.30571892868568e-17
8005.332957555456,3.4751409030552437e-17
8007.7497446751595,3.863423210355997e-17
8010.166531794864,3.661029336782531e-17
8012.583318914567,3.775275410482933e-17
8015.00010603427,3.578892419195973e-17
8017.416893153973,3.5102309589355815e-17
8019.833680273678,4.148702533400278e-17
8022.250467393381,4.609871529051621e-17
8024.667254513084,4.1028740415206075e-17
8027.084041632787,2.90640001215962e-17
8029.500828752491,4.190128292896573e-17
8031.917615872195,3.384806341114162e-17
8034.334402991898,3.2189674600998365e-17
8036.751190111601,5.062416853687936e-17
8039.167977231305,4.278098438879715e-17
8041.584764351009,4.3809321936204004e-17
8044.001551470712,3.951217240751778e-17
8046.418338590415,3.2016138075727526e-17
8048.8351257101185,3.568440204804144e-17
8051.251912829822,4.213357278191235e-17
8053.668699949526,3.5294497273057845e-17
8056.085487069229,3.16194703588056e-17
8058.5022741889325,3.7786651598244347e-17
8060.919061308636,5.028316602568505e-17
8063.33584842834,1.6897538783725733e-17
8065.752635548043,2.2708473881195596e-17
8068.169422667746,3.37789958715257e-17
8070.58620978745,3.35064977811268e-17
8073.002996907153,3.99145763161586e-17
8075.419784026857,3.775279207160617e-17
8077.83657114656,3.5461509519825704e-17
8080.253358266264,3.1960706900496226e-17
8082.670145385967,3.3053762933389485e-17
8085.086932505671,3.690996468544246e-17
8087.503719625374,3.707980887421168e-17
8089.920506745078,4.781256689752953e-17
8092.337293864781,5.5314202154119136e-17
8094.754080984484,4.1255117743924255e-17
8097.170868104188,2.2390088149170425e-17
8099.5876552238915,1.7412980559513182e-17
8102.004442343595,3.424369345366145e-17
8104.421229463298,3.5867962567820734e-17
8106.838016583002,3.489954547389e-17
8109.254803702705,3.881243634456646e-17
8111.671590822409,3.607452469268348e-17
8114.088377942112,2.7566762204678557e-17
8116.505165061815,2.5437679961048e-17
8118.921952181519,3.258119345168304e-17
8121.338739301223,4.1134848152521765e-17
8123.755526420926,3.8498863870091437e-17
8126.172313540629,3.976964730390029e-17
8128.589100660333,3.794193149555693e-17
8131.005887780037,2.3532941367161906e-17
8133.42267489974,1.8912465704487312e-17
8135.839462019443,3.1559261446898424e-17
8138.256249139146,4.080073527641407e-17
8140.6730362588505,4.376317837243928e-17
8143.089823378554,3.781440180161869e-17
8145.506610498257,3.029555016779798e-17
8147.92339761796,3.4994554981729466e-17
8150.3401847376645,3.627786962801212e-17
8152.756971857368,2.7655073380659187e-17
8155.173758977071,3.285033510987462e-17
8157.590546096774,3.3770839516080625e-17
8160.0073332164775,3.735468335905868e-17
8162.424120336182,3.807789752781453e-17
8164.840907455885,3.9279869694503297e-17
8167.257694575588,4.5985273062630484e-17
8169.674481695291,3.7876308568002484e-17
8172.091268814996,3.275165751922656e-17
8174.508055934699,4.454644550256211e-17
8176.924843054402,4.5002112874038805e-17
8179.341630174105,4.13787460397246e-17
8181.758417293809,3.942468304830319e-17
8184.175204413513,3.556195575910096e-17
8186.591991533216,4.0360119772607967e-17
8189.008778652919,3.6674467458710043e-17
8191.425565772623,3.321664171146426e-17
8193.842352892327,3.4125947862164084e-17
8196.25914001203,2.854643348719293e-17
8198.675927131733,2.9424488991878545e-17
8201.092714251437,3.9185898244149127e-17
8203.50950137114,4.3881004211850513e-17
8205.926288490844,3.974289757558861e-17
8208.343075610546,3.8356997099768376e-17
8210.75986273025,4.173598965034998e-17
8213.176649849955,4.073811583025439e-17
8215.593436969657,3.935252807712761e-17
8218.010224089361,3.4921317260446855e-17
8220.427011209065,3.4636915671242565e-17
8222.843798328768,4.466234445578815e-17
8225.260585448472,4.408830120945138e-17
8227.677372568174,3.3234659132970947e-17
8230.094159687878,3.575096094906451e-17
8232.510946807583,4.324812840004455e-17
8234.927733927285,4.711529360245017e-17
8237.344521046989,4.1802802017851756e-17
8239.761308166691,3.097153370874346e-17
8242.178095286396,4.1403529731494986e-17
8244.5948824061,4.420741807492042e-17
8247.011669525802,2.446091306657581e-17
8249.428456645506,3.8258645237340336e-17
8251.845243765209,4.684520346843074e-17
8254.262030884913,4.126579387115778e-17
8256.678818004617,3.7950483714413176e-17
8259.09560512432,3.980755680908493e-17
8261.512392244023,3.462615723458433e-17
8263.929179363728,3.3677189843586324e-17
8266.34596648343,3.89050341649819e-17
8268.762753603134,2.98031145409087e-17
8271.179540722836,3.4417561125745904e-17
8273.59632784254,2.9916614532531166e-17
8276.013114962245,1.7215857466374816e-17
8278.429902081947,2.863092749748335e-17
8280.846689201651,4.478792102849673e-17
8283.263476321354,4.164104270668769e-17
8285.680263441058,2.9679504871987146e-17
8288.097050560762,3.383773093648005e-17
8290.513837680464,4.0100750670975006e-17
8292.930624800169,2.948505625818218e-17
8295.34741191987,2.657553052615612e-17
8297.764199039575,4.058399476593808e-17
8300.18098615928,4.256819115808918e-17
8302.597773278982,3.0058868266659946e-17
8305.014560398686,3.2478007022863115e-17
8307.43134751839,4.8401383438116746e-17
8309.848134638092,3.8322825706436973e-17
8312.264921757796,2.822643982305676e-17
8314.681708877499,3.531800739809904e-17
8317.098495997203,3.967621867729368e-17
8319.515283116907,4.1805245049677253e-17
8321.93207023661,3.475149696855899e-17
8324.348857356314,3.02180857793476e-17
8326.765644476016,3.518582512280201e-17
8329.18243159572,3.581940158590967e-17
8331.599218715424,3.2468713572409616e-17
8334.016005835127,3.1471572290594306e-17
8336.43279295483,3.452062687921164e-17
8338.849580074535,3.7173829951107833e-17
8341.266367194237,3.246106891889913e-17
8343.683154313941,3.528551224746161e-17
8346.099941433644,3.4588278958575816e-17
8348.516728553348,3.7441642003566324e-17
8350.933515673052,3.659286464601048e-17
8353.350302792755,3.4633212107820965e-17
8355.767089912459,3.4149567719126327e-17
8358.183877032161,4.140446035276694e-17
8360.600664151865,3.3484499422515016e-17
8363.01745127157,3.391033980176903e-17
8365.434238391272,3.4940735786462766e-17
8367.851025510976,3.37833348171237e-17
8370.267812630678,2.827549179574795e-17
8372.684599750382,2.990910127829528e-17
8375.101386870087,3.068101122842204e-17
8377.518173989789,1.781037438967258e-17
8379.934961109493,2.8488965021799496e-17
8382.351748229197,4.363703923587371e-17
8384.7685353489,4.7144855598254726e-17
8387.185322468604,2.8917315499330125e-17
8389.602109588306,2.7374702713919337e-17
8392.01889670801,2.801380838446961e-17
8394.435683827714,4.389752018625295e-17
8396.852470947417,3.6474992036365256e-17
8399.269258067121,5.257763381561156e-17
8401.686045186823,2.712687112444831e-17
8404.102832306527,2.4297218030084453e-17
8406.519619426232,2.3711483815982537e-17
8408.936406545934,2.9737172446290647e-17
8411.353193665638,3.979454090544713e-17
8413.76998078534,3.517788527416517e-17
8416.186767905045,2.883302130522642e-17
8418.603555024749,3.181578580304664e-17
8421.020342144451,3.814498682826512e-17
8423.437129264155,3.78950545049601e-17
8425.85391638386,3.2018731145661615e-17
8428.270703503562,3.3101974294052345e-17
8430.687490623266,3.634874932585172e-17
8433.104277742968,3.6870175979441504e-17
8435.521064862673,3.4972161374798285e-17
8437.937851982377,3.7782881921261083e-17
8440.35463910208,5.3931413340740016e-17
8442.771426221783,5.791819592400793e-17
8445.188213341486,2.853424814831273e-17
8447.60500046119,1.7929517035399713e-17
8450.021787580894,3.023196147899529e-17
8452.438574700596,2.434443601505629e-17
8454.8553618203,2.4696763595932325e-17
8457.272148940003,2.929870883264664e-17
8459.688936059707,3.076186298035633e-17
8462.105723179411,3.946107730798602e-17
8464.522510299113,4.367720892380533e-17
8466.939297418818,3.943996221412563e-17
8469.356084538522,2.8128393268802256e-17
8471.772871658224,3.276514497108735e-17
8474.189658777928,3.6679094487344377e-17
8476.60644589763,3.359932449918177e-17
8479.023233017335,2.935022367264001e-17
8481.440020137039,3.018047665115019e-17
8483.856807256741,3.896225115060034e-17
8486.273594376446,4.0351778289901233e-17
8488.690381496148,2.6962189131652898e-17
8491.107168615852,2.1746443161487576e-17
8493.523955735556,3.337476970548337e-17
8495.940742855259,4.356058292008429e-17
8498.357529974963,2.657066955971585e-17
8500.774317094665,1.8811663334450046e-17
8503.19110421437,1.568796624374697e-17
8505.607891334073,2.430714962537108e-17
8508.024678453776,3.057700722323803e-17
8510.44146557348,3.315181405081267e-17
8512.858252693184,3.4758234365861256e-17
8515.275039812886,5.078551964948935e-17
8517.69182693259,3.346542997208321e-17
8520.108614052293,3.0541569116988774e-17
8522.525401171997,3.3475351655904406e-17
8524.942188291701,4.1517833923943e-17
8527.358975411404,2.5119242424537442e-17
8529.775762531108,2.3611592966729317e-17
8532.19254965081,2.0533121099520693e-17
8534.609336770514,2.686648331698848e-17
8537.026123890219,3.573318771049548e-17
8539.44291100992,2.7540667263062746e-17
8541.859698129625,2.6506365657068126e-17
8544.27648524933,3.0535869135861516e-17
8546.693272369032,2.821917598467289e-17
8549.110059488736,3.865662292169483e-17
8551.526846608438,3.932766386171043e-17
8553.943633728142,3.069072544022975e-17
8556.360420847846,3.214859396552988e-17
8558.777207967549,3.036963751013009e-17
8561.193995087253,3.192973330239063e-17
8563.610782206955,2.4217131127968328e-17
8566.02756932666,1.2944215116858209e-17
8568.444356446364,2.168044641709014e-17
8570.861143566066,1.6627575071859408e-17
8573.27793068577,2.5060510067334607e-17
8575.694717805472,3.799758881845252e-17
8578.111504925177,3.324940941254244e-17
8580.52829204488,3.0194567379232336e-17
8582.945079164583,2.535794103455784e-17
8585.361866284287,3.3694121075030413e-17
8587.778653403991,4.316395444302025e-17
8590.195440523694,3.902542402254615e-17
8592.612227643398,3.0588347010669885e-17
8595.0290147631,3.033350633056344e-17
8597.445801882805,3.221650824895856e-17
8599.862589002509,1.866087242829272e-17
8602.279376122211,1.4786649523932562e-17
8604.696163241915,1.8791891395466694e-17
8607.112950361618,3.115058870839106e-17
8609.529737481322,5.1298632343300253e-17
8611.946524601026,3.309645967603536e-17
8614.36331172073,3.896341866999466e-17
8616.780098840432,3.2800542669575376e-17
8619.196885960135,3.4163433810854506e-17
8621.613673079839,3.2906039045274944e-17
8624.030460199543,4.0697760359656167e-17
8626.447247319245,2.9570380013590395e-17
8628.86403443895,3.3618150529660223e-17
8631.280821558654,3.476746128822417e-17
8633.697608678356,3.123837791261144e-17
8636.11439579806,3.141663924990869e-17
8638.531182917763,3.772101206561248e-17
8640.947970037467,3.256063256141296e-17
8643.364757157171,1.9843392677528218e-17
8645.781544276873,3.3731416057100945e-17
8648.198331396576,3.5707279098819546e-17
8650.61511851628,2.8973643502822844e-17
8653.031905635984,2.6172560141561684e-17
8655.448692755688,3.855721464695573e-17
8657.865479875389,4.239119622061465e-17
8660.282266995097,2.8582908341962455e-17
8662.699054114797,1.9974137277857526e-17
8665.115841234503,2.4641934852326876e-17
8667.532628354205,2.7460475091825275e-17
8669.94941547391,2.8322976881060206e-17
8672.366202593612,2.7924623758991337e-17
8674.782989713316,3.179263887869444e-17
8677.199776833018,3.1386698756967725e-17
8679.616563952723,3.028083178426879e-17
8682.033351072425,3.337986681232228e-17
8684.450138192129,3.0662196228695376e-17
8686.866925311833,2.979840900771137e-17
8689.283712431536,3.1047382702962e-17
8691.70049955124,2.679276045376771e-17
8694.117286670942,2.6414386467021995e-17
8696.534073790646,3.656219283894408e-17
8698.950860910349,3.811452822336747e-17
8701.367648030053,2.811775735631384e-17
8703.784435149755,2.6227331355265522e-17
8706.20122226946,2.945413342924902e-17
8708.618009389163,3.0140243656145367e-17
8711.03479650887,3.053785767427307e-17
8713.451583628568,2.7352006023444848e-17
8715.868370748274,2.79673129894663e-17
8718.285157867978,2.7984091033635407e-17
8720.701944987683,2.3972084352373212e-17
8723.118732107385,2.864715066370799e-17
8725.535519227087,2.957400706129911e-17
8727.952306346791,2.956936156015878e-17
8730.369093466496,3.11005902914624e-17
8732.785880586198,3.1054049498423376e-17
8735.202667705902,3.1930840699135415e-17
8737.619454825604,3.0344103947685644e-17
8740.036241945309,2.9438407443248484e-17
8742.453029065013,2.8478041443027026e-17
8744.869816184715,2.960437745945916e-17
8747.28660330442,3.074073773471871e-17
8749.703390424123,2.903401164115885e-17
8752.120177543826,2.7733490917608425e-17
8754.536964663528,2.7568943837756326e-17
8756.953751783232,2.929114978071663e-17
8759.370538902935,3.0238362464451023e-17
8761.78732602264,2.9876363331921346e-17
8764.204113142341,3.221357111958378e-17
8766.620900262049,2.896103984764392e-17
8769.03768738175,2.2037198010225766e-17
8771.454474501454,2.621068157210361e-17
8773.871261621158,3.0517010591387207e-17
8776.288048740862,3.4813714633878267e-17
8778.704835860564,3.135056944778563e-17
8781.121622980267,3.1958036699219057e-17
8783.53841009997,2.8861265496626387e-17
8785.955197219675,2.5849750404243367e-17
8788.371984339377,3.445521304756734e-17
8790.788771459082,3.628110030241082e-17
8793.205558578786,2.98160841873899e-17
8795.622345698488,3.0705992748477847e-17
8798.039132818192,2.876517347955782e-17
8800.455919937895,3.0812439057999475e-17
8802.872707057599,3.113431569502076e-17
8805.289494177303,2.94566562423498e-17
8807.706281297005,3.306203997106391e-17
8810.123068416708,3.2577283229574896e-17
8812.539855536412,3.1436073813045527e-17
8814.956642656114,3.3166961496791094e-17
8817.373429775822,3.886517155057244e-17
8819.79021689552,3.843386872054847e-17
8822.207004015228,3.3225595128041644e-17
8824.623791134929,3.709351180508473e-17
8827.040578254633,4.1344933186497177e-17
8829.457365374337,3.6794530266360746e-17
8831.874152494041,2.7252038723004525e-17
8834.290939613744,2.657060318741324e-17
8836.707726733448,2.613482030935369e-17
8839.12451385315,2.783921536028754e-17
8841.541300972855,3.4190954136732355e-17
8843.958088092557,3.091939442387307e-17
8846.374875212261,2.9338975224128466e-17
8848.791662331965,3.297697789729035e-17
8851.208449451668,3.4281662403724163e-17
8853.625236571372,3.006860682868869e-17
8856.042023691074,2.6608693380912977e-17
8858.458810810778,2.666086636010368e-17
8860.87559793048,3.3538593251078775e-17
8863.292385050185,3.528360520889661e-17
8865.709172169887,3.015205287245607e-17
8868.125959289591,2.2263757087176665e-17
8870.542746409294,2.1469706376999578e-17
8872.959533529001,3.347037866888939e-17
8875.376320648702,2.984693791015172e-17
8877.793107768408,2.7562827503312378e-17
8880.20989488811,2.692525032632741e-17
8882.626682007813,2.825349632470232e-17
8885.043469127517,3.420695387955132e-17
8887.46025624722,3.221202075339457e-17
8889.877043366923,2.5967152970347416e-17
8892.293830486627,2.5711977562219695e-17
8894.71061760633,2.6032268406556406e-17
8897.127404726034,2.6572771534172125e-17
8899.544191845736,6.109661720685681e-17
8901.96097896544,5.870545265447717e-17
8904.377766085145,6.881243793447387e-17
8906.794553204847,2.4980048083621628e-17
8909.211340324551,1.828467770342044e-18
8911.628127444254,1.5956193526488138e-17
8914.044914563958,1.1449223058235863e-17
8916.46170168366,-1.812606638628359e-17
8918.878488803364,8.424259829003415e-18
8921.295275923067,1.3514412767680495e-17
8923.712063042774,2.466417301071037e-17
8926.128850162473,2.2615621023006838e-17
8928.54563728218,1.997359936250987e-17
8930.962424401881,3.651025666452585e-17
8933.379211521587,2.9955315202160185e-17
8935.79599864129,2.318995735428815e-17
8938.212785760992,1.7966493363475606e-17
8940.629572880696,1.036542026631192e-17
8943.046360000399,2.4526490779028618e-17
8945.463147120103,4.244068111098273e-17
8947.879934239807,3.2767900533842866e-17
8950.29672135951,2.9969652790690816e-17
8952.713508479213,2.6055368752806733e-17
8955.130295598918,2.5712952446389837e-17
8957.54708271862,3.272951539568351e-17
8959.963869838324,4.6552957045879657e-17
8962.380656958027,4.6973531284736536e-17
8964.79744407773,2.223795928158625e-17
8967.214231197433,4.5948284037695795e-18
8969.631018317137,-1.0759945711509898e-17
8972.04780543684,5.128185375579175e-18
8974.464592556544,3.062549436098857e-17
8976.881379676246,2.8234868749952e-17
8979.298166795954,3.52307274443542e-17
8981.714953915653,3.4761905342240184e-17
8984.13174103536,3.151759812585805e-17
8986.548528155061,2.2751055266766493e-17
8988.965315274767,1.999699232781442e-17
8991.38210239447,2.979806491581097e-17
8993.798889514172,2.904030620740062e-17
8996.215676633876,2.9211207277138846e-17
8998.63246375358,2.5841000156389345e-17
9001.049250873282,3.03258922699548e-17
9003.466037992986,4.301397271077079e-17
9005.882825112689,4.270374786143457e-17
9008.299612232393,3.02165961115231e-17
9010.716399352097,3.9288574525750417e-17
9013.1331864718,2.290292531236804e-17
9015.549973591504,3.159544004081174e-17
9017.966760711206,2.81765450542188e-17
9020.38354783091,2.1641314689449712e-17
9022.800334950613,2.0104944652809872e-17
9025.217122070317,6.893613614277376e-17
9027.633909190019,9.280147076408484e-17
9030.050696309723,3.578784839969268e-17
9032.467483429426,2.3253020866698807e-17
9034.884270549133,2.7846247069257827e-17
9037.301057668834,2.7096512417287637e-17
9039.71784478854,2.2539317818397664e-17
9042.134631908242,7.216662728685649e-18
9044.551419027946,2.706852702586569e-17
9046.968206147649,2.1419709950843505e-17
9049.384993267351,5.220819468519446e-17
9051.801780387055,4.3030464804736e-17
9054.21856750676,4.207741430595666e-17
9056.635354626462,2.889875026913136e-17
9059.052141746166,4.202745881156049e-17
9061.468928865868,5.65314744412407e-17
9063.885715985572,-1.2394705658936246e-18
9066.302503105277,1.0567776935329162e-17
9068.719290224979,4.2619492255602043e-17
9071.136077344683,4.628145485099649e-17
9073.552864464385,4.1000813476029676e-17
9075.96965158409,4.113380436156207e-17
9078.386438703792,4.2286323655361776e-17
9080.803225823496,4.0978697770365875e-17
9083.220012943199,8.880296074962077e-18
9085.636800062905,5.2778947828022825e-18
9088.053587182605,1.4841478035137508e-17
9090.470374302313,2.7328103380979858e-17
9092.887161422013,3.1260626246590666e-17
9095.30394854172,3.0871074644461056e-17
9097.720735661422,4.596667169757611e-17
9100.137522781126,4.1017748142517566e-17
9102.554309900828,8.011024676480994e-18
9104.97109702053,2.3165402478374664e-17
9107.387884140235,6.272115652233139e-17
9109.804671259939,4.078265447688706e-17
9112.221458379641,2.583829837611996e-17
9114.638245499345,2.8726993082815545e-17
9117.055032619048,3.139469767827243e-17
9119.471819738752,4.459832303917375e-17
9121.888606858456,4.708634807997388e-17
9124.305393978158,4.329037877521296e-17
9126.722181097863,4.2464653806470914e-17
9129.138968217567,3.161817700486665e-17
9131.55575533727,3.426088646627775e-17
9133.972542456971,3.945607145421661e-17
9136.389329576676,2.2024141404742405e-17
9138.806116696378,2.2739492175019058e-17
9141.222903816086,2.9237220337480966e-17
9143.639690935786,3.856483009611263e-17
9146.056478055492,5.904712805715915e-17
9148.473265175193,4.860931203687585e-17
9150.890052294899,3.217056526084506e-17
9153.306839414601,4.333834819648259e-17
9155.723626534304,2.1463016956175504e-17
9158.140413654008,2.8738110466193377e-17
9160.557200773712,3.2482067506191126e-17
9162.973987893414,3.6687734393464034e-17
9165.390775013118,3.07430522621296e-17
9167.80756213282,2.8654546166084214e-17
9170.224349252525,2.182219094642553e-17
9172.641136372229,2.1258565786318368e-17
9175.057923491931,2.6301869766884807e-17
9177.474710611636,2.4710591331933923e-17
9179.891497731338,3.711145612532012e-17
9182.308284851042,2.1415283831387603e-17
9184.725071970746,1.463694673434305e-17
9187.141859090449,2.37311652176454e-17
9189.558646210151,2.8931365095473047e-17
9191.975433329857,2.0700114785379162e-17
9194.392220449557,1.9859070382784538e-17
9196.809007569265,2.6828782916997797e-17
9199.225794688966,2.6428774527870388e-17
9201.642581808672,2.003324668983255e-17
9204.059368928374,2.2073386120000035e-17
9206.476156048078,1.7361879375767217e-17
9208.89294316778,2.0241921875437746e-17
9211.309730287483,3.378047577175779e-17
9213.726517407187,3.5260315240405845e-17
9216.143304526891,2.3124810204552178e-17
9218.560091646594,2.0960023371379378e-17
9220.976878766298,2.1095457105345457e-17
9223.393665886,2.7640438129959266e-17
9225.810453005704,2.7210668646143453e-17
9228.227240125409,2.5208573445076798e-17
9230.644027245111,3.475519274454934e-17
9233.060814364815,3.912149781812831e-17
9235.477601484517,3.214621379847511e-17
9237.894388604222,3.2087646548860933e-17
9240.311175723926,3.759669907647204e-17
9242.727962843628,3.280413295920966e-17
9245.14474996333,2.7092773116773897e-17
9247.561537083036,3.0343500933039616e-17
9249.978324202737,4.149087358046917e-17
9252.395111322445,3.629311741632821e-17
9254.811898442145,2.5793410265728722e-17
9257.228685561851,2.415286454051835e-17
9259.645472681554,3.982292276741185e-17
9262.062259801256,5.1359683808385734e-17
9264.47904692096,2.347150702219843e-17
9266.895834040663,1.4653650799895397e-17
9269.312621160367,3.436395566937744e-17
9271.72940828007,3.514812842040292e-17
9274.146195399773,2.5802854514921928e-17
9276.562982519477,2.0918411742578048e-17
9278.97976963918,2.4098553902893814e-17
9281.396556758884,1.3101818859171858e-17
9283.813343878588,2.3378421175374952e-17
9286.23013099829,1.841986490481376e-17
9288.646918117995,2.736113186751137e-17
9291.063705237697,3.49988612729233e-17
9293.480492357401,5.580111841934117e-17
9295.897279477105,2.998539742885156e-17
9298.314066596808,3.077889633502205e-18
9300.73085371651,1.7746417632392988e-17
9303.147640836218,1.411251203740528e-17
9305.564427955918,3.0141309272217026e-17
9307.981215075624,1.4030515399472106e-17
9310.398002195325,1.1242744287245125e-17
9312.81478931503,2.557090164444109e-17
9315.231576434733,3.500578224194721e-17
9317.648363554435,3.049843577047387e-17
9320.06515067414,1.567961753193446e-17
9322.481937793842,1.895464828203679e-17
9324.898724913546,2.7858261553703027e-17
9327.31551203325,3.203693458822217e-17
9329.732299152953,2.4132074678962956e-17
9332.149086272657,2.832462117764323e-17
9334.565873392361,3.346970129260851e-17
9336.982660512063,2.663901381555721e-17
9339.399447631768,1.95469381329818e-17
9341.816234751468,2.0989193117909882e-17
9344.233021871174,3.144082905121199e-17
9346.649808990876,2.784215922522709e-17
9349.06659611058,1.6872436442655218e-17
9351.483383230285,2.3334704792188907e-17
9353.900170349989,3.7192311021404765e-17
9356.31695746969,3.0411504922860026e-17
9358.733744589395,1.71331030109539e-17
9361.150531709098,1.9194774948856173e-17
9363.567318828804,2.727360572929031e-17
9365.984105948506,1.0854633321619913e-17
9368.400893068208,-2.101007237335787e-18
9370.817680187913,1.9027386622107597e-17
9373.234467307615,2.5222755770822987e-17
9375.65125442732,2.6394274236666396e-17
9378.068041547023,3.4450747228301777e-17
9380.484828666726,3.858660315229618e-17
9382.90161578643,4.203568247698382e-17
9385.318402906132,2.9767517867555205e-17
9387.735190025836,2.4138690045254702e-17
9390.15197714554,2.708376522994824e-17
9392.568764265243,3.2505703090994666e-17
9394.985551384947,3.2514355525265174e-17
9397.402338504648,3.293562262872105e-17
9399.819125624354,3.4207880361385265e-17
9402.235912744056,2.818677496503327e-17
9404.65269986376,3.1528812930777905e-17
9407.069486983462,2.0077612475979545e-17
9409.486274103168,2.555365535972369e-17
9411.90306122287,2.9037461899708505e-17
9414.319848342575,1.6217722263048878e-17
9416.736635462277,6.1605432337789835e-18
9419.153422581983,3.9385660416620523e-19
9421.570209701686,1.2971538653752073e-17
9423.986996821388,2.9490084694386056e-17
9426.403783941092,1.5809412768660678e-17
9428.820571060794,2.285242915332784e-17
9431.237358180499,1.896916495877865e-17
9433.654145300203,1.6627467435800837e-17
9436.070932419905,4.4328861907914345e-17
9438.48771953961,6.212605151187252e-17
9440.904506659312,1.738947570000422e-17
9443.321293779016,2.803296063232501e-17
9445.73808089872,4.5434014610755406e-17
9448.154868018422,5.1221490917639853e-17
9450.571655138127,2.5840971917420455e-17
9452.988442257829,2.854891497954657e-17
9455.405229377533,2.2027942290566558e-17
9457.822016497235,2.555186844641677e-17
9460.238803616941,4.18188119993564e-17
9462.655590736642,4.426149913766586e-17
9465.07237785635,2.986746791590955e-17
9467.48916497605,1.4811572909190774e-17
9469.905952095754,1.4561743020518698e-17
9472.322739215457,2.2183999715835657e-17
9474.739526335163,3.2170022001776804e-17
9477.156313454865,3.5075876593392426e-17
9479.573100574567,3.0601914312526316e-17
9481.989887694272,5.970925635135909e-18
9484.406674813974,1.3606029446943887e-17
9486.823461933678,2.950392815113861e-17
9489.240249053382,3.6483356702951276e-17
9491.657036173085,2.0996728462845346e-17
9494.073823292789,2.3532764458803978e-17
9496.490610412493,4.1233472092081145e-17
9498.907397532195,3.598347102347943e-17
9501.3241846519,7.90486231697147e-18
9503.7409717716,-9.25574817807634e-18
9506.157758891306,1.8764303903593148e-17
9508.574546011008,7.019678583225802e-17
9510.991333130713,4.5435806055616324e-17
9513.408120250415,2.6636720988128934e-17
9515.82490737012,2.4101526773726008e-17
9518.241694489823,3.773790048610954e-17
9520.65848160953,5.633716806631454e-17
9523.07526872923,2.1419400145870922e-17
9525.492055848934,-3.4628407857744784e-18
9527.908842968636,1.1659933773042178e-17
9530.32563008834,1.692317887151224e-17
9532.742417208045,2.2780066528484876e-17
9535.159204327747,3.772124687882653e-17
9537.575991447451,2.567808312638923e-17
9539.992778567155,2.236247653510608e-17
9542.409565686858,3.143931011082071e-17
9544.826352806562,3.051273601257063e-17
9547.243139926264,1.6994865116569738e-17
9549.659927045968,1.8329403372353497e-17
9552.076714165672,3.065625667645996e-17
9554.493501285375,2.166089853960882e-17
9556.910288405079,2.0632713158659826e-17
9559.32707552478,1.8683483314340602e-17
9561.743862644485,2.1939376712699505e-17
9564.160649764188,3.62443432017004e-17
9566.577436883892,4.6111470389838887e-17
9568.994224003594,5.191299083650613e-17
9571.4110111233,2.4286723457366467e-17
9573.827798243003,5.794126789648765e-17
9576.244585362709,1.0501764865785129e-17
9578.66137248241,2.4850856748166292e-18
9581.078159602113,5.3606649133324e-17
9583.494946721818,2.0257853472289816e-17
9585.91173384152,5.327342929273767e-18
9588.328520961224,3.44144555093465e-17
9590.745308080926,2.4283581976086392e-17
9593.16209520063,1.9103581510289436e-17
9595.578882320335,1.505843312653977e-17
9597.995669440037,2.3780649175264318e-17
9600.412456559741,2.298209587871196e-17
9602.829243679444,2.86132524742518e-17
9605.246030799148,4.8455491921535325e-17
9607.662817918852,2.9795735800323944e-17
9610.079605038552,8.073524920979912e-18
9612.496392158258,1.7875840485205984e-17
9614.91317927796,3.5555014167757664e-17
9617.329966397665,5.2734749072156167e-17
9619.746753517367,4.0957608121948e-17
9622.163540637073,1.9145430571713284e-17
9624.580327756774,1.4433560648188148e-17
9626.997114876482,4.769841942600213e-17
9629.413901996182,7.101700198514568e-17
9631.830689115888,6.71395967251017e-17
9634.247476235589,4.365485958638217e-17
9636.664263355293,1.6709196286248046e-17
9639.081050474997,2.648169621105843e-17
9641.4978375947,9.389475211255376e-18
9643.914624714404,-2.8689425877624846e-18
9646.331411834106,3.8397408673932257e-19
9648.74819895381,1.0386759817464788e-17
9651.164986073514,1.1957401451294514e-17
9653.581773193217,1.4638135743547708e-17
9655.99856031292,3.016818585127642e-17
9658.415347432625,2.372989700207156e-17
9660.832134552327,2.523597147130113e-17
9663.248921672031,3.39508566929759e-17
9665.665708791732,3.1264960977487824e-17
9668.082495911438,1.8314101524304963e-17
9670.49928303114,2.0947920218651645e-17
9672.916070150844,7.230832969668951e-18
9675.332857270547,-5.323424205372512e-18
9677.749644390253,1.29317708553344e-17
9680.166431509955,3.768901702601586e-18
9682.583218629661,1.485756942993631e-17
9685.000005749362,1.835834718300504e-19
9687.416792869068,2.4396545795761992e-19
9689.833579988768,2.6751467434300217e-17
9692.250367108472,2.0673552363941465e-17
9694.667154228177,1.0678011117543325e-17
9697.083941347879,2.098115731068935e-17
9699.500728467583,2.34886812548517e-17
9701.917515587287,8.679922964145915e-18
9704.33430270699,9.60013009097576e-19
9706.751089826694,3.412741746906413e-18
9709.167876946396,1.7529308924573408e-17
9711.5846640661,-1.4169519812011272e-18
9714.001451185804,-5.540457644124249e-18
9716.418238305507,-3.0981187697398256e-17
9718.835025425211,1.6992636345247213e-18
9721.251812544911,2.8258278301345706e-17
9723.668599664617,2.4768037617261442e-17
9726.08538678432,5.028987541097666e-17
9728.502173904026,1.4091951218146648e-17
9730.918961023726,-1.490531801077036e-18
9733.335748143432,-3.361701373910661e-17
9735.752535263135,-1.1617853961236389e-17
9738.16932238284,-1.5305386811399517e-17
9740.586109502541,1.9648425365875977e-17
9743.002896622247,6.595682976108398e-17
9745.41968374195,2.1825054820386653e-17
9747.836470861652,8.496107472433863e-18
9750.253257981356,-1.1919200450801535e-17
9752.670045101058,7.691694577287087e-18
9755.086832220763,3.212940433077191e-17
9757.503619340467,3.30615228956894e-17
9759.920406460169,7.441650018186016e-17
9762.337193579873,6.193947084668432e-17
9764.753980699576,4.9338259724296605e-17
9767.17076781928,1.0089172888992812e-17
9769.587554938984,4.017952150265004e-17
9772.004342058686,3.155394311350881e-17
9774.42112917839,6.662944954986316e-17
9776.837916298093,4.2687773328258964e-17
9779.254703417797,4.1840787630598923e-17
9781.6714905375,9.309273119260758e-18
9784.088277657205,-2.456427121272284e-17
9786.505064776908,4.877358257661657e-18
9788.921851896614,-1.6840976253329692e-18
9791.338639016314,1.7282105283963974e-17
9793.75542613602,4.06536803054422e-17
9796.17221325572,1.1748239028514217e-17
9798.589000375425,1.701823378143641e-17
9801.005787495129,1.3142100040623688e-17
9803.422574614831,-2.7648671154288938e-17
9805.839361734535,-1.1337486091372066e-17
9808.256148854238,1.1594533803160837e-17
9810.672935973942,3.818745824251257e-17
9813.089723093646,4.24699804770079e-17
9815.506510213349,4.3397380096934936e-17
9817.923297333053,1.0566514899187616e-17
9820.340084452757,4.4010224379689096e-17
9822.75687157246,5.1873722554799055e-17
9825.173658692163,4.300732860392388e-17
9827.590445811866,-8.629735703496485e-18
9830.00723293157,-2.3400923172552938e-17
9832.424020051272,-3.391224204743509e-17
9834.840807170976,-6.590275528019647e-17
9837.257594290679,-9.859459529857964e-17
9839.674381410385,1.1584198428062607e-16
9842.091168530087,1.176288080465993e-16
9844.507955649793,2.7251230534442857e-17
9846.924742769494,2.862686069140165e-17
9849.3415298892,-3.068487608728055e-17
9851.7583170089,4.378713630115455e-18
9854.175104128604,3.5347301685037225e-18
9856.591891248308,-3.292594278630213e-19
9859.00867836801,2.899943783052185e-17
9861.425465487715,-9.728111237966501e-18
9863.84225260742,-6.5363403202139096e-18
9866.259039727121,2.6663780834491808e-17
9868.675826846826,3.618960581452176e-17
9871.092613966528,4.8421146076397584e-17
9873.509401086232,2.933164807942073e-17
9875.926188205936,2.6637137038170083e-17
9878.342975325637,2.149055252909909e-17
9880.759762445343,-2.4032570408467667e-17
9883.176549565045,3.0926202617867804e-17
9885.59333668475,7.179628775772895e-17
9888.010123804452,7.816645266465298e-17
9890.426910924158,6.616167394007821e-17
9892.843698043858,-9.26102122349358e-18
9895.260485163564,-2.6411773780120125e-17
9897.677272283267,1.5951979940878742e-17
9900.094059402973,4.913514840075663e-17
9902.510846522673,4.573233368327007e-17
9904.927633642377,1.5670985740984806e-17
9907.344420762081,1.2385671761190956e-17
9909.761207881784,1.420733411153708e-17
9912.177995001488,5.901811291229845e-17
9914.59478212119,1.2977778540111951e-16
9917.011569240894,-6.188280196067841e-17
9919.428356360599,-1.2124937703542972e-16
9921.845143480301,2.942525297202022e-19
9924.261930600005,1.0931406275158906e-16
9926.678717719707,-2.6878295661238064e-17
9929.095504839412,-1.6243905877735866e-17
9931.512291959116,1.388633037276519e-17
9933.929079078816,1.4365415061961206e-17
9936.345866198522,5.850561623098801e-17
9938.762653318225,1.1852762582224326e-17
9941.179440437929,6.519951432555201e-17
9943.596227557631,9.23519938285602e-17
9946.013014677337,4.310900672384289e-17
9948.42980179704,6.638873916857979e-17
9950.846588916746,2.0581536481864466e-17
9953.263376036446,7.222560695519949e-18
9955.680163156152,3.995959446806548e-17
9958.096950275853,6.454108391957668e-17
9960.513737395557,-9.959316309006642e-18
9962.930524515261,-5.172842800303519e-18
9965.347311634963,1.0271474489240385e-17
9967.764098754667,-1.0804425958181808e-16
9970.18088587437,-1.529544558196419e-17
9972.597672994074,3.18671185968117e-17
9975.014460113778,2.0040476634319187e-17
9977.43124723348,-9.77834597099901e-17
9979.848034353185,-5.189350442992925e-17
9982.264821472887,1.0387633832833476e-16
9984.681608592591,4.9473273804827166e-17
9987.098395712295,2.3185585327715728e-17
9989.515182831996,-4.4297642969322916e-17
9991.931969951702,-9.937811613574122e-17
9994.348757071406,1.519255165412457e-17
9996.76554419111,-2.570509357908239e-18
9999.18233131081,-6.614581747760531e-17
10001.599118430515,3.339831899067401e-17
10004.015905550219,1.4742678990143175e-16
10006.432692669925,1.0718419942470098e-16
10008.849479789626,7.130694855890265e-18
10011.266266909332,-4.83889032588371e-17
10013.683054029032,-1.329525120829967e-17
10016.099841148736,6.910451051558356e-17
10018.51662826844,8.292498297052503e-17
10020.933415388143,-3.383263437679909e-17
10023.350202507847,9.145368908444306e-18
10025.766989627551,1.1921001152864144e-16
10028.183776747253,2.514221124072103e-17
10030.600563866958,-2.283183141848155e-17
10033.01735098666,7.324291632678077e-17
10035.434138106364,-1.3498590526544506e-17
10037.850925226068,3.155793245890068e-17
10040.267712345769,2.494920563114905e-17
10042.684499465475,-1.0408851838614551e-16
10045.101286585175,-6.815667160558262e-17
10047.518073704881,-3.7962235084009504e-17
10049.934860824584,-1.136824760191276e-16
10052.35164794429,-1.532951566213141e-17
10054.768435063992,1.0153699327901889e-17
10057.185222183694,3.5333715190926774e-17
10059.602009303399,-9.200519528923043e-17
10062.018796423105,-1.89574990985498e-17
10064.435583542805,1.1168847533614248e-16
10066.85237066251,2.0850181126807047e-16
10069.269157782213,1.5182015512763695e-16
10071.685944901916,1.0143667140727995e-16
10074.10273202162,-3.175626112802524e-19
10076.519519141322,2.4795593463299498e-17
10078.936306261026,9.842523949681564e-17
10081.35309338073,1.9018167053442192e-16
10083.769880500433,3.8269685238364126e-17
10086.186667620137,-6.26976390640876e-17
10088.60345473984,-2.4602070811294127e-17
10091.020241859544,9.252587341537923e-17
10093.437028979248,2.0964195576950394e-16
10095.853816098948,-2.1924137013480188e-17
10098.270603218654,3.407151707051728e-17
10100.687390338357,1.5443104453614975e-16
10103.104177458063,1.222471053092187e-16
10105.520964577763,1.0791562458264861e-16
10107.93775169747,1.3500665764293256e-16
10110.354538817171,1.0402083827246868e-16
10112.771325936876,1.300268428285591e-16
10115.188113056578,7.427381913142524e-17
10117.604900176284,2.446526826922424e-16
10120.021687295985,2.6820476988470983e-16
10122.438474415689,1.0715486007063155e-16
10124.855261535393,6.738281658869098e-17
10127.272048655095,9.100509179266795e-17
10129.6888357748,9.276383814901674e-17
10132.105622894502,1.4884453998585244e-16
10134.522410014206,-2.8346162038152017e-17
10136.93919713391,-6.099220318811021e-17
10139.355984253612,1.8688374365779555e-16
10141.772771373317,1.2226096881608637e-16
10144.189558493019,-1.5541095892371337e-17
10146.606345612721,1.1607274511199178e-16
10149.023132732427,1.0965314411593768e-16
10151.439919852128,-3.2773817374419344e-17
10153.856706971834,6.103274184238642e-17
10156.273494091536,6.575964917217402e-17
10158.690281211242,2.190736671940987e-17
10161.107068330943,-4.437681311412723e-17
10163.523855450649,-1.3918566563847162e-16
10165.940642570351,-8.701260179594002e-17
10168.357429690055,5.553453891004614e-17
10170.774216809757,-3.006306507255988e-17
10173.191003929462,-9.718615383263372e-17
10175.607791049164,1.8632948489187506e-17
10178.024578168868,2.189341760419798e-18
10180.441365288572,2.4983904308110466e-17
10182.858152408275,-1.9879237909529279e-16
10185.274939527979,-2.8680354482626443e-16
10187.691726647681,-7.629929292393428e-17
10190.108513767385,1.6797846659421874e-16
10192.52530088709,2.4597074273578826e-17
10194.942088006792,-7.577902248393791e-18
10197.358875126496,2.3055391175781063e-16
10199.7756622462,8.24367495404296e-17
10202.1924493659,-5.137937778321818e-17
10204.609236485607,1.105352669888705e-16
10207.026023605307,1.284372398321105e-16
10209.442810725013,-4.696745206790149e-17
10211.859597844716,7.24775555778062e-17
10214.276384964422,2.2891521795901563e-16
10216.693172084124,8.782674389861778e-17
10219.109959203828,-2.8815130256905213e-17
10221.52674632353,7.899386691555737e-17
10223.943533443235,5.1688304110158605e-17
10226.360320562937,5.133768454821303e-17
10228.777107682641,-1.7207902159196039e-16
10231.193894802345,1.868651237208969e-17
10233.610681922048,1.1510802803761427e-16
10236.027469041752,5.356883573055926e-18
10238.444256161454,2.7161769652446397e-16
10240.861043281158,1.8697238367035983e-16
10243.277830400863,-1.1458968508376728e-16
10245.694617520565,5.2541663362435215e-17
10248.111404640269,1.6344992423771835e-16
10250.528191759971,2.212981769369383e-16
10252.944978879674,9.115408388635002e-18
10255.36176599938,8.306444553940391e-17
10257.77855311908,-7.141588390291886e-17
10260.195340238786,1.3265082172371884e-17
10262.612127358489,1.4096845686262123e-16
10265.028914478195,2.6094635677223967e-16
10267.445701597895,1.161307857685095e-16
10269.862488717601,1.9410119600255526e-16
10272.279275837303,1.3377071576300816e-16
10274.696062957008,1.861290985910076e-16
10277.11285007671,1.70034567359685e-16
10279.529637196414,-8.793053350038535e-17
10281.946424316116,-1.866276175880223e-16
10284.36321143582,-5.525928700839426e-17
10286.779998555525,-1.9260717133229708e-16
10289.196785675227,-1.0342743093676336e-16
10291.613572794931,1.2681164420342683e-16
10294.030359914634,8.160048324151347e-17
10296.447147034338,1.2734420118049477e-17
10298.863934154042,-9.948336268671961e-17
10301.280721273744,-5.46667199003987e-16
10303.697508393449,-3.7339223560332006e-16
10306.11429551315,-5.3123942502956176e-17
10308.531082632853,9.300458804339375e-17
10310.94786975256,2.5262375773053456e-16
10313.36465687226,2.563897017104452e-16
10315.781443991966,1.9694825712732275e-16
10318.198231111668,5.423291917473417e-17
10320.615018231374,6.614238131209396e-17
10323.031805351076,-4.4740473166644864e-18
10325.44859247078,-8.401994265517236e-17
10327.865379590483,1.228714644178185e-16
10330.282166710189,6.282889001261823e-17
10332.69895382989,2.6489571838005663e-16
10335.115740949594,-1.007343363724138e-16
10337.532528069296,-2.7302932933069643e-16
10339.949315189,-2.4402556901451404e-17
10342.366102308704,-6.461428724349731e-17
10344.782889428407,2.1702067822864735e-16
10347.19967654811,-1.4262081569235202e-16
10349.616463667813,-3.1294166418532915e-16
10352.033250787517,5.006149333615877e-18
10354.450037907221,-1.292589721415339e-16
10356.866825026924,3.5725923820566473e-16
10359.283612146628,4.019305063619434e-16
10361.700399266332,1.8562441282554208e-16
10364.117186386033,-1.2644171143305799e-16
10366.533973505739,-1.0504865319179316e-16
10368.95076062544,-1.031711580837393e-16
10371.367547745147,-9.307167173764511e-17
10373.784334864848,1.0926759916096967e-16
10376.201121984554,3.3856478266063663e-16
10378.617909104256,6.664794771348379e-16
10381.03469622396,2.117900507050321e-16
10383.451483343662,2.622910770187457e-17
10385.868270463368,3.1957505048461063e-16
10388.285057583069,4.927922259971668e-16
10390.701844702773,2.814217364007578e-16
10393.118631822475,2.4944317284916023e-16
10395.53541894218,4.855633792560609e-17
10397.952206061884,-1.0050247651745863e-16
10400.368993181586,3.4786337151376864e-17
10402.78578030129,2.7255323291963402e-17
10405.202567420994,1.0513465201457132e-16
10407.619354540697,-9.364281651752676e-17
10410.036141660401,2.325712025118633e-17
10412.452928780103,-9.429119006390363e-17
10414.869715899807,-2.4282353103949703e-16
10417.286503019512,3.205805041715034e-16
