wavelength,flux
3849.5149253731342,7.12412169e-16
3850.458562450903,6.91165244e-16
3851.4021995286726,6.935484500000001e-16
3852.3458366064415,6.95802954e-16
3853.2884917517677,7.227726799999999e-16
3854.2321288295366,7.470241309999999e-16
3855.1757659073055,7.35485331e-16
3856.119402985075,7.545398839999999e-16
3857.063040062844,7.70944951e-16
3858.006677140613,7.495404769999999e-16
3858.9503142183817,7.495094110000001e-16
3859.893951296151,7.49549353e-16
3860.83758837392,7.3073889e-16
3861.7812254516894,7.03269889e-16
3862.7248625294583,7.048387219999999e-16
3863.668499607227,7.237978579999999e-16
3864.612136684996,7.280317100000001e-16
3865.555773762765,7.31431218e-16
3866.4994108405344,7.78724765e-16
3867.4430479183034,7.936675109999999e-16
3868.385703063629,7.928087579999999e-16
3869.3293401413985,7.976328640000001e-16
3870.2729772191674,7.91641564e-16
3871.2166142969368,7.90658547e-16
3872.1602513747052,7.954759959999999e-16
3873.1038884524746,7.91594965e-16
3874.0475255302435,7.994724149999999e-16
3874.991162608013,8.10449808e-16
3875.934799685782,8.066686319999999e-16
3876.878436763551,7.983518199999999e-16
3877.8220738413197,7.87918082e-16
3878.765710919089,7.846672469999999e-16
3879.709347996858,8.031737070000001e-16
3880.652985074627,8.25843011e-16
3881.596622152396,8.347323249999999e-16
3882.539277297722,8.408856119999999e-16
3883.482914375491,8.26091539e-16
3884.4265514532603,8.092315769999999e-16
3885.3701885310293,8.162769019999999e-16
3886.313825608798,8.380075689999999e-16
3887.257462686567,8.153937399999999e-16
3888.2010997643365,7.97985685e-16
3889.1447368421054,8.24103315e-16
3890.0883739198744,8.306870879999999e-16
3891.0320109976433,8.350407659999999e-16
3891.9756480754127,8.53325326e-16
3892.9192851531816,8.561612079999999e-16
3893.862922230951,8.52087124e-16
3894.80655930872,8.503829319999999e-16
3895.7501963864884,8.476136199999999e-16
3896.6938334642578,8.445735899999999e-16
3897.636488609584,8.351916579999999e-16
3898.580125687353,8.42880493e-16
3899.523762765122,8.309866529999999e-16
3900.4673998428907,8.027454399999999e-16
3901.41103692066,8.27229886e-16
3902.354673998429,8.520893429999999e-16
3903.2983110761984,8.556774659999999e-16
3904.241948153967,8.650039229999999e-16
3905.1855852317362,8.754576319999999e-16
3906.129222309505,8.539022659999999e-16
3907.0728593872745,8.355067560000001e-16
3908.0164964650435,8.582692579999999e-16
3908.9601335428124,8.89437332e-16
3909.9037706205813,8.721335700000001e-16
3910.8474076983503,8.51905166e-16
3911.7910447761196,8.659958160000001e-16
3912.7336999214453,8.82269962e-16
3913.6773369992143,8.822300199999999e-16
3914.6209740769837,8.7041606400000005e-16
3915.5646111547526,8.57847648e-16
3916.508248232522,8.68179312e-16
3917.451885310291,8.839808109999999e-16
3918.39552238806,8.64873002e-16
3919.3391594658287,8.44622408e-16
3920.282796543598,8.72854745e-16
3921.226433621367,9.03969563e-16
3922.170070699136,8.782047540000001e-16
3923.113707776905,8.35619925e-16
3924.0573448546743,8.34716792e-16
3925.000981932443,8.44380537e-16
3925.944619010212,8.279421849999999e-16
3926.888256087981,8.018866869999999e-16
3927.8309112333072,8.23683924e-16
3928.774548311076,8.34341781e-16
3929.7181853888455,8.338003449999999e-16
3930.6618224666145,8.042144180000001e-16
3931.6054595443834,7.559800149999999e-16
3932.5490966221523,7.424818379999999e-16
3933.4927336999217,7.246810200000001e-16
3934.4363707776906,7.454286700000001e-16
3935.38000785546,7.55633851e-16
3936.3236449332285,7.578417559999999e-16
3937.267282010998,7.85255282e-16
3938.210919088767,7.9671641700000005e-16
3939.154556166536,8.11359598e-16
3940.098193244305,8.36669512e-16
3941.0418303220736,8.40419622e-16
3941.985467399843,8.341975459999999e-16
3942.928122545169,8.42403408e-16
3943.871759622938,8.330547609999998e-16
3944.815396700707,8.266240989999999e-16
3945.759033778476,8.450906169999999e-16
3946.7026708562453,8.453391449999999e-16
3947.646307934014,8.318698149999999e-16
3948.5899450117836,8.380253209999999e-16
3949.533582089552,8.51647762e-16
3950.4772191673214,8.380053499999999e-16
3951.4208562450904,8.222970489999999e-16
3952.3644933228597,8.13634073e-16
3953.3081304006287,8.070968989999999e-16
3954.2517674783976,7.99969471e-16
3955.1954045561665,8.249420969999999e-16
3956.1390416339354,8.388507889999998e-16
3957.082678711705,8.271167170000001e-16
3958.025333857031,8.173797449999999e-16
3958.9689709347995,8.4324219e-16
3959.912608012569,8.2938453500000005e-16
3960.856245090338,8.255811690000001e-16
3961.799882168107,8.30908988e-16
3962.743519245876,8.147591059999999e-16
3963.687156323645,8.10789315e-16
3964.630793401414,7.957311809999999e-16
3965.5744304791833,7.556626979999999e-16
3966.5180675569522,7.61953563e-16
3967.4617046347216,7.66788764e-16
3968.40534171249,7.494384030000001e-16
3969.3489787902595,7.224531439999999e-16
3970.2926158680284,6.982327589999999e-16
3971.2362529457973,7.16481815e-16
3972.1798900235667,7.490944580000001e-16
3973.1225451688924,7.43589119e-16
3974.0661822466614,7.19188995e-16
3975.0098193244307,7.42333165e-16
3975.9534564021997,7.79590175e-16
3976.8970934799686,7.809193559999999e-16
3977.8407305577375,7.798564550000001e-16
3978.784367635507,7.842966739999999e-16
3979.728004713276,7.766965989999999e-16
3980.671641791045,7.60209429e-16
3981.6152788688137,7.554763019999999e-16
3982.558915946583,7.66802078e-16
3983.502553024352,7.75478368e-16
3984.4461901021214,7.82967493e-16
3985.3898271798903,7.866621279999999e-16
3986.3334642576588,7.821531199999999e-16
3987.277101335428,7.883996049999999e-16
3988.2197564807543,7.9961886900000005e-16
3989.1633935585232,7.933568509999999e-16
3990.1070306362926,7.93376822e-16
3991.050667714061,7.878670450000001e-16
3991.9943047918305,7.95449368e-16
3992.9379418695994,8.189397019999999e-16
3993.881578947369,8.00257941e-16
3994.8252160251377,7.68000338e-16
3995.7688531029066,7.54650834e-16
3996.7124901806756,7.777417479999999e-16
3997.656127258445,8.08694579e-16
3998.599764336214,8.307714099999999e-16
3999.5434014139832,8.008592899999999e-16
4000.4870384917517,7.537166350000001e-16
4001.4306755695206,7.604868039999999e-16
4002.373330714847,8.00366672e-16
4003.316967792616,7.884817079999999e-16
4004.2606048703847,7.744731609999999e-16
4005.204241948154,8.1884206600000015e-16
4006.147879025923,8.40508382e-16
4007.0915161036924,8.091339409999999e-16
4008.0351531814613,7.912598959999999e-16
4008.97879025923,8.00468746e-16
4009.922427336999,8.10891389e-16
4010.8660644147685,7.95806627e-16
4011.8097014925374,7.945994909999999e-16
4012.753338570307,8.270945269999999e-16
4013.6969756480753,8.360015929999999e-16
4014.6406127258447,8.17630492e-16
4015.5842498036136,8.049378120000001e-16
4016.5278868813825,7.83344723e-16
4017.4705420267087,7.82676804e-16
4018.4141791044776,8.145638339999999e-16
4019.3578161822466,8.132834710000001e-16
4020.301453260016,8.12662151e-16
4021.245090337785,8.41404858e-16
4022.1887274155542,8.38795314e-16
4023.132364493323,8.11770113e-16
4024.0760015710916,8.212274909999999e-16
4025.019638648861,8.185957569999999e-16
4025.9632757266304,8.12100744e-16
4026.9069128044,8.205529150000001e-16
4027.850549882168,8.341331949999999e-16
4028.794186959937,8.215270559999999e-16
4029.7378240377066,8.08011127e-16
4030.681461115475,8.38105205e-16
4031.6250981932444,8.416445100000001e-16
4032.56775333857,8.16061659e-16
4033.5113904163395,8.13050476e-16
4034.455027494109,8.236728289999999e-16
4035.3986645718774,8.256477389999999e-16
4036.3423016496463,8.331080169999999e-16
4037.2859387274157,8.15329389e-16
4038.229575805185,7.987978390000001e-16
4039.1732128829535,8.257941929999999e-16
4040.116849960723,8.489516770000001e-16
4041.060487038492,8.364342979999999e-16
4042.004124116261,8.350119190000001e-16
4042.9477611940297,8.358351679999999e-16
4043.891398271799,8.171511879999999e-16
4044.8350353495684,8.124557839999999e-16
4045.7786724273365,8.229139309999999e-16
4046.722309505106,8.2103e-16
4047.664964650432,8.193746259999999e-16
4048.6086017282014,8.16472174e-16
4049.552238805971,7.908782279999999e-16
4050.495875883739,8.211231979999999e-16
4051.439512961508,8.63514974e-16
4052.3831500392776,8.46406484e-16
4053.326787117047,8.39376692e-16
4054.2704241948154,8.567914039999999e-16
4055.2140612725843,8.531278349999999e-16
4056.1576983503537,8.33358764e-16
4057.101335428123,8.297817359999998e-16
4058.0449725058916,8.30627175e-16
4058.988609583661,8.2500201e-16
4059.93224666143,8.132812519999999e-16
4060.8758837391983,7.93583189e-16
4061.8195208169677,8.01848964e-16
4062.762175962294,8.320628679999999e-16
4063.705813040063,8.409987809999999e-16
4064.649450117832,8.356088300000001e-16
4065.5930871956007,8.24265302e-16
4066.53672427337,8.34623594e-16
4067.4803613511394,8.68856107e-16
4068.4239984289084,8.571863859999999e-16
4069.367635506677,8.431489919999999e-16
4070.311272584446,8.478976519999999e-16
4071.2549096622156,8.298527439999999e-16
4072.198546739985,8.403619279999999e-16
4073.142183817753,8.524754489999999e-16
4074.0858208955224,8.20803662e-16
4075.0294579732918,7.884062619999999e-16
4075.97309505106,7.960196509999998e-16
4076.9167321288296,8.29990322e-16
4077.8593872741553,8.37710223e-16
4078.8030243519247,8.24620342e-16
4079.746661429694,8.20000384e-16
4080.6902985074626,8.044651649999999e-16
4081.633935585232,8.10310011e-16
4082.577572663001,8.402731679999999e-16
4083.5212097407702,8.434086149999999e-16
4084.4648468185387,8.38424741e-16
4085.408483896308,8.391614489999999e-16
4086.3521209740775,8.248267089999999e-16
4087.2957580518464,8.080910109999999e-16
4088.239395129615,8.014406679999999e-16
4089.1830322073843,8.1210962e-16
4090.1266692851536,8.150054149999999e-16
4091.070306362922,8.128773940000001e-16
4092.013943440691,8.159418329999999e-16
4092.956598586017,8.1014358600000005e-16
4093.9002356637866,8.205396009999999e-16
4094.843872741556,8.07642773e-16
4095.787509819324,7.879779949999999e-16
4096.731146897094,7.82006666e-16
4097.674783974863,7.78999921e-16
4098.618421052632,7.775952939999999e-16
4099.5620581304,7.77985838e-16
4100.5056952081695,7.724338999999999e-16
4101.449332285939,7.949523119999999e-16
4102.392969363708,7.837308289999999e-16
4103.336606441477,7.780879119999999e-16
4104.280243519246,8.02907427e-16
4105.2238805970155,8.05113113e-16
4106.167517674784,7.945773009999999e-16
4107.111154752553,7.86038589e-16
4108.053809897879,7.84161315e-16
4108.997446975648,7.68202267e-16
4109.941084053417,7.601850199999999e-16
4110.884721131186,7.758511600000001e-16
4111.828358208955,7.854549919999999e-16
4112.771995286725,7.779458959999999e-16
4113.715632364494,7.801138589999999e-16
4114.6592694422625,7.91967757e-16
4115.602906520032,8.059763039999999e-16
4116.5465435978,7.947858869999999e-16
4117.49018067557,7.77173684e-16
4118.433817753338,7.870504529999999e-16
4119.377454831108,7.96348063e-16
4120.321091908877,7.82696775e-16
4121.264728986645,7.68501832e-16
4122.208366064415,7.725204409999999e-16
4123.151021209741,7.88790149e-16
4124.09465828751,7.827766590000001e-16
4125.03829536528,7.663094599999999e-16
4125.981932443047,7.72318512e-16
4126.925569520817,7.83799618e-16
4127.869206598586,7.80278065e-16
4128.812843676355,7.58001524e-16
4129.756480754124,7.55416389e-16
4130.700117831893,7.600896029999999e-16
4131.643754909663,7.52868977e-16
4132.587391987432,7.655305909999998e-16
4133.5310290652005,7.673523899999999e-16
4134.47466614297,7.76856367e-16
4135.418303220738,7.91632688e-16
4136.361940298507,7.807396170000001e-16
4137.304595443833,7.675543189999999e-16
4138.248232521602,7.822596319999999e-16
4139.191869599372,7.85448335e-16
4140.135506677141,7.705499690000001e-16
4141.07914375491,7.56654591e-16
4142.022780832679,7.57639827e-16
4142.966417910448,7.640948979999999e-16
4143.910054988217,7.42339822e-16
4144.853692065985,7.454708309999999e-16
4145.797329143755,7.552588400000001e-16
4146.740966221524,7.36370712e-16
4147.6846032992935,7.21621019e-16
4148.628240377062,7.146644539999999e-16
4149.571877454831,7.336080569999999e-16
4150.515514532601,7.704612090000001e-16
4151.459151610369,7.7422907100000005e-16
4152.401806755695,7.54923771e-16
4153.345443833464,7.490855820000001e-16
4154.289080911233,7.561131549999999e-16
4155.232717989003,7.625305030000001e-16
4156.176355066771,7.4964477e-16
4157.11999214454,7.385431130000001e-16
4158.06362922231,7.448117879999999e-16
4159.007266300079,7.494583739999999e-16
4159.950903377848,7.532395500000001e-16
4160.894540455617,7.625349409999999e-16
4161.8381775333855,7.848003869999999e-16
4162.781814611155,7.92344987e-16
4163.725451688923,7.57928297e-16
4164.669088766693,7.28992537e-16
4165.612725844462,7.27760992e-16
4166.556362922231,7.45668322e-16
4167.499018067557,7.729531459999999e-16
4168.442655145326,7.721498679999999e-16
4169.386292223096,7.613633089999999e-16
4170.329929300865,7.47907293e-16
4171.2735663786325,7.403294079999999e-16
4172.217203456402,7.472682210000001e-16
4173.160840534171,7.502217099999999e-16
4174.104477611941,7.430188359999999e-16
4175.048114689709,7.544599999999999e-16
4175.9917517674785,7.40522461e-16
4176.935388845248,7.3224781e-16
4177.879025923017,7.385897119999999e-16
4178.822663000786,7.46682405e-16
4179.766300078555,7.39406304e-16
4180.709937156324,7.27390419e-16
4181.653574234092,7.377620249999999e-16
4182.596229379418,7.42912324e-16
4183.539866457188,7.329889559999999e-16
4184.483503534957,7.266648059999999e-16
4185.427140612726,7.192422509999999e-16
4186.370777690495,7.022935290000001e-16
4187.314414768264,6.79249214e-16
4188.258051846034,6.74895536e-16
4189.201688923802,6.97842215e-16
4190.1453260015705,7.134062809999999e-16
4191.08896307934,7.17384948e-16
4192.032600157109,7.31051769e-16
4192.976237234879,7.393996469999998e-16
4193.919874312647,7.328291879999999e-16
4194.8635113904165,7.181815690000001e-16
4195.807148468186,7.128337789999999e-16
4196.750785545954,7.075214929999999e-16
4197.693440691281,6.91600168e-16
4198.637077769049,6.794067629999999e-16
4199.580714846818,6.89507651e-16
4200.524351924588,7.087818849999999e-16
4201.467989002356,7.02510991e-16
4202.411626080126,7.02133761e-16
4203.355263157895,6.816546100000001e-16
4204.298900235664,6.680832059999999e-16
4205.242537313433,6.89394482e-16
4206.186174391202,6.943583849999999e-16
4207.129811468972,7.008267700000001e-16
4208.07344854674,7.10337404e-16
4209.017085624509,7.227948700000001e-16
4209.960722702278,7.07965293e-16
4210.904359780047,6.92292496e-16
4211.847996857816,7.05484451e-16
4212.790652003142,7.207711419999999e-16
4213.734289080911,7.21767473e-16
4214.677926158681,6.98436907e-16
4215.62156323645,6.872686800000001e-16
4216.565200314218,6.946446360000002e-16
4217.508837391987,6.9436282300000005e-16
4218.452474469756,6.923901319999999e-16
4219.396111547526,6.997860589999999e-16
4220.339748625294,7.06327671e-16
4221.283385703064,7.20280743e-16
4222.227022780833,7.399033599999999e-16
4223.170659858602,7.295406300000001e-16
4224.114296936371,6.98638836e-16
4225.05793401414,6.891104499999999e-16
4226.001571091909,7.044659299999999e-16
4226.945208169677,7.208665589999999e-16
4227.887863315003,7.254798599999999e-16
4228.831500392773,7.141718359999999e-16
4229.775137470542,7.0489641600000005e-16
4230.718774548312,7.222689669999999e-16
4231.66241162608,7.32154612e-16
4232.606048703849,7.054644799999999e-16
4233.549685781619,6.97471642e-16
4234.493322859388,7.29158962e-16
4235.436959937156,7.39625985e-16
4236.380597014925,7.31855047e-16
4237.3242340926945,7.41199256e-16
4238.267871170464,7.390912059999999e-16
4239.211508248232,7.365415749999999e-16
4240.155145326002,7.449049859999999e-16
4241.098782403771,7.38778327e-16
4242.04241948154,7.142428439999999e-16
4242.985074626866,7.15780611e-16
4243.928711704634,7.34189435e-16
4244.872348782404,7.242926949999999e-16
4245.815985860173,7.23174319e-16
4246.7596229379415,7.23746821e-16
4247.703260015711,7.250316219999999e-16
4248.64689709348,7.24490186e-16
4249.59053417125,7.195551299999999e-16
4250.534171249018,7.190181319999999e-16
4251.477808326787,7.041308609999999e-16
4252.421445404557,7.110119799999999e-16
4253.365082482325,7.244480249999999e-16
4254.308719560094,7.1689454899999995e-16
4255.252356637863,7.39313106e-16
4256.1959937156325,7.581723870000001e-16
4257.138648860959,7.672547539999999e-16
4258.082285938727,7.64279075e-16
4259.025923016497,7.591909079999999e-16
4259.969560094266,7.55920102e-16
4260.913197172035,7.42324289e-16
4261.856834249804,7.44170497e-16
4262.800471327572,7.412125699999999e-16
4263.744108405342,7.261322459999999e-16
4264.687745483111,7.25719512e-16
4265.6313825608795,7.230189889999999e-16
4266.575019638649,7.20023339e-16
4267.518656716418,7.20280743e-16
4268.462293794188,7.20950881e-16
4269.405930871956,7.233562769999999e-16
4270.3495679497255,7.269976559999999e-16
4271.293205027495,7.32274438e-16
4272.23586017282,7.413146439999999e-16
4273.179497250589,7.421689590000001e-16
4274.123134328358,7.44143869e-16
4275.066771406127,7.574600879999999e-16
4276.010408483897,7.551323569999999e-16
4276.954045561665,7.44015167e-16
4277.897682639435,7.328891009999999e-16
4278.841319717204,7.37200618e-16
4279.784956794973,7.581834819999999e-16
4280.728593872741,7.35077035e-16
4281.67223095051,7.28193697e-16
4282.61586802828,7.43728916e-16
4283.559505106049,7.406533819999999e-16
4284.5031421838175,7.423486979999999e-16
4285.446779261587,7.43511454e-16
4286.390416339356,7.4598342e-16
4287.3330714846825,7.56665686e-16
4288.276708562451,7.59366209e-16
4289.22034564022,7.509340089999999e-16
4290.163982717989,7.420757609999999e-16
4291.107619795758,7.31744097e-16
4292.051256873527,7.40065347e-16
4292.994893951296,7.555273389999999e-16
4293.938531029065,7.45925726e-16
4294.882168106835,7.315932049999999e-16
4295.825805184603,7.401407929999999e-16
4296.769442262373,7.359091599999999e-16
4297.713079340142,7.316775269999999e-16
4298.656716417911,7.27445894e-16
4299.600353495679,7.23214261e-16
4300.543990573448,7.18982628e-16
4301.487627651218,7.241662119999999e-16
4302.430282796544,7.183080519999999e-16
4303.373919874312,7.1913352e-16
4304.317556952082,7.25655161e-16
4305.261194029851,7.24152898e-16
4306.2048311076205,7.188650209999999e-16
4307.148468185389,7.106347499999999e-16
4308.0921052631575,7.19093578e-16
4309.035742340927,7.456195039999999e-16
4309.979379418696,7.435403009999999e-16
4310.923016496465,7.27885256e-16
4311.866653574234,7.223066899999999e-16
4312.8102906520035,7.242150300000001e-16
4313.753927729773,7.32356541e-16
4314.697564807541,7.33743416e-16
4315.641201885311,7.331997609999999e-16
4316.58483896308,7.36026767e-16
4317.527494108405,7.522720659999999e-16
4318.471131186174,7.495138489999999e-16
4319.414768263943,7.41796167e-16
4320.358405341713,7.51837142e-16
4321.302042419482,7.522787230000001e-16
4322.24567949725,7.50725423e-16
4323.18931657502,7.360422999999999e-16
4324.132953652789,7.33301835e-16
4325.076590730559,7.40941852e-16
4326.020227808327,7.20897625e-16
4326.9638648860955,7.022069879999999e-16
4327.907501963865,7.25890375e-16
4328.851139041634,7.336413419999999e-16
4329.794776119403,7.07097664e-16
4330.738413197172,6.759073999999999e-16
4331.6820502749415,6.834875039999999e-16
4332.624705420268,7.033298019999999e-16
4333.568342498036,7.10366251e-16
4334.5119795758055,7.103773459999999e-16
4335.455616653574,7.19936798e-16
4336.399253731343,7.235670819999999e-16
4337.342890809112,7.08721972e-16
4338.286527886881,6.993023170000001e-16
4339.230164964651,7.10863307e-16
4340.17380204242,7.202829619999999e-16
4341.1174391201885,7.040886999999999e-16
4342.061076197958,7.029747619999999e-16
4343.004713275727,7.19015913e-16
4343.948350353497,7.127494569999999e-16
4344.891987431264,7.016478e-16
4345.835624509034,6.828439939999999e-16
4346.779261586803,6.73430996e-16
4347.721916732129,6.90424098e-16
4348.665553809898,7.01727684e-16
4349.609190887667,6.798439059999999e-16
4350.552827965436,6.772099529999999e-16
4351.496465043206,6.827397009999999e-16
4352.440102120974,6.855112319999999e-16
4353.383739198744,7.060547339999999e-16
4354.327376276512,7.30889782e-16
4355.271013354281,7.24929548e-16
4356.21465043205,7.1033962300000005e-16
4357.158287509819,7.129558239999999e-16
4358.101924587589,7.267335949999999e-16
4359.045561665358,7.119927779999999e-16
4359.9891987431265,7.2059806e-16
4360.932835820896,7.075969389999999e-16
4361.876472898665,7.10470544e-16
4362.8191280439905,7.291922470000001e-16
4363.762765121759,7.368633299999999e-16
4364.706402199528,7.239620639999999e-16
4365.650039277298,7.15066093e-16
4366.593676355067,7.181837879999999e-16
4367.537313432836,7.292743499999999e-16
4368.480950510605,7.12800494e-16
4369.424587588374,7.10548209e-16
4370.368224666144,7.296427039999999e-16
4371.311861743912,7.309607900000001e-16
4372.255498821681,7.126629159999999e-16
4373.19913589945,7.27334944e-16
4374.1427729772195,7.38110408e-16
4375.086410054988,7.302640239999999e-16
4376.030047132757,7.426305109999999e-16
4376.973684210527,7.44325827e-16
4377.916339355853,7.28837207e-16
4378.859976433621,7.23101092e-16
4379.803613511391,7.247964079999999e-16
4380.74725058916,7.19226718e-16
4381.690887666929,7.051160970000001e-16
4382.634524744697,7.05546583e-16
4383.578161822466,7.12079319e-16
4384.521798900236,7.090193179999999e-16
4385.465435978005,7.06545133e-16
4386.409073055774,7.115534159999999e-16
4387.352710133543,7.091036400000001e-16
4388.296347211312,7.0709322599999995e-16
4389.239984289082,7.03738098e-16
4390.18362136685,7.10969819e-16
4391.127258444619,7.167902559999999e-16
4392.069913589945,7.002764579999999e-16
4393.013550667714,6.88870798e-16
4393.957187745483,6.872376139999999e-16
4394.900824823252,6.995197789999999e-16
4395.8444619010215,6.93324331e-16
4396.788098978791,6.857198179999999e-16
4397.731736056559,6.948510029999999e-16
4398.675373134329,6.84277468e-16
4399.619010212097,6.897761499999999e-16
4400.562647289867,7.072685270000001e-16
4401.506284367635,7.011440869999999e-16
4402.4499214454045,6.86902545e-16
4403.393558523174,6.875105509999999e-16
4404.337195600943,6.860659819999999e-16
4405.280832678712,6.99883695e-16
4406.224469756481,7.03218852e-16
4407.167124901807,6.837937260000001e-16
4408.110761979576,6.71500466e-16
4409.054399057344,6.7264547e-16
4409.998036135114,6.79424515e-16
4410.941673212883,6.847146109999999e-16
4411.885310290652,6.858618339999999e-16
4412.828947368421,6.804319410000001e-16
4413.77258444619,6.6640564200000005e-16
4414.71622152396,6.60727221e-16
4415.659858601729,6.685602909999999e-16
4416.603495679497,6.699826700000001e-16
4417.547132757266,6.60804886e-16
4418.490769835035,6.58459403e-16
4419.434406912805,6.66734054e-16
4420.378043990573,6.773497499999999e-16
4421.3216810683425,6.797240800000001e-16
4422.264336213669,6.685491960000001e-16
4423.207973291438,6.719487039999999e-16
4424.1516103692065,6.850918409999999e-16
4425.095247446976,6.772676469999999e-16
4426.038884524745,6.811331449999999e-16
4426.982521602514,6.763689519999999e-16
4427.926158680282,6.639669609999999e-16
4428.869795758052,6.73359988e-16
4429.813432835821,6.806183369999999e-16
4430.75706991359,6.75348212e-16
4431.700706991359,6.71265252e-16
4432.644344069128,6.654891949999999e-16
4433.587981146898,6.59593312e-16
4434.531618224667,6.51731395e-16
4435.4752553024355,6.612708760000001e-16
4436.418892380204,6.679789129999999e-16
4437.36154752553,6.63887077e-16
4438.3051846032995,6.64486207e-16
4439.248821681068,6.638471350000001e-16
4440.192458758837,6.73386616e-16
4441.136095836607,6.728917789999999e-16
4442.079732914376,6.84310753e-16
4443.023369992145,6.90317586e-16
4443.967007069914,6.938302629999999e-16
4444.910644147682,6.975848109999999e-16
4445.854281225452,6.9944433300000005e-16
4446.79791830322,6.924611399999999e-16
4447.74155538099,6.821538849999999e-16
4448.685192458759,6.815436600000001e-16
4449.628829536528,6.947223009999999e-16
4450.572466614297,6.999857689999999e-16
4451.516103692066,6.890394419999999e-16
4452.458758837392,6.855866779999999e-16
4453.402395915162,6.92918254e-16
4454.346032992929,6.91509189e-16
4455.289670070699,6.827263870000001e-16
4456.233307148468,6.772299240000001e-16
4457.1769442262375,6.752638899999999e-16
4458.120581304006,6.765420340000001e-16
4459.064218381775,6.8056508100000005e-16
4460.007855459545,6.771877629999999e-16
4460.951492537314,6.76246907e-16
4461.895129615083,6.748666889999999e-16
4462.838766692852,6.753193649999999e-16
4463.7824037706205,6.807647909999999e-16
4464.72604084839,6.859394989999999e-16
4465.669677926158,6.924611399999999e-16
4466.613315003928,7.030923689999999e-16
4467.555970149254,7.0818719299999995e-16
4468.499607227023,7.16257696e-16
4469.443244304792,7.1507718799999995e-16
4470.386881382561,7.08824046e-16
4471.3305184603305,7.163730840000001e-16
4472.274155538099,7.161800309999999e-16
4473.217792615867,7.01441433e-16
4474.161429693637,6.919640839999999e-16
4475.105066771406,6.94941982e-16
4476.048703849176,7.04179679e-16
4476.992340926944,6.95414629e-16
4477.935978004713,6.810643559999999e-16
4478.879615082483,6.801612229999999e-16
4479.823252160252,6.82067344e-16
4480.766889238021,7.033187069999999e-16
4481.710526315789,7.119728069999999e-16
4482.653181461115,6.96956834e-16
4483.596818538885,6.943095670000001e-16
4484.540455616653,7.03314269e-16
4485.4840926944225,7.011951239999999e-16
4486.427729772192,7.028416219999999e-16
4487.371366849961,7.083203329999999e-16
4488.31500392773,7.095984770000001e-16
4489.258641005499,7.04135299e-16
4490.2022780832685,7.04204088e-16
4491.145915161037,7.0277949e-16
4492.0895522388055,7.009843189999999e-16
4493.033189316575,7.044171119999999e-16
4493.976826394344,6.981329039999999e-16
4494.920463472114,6.73169154e-16
4495.864100549882,6.732667899999999e-16
4496.8077376276515,6.83913552e-16
4497.750392772978,6.697407989999999e-16
4498.694029850747,6.72072968e-16
4499.637666928515,6.94600256e-16
4500.581304006284,7.01894109e-16
4501.524941084053,7.005027960000001e-16
4502.468578161823,6.980774289999999e-16
4503.412215239591,7.0052942400000005e-16
4504.355852317361,7.040931380000001e-16
4505.29948939513,6.89292408e-16
4506.243126472899,6.738725769999999e-16
4507.186763550668,6.707748529999999e-16
4508.130400628437,6.681120529999999e-16
4509.074037706206,6.59757518e-16
4510.017674783975,6.725078919999999e-16
4510.9613118617435,6.86744996e-16
4511.904948939513,6.91305041e-16
4512.847604084839,6.90981067e-16
4513.7912411626085,6.80119062e-16
4514.734878240377,6.60014922e-16
4515.678515318146,6.677570129999999e-16
4516.622152395916,6.75361526e-16
4517.565789473685,6.68546977e-16
4518.509426551453,6.695299939999999e-16
4519.453063629222,6.765065300000001e-16
4520.396700706991,6.648168380000001e-16
4521.340337784761,6.484139900000001e-16
4522.283974862529,6.669870200000001e-16
4523.227611940299,6.611000129999999e-16
4524.171249018068,6.65857549e-16
4525.114886095837,6.62875213e-16
4526.058523173606,6.533645789999999e-16
4527.001178318931,6.62187323e-16
4527.9448153967005,6.487401829999999e-16
4528.88845247447,6.451032419999999e-16
4529.832089552238,6.499872610000001e-16
4530.775726630008,6.49381474e-16
4531.719363707777,6.577093809999999e-16
4532.6630007855465,6.70741568e-16
4533.606637863315,6.763844849999999e-16
4534.550274941084,6.726632219999999e-16
4535.493912018854,6.81971927e-16
4536.437549096622,6.795687499999999e-16
4537.381186174391,6.690174049999999e-16
4538.32482325216,6.77272085e-16
4539.268460329929,6.780198879999999e-16
4540.212097407699,6.65407092e-16
4541.155734485467,6.529829109999999e-16
4542.0983896307935,6.479945989999999e-16
4543.042026708563,6.57185697e-16
4543.985663786332,6.700558969999999e-16
4544.929300864101,6.825244579999999e-16
4545.872937941869,6.8225374e-16
4546.816575019639,6.791404829999999e-16
4547.760212097408,6.913538590000001e-16
4548.703849175176,6.767972190000001e-16
4549.647486252946,6.4284208099999995e-16
4550.591123330715,6.345430209999999e-16
4551.5347604084845,6.42176381e-16
4552.478397486253,6.573476839999999e-16
4553.422034564022,6.590385620000001e-16
4554.365671641792,6.606850599999999e-16
4555.30930871956,6.71507123e-16
4556.252945797329,6.701335619999999e-16
4557.195600942655,6.606340229999999e-16
4558.139238020424,6.59424668e-16
4559.082875098194,6.695854689999999e-16
4560.026512175962,6.79553217e-16
4560.9701492537315,6.811531159999999e-16
4561.913786331501,6.682429739999999e-16
4562.85742340927,6.631193029999999e-16
4563.801060487038,6.75767603e-16
4564.744697564807,6.889750909999999e-16
4565.688334642577,6.71990865e-16
4566.631971720346,6.565199969999999e-16
4567.575608798114,6.699626989999999e-16
4568.519245875884,6.625379249999999e-16
4569.462882953653,6.457844749999999e-16
4570.406520031423,6.521441289999999e-16
4571.350157109191,6.648013049999999e-16
4572.292812254517,6.684959400000001e-16
4573.236449332286,6.84845532e-16
4574.180086410055,6.737571889999999e-16
4575.123723487824,6.50435499e-16
4576.067360565593,6.74615942e-16
4577.010997643362,6.883382379999999e-16
4577.954634721132,6.797662409999999e-16
4578.8982717989,6.7621584100000005e-16
4579.84190887667,6.702800159999999e-16
4580.785545954439,6.680965200000001e-16
4581.729183032208,6.673842210000001e-16
4582.672820109976,6.55392745e-16
4583.616457187745,6.62872994e-16
4584.560094265515,6.862390639999999e-16
4585.503731343284,6.89649667e-16
4586.4473684210525,6.866162940000001e-16
4587.390023566379,6.78011012e-16
4588.333660644148,6.61022348e-16
4589.277297721917,6.47683939e-16
4590.220934799686,6.443887239999999e-16
4591.164571877454,6.446638799999999e-16
4592.108208955224,6.449323790000001e-16
4593.051846032993,6.574564149999999e-16
4593.995483110762,6.745671239999999e-16
4594.939120188531,6.70353243e-16
4595.8827572663,6.6696483e-16
4596.82639434407,6.64912255e-16
4597.770031421838,6.55082085e-16
4598.713668499608,6.62362624e-16
4599.657305577377,6.755967400000001e-16
4600.600942655145,6.793623829999999e-16
4601.544579732914,6.736173919999999e-16
4602.48723487824,6.636474249999999e-16
4603.4308719560095,6.613108179999999e-16
4604.374509033779,6.66620885e-16
4605.318146111547,6.454116829999999e-16
4606.261783189317,6.41834655e-16
4607.205420267086,6.58084392e-16
4608.1490573448555,6.61426206e-16
4609.092694422624,6.75301613e-16
4610.036331500392,6.86933611e-16
4610.979968578162,6.79819497e-16
4611.923605655931,6.68970806e-16
4612.8672427337,6.660816679999999e-16
4613.810879811469,6.59071847e-16
4614.754516889238,6.58836633e-16
4615.698153967008,6.622450169999999e-16
4616.641791044776,6.574075969999999e-16
4617.584446190102,6.55911991e-16
4618.528083267871,6.538749489999999e-16
4619.47172034564,6.57216763e-16
4620.415357423409,6.57909091e-16
4621.358994501178,6.53637516e-16
4622.3026315789475,6.50948088e-16
4623.246268656717,6.512432149999999e-16
4624.189905734485,6.527277259999999e-16
4625.133542812255,6.623493099999999e-16
4626.077179890024,6.65169659e-16
4627.0208169677935,6.55718938e-16
4627.964454045561,6.60123653e-16
4628.90809112333,6.669426400000001e-16
4629.8517282011,6.64592719e-16
4630.795365278869,6.59784146e-16
4631.739002356638,6.536752390000001e-16
4632.681657501964,6.439759899999999e-16
4633.625294579733,6.39819803e-16
4634.568931657503,6.60607395e-16
4635.512568735271,6.78940773e-16
4636.4562058130405,6.749754199999999e-16
4637.399842890809,6.67313213e-16
4638.343479968578,6.557610989999999e-16
4639.287117046347,6.514895239999999e-16
4640.230754124116,6.48431742e-16
4641.174391201886,6.464213279999999e-16
4642.118028279655,6.56089511e-16
4643.061665357423,6.611776779999999e-16
4644.005302435193,6.47577427e-16
4644.948939512962,6.41799151e-16
4645.892576590731,6.46492336e-16
4646.835231736057,6.34068155e-16
4647.778868813825,6.36928446e-16
4648.722505891595,6.381488959999999e-16
4649.666142969364,6.204523709999999e-16
4650.6097800471325,6.094993869999999e-16
4651.553417124902,6.261973619999999e-16
4652.497054202671,6.20095112e-16
4653.440691280441,6.10546755e-16
4654.384328358209,6.15024697e-16
4655.327965435978,6.1634943999999995e-16
4656.271602513747,6.0538758e-16
4657.215239591516,6.07335862e-16
4658.158876669285,6.259798999999999e-16
4659.102513747054,6.296234979999999e-16
4660.046150824824,6.091110619999999e-16
4660.989787902593,6.062108289999999e-16
4661.932443047919,6.248548669999999e-16
4662.876080125688,6.440958159999999e-16
4663.819717203456,6.36857438e-16
4664.7633542812255,6.3047337500000005e-16
4665.706991358994,6.31602846e-16
4666.650628436763,6.217393910000001e-16
4667.594265514533,6.196845969999999e-16
4668.537902592302,6.160498749999999e-16
4669.481539670071,6.08247871e-16
4670.42517674784,6.11503144e-16
4671.368813825609,6.224716610000001e-16
4672.312450903379,6.25096738e-16
4673.256087981146,6.17632022e-16
4674.199725058916,6.12115588e-16
4675.143362136685,6.140039569999999e-16
4676.086999214454,6.174012459999999e-16
4677.029654359781,6.17618708e-16
4677.973291437549,6.27559828e-16
4678.916928515318,6.387768729999999e-16
4679.860565593088,6.23090762e-16
4680.804202670856,6.074357169999999e-16
4681.747839748626,6.01508768e-16
4682.691476826394,6.061176309999999e-16
4683.6351139041635,6.059756149999999e-16
4684.578750981932,5.723666409999999e-16
4685.522388059701,5.70107699e-16
4686.466025137471,5.90411549e-16
4687.40966221524,5.98437672e-16
4688.353299293009,5.98817121e-16
4689.296936370778,5.962630519999999e-16
4690.240573448547,5.928302589999999e-16
4691.184210526317,5.97259383e-16
4692.126865671642,6.086206630000001e-16
4693.0705027494105,6.131385469999999e-16
4694.01413982718,6.075533240000001e-16
4694.957776904949,6.07391337e-16
4695.901413982718,5.95322196e-16
4696.845051060487,5.95393204e-16
4697.7886881382565,6.04726318e-16
4698.732325216026,5.99087839e-16
4699.675962293794,5.949804699999999e-16
4700.619599371563,5.879795249999999e-16
4701.563236449332,6.036789500000001e-16
4702.506873527102,6.062973700000001e-16
4703.45051060487,5.96948723e-16
4704.394147682639,5.9395973e-16
4705.337784760409,5.91778453e-16
4706.281421838178,5.83519335e-16
4707.224076983504,5.869632229999999e-16
4708.167714061273,5.99726911e-16
4709.111351139042,6.084009819999999e-16
4710.054988216811,6.070607059999999e-16
4710.998625294579,6.033061579999999e-16
4711.9422623723485,5.972327549999999e-16
4712.885899450118,5.95448679e-16
4713.829536527887,6.0545414999999995e-16
4714.773173605656,6.05438617e-16
4715.716810683425,5.962120149999999e-16
4716.6604477611945,5.98195801e-16
4717.604084838964,6.064615759999999e-16
4718.547721916732,6.124861609999999e-16
4719.491358994501,6.165713399999999e-16
4720.43499607227,6.1197357200000005e-16
4721.37863315004,6.015642429999999e-16
4722.321288295366,6.07611018e-16
4723.264925373134,6.27127123e-16
4724.208562450904,6.376318689999999e-16
4725.152199528673,6.332027449999999e-16
4726.0958366064415,6.299030919999999e-16
4727.039473684211,6.436431400000001e-16
4727.983110761979,6.41992204e-16
4728.926747839749,6.303668630000001e-16
4729.870384917517,6.195381429999999e-16
4730.814021995287,6.12452876e-16
4731.757659073056,6.20117302e-16
4732.701296150825,6.343299969999999e-16
4733.644933228594,6.335111859999999e-16
4734.588570306363,6.28837972e-16
4735.532207384133,6.28103483e-16
4736.475844461902,6.18046975e-16
4737.418499607227,6.19072153e-16
4738.362136684996,6.314253260000001e-16
4739.305773762765,6.35341861e-16
4740.249410840534,6.338906349999999e-16
4741.193047918303,6.470759330000001e-16
4742.136684996072,6.53459996e-16
4743.080322073842,6.420321459999999e-16
4744.023959151611,6.414152639999999e-16
4744.9675962293795,6.46525621e-16
4745.911233307149,6.371725359999999e-16
4746.854870384917,6.462837499999999e-16
4747.798507462687,6.570192719999999e-16
4748.742144540455,6.542588359999999e-16
4749.685781618225,6.550332670000001e-16
4750.629418695994,6.43973771e-16
4751.573055773763,6.455070999999999e-16
4752.5157109190895,6.395535229999999e-16
4753.459347996858,6.363315349999999e-16
4754.402985074627,6.45369522e-16
4755.346622152396,6.44295526e-16
4756.290259230164,6.45626926e-16
4757.233896307934,6.46148391e-16
4758.177533385703,6.50269074e-16
4759.1211704634725,6.535265659999999e-16
4760.064807541241,6.586768650000001e-16
4761.00844461901,6.544230419999999e-16
4761.95208169678,6.409825589999999e-16
4762.895718774549,6.3767403e-16
4763.839355852318,6.39380441e-16
4764.782992930086,6.451076800000001e-16
4765.726630007855,6.49578965e-16
4766.670267085625,6.433901739999999e-16
4767.612922230951,6.35035639e-16
4768.556559308719,6.409825589999999e-16
4769.500196386489,6.487734679999999e-16
4770.443833464258,6.42220761e-16
4771.387470542027,6.397510139999999e-16
4772.331107619796,6.475263900000001e-16
4773.274744697565,6.519643899999999e-16
4774.218381775334,6.46623257e-16
4775.162018853102,6.48627014e-16
4776.105655930872,6.603078300000001e-16
4777.049293008641,6.5881000499999995e-16
4777.9929300864105,6.514628959999999e-16
4778.936567164179,6.43960457e-16
4779.880204241948,6.47355527e-16
4780.823841319718,6.51715862e-16
4781.766496465044,6.603477719999999e-16
4782.710133542812,6.61020129e-16
4783.653770620581,6.470648379999999e-16
4784.59740769835,6.50613019e-16
4785.54104477612,6.547980529999999e-16
4786.484681853888,6.518068409999999e-16
4787.4283189316575,6.524281609999999e-16
4788.371956009427,6.594002590000001e-16
4789.315593087196,6.628263949999999e-16
4790.259230164965,6.648013049999999e-16
4791.202867242734,6.7062618e-16
4792.146504320503,6.704730689999999e-16
4793.090141398272,6.60145843e-16
4794.03377847604,6.520287409999999e-16
4794.97741555381,6.5884329e-16
4795.921052631579,6.647236399999999e-16
4796.863707776905,6.64836809e-16
4797.807344854675,6.631636829999999e-16
4798.750981932443,6.57758199e-16
4799.694619010213,6.590918180000001e-16
4800.638256087982,6.676771289999999e-16
4801.5818931657495,6.601946610000001e-16
4802.525530243519,6.53477748e-16
4803.469167321288,6.54039155e-16
4804.412804399058,6.55037705e-16
4805.356441476826,6.59122884e-16
4806.3000785545955,6.59557808e-16
4807.243715632365,6.67990008e-16
4808.187352710134,6.812418759999999e-16
4809.130989787903,6.650875559999999e-16
4810.074626865672,6.420565550000002e-16
4811.018263943441,6.50206942e-16
4811.960919088767,6.710433519999999e-16
4812.904556166536,6.67692662e-16
4813.848193244305,6.62995039e-16
4814.791830322074,6.62040869e-16
4815.735467399843,6.80307677e-16
4816.679104477612,6.797906499999999e-16
4817.622741555381,6.677370420000001e-16
4818.566378633151,6.682762589999999e-16
4819.510015710919,6.72638813e-16
4820.453652788688,6.68371676e-16
4821.397289866457,6.72798581e-16
4822.340926944226,6.800058929999999e-16
4823.284564021996,6.731913439999999e-16
4824.228201099764,6.666630459999999e-16
4825.171838177534,6.656378680000001e-16
4826.115475255303,6.72412475e-16
4827.058130400629,6.85060775e-16
4828.0017674783985,6.842441829999999e-16
4828.945404556166,6.70921307e-16
4829.889041633935,6.60032674e-16
4830.832678711705,6.58197561e-16
4831.776315789473,6.59269338e-16
4832.719952867243,6.65713314e-16
4833.663589945012,6.725788999999999e-16
4834.607227022781,6.62611152e-16
4835.55086410055,6.592338339999999e-16
4836.494501178319,6.62535706e-16
4837.438138256089,6.700115169999999e-16
4838.381775333857,6.547869580000001e-16
4839.325412411626,6.59722014e-16
4840.269049489395,6.520021129999999e-16
4841.212686567164,6.248060489999999e-16
4842.155341712491,6.271959119999999e-16
4843.09897879026,6.423849669999999e-16
4844.042615868028,6.35224254e-16
4844.986252945798,6.3921623499999995e-16
4845.929890023567,6.463347870000001e-16
4846.873527101335,6.439316099999999e-16
4847.817164179104,6.341524769999999e-16
4848.7608012568735,6.329120559999999e-16
4849.704438334643,6.357701279999999e-16
4850.648075412411,6.258977969999999e-16
4851.591712490181,6.241514439999999e-16
4852.53534956795,6.34957974e-16
4853.4789866457195,6.40791725e-16
4854.422623723488,6.405809200000001e-16
4855.366260801257,6.43980428e-16
4856.309897879026,6.46570001e-16
4857.252553024352,6.544740789999999e-16
4858.196190102121,6.64847904e-16
4859.13982717989,6.912007479999999e-16
4860.083464257659,7.374558029999999e-16
4861.027101335429,7.539230019999999e-16
4861.970738413197,7.415010399999999e-16
4862.914375490966,7.204582630000001e-16
4863.858012568736,7.119994349999999e-16
4864.801649646504,6.81463776e-16
4865.745286724273,6.46634352e-16
4866.688923802042,6.423894049999999e-16
4867.6325608798115,6.459220529999999e-16
4868.576197957581,6.32639119e-16
4869.519835035349,6.168265249999999e-16
4870.463472113119,6.22547107e-16
4871.407109190888,6.3373752400000005e-16
4872.349764336214,6.29417131e-16
4873.293401413984,6.21537462e-16
4874.237038491751,6.2187475e-16
4875.180675569521,6.19191979e-16
4876.12431264729,6.23505715e-16
4877.0679497250585,6.31596189e-16
4878.011586802828,6.41273248e-16
4878.955223880597,6.4138641699999995e-16
4879.898860958367,6.260309369999999e-16
4880.842498036135,6.229221179999999e-16
4881.7861351139045,6.35066705e-16
4882.729772191674,6.31829184e-16
4883.673409269442,6.27684092e-16
4884.617046347211,6.302181899999999e-16
4885.56068342498,6.16968541e-16
4886.50432050275,6.001507400000001e-16
4887.446975648076,6.01888217e-16
4888.390612725845,6.166534429999999e-16
4889.334249803614,6.19828832e-16
4890.277886881383,6.17186003e-16
4891.221523959152,6.20352516e-16
4892.165161036921,6.15426336e-16
4893.108798114689,6.310503149999999e-16
4894.052435192459,6.228333580000001e-16
4894.996072270228,6.12437343e-16
4895.9397093479965,6.27073867e-16
4896.883346425766,6.468562519999999e-16
4897.826983503535,6.45442749e-16
4898.770620581305,6.304179e-16
4899.714257659073,6.3701054900000005e-16
4900.6578947368425,6.361562339999999e-16
4901.600549882168,6.354017739999999e-16
4902.544186959937,6.39502486e-16
4903.487824037707,6.41825779e-16
4904.431461115475,6.308461669999999e-16
4905.375098193244,6.201860910000001e-16
4906.318735271014,6.20658738e-16
4907.262372348782,6.29257363e-16
4908.206009426552,6.38856757e-16
4909.149646504321,6.431549599999999e-16
4910.09328358209,6.420454599999999e-16
4911.036920659858,6.25511691e-16
4911.980557737627,6.326080530000001e-16
4912.924194815397,6.418546259999999e-16
4913.867831893166,6.44346563e-16
4914.811468970935,6.521064059999999e-16
4915.755106048704,6.48582634e-16
4916.69776119403,6.402303180000001e-16
4917.6413982717995,6.45777818e-16
4918.585035349569,6.46674294e-16
4919.5286724273365,6.520398359999999e-16
4920.472309505106,6.547181689999999e-16
4921.415946582875,6.37556423e-16
4922.359583660644,6.32596958e-16
4923.303220738413,6.34245675e-16
4924.2468578161825,6.21282277e-16
4925.190494893952,6.226491809999999e-16
4926.13413197172,6.34265646e-16
4927.07776904949,6.372235729999999e-16
4928.021406127259,6.35639207e-16
4928.9650432050275,6.33963862e-16
4929.908680282796,6.37571956e-16
4930.852317360565,6.510656949999999e-16
4931.794972505892,6.61301942e-16
4932.738609583661,6.61798998e-16
4933.68224666143,6.526744700000001e-16
4934.625883739199,6.45220849e-16
4935.569520816968,6.47368841e-16
4936.513157894738,6.43933829e-16
4937.456794972506,6.45407245e-16
4938.4004320502745,6.483474199999999e-16
4939.344069128044,6.463614150000001e-16
4940.287706205813,6.403190779999999e-16
4941.231343283582,6.352553199999999e-16
4942.174980361351,6.422118849999999e-16
4943.1186174391205,6.44266679e-16
4944.06225451689,6.42919746e-16
4945.005891594658,6.34882528e-16
4945.949528672428,6.36548997e-16
4946.892183817753,6.416060980000001e-16
4947.835820895522,6.454449679999999e-16
4948.779457973292,6.47541923e-16
4949.72309505106,6.5116111200000005e-16
4950.66673212883,6.589165169999999e-16
4951.610369206599,6.56258155e-16
4952.5540062843675,6.390276200000001e-16
4953.497643362137,6.36504617e-16
4954.441280439906,6.493459699999999e-16
4955.384917517676,6.600748349999999e-16
4956.328554595443,6.732801039999999e-16
4957.272191673213,6.84037816e-16
4958.215828750982,6.820917529999999e-16
4959.159465828751,6.697430179999999e-16
4960.10310290652,6.598595920000001e-16
4961.046739984289,6.67153445e-16
4961.989395129615,6.68950835e-16
4962.933032207385,6.60982406e-16
4963.876669285154,6.42105373e-16
4964.820306362923,6.335466899999999e-16
4965.763943440691,6.334357400000001e-16
4966.70758051846,6.33091795e-16
4967.651217596229,6.289933019999999e-16
4968.594854673998,6.211313849999999e-16
4969.538491751768,6.14070527e-16
4970.482128829537,6.16478142e-16
4971.4257659073055,6.242024809999999e-16
4972.369402985075,6.35246444e-16
4973.313040062844,6.455692319999999e-16
4974.256677140614,6.40494379e-16
4975.200314218381,6.3982646e-16
4976.143951296151,6.46081821e-16
4977.086606441477,6.352664149999999e-16
4978.030243519246,6.270339249999999e-16
4978.9738805970155,6.29690068e-16
4979.917517674784,6.1488489999999995e-16
4980.861154752553,6.040561800000001e-16
4981.804791830323,6.09108843e-16
4982.748428908091,6.107309319999999e-16
4983.69206598586,6.14587554e-16
4984.635703063629,6.21770457e-16
4985.5793401413985,6.23061915e-16
4986.522977219167,6.20106207e-16
4987.466614296936,6.286027580000002e-16
4988.410251374706,6.29113128e-16
4989.353888452475,6.16518084e-16
4990.297525530244,6.081413589999999e-16
4991.241162608013,6.19451602e-16
4992.183817753339,6.211202900000001e-16
4993.127454831108,6.1487602400000005e-16
4994.071091908877,6.22644743e-16
4995.014728986645,6.28662671e-16
4995.958366064415,6.28491808e-16
4996.902003142184,6.25340828e-16
4997.845640219953,6.16668976e-16
4998.789277297722,6.174589400000001e-16
4999.732914375491,6.271759409999999e-16
5000.676551453261,6.406319569999999e-16
5001.620188531029,6.443154969999999e-16
5002.563825608798,6.41947824e-16
5003.507462686567,6.63072704e-16
5004.4510997643365,6.91189653e-16
5005.394736842105,7.09077012e-16
5006.338373919874,7.176356949999999e-16
5007.2810290652005,7.14864164e-16
5008.22466614297,7.123433799999999e-16
5009.168303220739,6.961224900000001e-16
5010.111940298508,6.74957668e-16
5011.055577376276,6.552196629999999e-16
5011.999214454046,6.319667619999999e-16
5012.942851531814,6.1741677900000005e-16
5013.8864886095835,6.03803214e-16
5014.830125687353,5.960855319999999e-16
5015.773762765122,6.134159219999999e-16
5016.717399842891,6.1706395799999995e-16
5017.66103692066,6.108685099999999e-16
5018.6046739984295,6.0653924099999995e-16
5019.548311076199,6.127790689999999e-16
5020.491948153966,6.170217969999999e-16
5021.435585231736,5.97882922e-16
5022.378240377062,6.02891205e-16
5023.321877454831,6.203236689999999e-16
5024.265514532601,6.05707116e-16
5025.209151610369,6.01495454e-16
5026.152788688139,6.10637734e-16
5027.096425765908,6.12020171e-16
5028.040062843676,6.11165856e-16
5028.983699921446,6.16655662e-16
5029.927336999214,6.26308312e-16
5030.870974076984,6.205211600000001e-16
5031.814611154752,6.192274829999999e-16
5032.7582482325215,6.080415039999999e-16
5033.701885310291,5.94068461e-16
5034.64552238806,6.03818747e-16
5035.589159465829,6.02241038e-16
5036.531814611155,5.94596583e-16
5037.475451688924,5.91583181e-16
5038.419088766693,5.941261550000001e-16
5039.362725844462,5.95883603e-16
5040.306362922231,5.97565605e-16
5041.25,6.03017688e-16
5042.193637077769,6.06528146e-16
5043.137274155538,6.052011839999999e-16
5044.080911233307,6.07886174e-16
5045.024548311077,6.095681759999999e-16
5045.968185388846,6.0680774e-16
5046.9118224666145,6.056960209999999e-16
5047.855459544383,6.06647972e-16
5048.799096622152,6.062951509999999e-16
5049.742733699922,5.941084030000001e-16
5050.68637077769,5.88858249e-16
5051.629025923016,5.90216277e-16
5052.572663000786,5.975766999999999e-16
5053.516300078555,6.083344119999999e-16
5054.4599371563245,6.16014371e-16
5055.403574234093,6.156349219999999e-16
5056.347211311862,6.09164318e-16
5057.290848389631,6.006544530000001e-16
5058.234485467399,5.972616019999999e-16
5059.178122545169,6.01699602e-16
5060.121759622938,6.08949075e-16
5061.065396700707,6.157880329999999e-16
5062.009033778476,6.15765843e-16
5062.952670856245,6.12381868e-16
5063.896307934015,6.0310201e-16
5064.839945011784,5.963074319999999e-16
5065.7835820895525,5.96194263e-16
5066.726237234878,5.95632856e-16
5067.669874312647,5.962186719999999e-16
5068.6135113904165,6.036767309999999e-16
5069.557148468186,6.085074939999999e-16
5070.500785545954,6.086827950000001e-16
5071.444422623724,6.038231849999999e-16
5072.388059701493,5.998999929999999e-16
5073.331696779262,5.952312169999999e-16
5074.275333857031,6.02338674e-16
5075.2189709347995,6.046508720000001e-16
5076.162608012569,5.987350179999999e-16
5077.106245090337,6.033128149999999e-16
5078.049882168107,5.96109941e-16
5078.993519245876,5.98317846e-16
5079.9371563236455,6.021700300000001e-16
5080.880793401414,5.97048578e-16
5081.82344854674,6.07293701e-16
5082.7670856245095,5.998977739999999e-16
5083.710722702279,5.91001803e-16
5084.654359780047,5.99919964e-16
5085.597996857816,5.9708186300000005e-16
5086.541633935585,5.948051690000001e-16
5087.485271013355,5.979117689999999e-16
5088.428908091123,6.0141335100000015e-16
5089.372545168892,6.017151349999999e-16
5090.316182246662,5.986972949999999e-16
5091.259819324431,6.085296839999999e-16
5092.2034564022,6.209671789999999e-16
5093.147093479969,6.14682971e-16
5094.0907305577375,6.008608199999999e-16
5095.034367635507,5.942548569999999e-16
5095.978004713275,5.9420603899999995e-16
5096.9206598586015,5.93418294e-16
5097.864296936371,5.90353855e-16
5098.80793401414,5.90946328e-16
5099.75157109191,5.91742949e-16
5100.695208169678,5.925595409999999e-16
5101.6388452474475,6.03667855e-16
5102.582482325216,6.12714718e-16
5103.5261194029845,6.201306159999999e-16
5104.469756480754,6.085429979999999e-16
5105.413393558523,5.96697976e-16
5106.357030636293,6.00563474e-16
5107.300667714061,5.98047128e-16
5108.2443047918305,5.988415299999999e-16
5109.1879418696,5.895017589999999e-16
5110.131578947369,5.95015974e-16
5111.075216025138,6.085962539999999e-16
5112.017871170463,6.029333659999999e-16
5112.961508248232,5.98406606e-16
5113.905145326002,5.986018779999999e-16
5114.848782403771,6.052011839999999e-16
5115.79241948154,6.121999099999999e-16
5116.736056559309,6.06692352e-16
5117.679693637078,6.017351059999999e-16
5118.623330714847,6.071294950000001e-16
5119.566967792616,6.083011269999999e-16
5120.510604870386,6.045110749999999e-16
5121.454241948154,6.00381516e-16
5122.3978790259225,5.987150469999999e-16
5123.341516103692,5.995027919999999e-16
5124.285153181461,6.001019219999999e-16
5125.228790259231,5.96216453e-16
5126.172427336999,5.94450129e-16
5127.115082482325,5.94430158e-16
5128.058719560095,5.922488809999999e-16
5129.002356637864,5.956239799999999e-16
5129.9459937156325,5.98424358e-16
5130.889630793401,5.994340029999999e-16
5131.83326787117,6.00441429e-16
5132.77690494894,6.0144885500000005e-16
5133.720542026708,6.08298908e-16
5134.664179104478,5.9492055699999995e-16
5135.607816182247,5.87786472e-16
5136.551453260016,5.8658377399999995e-16
5137.495090337785,5.914722309999999e-16
5138.438727415554,5.86617059e-16
5139.382364493323,5.835348679999999e-16
5140.326001571092,5.841007129999999e-16
5141.269638648861,5.76804641e-16
5142.212293794187,5.884188869999999e-16
5143.155930871956,5.91944878e-16
5144.0995679497255,5.82283352e-16
5145.043205027495,5.77741059e-16
5145.986842105263,5.76846802e-16
5146.930479183033,5.789903559999999e-16
5147.874116260801,5.933850090000001e-16
5148.81775333857,5.897192209999999e-16
5149.761390416339,5.745701079999999e-16
5150.705027494108,5.839919819999999e-16
5151.648664571878,5.901297360000001e-16
5152.592301649646,5.8256960300000005e-16
5153.535938727416,5.766337779999999e-16
5154.479575805185,5.720005060000001e-16
5155.423212882954,5.67877604e-16
5156.366849960723,5.766470919999999e-16
5157.309505106048,5.88070504e-16
5158.2531421838175,5.809408569999999e-16
5159.196779261587,5.81182728e-16
5160.140416339356,5.85141424e-16
5161.084053417125,5.816664699999999e-16
5162.027690494894,5.789726039999999e-16
5162.9713275726635,5.78320218e-16
5163.914964650432,5.73338563e-16
5164.858601728201,5.65853876e-16
5165.802238805971,5.64577951e-16
5166.745875883739,5.633020260000001e-16
5167.689512961508,5.620261009999999e-16
5168.633150039277,5.60750176e-16
5169.5767871170465,5.59472032e-16
5170.520424194816,5.58196107e-16
5171.463079340142,5.56922401e-16
5172.4067164179105,5.70584784e-16
5173.35035349568,5.49087112e-16
5174.293990573449,5.6262745e-16
5175.237627651218,5.614047810000001e-16
5176.181264728986,5.675048119999999e-16
5177.124901806756,5.715034500000001e-16
5178.068538884525,5.628049700000001e-16
5179.012175962293,5.704649580000001e-16
5179.955813040063,5.66737038e-16
5180.899450117832,5.57230842e-16
5181.843087195602,5.559793260000001e-16
5182.78672427337,5.562544819999999e-16
5183.730361351139,5.61817515e-16
5184.673998428908,5.6360381e-16
5185.617635506677,5.72517533e-16
5186.5602906520035,5.756729509999999e-16
5187.503927729772,5.80110951e-16
5188.447564807541,5.792211319999999e-16
5189.391201885311,5.639832589999999e-16
5190.33483896308,5.608433739999999e-16
5191.278476040849,5.649906849999999e-16
5192.222113118618,5.656186619999999e-16
5193.165750196387,5.72961333e-16
5194.109387274155,5.7636306e-16
5195.053024351924,5.746522109999999e-16
5195.996661429694,5.70884349e-16
5196.940298507463,5.820880799999999e-16
5197.8839355852315,5.961521019999999e-16
5198.827572663001,5.901785539999999e-16
5199.77120974077,5.86863368e-16
5200.71484681854,5.83881032e-16
5201.657501963866,5.747565039999999e-16
5202.601139041633,5.791057439999999e-16
5203.544776119403,5.753556339999999e-16
5204.488413197172,5.6244993e-16
5205.4320502749415,5.70955357e-16
5206.37568735271,5.73669194e-16
5207.319324430479,5.651992709999999e-16
5208.262961508249,5.625298139999999e-16
5209.206598586017,5.54501472e-16
5210.150235663787,5.538446480000001e-16
5211.093872741556,5.58029682e-16
5212.037509819324,5.64393774e-16
5212.981146897093,5.716654370000001e-16
5213.924783974862,5.79065802e-16
5214.868421052632,5.71494574e-16
5215.812058130401,5.65820591e-16
5216.754713275727,5.746988100000001e-16
5217.698350353496,5.71654342e-16
5218.641987431265,5.641030849999999e-16
5219.5856245090345,5.691779379999999e-16
5220.529261586804,5.803750119999999e-16
5221.472898664571,5.861066890000001e-16
5222.416535742341,5.795539819999999e-16
5223.36017282011,5.656408519999999e-16
5224.303809897879,5.58817427e-16
5225.247446975648,5.60468363e-16
5226.191084053417,5.617908869999999e-16
5227.134721131187,5.630401839999999e-16
5228.078358208955,5.64673368e-16
5229.021995286725,5.64529133e-16
5229.965632364494,5.642761669999999e-16
5230.9092694422625,5.59072612e-16
5231.851924587589,5.59718341e-16
5232.795561665357,5.6259638400000005e-16
5233.7391987431265,5.561035899999999e-16
5234.682835820896,5.61870771e-16
5235.626472898665,5.65152672e-16
5236.570109976434,5.64941867e-16
5237.513747054203,5.655454349999999e-16
5238.4573841319725,5.65572063e-16
5239.40102120974,5.62603041e-16
5240.344658287509,5.57208652e-16
5241.288295365279,5.606880439999999e-16
5242.231932443048,5.63901156e-16
5243.175569520817,5.57239718e-16
5244.119206598586,5.523579179999999e-16
5245.062843676355,5.58260458e-16
5246.006480754125,5.521337989999999e-16
5246.949135899451,5.479176989999999e-16
5247.8927729772195,5.579564549999999e-16
5248.836410054988,5.640542669999999e-16
5249.780047132757,5.627139909999999e-16
5250.723684210527,5.5865544e-16
5251.667321288295,5.589372529999999e-16
5252.610958366065,5.5676929e-16
5253.554595443834,5.525864749999999e-16
5254.498232521602,5.54141994e-16
5255.441869599372,5.558306529999999e-16
5256.385506677141,5.50207707e-16
5257.329143754911,5.529814569999999e-16
5258.272780832678,5.54954148e-16
5259.2164179104475,5.52961486e-16
5260.160054988217,5.51840891e-16
5261.103692065986,5.5570638900000005e-16
5262.046347211312,5.56287767e-16
5262.989984289081,5.47038975e-16
5263.93362136685,5.34854446e-16
5264.87725844462,5.41349459e-16
5265.820895522389,5.43104688e-16
5266.764532600157,5.37537217e-16
5267.708169677926,5.37554969e-16
5268.651806755695,5.3082918e-16
5269.595443833464,5.316923710000001e-16
5270.539080911233,5.24376328e-16
5271.482717989003,5.19487871e-16
5272.426355066772,5.318787669999999e-16
5273.36999214454,5.40646036e-16
5274.31362922231,5.50860093e-16
5275.257266300079,5.464953200000001e-16
5276.200903377848,5.28106467e-16
5277.143558523174,5.340223209999999e-16
5278.087195600942,5.34390675e-16
5279.030832678712,5.44760062e-16
5279.974469756481,5.55189362e-16
5280.9181068342505,5.38830894e-16
5281.861743912019,5.29255909e-16
5282.805380989788,5.423546659999999e-16
5283.749018067558,5.469812810000001e-16
5284.692655145326,5.534341329999999e-16
5285.636292223095,5.520694479999999e-16
5286.579929300864,5.463377709999999e-16
5287.523566378633,5.452548989999999e-16
5288.467203456402,5.44797785e-16
5289.410840534171,5.48791985e-16
5290.354477611941,5.52468868e-16
5291.297132757267,5.493822389999999e-16
5292.240769835036,5.44191998e-16
5293.184406912805,5.438524909999999e-16
5294.128043990573,5.469169300000001e-16
5295.0716810683425,5.43264456e-16
5296.015318146112,5.388331129999999e-16
5296.95895522388,5.47320788e-16
5297.90259230165,5.491448059999999e-16
5298.846229379419,5.439035279999999e-16
5299.789866457188,5.43927937e-16
5300.733503534957,5.44595856e-16
5301.677140612726,5.46129185e-16
5302.620777690496,5.436217149999999e-16
5303.564414768263,5.36816042e-16
5304.508051846033,5.43240047e-16
5305.451688923802,5.513061119999999e-16
5306.394344069128,5.58850712e-16
5307.337981146898,5.521715219999999e-16
5308.281618224666,5.3828280100000005e-16
5309.2252553024355,5.442541300000001e-16
5310.168892380205,5.4266754499999995e-16
5311.112529457974,5.45328126e-16
5312.056166535743,5.512351039999999e-16
5312.999803613511,5.563121759999999e-16
5313.943440691281,5.60670292e-16
5314.887077769049,5.526796730000002e-16
5315.830714846818,5.43240047e-16
5316.774351924588,5.37739146e-16
5317.717989002357,5.38143004e-16
5318.661626080126,5.39285789e-16
5319.605263157895,5.35138478e-16
5320.548900235664,5.413538969999999e-16
5321.49155538099,5.497084319999999e-16
5322.435192458759,5.468015419999999e-16
5323.3788295365275,5.42929387e-16
5324.322466614297,5.442785389999999e-16
5325.266103692066,5.396142010000002e-16
5326.209740769836,5.341687749999999e-16
5327.153377847604,5.34688021e-16
5328.0970149253735,5.430048329999999e-16
5329.040652003143,5.4230141e-16
5329.984289080911,5.406482549999999e-16
5330.92792615868,5.45321469e-16
5331.871563236449,5.50021311e-16
5332.815200314219,5.5243336400000005e-16
5333.758837391987,5.488585549999999e-16
5334.702474469756,5.43661657e-16
5335.646111547526,5.447179009999999e-16
5336.588766692852,5.42576566e-16
5337.532403770621,5.388397699999999e-16
5338.47604084839,5.402199879999999e-16
5339.419677926159,5.43326588e-16
5340.363315003928,5.47194305e-16
5341.306952081697,5.501588889999999e-16
5342.250589159466,5.404130409999999e-16
5343.194226237235,5.377302699999999e-16
5344.137863315004,5.45880657e-16
5345.081500392773,5.476957990000001e-16
5346.025137470542,5.472985980000001e-16
5346.968774548312,5.43792578e-16
5347.912411626081,5.355955919999999e-16
5348.856048703849,5.421327659999999e-16
5349.799685781618,5.452615559999999e-16
5350.743322859387,5.501455749999999e-16
5351.685978004713,5.46710563e-16
5352.629615082483,5.440766100000001e-16
5353.573252160251,5.411186829999999e-16
5354.516889238021,5.548609499999999e-16
5355.46052631579,5.62660735e-16
5356.404163393559,5.60645883e-16
5357.347800471328,5.57572568e-16
5358.291437549096,5.525154669999999e-16
5359.235074626866,5.46794885e-16
5360.178711704634,5.54685649e-16
5361.122348782404,5.54352799e-16
5362.065985860173,5.471410489999999e-16
5363.009622937942,5.410964930000001e-16
5363.953260015711,5.40539524e-16
5364.89689709348,5.469790619999999e-16
5365.84053417125,5.468747690000001e-16
5366.783189316576,5.371466729999999e-16
5367.726826394344,5.328950689999999e-16
5368.670463472113,5.368914879999999e-16
5369.614100549882,5.38231764e-16
5370.5577376276515,5.34000131e-16
5371.501374705421,5.410698650000001e-16
5372.445011783189,5.46009359e-16
5373.388648860959,5.464709109999999e-16
5374.332285938728,5.49650738e-16
5375.275923016497,5.49772783e-16
5376.219560094266,5.43816987e-16
5377.163197172034,5.44385051e-16
5378.106834249804,5.47844472e-16
5379.050471327572,5.493556109999999e-16
5379.994108405342,5.459982639999999e-16
5380.937745483111,5.45601063e-16
5381.880400628437,5.373086599999999e-16
5382.824037706207,5.276138489999999e-16
5383.767674783975,5.340356349999999e-16
5384.711311861744,5.42629822e-16
5385.654948939513,5.405151149999999e-16
5386.598586017282,5.43828082e-16
5387.542223095051,5.539445029999999e-16
5388.48586017282,5.56605084e-16
5389.4294972505895,5.386289649999999e-16
5390.373134328358,5.251418829999999e-16
5391.316771406127,5.347679049999999e-16
5392.260408483897,5.364676589999999e-16
5393.204045561666,5.308313989999999e-16
5394.147682639435,5.31619144e-16
5395.091319717203,5.38859741e-16
5396.0349567949725,5.40626065e-16
5396.977611940299,5.32568876e-16
5397.921249018068,5.294289909999999e-16
5398.8648860958365,5.40626065e-16
5399.808523173606,5.451062259999999e-16
5400.752160251375,5.349676149999999e-16
5401.695797329145,5.27183363e-16
5402.639434406913,5.23186944e-16
5403.583071484682,5.19206058e-16
5404.526708562451,5.226455079999999e-16
5405.470345640219,5.164589359999999e-16
5406.413982717989,5.19472338e-16
5407.357619795758,5.150654039999999e-16
5408.301256873528,5.19427958e-16
5409.244893951296,5.327108919999999e-16
5410.188531029065,5.36567514e-16
5411.132168106835,5.34537129e-16
5412.074823252161,5.392391899999999e-16
5413.018460329929,5.2872113e-16
5413.962097407698,5.29393487e-16
5414.905734485467,5.31497099e-16
5415.849371563237,5.341022049999999e-16
5416.793008641006,5.43084717e-16
5417.7366457187745,5.361947219999999e-16
5418.680282796544,5.393989579999999e-16
5419.623919874313,5.516655900000001e-16
5420.567556952082,5.288808979999999e-16
5421.511194029851,5.24706959e-16
5422.45483110762,5.30070282e-16
5423.398468185389,5.287788239999999e-16
5424.3421052631575,5.32007469e-16
5425.285742340927,5.2692374e-16
5426.228397486253,5.28161942e-16
5427.172034564022,5.38320524e-16
5428.115671641792,5.382406399999999e-16
5429.05930871956,5.338137349999999e-16
5430.00294579733,5.304031319999999e-16
5430.946582875098,5.252239859999999e-16
5431.8902199528675,5.280931530000001e-16
5432.833857030636,5.269370540000002e-16
5433.777494108405,5.300436539999999e-16
5434.721131186175,5.270546609999999e-16
5435.664768263943,5.287477579999999e-16
5436.608405341713,5.273009699999999e-16
5437.552042419482,5.279200709999999e-16
5438.495679497251,5.338625530000001e-16
5439.43931657502,5.36563076e-16
5440.382953652788,5.36145904e-16
5441.325608798114,5.365453239999999e-16
5442.269245875884,5.39747341e-16
5443.212882953653,5.39523222e-16
5444.156520031422,5.36860422e-16
5445.100157109191,5.311354020000002e-16
5446.04379418696,5.26446655e-16
5446.98743126473,5.226055660000002e-16
5447.931068342498,5.18706783e-16
5448.874705420268,5.19683143e-16
5449.818342498036,5.26009512e-16
5450.761979575805,5.253970679999999e-16
5451.705616653574,5.261182429999999e-16
5452.649253731343,5.25095284e-16
5453.592890809113,5.20901374e-16
5454.536527886881,5.233378360000002e-16
5455.480164964651,5.313484260000001e-16
5456.422820109977,5.33676157e-16
5457.366457187746,5.25674443e-16
5458.310094265515,5.28122e-16
5459.253731343283,5.434752609999999e-16
5460.1973684210525,5.34805628e-16
5461.141005498822,5.22381447e-16
5462.084642576591,5.273076270000001e-16
5463.02827965436,5.302566779999999e-16
5463.971916732129,5.222815919999999e-16
5464.9155538098985,5.12608971e-16
5465.859190887667,5.10780515e-16
5466.802827965436,5.12819776e-16
5467.746465043205,5.18993034e-16
5468.690102120974,5.236218679999999e-16
5469.633739198743,5.297174609999999e-16
5470.577376276512,5.251463210000001e-16
5471.520031421838,5.206883499999999e-16
5472.463668499608,5.200847819999999e-16
5473.407305577377,5.1216073299999995e-16
5474.350942655145,5.122694639999999e-16
5475.294579732915,5.21862201e-16
5476.238216810684,5.378500960000001e-16
5477.181853888453,5.461380609999999e-16
5478.125490966221,5.49888171e-16
5479.0691280439905,5.384425689999999e-16
5480.01276512176,5.463044859999999e-16
5480.956402199528,5.5887734e-16
5481.900039277298,5.47061165e-16
5482.843676355067,5.351451349999999e-16
5483.7873134328365,5.310067e-16
5484.730950510605,5.298173159999999e-16
5485.674587588374,5.229184449999999e-16
5486.6172427337,5.15360531e-16
5487.560879811469,5.08907679e-16
5488.504516889238,5.11450653e-16
5489.448153967007,5.142310600000001e-16
5490.391791044776,5.178502490000001e-16
5491.335428122546,5.23249076e-16
5492.279065200315,5.2339553e-16
5493.2227022780835,5.250242759999999e-16
5494.166339355853,5.313794919999999e-16
5495.109976433621,5.331569110000001e-16
5496.05361351139,5.29890543e-16
5496.997250589159,5.211765300000001e-16
5497.940887666929,5.138715820000002e-16
5498.884524744698,5.158243019999999e-16
5499.828161822466,5.24340824e-16
5500.771798900236,5.233644640000001e-16
5501.714454045562,5.20659503e-16
5502.658091123331,5.199893649999999e-16
5503.601728201101,5.208991549999999e-16
5504.545365278868,5.27485147e-16
5505.489002356638,5.269769959999999e-16
5506.432639434407,5.24252064e-16
5507.376276512176,5.262691349999999e-16
5508.319913589945,5.238681769999999e-16
5509.263550667714,5.249710199999999e-16
5510.207187745484,5.267018399999999e-16
5511.150824823252,5.235175749999999e-16
5512.0944619010215,5.25228424e-16
5513.038098978791,5.219088e-16
5513.981736056559,5.14308725e-16
5514.925373134328,5.10287897e-16
5515.869010212097,5.102302029999999e-16
5516.811665357423,5.2015357099999995e-16
5517.755302435193,5.294223339999999e-16
5518.698939512962,5.35879624e-16
5519.642576590731,5.378789429999999e-16
5520.5862136685,5.324113269999999e-16
5521.529850746269,5.313462069999999e-16
5522.473487824038,5.294556189999999e-16
5523.417124901806,5.278468439999999e-16
5524.360761979576,5.32171675e-16
5525.304399057345,5.273275979999999e-16
5526.248036135114,5.253415929999999e-16
5527.191673212883,5.303543139999999e-16
5528.135310290652,5.28064306e-16
5529.078947368422,5.22683231e-16
5530.02258444619,5.201469139999999e-16
5530.96622152396,5.201225049999999e-16
5531.908876669285,5.214849710000001e-16
5532.852513747054,5.21307451e-16
5533.796150824824,5.224790829999999e-16
5534.739787902592,5.244362409999999e-16
5535.683424980361,5.29140521e-16
5536.627062058131,5.33301146e-16
5537.5706991359,5.24591571e-16
5538.514336213669,5.24471745e-16
5539.457973291438,5.374972750000001e-16
5540.401610369207,5.298395060000001e-16
5541.345247446975,5.168006620000001e-16
5542.288884524744,5.200404019999999e-16
5543.232521602514,5.246381699999999e-16
5544.176158680283,5.23386654e-16
5545.119795758052,5.291249880000001e-16
5546.063432835821,5.39896014e-16
5547.006087981147,5.442297209999999e-16
5547.949725058917,5.376681379999999e-16
5548.893362136686,5.309467869999999e-16
5549.8369992144535,5.27178925e-16
5550.780636292223,5.24411832e-16
5551.724273369992,5.19143926e-16
5552.667910447762,5.175484649999999e-16
5553.61154752553,5.23249076e-16
5554.5551846032995,5.19399111e-16
5555.498821681069,5.193591690000001e-16
5556.442458758837,5.23968032e-16
5557.386095836607,5.173398789999999e-16
5558.329732914376,5.149189500000001e-16
5559.273369992145,5.197075519999999e-16
5560.217007069913,5.27229962e-16
5561.159662215239,5.337937639999999e-16
5562.103299293009,5.266374890000002e-16
5563.046936370778,5.172866229999999e-16
5563.990573448547,5.16980401e-16
5564.934210526316,5.199516419999999e-16
5565.877847604085,5.16718559e-16
5566.821484681855,5.10691755e-16
5567.765121759624,5.114905949999999e-16
5568.7087588373915,5.175284939999999e-16
5569.652395915161,5.213385169999999e-16
5570.59603299293,5.26045016e-16
5571.539670070699,5.251463210000001e-16
5572.483307148468,5.198562249999999e-16
5573.4269442262375,5.263401429999999e-16
5574.370581304007,5.211410260000001e-16
5575.314218381775,5.19876196e-16
5576.256873527102,5.153472169999999e-16
5577.20051060487,5.108226759999999e-16
5578.144147682639,5.200736870000001e-16
5579.087784760409,5.29903857e-16
5580.031421838177,5.354336049999999e-16
5580.975058915947,5.354225100000001e-16
5581.918695993716,5.31530384e-16
5582.862333071485,5.241100479999999e-16
5583.805970149254,5.26974777e-16
5584.749607227023,5.271900200000001e-16
5585.693244304793,5.213695830000002e-16
5586.63688138256,5.14796905e-16
5587.58051846033,5.116614579999999e-16
5588.524155538099,5.10882589e-16
5589.467792615868,5.10536425e-16
5590.411429693637,5.12950697e-16
5591.354084838963,5.176882619999999e-16
5592.297721916732,5.220907579999999e-16
5593.241358994502,5.1396921800000005e-16
5594.184996072271,5.12094163e-16
5595.12863315004,5.16239255e-16
5596.072270227808,5.201801989999999e-16
5597.0159073055775,5.190152240000001e-16
5597.959544383347,5.12475831e-16
5598.903181461115,5.11601545e-16
5599.846818538885,5.151208789999999e-16
5600.790455616654,5.16578762e-16
5601.7340926944225,5.13221415e-16
5602.677729772192,5.190351949999999e-16
5603.621366849961,5.313240169999999e-16
5604.56500392773,5.33740508e-16
5605.508641005498,5.27425234e-16
5606.451296150824,5.25374878e-16
5607.394933228594,5.286678739999999e-16
5608.338570306363,5.30886874e-16
5609.282207384133,5.31943118e-16
5610.225844461901,5.282640159999999e-16
5611.16948153967,5.250819700000001e-16
5612.11311861744,5.25152978e-16
5613.056755695209,5.22084101e-16
5614.000392772977,5.23000548e-16
5614.944029850746,5.262447259999999e-16
5615.8876669285155,5.19565536e-16
5616.831304006284,5.16640894e-16
5617.774941084053,5.225012729999999e-16
5618.718578161823,5.287544150000001e-16
5619.662215239592,5.266663359999999e-16
5620.605852317361,5.193680450000001e-16
5621.548507462687,5.12489145e-16
5622.492144540456,5.11918862e-16
5623.435781618225,5.158287400000001e-16
5624.379418695994,5.189797200000001e-16
5625.3230557737625,5.178147450000002e-16
5626.266692851532,5.209302209999999e-16
5627.210329929301,5.178413730000001e-16
5628.153967007071,5.17697138e-16
5629.097604084839,5.17195644e-16
5630.0412411626085,5.175928449999999e-16
5630.984878240378,5.24245407e-16
5631.928515318146,5.276027539999999e-16
5632.872152395915,5.278579389999999e-16
5633.815789473684,5.272565899999999e-16
5634.7594265514535,5.246581409999999e-16
5635.703063629222,5.22321534e-16
5636.645718774548,5.18622461e-16
5637.589355852318,5.153805020000002e-16
5638.532992930087,5.116614579999999e-16
5639.476630007856,5.11716933e-16
5640.420267085625,5.169559919999999e-16
5641.363904163393,5.20359938e-16
5642.307541241163,5.207549199999999e-16
5643.251178318932,5.175617789999999e-16
5644.1948153967005,5.18507073e-16
5645.13845247447,5.1868903100000005e-16
5646.082089552239,5.16330234e-16
5647.025726630008,5.16088363e-16
5647.969363707777,5.184427219999999e-16
5648.9130007855465,5.18833266e-16
5649.856637863316,5.139159620000002e-16
5650.800274941083,5.134788189999999e-16
5651.74293008641,5.15194106e-16
5652.686567164179,5.13909305e-16
5653.630204241948,5.135032279999999e-16
5654.573841319718,5.133789639999999e-16
5655.517478397486,5.098840390000001e-16
5656.461115475256,5.110179479999999e-16
5657.404752553025,5.20393223e-16
5658.348389630794,5.184094369999999e-16
5659.292026708562,5.04349853e-16
5660.235663786331,4.926379709999999e-16
5661.179300864101,4.892362439999999e-16
5662.122937941869,4.8924512e-16
5663.066575019639,4.79641288e-16
5664.010212097408,4.810015349999999e-16
5664.953849175177,4.946972029999999e-16
5665.897486252946,4.97905877e-16
5666.840141398272,4.967253689999999e-16
5667.783778476041,4.909803779999999e-16
5668.72741555381,4.83979433e-16
5669.671052631579,4.89251777e-16
5670.614689709348,4.9036127700000005e-16
5671.558326787117,4.830563290000001e-16
5672.501963864886,4.916860199999999e-16
5673.445600942656,5.04340977e-16
5674.389238020424,5.0018035200000005e-16
5675.332875098194,4.994369869999999e-16
5676.276512175963,5.03628678e-16
5677.2201492537315,5.04110201e-16
5678.1637863315,4.97861497e-16
5679.107423409269,4.86884104e-16
5680.051060487039,4.795281189999999e-16
5680.993715632365,4.695426189999999e-16
5681.937352710133,4.724184429999999e-16
5682.880989787903,4.7859392e-16
5683.824626865672,4.859343719999999e-16
5684.7682639434415,4.97715043e-16
5685.71190102121,4.917370570000001e-16
5686.6555380989785,4.856436829999999e-16
5687.599175176748,4.88018013e-16
5688.542812254517,4.886348949999999e-16
5689.486449332286,4.87334561e-16
5690.430086410055,4.86202871e-16
5691.3737234878245,4.860231319999999e-16
5692.317360565593,4.85794575e-16
5693.260997643362,4.850356769999999e-16
5694.204634721132,4.88029108e-16
5695.148271798901,4.890210009999999e-16
5696.090926944226,4.89384917e-16
5697.034564021995,5.005021069999999e-16
5697.978201099764,5.033734930000001e-16
5698.921838177534,4.86857476e-16
5699.865475255303,4.81041477e-16
5700.809112333071,4.96186152e-16
5701.752749410841,5.02505864e-16
5702.69638648861,4.987113739999999e-16
5703.64002356638,4.99530185e-16
5704.583660644148,4.884019e-16
5705.5272977219165,4.718437220000001e-16
5706.470934799686,4.7659016299999995e-16
5707.414571877454,4.919678329999999e-16
5708.358208955224,4.986536800000001e-16
5709.301846032993,4.85071181e-16
5710.2454831107625,4.73716558e-16
5711.188138256089,4.74741736e-16
5712.131775333857,4.76594601e-16
5713.0754124116265,4.848470620000001e-16
5714.019049489395,4.948591900000001e-16
5714.962686567164,4.98052331e-16
5715.906323644933,4.946217570000001e-16
5716.849960722702,4.84969107e-16
5717.793597800472,4.83950586e-16
5718.737234878241,4.9785484e-16
5719.6808719560095,4.991707069999999e-16
5720.624509033779,4.92078783e-16
5721.568146111548,4.95205354e-16
5722.511783189317,5.00530954e-16
5723.455420267085,5.036908100000001e-16
5724.399057344855,5.05679034e-16
5725.342694422624,5.05434944e-16
5726.28534956795,5.051908540000001e-16
5727.228986645719,5.04946764e-16
5728.172623723488,5.04702674e-16
5729.116260801257,5.044585840000001e-16
5730.059897879027,5.042144939999999e-16
5731.003534956795,5.03970404e-16
5731.947172034565,5.037263140000001e-16
5732.890809112333,5.111710589999999e-16
5733.834446190102,5.09864068e-16
5734.778083267871,5.10294554e-16
5735.72172034564,5.03528823e-16
5736.66535742341,5.03917148e-16
5737.608994501178,5.06060702e-16
5738.5526315789475,4.972246440000001e-16
5739.496268656717,4.96179495e-16
5740.439905734486,5.03988156e-16
5741.3825608798115,5.040236599999999e-16
5742.32619795758,4.969206409999999e-16
5743.269835035349,5.015561320000001e-16
5744.213472113119,5.02230708e-16
5745.157109190888,4.990686330000001e-16
5746.100746268657,5.033868069999999e-16
5747.044383346426,5.05339527e-16
5747.988020424195,5.058787440000001e-16
5748.931657501965,5.09977237e-16
5749.875294579733,5.026234710000001e-16
5750.818931657502,4.979391620000002e-16
5751.762568735271,5.0019810399999995e-16
5752.70620581304,4.96203904e-16
5753.649842890809,4.944753029999999e-16
5754.593479968578,4.891008849999999e-16
5755.537117046348,4.88237694e-16
5756.479772191674,5.054882e-16
5757.423409269442,5.07764894e-16
5758.367046347212,4.955892409999999e-16
5759.310683424981,5.03404559e-16
5760.25432050275,5.182740780000001e-16
5761.197957580518,5.12606752e-16
5762.141594658287,5.014940000000002e-16
5763.085231736057,4.972246440000001e-16
5764.028868813826,5.0051764e-16
5764.972505891595,4.96887356e-16
5765.916142969364,4.96305978e-16
5766.859780047133,5.1443077e-16
5767.803417124902,5.181720039999999e-16
5768.747054202671,5.084572219999999e-16
5769.69069128044,5.05807736e-16
5770.634328358209,5.178147450000002e-16
5771.576983503535,5.10221327e-16
5772.520620581304,4.98249822e-16
5773.464257659073,5.016559869999999e-16
5774.4078947368425,5.05645749e-16
5775.351531814612,5.11883358e-16
5776.29516889238,5.16381271e-16
5777.23880597015,5.09189492e-16
5778.182443047918,4.98713593e-16
5779.126080125688,4.998452829999999e-16
5780.069717203456,4.95944281e-16
5781.0133542812255,4.81025944e-16
5781.956991358995,4.7546513e-16
5782.900628436763,4.6897677399999995e-16
5783.844265514533,4.74484332e-16
5784.787902592302,4.882798549999999e-16
5785.7315396700715,4.873634079999999e-16
5786.674194815398,4.795480899999999e-16
5787.617831893165,4.80275922e-16
5788.561468970935,4.98511664e-16
5789.505106048704,5.077338279999999e-16
5790.448743126473,5.04396452e-16
5791.392380204242,5.02701136e-16
5792.336017282011,5.02219613e-16
5793.279654359781,4.973688789999999e-16
5794.22329143755,4.98880018e-16
5795.166928515318,4.979857609999999e-16
5796.110565593088,5.03919367e-16
5797.054202670856,5.07272276e-16
5797.997839748625,5.04192304e-16
5798.941476826394,5.041146390000001e-16
5799.8851139041635,5.016227019999999e-16
5800.828750981933,4.98072302e-16
5801.771406127259,4.92853214e-16
5802.7150432050275,4.88117868e-16
5803.658680282797,4.93325861e-16
5804.602317360566,4.94943512e-16
5805.545954438335,4.99993956e-16
5806.489591516103,5.11965461e-16
5807.433228593873,5.12959573e-16
5808.376865671642,5.09768651e-16
5809.320502749411,5.077693319999999e-16
5810.26413982718,5.13330146e-16
5811.207776904949,5.07942414e-16
5812.151413982719,4.988445139999999e-16
5813.095051060487,5.00741759e-16
5814.0386881382565,5.0672640199999995e-16
5814.982325216025,5.125468389999999e-16
5815.924980361351,5.17566217e-16
5816.8686174391205,5.129196309999999e-16
5817.812254516889,5.079290999999999e-16
5818.755891594658,5.08583705e-16
5819.699528672428,5.065799479999999e-16
5820.643165750197,5.105342059999999e-16
5821.586802827966,5.095600649999999e-16
5822.530439905735,5.029274739999999e-16
5823.474076983504,4.97797146e-16
5824.417714061273,5.018068789999999e-16
5825.361351139041,5.09296004e-16
5826.304988216811,5.11530537e-16
5827.24862529458,5.142510310000001e-16
5828.1922623723485,5.10853742e-16
5829.135899450118,5.091362359999999e-16
5830.079536527887,5.141778039999999e-16
5831.0221916732135,5.071457929999999e-16
5831.965828750983,5.08985344e-16
5832.90946582875,5.08719064e-16
5833.85310290652,5.101148149999999e-16
5834.796739984289,5.05363936e-16
5835.7403770620585,5.00706255e-16
5836.684014139827,4.98043455e-16
5837.627651217596,5.01913391e-16
5838.571288295366,5.070082150000001e-16
5839.514925373135,5.05479324e-16
5840.458562450904,5.029141600000002e-16
5841.402199528673,5.008283e-16
5842.3458366064415,5.062337839999999e-16
5843.28947368421,5.066487369999999e-16
5844.233110761979,5.09029724e-16
5845.176747839749,5.151208789999999e-16
5846.119402985075,5.08863299e-16
5847.063040062844,4.96718712e-16
5848.006677140613,5.019000770000001e-16
5848.950314218382,5.152229529999999e-16
5849.8939512961515,5.11832321e-16
5850.83758837392,5.03883863e-16
5851.781225451688,5.048557850000001e-16
5852.724862529458,5.008460519999999e-16
5853.668499607227,4.906186809999999e-16
5854.612136684997,4.84995735e-16
5855.555773762765,4.86864133e-16
5856.499410840534,4.890121249999999e-16
5857.443047918304,4.904944169999999e-16
5858.386684996072,4.95555956e-16
5859.330322073842,4.990752900000001e-16
5860.27395915161,5.0199771299999995e-16
5861.216614296936,5.025990619999999e-16
5862.160251374706,4.96867385e-16
5863.103888452474,4.934678769999999e-16
5864.047525530244,5.002802069999999e-16
5864.991162608013,5.04127953e-16
5865.934799685782,4.99878568e-16
5866.878436763551,4.904367229999999e-16
5867.82207384132,4.85488353e-16
5868.7657109190895,4.9122003e-16
5869.709347996858,4.917725610000001e-16
5870.6529850746265,4.85455068e-16
5871.596622152396,4.90796201e-16
5872.540259230165,5.06599919e-16
5873.483896307934,5.09977237e-16
5874.427533385703,5.155469270000002e-16
5875.3711704634725,5.307026969999999e-16
5876.313825608799,5.255634929999999e-16
5877.257462686568,5.05530361e-16
5878.2010997643365,4.97950257e-16
5879.144736842105,4.942356509999999e-16
5880.088373919874,4.851310939999999e-16
5881.032010997644,4.86260565e-16
5881.975648075412,4.93452344e-16
5882.919285153182,4.80566611e-16
5883.862922230951,4.77945972e-16
5884.80655930872,4.75704782e-16
5885.750196386489,4.690744099999999e-16
5886.693833464258,4.60759817e-16
5887.637470542027,4.70341459e-16
5888.581107619795,4.75385246e-16
5889.5247446975645,4.716684209999999e-16
5890.468381775334,4.60400339e-16
5891.41103692066,4.54524427e-16
5892.3546739984295,4.603493019999999e-16
5893.298311076198,4.577930139999999e-16
5894.241948153967,4.67683097e-16
5895.185585231737,4.77830584e-16
5896.129222309506,4.81571818e-16
5897.072859387274,4.74548683e-16
5898.016496465043,4.562308379999999e-16
5898.960133542812,4.56328474e-16
5899.903770620582,4.63686678e-16
5900.84740769835,4.7826107e-16
5901.79104477612,4.916416399999999e-16
5902.734681853889,4.84165829e-16
5903.6783189316575,4.818846969999999e-16
5904.621956009427,4.85452849e-16
5905.565593087196,4.908649899999999e-16
5906.5082482325215,4.906253380000001e-16
5907.451885310291,4.938917059999999e-16
5908.395522388059,4.897443949999999e-16
5909.339159465829,4.835866699999999e-16
5910.282796543598,4.74184767e-16
5911.2264336213675,4.6244847599999995e-16
5912.170070699136,4.635047200000001e-16
5913.113707776905,4.771737599999999e-16
5914.057344854675,4.865157499999999e-16
5915.000981932443,4.84598534e-16
5915.944619010212,4.70809668e-16
5916.888256087981,4.682999789999999e-16
5917.83189316575,4.729354700000001e-16
5918.775530243519,4.74484332e-16
5919.719167321288,4.718991969999999e-16
5920.662804399058,4.71541938e-16
5921.605459544384,4.83315952e-16
5922.549096622153,4.902392319999999e-16
5923.492733699922,4.890897900000001e-16
5924.43637077769,4.859232770000001e-16
5925.38000785546,4.775975889999999e-16
5926.323644933229,4.75829046e-16
5927.267282010997,4.791708599999999e-16
5928.210919088767,4.82532645e-16
5929.154556166536,4.804889460000001e-16
5930.098193244306,4.713156e-16
5931.041830322074,4.68359892e-16
5931.985467399843,4.760531649999999e-16
5932.929104477613,4.827123840000001e-16
5933.87274155538,4.803247399999999e-16
5934.81637863315,4.731418369999999e-16
5935.759033778476,4.67050682e-16
5936.702670856245,4.689878689999999e-16
5937.646307934015,4.71513091e-16
5938.589945011783,4.73587856e-16
5939.5335820895525,4.68748217e-16
5940.477219167322,4.677807329999999e-16
5941.420856245091,4.706876230000001e-16
5942.364493322859,4.732017500000001e-16
5943.308130400628,4.682711319999999e-16
5944.251767478398,4.67561052e-16
5945.195404556167,4.76275065e-16
5946.139041633935,4.77886059e-16
5947.082678711705,4.69176484e-16
5948.026315789474,4.627746690000001e-16
5948.969952867243,4.655461999999999e-16
5949.913589945012,4.683687679999999e-16
5950.856245090338,4.594572640000001e-16
5951.799882168107,4.63344952e-16
5952.743519245876,4.63635641e-16
5953.687156323645,4.59093348e-16
5954.630793401414,4.65648274e-16
5955.574430479183,4.763549489999999e-16
5956.518067556953,4.670928429999999e-16
5957.461704634721,4.599876049999999e-16
5958.405341712491,4.74180329e-16
5959.34897879026,4.79683449e-16
5960.292615868029,4.71945796e-16
5961.236252945797,4.65697092e-16
5962.179890023566,4.57919497e-16
5963.123527101336,4.63941863e-16
5964.067164179104,4.70931713e-16
5965.0108012568735,4.63784314e-16
5965.9534564022,4.63484749e-16
5966.897093479969,4.70401372e-16
5967.840730557738,4.684308999999999e-16
5968.784367635507,4.701794719999999e-16
5969.728004713275,4.64984793e-16
5970.671641791045,4.6543525e-16
5971.615278868814,4.671438799999999e-16
5972.558915946583,4.68843634e-16
5973.502553024352,4.696757589999999e-16
5974.446190102121,4.72183229e-16
5975.389827179891,4.7113808000000005e-16
5976.333464257659,4.62850115e-16
5977.277101335429,4.6133675700000005e-16
5978.220738413198,4.62393001e-16
5979.1643754909655,4.65961153e-16
5980.108012568735,4.727623879999999e-16
5981.050667714061,4.706920609999999e-16
5981.9943047918305,4.68750436e-16
5982.9379418696,4.65470754e-16
5983.881578947368,4.59428417e-16
5984.825216025138,4.54839525e-16
5985.768853102907,4.583988010000001e-16
5986.7124901806765,4.648827190000001e-16
5987.656127258445,4.637465909999999e-16
5988.599764336213,4.58924704e-16
5989.543401413983,4.60872986e-16
5990.487038491752,4.60946213e-16
5991.430675569521,4.62215481e-16
5992.37431264729,4.64563183e-16
5993.317949725059,4.65621646e-16
5994.261586802828,4.69045563e-16
5995.205223880597,4.66487056e-16
5996.147879025923,4.63240659e-16
5997.091516103692,4.656527119999999e-16
5998.035153181461,4.670773100000001e-16
5998.97879025923,4.68805911e-16
5999.922427336999,4.701883479999999e-16
6000.8660644147685,4.65539543e-16
6001.809701492538,4.615764089999999e-16
6002.753338570306,4.64709637e-16
6003.696975648076,4.653442709999999e-16
6004.640612725845,4.66999645e-16
6005.5842498036145,4.644145100000001e-16
6006.527886881382,4.61765024e-16
6007.471523959151,4.609417749999999e-16
6008.415161036921,4.62366373e-16
6009.358798114689,4.67860617e-16
6010.302435192459,4.6390413999999995e-16
6011.245090337785,4.58811535e-16
6012.188727415554,4.53883136e-16
6013.132364493324,4.48797188e-16
6014.076001571092,4.55192346e-16
6015.0196386488615,4.56241933e-16
6015.96327572663,4.47967282e-16
6016.906912804399,4.50541322e-16
6017.850549882168,4.59597061e-16
6018.794186959937,4.66318412e-16
6019.737824037707,4.65455221e-16
6020.681461115476,4.63478092e-16
6021.625098193244,4.639263299999999e-16
6022.568735271014,4.60258323e-16
6023.512372348783,4.591554800000001e-16
6024.456009426552,4.54744108e-16
6025.39964650432,4.529644700000001e-16
6026.342301649646,4.526560289999999e-16
6027.285938727416,4.57864022e-16
6028.229575805185,4.64709637e-16
6029.1732128829535,4.634603400000001e-16
6030.116849960723,4.631807459999999e-16
6031.060487038492,4.607287509999999e-16
6032.004124116262,4.63027635e-16
6032.94776119403,4.71814875e-16
6033.891398271799,4.664559899999999e-16
6034.835035349568,4.594417309999999e-16
6035.778672427337,4.595593379999999e-16
6036.722309505106,4.544312289999999e-16
6037.665946582875,4.49873403e-16
6038.609583660645,4.47361495e-16
6039.553220738413,4.53206341e-16
6040.4968578161825,4.5769315900000005e-16
6041.439512961509,4.53190808e-16
6042.383150039278,4.50614549e-16
6043.3267871170465,4.54258147e-16
6044.270424194815,4.533261670000001e-16
6045.214061272584,4.52394187e-16
6046.157698350354,4.539541439999999e-16
6047.101335428123,4.53869822e-16
6048.044972505892,4.56457176e-16
6048.988609583661,4.580481989999999e-16
6049.93224666143,4.60240571e-16
6050.8758837392,4.56809997e-16
6051.819520816968,4.50536884e-16
6052.763157894737,4.52174506e-16
6053.706794972506,4.50332736e-16
6054.6504320502745,4.50270604e-16
6055.594069128044,4.54506675e-16
6056.53672427337,4.53632389e-16
6057.480361351139,4.5500595e-16
6058.423998428909,4.57797452e-16
6059.367635506677,4.560178139999999e-16
6060.311272584447,4.52081308e-16
6061.254909662215,4.54136102e-16
6062.1985467399845,4.551257760000001e-16
6063.142183817753,4.52849082e-16
6064.085820895522,4.49349719e-16
6065.029457973292,4.549415989999999e-16
6065.973095051061,4.54098379e-16
6066.91673212883,4.49238769e-16
6067.860369206599,4.51648603e-16
6068.804006284368,4.52041366e-16
6069.747643362137,4.50110836e-16
6070.690298507462,4.52871272e-16
6071.6339355852315,4.57213855e-16
6072.577572663001,4.59750172e-16
6073.52120974077,4.545909969999999e-16
6074.464846818539,4.51027283e-16
6075.408483896308,4.54622063e-16
6076.3521209740775,4.565148699999999e-16
6077.295758051847,4.51187051e-16
6078.239395129615,4.489880219999999e-16
6079.183032207385,4.48737275e-16
6080.126669285153,4.4536883300000005e-16
6081.070306362923,4.45410994e-16
6082.013943440691,4.497624529999999e-16
6082.95758051846,4.49385223e-16
6083.90121759623,4.46502742e-16
6084.844854673998,4.47385904e-16
6085.787509819324,4.44683162e-16
6086.731146897094,4.48806064e-16
6087.674783974863,4.518926929999999e-16
6088.618421052632,4.488593200000001e-16
6089.5620581304,4.527980449999999e-16
6090.5056952081695,4.53472621e-16
6091.449332285939,4.526316199999999e-16
6092.392969363708,4.49977696e-16
6093.336606441477,4.50607892e-16
6094.280243519246,4.48850444e-16
6095.2238805970155,4.49438479e-16
6096.167517674785,4.4284583000000005e-16
6097.111154752553,4.460323139999999e-16
6098.054791830322,4.54417915e-16
6098.998428908091,4.51539872e-16
6099.94206598586,4.45910269e-16
6100.884721131186,4.41407918e-16
6101.828358208955,4.3932871499999997e-16
6102.771995286725,4.44148383e-16
6103.715632364494,4.44019681e-16
6104.6592694422625,4.3568511699999997e-16
6105.602906520032,4.3431377499999996e-16
6106.5465435978,4.3608675599999997e-16
6107.49018067557,4.3942635099999996e-16
6108.433817753338,4.428436109999999e-16
6109.377454831108,4.46591502e-16
6110.321091908877,4.44450167e-16
6111.264728986646,4.447164469999999e-16
6112.208366064415,4.44317027e-16
6113.152003142184,4.445766499999999e-16
6114.095640219954,4.4260617799999997e-16
6115.039277297722,4.40504785e-16
6115.981932443047,4.39049121e-16
6116.925569520817,4.3790855499999996e-16
6117.869206598586,4.3984796100000003e-16
6118.812843676355,4.3556972900000002e-16
6119.756480754124,4.3645511000000004e-16
6120.700117831893,4.3880503099999995e-16
6121.643754909663,4.36634849e-16
6122.587391987432,4.3714521899999997e-16
6123.5310290652005,4.32361055e-16
6124.47466614297,4.3105406399999996e-16
6125.418303220738,4.33934326e-16
6126.361940298508,4.4077106499999997e-16
6127.305577376276,4.42899086e-16
6128.249214454046,4.37402623e-16
6129.192851531815,4.33188742e-16
6130.1364886095835,4.37129686e-16
6131.07914375491,4.4388654099999995e-16
6132.022780832679,4.3919557500000003e-16
6132.966417910448,4.33574848e-16
6133.910054988217,4.30812193e-16
6134.853692065985,4.3532785799999997e-16
6135.797329143755,4.27565796e-16
6136.740966221524,4.15660861e-16
6137.6846032992935,4.2085554e-16
6138.628240377062,4.2416406899999996e-16
6139.571877454831,4.15647547e-16
6140.515514532601,4.2085110199999996e-16
6141.45915161037,4.2968715999999996e-16
6142.402788688139,4.19714974e-16
6143.346425765907,4.1967947000000004e-16
6144.290062843676,4.3092979999999997e-16
6145.233699921445,4.29476355e-16
6146.176355066771,4.2828697100000003e-16
6147.11999214454,4.2613676000000005e-16
6148.06362922231,4.2688900099999997e-16
6149.007266300079,4.28557689e-16
6149.950903377848,4.26119008e-16
6150.894540455617,4.2095983300000003e-16
6151.838177533386,4.2038733099999997e-16
6152.781814611155,4.28923824e-16
6153.725451688923,4.2409306099999997e-16
6154.669088766693,4.25690741e-16
6155.612725844462,4.2437487399999997e-16
6156.5563629222315,4.15656423e-16
6157.5,4.15629795e-16
6158.443637077769,4.1544783699999996e-16
6159.387274155539,4.15749621e-16
6160.330911233307,4.2032963699999998e-16
6161.2735663786325,4.2067802000000003e-16
6162.217203456402,4.17533697e-16
6163.160840534171,4.12181469e-16
6164.104477611941,4.08577813e-16
6165.048114689709,4.060991899999999e-16
6165.9917517674785,4.1125614599999998e-16
6166.935388845248,4.14267329e-16
6167.879025923017,4.13597191e-16
6168.822663000786,4.1576071599999996e-16
6169.766300078555,4.1684580699999997e-16
6170.709937156324,4.12070519e-16
6171.653574234093,4.1108084499999996e-16
6172.597211311861,4.1268518200000003e-16
6173.540848389631,4.1761358099999996e-16
6174.4844854674,4.2619667299999997e-16
6175.428122545169,4.2688900099999997e-16
6176.370777690495,4.2557535299999996e-16
6177.314414768264,4.30481562e-16
6178.258051846034,4.2793858800000003e-16
6179.201688923803,4.2502726000000003e-16
6180.1453260015705,4.264429819999999e-16
6181.08896307934,4.2816048799999996e-16
6182.032600157109,4.3191503599999995e-16
6182.976237234879,4.39004741e-16
6183.919874312647,4.37045364e-16
6184.8635113904165,4.3405415199999996e-16
6185.807148468186,4.4155881000000004e-16
6186.750785545955,4.23835657e-16
6187.694422623724,4.1815057899999998e-16
6188.638059701493,4.2942531799999997e-16
6189.581696779262,4.3564517499999997e-16
6190.52533385703,4.31007465e-16
6191.467989002356,4.2385784700000003e-16
6192.411626080126,4.17746721e-16
6193.355263157895,4.3265840100000003e-16
6194.298900235664,4.3799731499999996e-16
6195.242537313433,4.2881731199999997e-16
6196.186174391202,4.30035543e-16
6197.129811468972,4.3940638000000004e-16
6198.07344854674,4.3180408599999996e-16
6199.017085624509,4.2215587399999997e-16
6199.960722702278,4.2244878199999995e-16
6200.904359780047,4.2907249699999997e-16
6201.847996857817,4.28346884e-16
6202.791633935585,4.2318548999999995e-16
6203.735271013355,4.30976399e-16
6204.678908091124,4.3515255699999995e-16
6205.62156323645,4.3380118599999997e-16
6206.565200314219,4.3294465200000003e-16
6207.508837391987,4.358870459999999e-16
6208.452474469756,4.384988089999999e-16
6209.396111547526,4.380084099999999e-16
6210.339748625294,4.3495284699999997e-16
6211.283385703064,4.341096269999999e-16
6212.227022780833,4.34351498e-16
6213.170659858602,4.2912575299999997e-16
6214.114296936371,4.2749478799999996e-16
6215.05793401414,4.3225232400000003e-16
6216.00157109191,4.3379674799999997e-16
6216.945208169678,4.3473982300000003e-16
6217.888845247447,4.3873846099999996e-16
6218.832482325216,4.41563248e-16
6219.776119402985,4.3632418899999997e-16
6220.718774548312,4.3140688499999996e-16
6221.66241162608,4.32589612e-16
6222.606048703849,4.3162656599999997e-16
6223.549685781619,4.26618283e-16
6224.493322859388,4.246211829999999e-16
6225.436959937156,4.2878624599999997e-16
6226.380597014925,4.3212806000000004e-16
6227.3242340926945,4.31761925e-16
6228.267871170464,4.31344753e-16
6229.211508248232,4.33244217e-16
6230.155145326002,4.329269e-16
6231.098782403771,4.30914267e-16
6232.0424194815405,4.3641738699999997e-16
6232.986056559309,4.36590469e-16
6233.929693637078,4.27710031e-16
6234.873330714847,4.28413454e-16
6235.815985860173,4.3501276000000004e-16
6236.7596229379415,4.3680571199999997e-16
6237.703260015711,4.3854097e-16
6238.64689709348,4.35370019e-16
6239.59053417125,4.2322987e-16
6240.534171249018,4.23287564e-16
6241.477808326787,4.34307118e-16
6242.421445404557,4.34187292e-16
6243.365082482326,4.35749468e-16
6244.308719560094,4.319660729999999e-16
6245.252356637863,4.2596367799999996e-16
6246.1959937156325,4.25766187e-16
6247.139630793402,4.38325727e-16
6248.08326787117,4.42100246e-16
6249.02690494894,4.3676577e-16
6249.970542026709,4.3296018499999996e-16
6250.913197172035,4.31682041e-16
6251.856834249804,4.2905030699999997e-16
6252.800471327572,4.2370473599999997e-16
6253.744108405342,4.2914794299999997e-16
6254.687745483111,4.31200518e-16
6255.6313825608795,4.3153336800000003e-16
6256.575019638649,4.2908581099999997e-16
6257.518656716418,4.2594592599999996e-16
6258.462293794188,4.2930771099999996e-16
6259.405930871956,4.3418951099999997e-16
6260.3495679497255,4.2966718900000003e-16
6261.293205027495,4.2645407699999995e-16
6262.236842105263,4.36375226e-16
6263.180479183032,4.3965934599999997e-16
6264.124116260801,4.4007873699999997e-16
6265.067753338571,4.4021631499999996e-16
6266.010408483897,4.41853937e-16
6266.954045561665,4.35099301e-16
6267.897682639435,4.2519590399999997e-16
6268.841319717204,4.3056366499999997e-16
6269.784956794973,4.332752829999999e-16
6270.728593872742,4.2609016100000003e-16
6271.67223095051,4.27931931e-16
6272.61586802828,4.32405435e-16
6273.559505106049,4.3943078899999996e-16
6274.5031421838175,4.3475091799999996e-16
6275.446779261587,4.3890488599999997e-16
6276.390416339356,4.34726509e-16
6277.334053417126,4.3615332599999996e-16
6278.277690494894,4.3847218100000002e-16
6279.2213275726635,4.3592255000000003e-16
6280.164964650433,4.29440851e-16
6281.107619795758,4.28524404e-16
6282.051256873527,4.23786839e-16
6282.994893951296,4.1939543799999996e-16
6283.938531029065,4.25843852e-16
6284.882168106835,4.2905030699999997e-16
6285.825805184603,4.3202820499999997e-16
6286.769442262373,4.3694772799999996e-16
6287.713079340142,4.27050988e-16
6288.656716417911,4.2992459299999996e-16
6289.600353495679,4.3829687999999996e-16
6290.543990573448,4.36861187e-16
6291.487627651218,4.3257407900000003e-16
6292.431264728987,4.3474204199999996e-16
6293.374901806756,4.37402623e-16
6294.318538884525,4.31726421e-16
6295.262175962294,4.2982251899999997e-16
6296.2048311076205,4.3021971999999997e-16
6297.148468185389,4.4242865800000003e-16
6298.092105263158,4.478208280000001e-16
6299.035742340927,4.4753013900000005e-16
6299.979379418696,4.503238600000001e-16
6300.923016496465,4.43547034e-16
6301.866653574234,4.46167673e-16
6302.8102906520035,4.45067049e-16
6303.753927729773,4.3619992500000003e-16
6304.697564807541,4.35387771e-16
6305.641201885311,4.3299790800000003e-16
6306.58483896308,4.2491409099999996e-16
6307.528476040849,4.28544375e-16
6308.472113118617,4.2931880600000003e-16
6309.415750196386,4.2486083499999996e-16
6310.359387274156,4.2314776700000003e-16
6311.302042419482,4.3171532599999997e-16
6312.24567949725,4.3184846599999996e-16
6313.18931657502,4.2184743299999997e-16
6314.132953652789,4.2186518499999997e-16
6315.076590730559,4.30288509e-16
6316.020227808327,4.2699107499999997e-16
6316.9638648860955,4.2480757899999997e-16
6317.907501963865,4.24787608e-16
6318.851139041634,4.2538008100000003e-16
6319.794776119403,4.27088711e-16
6320.738413197172,4.22715062e-16
6321.6820502749415,4.3865413899999996e-16
6322.625687352711,4.39572805e-16
6323.569324430479,4.35709526e-16
6324.512961508249,4.3052816099999997e-16
6325.455616653575,4.27767725e-16
6326.399253731343,4.29656094e-16
6327.342890809112,4.2153455399999997e-16
6328.286527886881,4.18288157e-16
6329.230164964651,4.2545108899999997e-16
6330.17380204242,4.30217501e-16
6331.1174391201885,4.29396471e-16
6332.061076197958,4.2482755000000004e-16
6333.004713275727,4.2531572999999996e-16
6333.948350353497,4.16169012e-16
6334.891987431265,4.1393226e-16
6335.835624509034,4.1752482099999997e-16
6336.779261586803,4.18727519e-16
6337.722898664572,4.29052526e-16
6338.666535742341,4.3095198999999997e-16
6339.61017282011,4.2014102199999996e-16
6340.552827965436,4.1929780199999997e-16
6341.496465043206,4.19459789e-16
6342.440102120974,4.1688574899999996e-16
6343.383739198744,4.14677844e-16
6344.327376276512,4.13093478e-16
6345.271013354281,4.125875459999999e-16
6346.21465043205,4.23720269e-16
6347.158287509819,4.27477036e-16
6348.101924587589,4.2246431500000003e-16
6349.045561665358,4.2824702900000003e-16
6349.9891987431265,4.20782313e-16
6350.932835820896,4.1481986000000003e-16
6351.876472898665,4.213880999999999e-16
6352.820109976435,4.20247534e-16
6353.763747054202,4.11655566e-16
6354.707384131972,4.15767373e-16
6355.650039277298,4.16521833e-16
6356.593676355067,4.0842913999999997e-16
6357.537313432836,4.04088776e-16
6358.480950510605,4.0725085100000003e-16
6359.424587588374,4.13080164e-16
6360.368224666144,4.19362153e-16
6361.311861743912,4.1733398700000003e-16
6362.255498821681,4.1519265199999995e-16
6363.19913589945,4.2198057299999996e-16
6364.1427729772195,4.19399876e-16
6365.086410054988,4.22635178e-16
6366.030047132757,4.233852e-16
6366.973684210527,4.242195439999999e-16
6367.917321288296,4.19357715e-16
6368.860958366065,4.12012825e-16
6369.804595443834,4.1660171700000003e-16
6370.74725058916,4.2680689799999995e-16
6371.690887666929,4.2362485199999997e-16
6372.634524744697,4.20010101e-16
6373.578161822466,4.1243443499999997e-16
6374.521798900236,4.1235898899999997e-16
6375.465435978005,4.17689027e-16
6376.409073055774,4.2342736099999996e-16
6377.352710133543,4.27698936e-16
6378.296347211312,4.23434018e-16
6379.239984289082,4.2500507000000003e-16
6380.18362136685,4.2490965299999996e-16
6381.127258444619,4.19353277e-16
6382.070895522388,4.13397481e-16
6383.0145326001575,4.11995073e-16
6383.958169677926,4.22273481e-16
6384.901806755695,4.3097417999999997e-16
6385.8444619010215,4.26034686e-16
6386.788098978791,4.2326759299999997e-16
6387.731736056559,4.29944564e-16
6388.675373134329,4.25866042e-16
6389.619010212097,4.23971016e-16
6390.562647289867,4.2596367799999996e-16
6391.506284367635,4.3028185199999996e-16
6392.4499214454045,4.32822607e-16
6393.393558523174,4.2941644199999997e-16
6394.337195600943,4.2617892099999997e-16
6395.280832678712,4.2482533099999997e-16
6396.224469756481,4.2223575799999997e-16
6397.1681068342505,4.2143691799999997e-16
6398.11174391202,4.30599169e-16
6399.055380989787,4.37262826e-16
6399.999018067557,4.34986132e-16
6400.941673212883,4.3014427399999997e-16
6401.885310290652,4.303861449999999e-16
6402.828947368421,4.29591743e-16
6403.77258444619,4.2982695699999997e-16
6404.71622152396,4.287329899999999e-16
6405.659858601729,4.3112063399999996e-16
6406.603495679497,4.3771993999999995e-16
6407.547132757267,4.32478662e-16
6408.490769835035,4.2898151799999995e-16
6409.434406912805,4.3619992500000003e-16
6410.378043990573,4.3658159299999996e-16
6411.3216810683425,4.40167497e-16
6412.265318146112,4.401874679999999e-16
6413.208955223881,4.274659409999999e-16
6414.15259230165,4.26252148e-16
6415.096229379419,4.4079769299999997e-16
6416.038884524745,4.4009205099999996e-16
6416.982521602514,4.3929321099999997e-16
6417.926158680282,4.3963715599999997e-16
6418.869795758052,4.4153883899999996e-16
6419.813432835821,4.37644494e-16
6420.75706991359,4.38827221e-16
6421.700706991359,4.40134212e-16
6422.644344069128,4.44705352e-16
6423.587981146898,4.46742394e-16
6424.531618224667,4.41201551e-16
6425.4752553024355,4.3768443599999996e-16
6426.418892380204,4.36705857e-16
6427.362529457973,4.38734023e-16
6428.306166535743,4.3949514000000003e-16
6429.249803613511,4.3724729299999996e-16
6430.193440691281,4.35299011e-16
6431.136095836607,4.41581e-16
6432.079732914376,4.41243712e-16
6433.023369992145,4.4047593799999996e-16
6433.967007069914,4.4005654699999997e-16
6434.910644147683,4.3872070899999996e-16
6435.854281225452,4.373648999999999e-16
6436.79791830322,4.4058023100000003e-16
6437.74155538099,4.33810062e-16
6438.685192458759,4.2753694900000003e-16
6439.628829536528,4.38001753e-16
6440.572466614297,4.40085394e-16
6441.516103692066,4.4138129000000005e-16
6442.459740769836,4.450448589999999e-16
6443.403377847605,4.4115938999999997e-16
6444.3470149253735,4.3707643e-16
6445.290652003142,4.36379664e-16
6446.233307148468,4.485996969999999e-16
6447.1769442262375,4.45490878e-16
6448.120581304006,4.3893151399999997e-16
6449.064218381775,4.3745809799999997e-16
6450.007855459545,4.3649949000000004e-16
6450.951492537314,4.3727392099999996e-16
6451.895129615083,4.37531325e-16
6452.838766692852,4.38228091e-16
6453.7824037706205,4.4190941199999996e-16
6454.72604084839,4.448651200000001e-16
6455.669677926158,4.3756017199999996e-16
6456.613315003928,4.3007548499999995e-16
6457.556952081697,4.3587817000000003e-16
6458.5005891594665,4.43225279e-16
6459.444226237235,4.46176549e-16
6460.386881382561,4.45226817e-16
6461.3305184603305,4.37447003e-16
6462.2741555381,4.3829687999999996e-16
6463.217792615867,4.39970006e-16
6464.161429693637,4.384322389999999e-16
6465.105066771406,4.42055866e-16
6466.048703849176,4.38514342e-16
6466.992340926944,4.33432832e-16
6467.935978004713,4.3683234e-16
6468.879615082483,4.3986127500000003e-16
6469.823252160252,4.446143729999999e-16
6470.766889238021,4.493319669999999e-16
6471.71052631579,4.46926571e-16
6472.6541633935585,4.3955283400000003e-16
6473.597800471328,4.3331744399999996e-16
6474.541437549096,4.3083660200000003e-16
6475.4840926944225,4.3638188299999997e-16
6476.427729772192,4.40979651e-16
6477.371366849961,4.4241756299999995e-16
6478.31500392773,4.4259730199999997e-16
6479.258641005499,4.412991869999999e-16
6480.2022780832685,4.43027788e-16
6481.145915161037,4.4324968799999997e-16
6482.0895522388055,4.39621623e-16
6483.033189316575,4.4058688799999996e-16
6483.976826394344,4.446188110000001e-16
6484.920463472114,4.47658841e-16
6485.864100549882,4.4386435099999995e-16
6486.8077376276515,4.4004767099999997e-16
6487.751374705421,4.38986989e-16
6488.69501178319,4.36428482e-16
6489.638648860959,4.40036576e-16
6490.581304006284,4.4110613399999997e-16
6491.524941084053,4.3770662599999995e-16
6492.468578161823,4.3407856100000003e-16
6493.412215239591,4.2584828999999997e-16
6494.355852317361,4.2610569399999995e-16
6495.29948939513,4.31249336e-16
6496.243126472899,4.27028798e-16
6497.186763550668,4.3501497899999996e-16
6498.130400628437,4.3993894e-16
6499.074037706207,4.38046133e-16
6500.017674783975,4.4229773699999996e-16
6500.9613118617435,4.39018055e-16
6501.904948939513,4.38580912e-16
6502.848586017282,4.3996113e-16
6503.792223095052,4.446898189999999e-16
6504.73586017282,4.53130895e-16
6505.678515318146,4.55052549e-16
6506.622152395916,4.522943319999999e-16
6507.565789473685,4.51646384e-16
6508.509426551453,4.46043409e-16
6509.453063629222,4.41991515e-16
6510.396700706991,4.43961987e-16
6511.340337784761,4.47006455e-16
6512.283974862529,4.469132569999999e-16
6513.227611940299,4.45450936e-16
6514.171249018068,4.45568543e-16
6515.114886095837,4.485486599999999e-16
6516.058523173606,4.50474752e-16
6517.002160251375,4.516441649999999e-16
6517.945797329144,4.505746069999999e-16
6518.889434406913,4.50448124e-16
6519.833071484682,4.49649284e-16
6520.775726630008,4.53550286e-16
6521.719363707777,4.63691116e-16
6522.6630007855465,4.60231695e-16
6523.606637863315,4.507410320000001e-16
6524.550274941084,4.45104772e-16
6525.493912018854,4.46540465e-16
6526.437549096623,4.44758608e-16
6527.381186174391,4.48206934e-16
6528.32482325216,4.56783369e-16
6529.268460329929,4.48741713e-16
6530.212097407699,4.480959839999999e-16
6531.155734485467,4.533461379999999e-16
6532.099371563237,4.54351345e-16
6533.043008641006,4.531331139999999e-16
6533.986645718775,4.50457e-16
6534.930282796544,4.47536796e-16
6535.872937941869,4.451247429999999e-16
6536.816575019639,4.45734968e-16
6537.760212097408,4.48772779e-16
6538.703849175176,4.52176725e-16
6539.647486252946,4.53357233e-16
6540.591123330715,4.494029749999999e-16
6541.5347604084845,4.45362176e-16
6542.478397486253,4.55500787e-16
6543.422034564022,4.67738572e-16
6544.365671641792,4.730242300000001e-16
6545.30930871956,4.840548789999999e-16
6546.252945797329,5.0005165e-16
6547.196582875098,5.076850100000001e-16
6548.1402199528675,5.003933759999999e-16
6549.083857030637,4.91705991e-16
6550.027494108405,4.83775285e-16
6550.9701492537315,4.77389003e-16
6551.913786331501,4.68701618e-16
6552.85742340927,4.573248049999999e-16
6553.801060487039,4.4346715000000006e-16
6554.744697564807,4.35134805e-16
6555.688334642577,4.3832794599999996e-16
6556.631971720346,4.52860177e-16
6557.575608798114,4.82663566e-16
6558.519245875884,5.661956020000001e-16
6559.462882953653,7.139854399999999e-16
6560.406520031423,8.650283319999999e-16
6561.350157109191,9.547580350000001e-16
6562.29379418696,9.68411542e-16
6563.23743126473,9.36644338e-16
6564.181068342498,8.72002649e-16
6565.124705420267,7.56232981e-16
6566.067360565593,6.12568264e-16
6567.010997643362,5.15737761e-16
6567.954634721132,4.7928181e-16
6568.8982717989,4.63899702e-16
6569.84190887667,4.54823992e-16
6570.785545954439,4.49871184e-16
6571.729183032208,4.533882989999999e-16
6572.672820109976,4.556028609999999e-16
6573.616457187745,4.50765441e-16
6574.560094265515,4.52394187e-16
6575.503731343284,4.60240571e-16
6576.4473684210525,4.61578628e-16
6577.391005498822,4.5881375399999995e-16
6578.334642576591,4.67740791e-16
6579.278279654361,4.87552023e-16
6580.221916732129,5.27496242e-16
6581.164571877455,5.771108629999999e-16
6582.108208955224,6.018593700000001e-16
6583.051846032993,5.983577879999999e-16
6583.995483110762,5.8691884300000005e-16
6584.939120188531,5.64562418e-16
6585.8827572663,5.32173894e-16
6586.82639434407,4.969916489999999e-16
6587.770031421838,4.70385839e-16
6588.713668499608,4.564682709999999e-16
6589.657305577377,4.47183975e-16
6590.600942655145,4.4174076800000002e-16
6591.544579732914,4.4144786000000004e-16
6592.488216810683,4.46700233e-16
6593.431853888453,4.502306619999999e-16
6594.375490966222,4.44862901e-16
6595.318146111547,4.41188237e-16
6596.261783189317,4.46555998e-16
6597.205420267086,4.450892389999999e-16
6598.1490573448555,4.4326743999999997e-16
6599.092694422624,4.465249319999999e-16
6600.036331500392,4.40041014e-16
6600.979968578162,4.3557860499999997e-16
6601.923605655931,4.37577924e-16
6602.8672427337,4.3824806199999997e-16
6603.810879811469,4.35955835e-16
6604.754516889238,4.41199332e-16
6605.698153967008,4.4336507599999996e-16
6606.641791044776,4.38580912e-16
6607.585428122546,4.3599799599999997e-16
6608.529065200315,4.3865413899999996e-16
6609.4727022780835,4.44940566e-16
6610.415357423409,4.48320103e-16
6611.358994501178,4.500043239999999e-16
6612.3026315789475,4.53417146e-16
6613.246268656717,4.47907369e-16
6614.189905734485,4.38598664e-16
6615.133542812255,4.35030512e-16
6616.077179890024,4.3869851899999996e-16
6617.0208169677935,4.3875177499999996e-16
6617.964454045562,4.4086870099999996e-16
6618.90809112333,4.4097077499999995e-16
6619.8517282011,4.4069118099999997e-16
6620.795365278869,4.36679229e-16
6621.739002356638,4.32780446e-16
6622.682639434407,4.3554532000000005e-16
6623.626276512176,4.4352928199999995e-16
6624.569913589946,4.4249966599999997e-16
6625.512568735271,4.3953952000000003e-16
6626.4562058130405,4.35263507e-16
6627.399842890809,4.34988351e-16
6628.343479968578,4.3373017800000003e-16
6629.287117046347,4.3135141e-16
6630.230754124116,4.3074784200000003e-16
6631.174391201886,4.30150931e-16
6632.118028279655,4.3045049599999995e-16
6633.061665357423,4.30712338e-16
6634.005302435193,4.3479529799999995e-16
6634.948939512962,4.38995865e-16
6635.892576590732,4.36000215e-16
6636.836213668499,4.34726509e-16
6637.7798507462685,4.33583724e-16
6638.723487824038,4.3108512999999996e-16
6639.667124901807,4.3414956899999997e-16
6640.6097800471325,4.37245074e-16
6641.553417124902,4.36353036e-16
6642.497054202671,4.3235883599999997e-16
6643.440691280441,4.3536779999999996e-16
6644.384328358209,4.37371557e-16
6645.327965435978,4.30468248e-16
6646.271602513747,4.2899705100000003e-16
6647.215239591516,4.27261793e-16
6648.158876669285,4.2576396800000003e-16
6649.102513747054,4.31409104e-16
6650.046150824824,4.3407856100000003e-16
6650.989787902593,4.31209394e-16
6651.933424980361,4.3054591299999997e-16
6652.877062058131,4.3185512300000003e-16
6653.8206991359,4.311761089999999e-16
6654.764336213669,4.3025078599999997e-16
6655.706991358994,4.30377269e-16
6656.650628436763,4.2853106099999996e-16
6657.594265514533,4.278764559999999e-16
6658.537902592302,4.2793858800000003e-16
6659.481539670071,4.2888832000000006e-16
6660.42517674784,4.2996897299999996e-16
6661.368813825609,4.2899261300000003e-16
6662.312450903379,4.2511601999999997e-16
6663.256087981147,4.1778888199999998e-16
6664.199725058916,4.2102640300000003e-16
6665.143362136685,4.2907249699999997e-16
6666.086999214454,4.2497400400000003e-16
6667.030636292223,4.22422154e-16
6667.974273369992,4.2715971899999996e-16
6668.917910447762,4.23511683e-16
6669.861547525531,4.21669913e-16
6670.804202670856,4.27980749e-16
6671.747839748626,4.28280314e-16
6672.691476826394,4.29369843e-16
6673.6351139041635,4.2753029199999995e-16
6674.578750981932,4.2409306099999997e-16
6675.522388059701,4.26837964e-16
6676.466025137471,4.28766275e-16
6677.40966221524,4.2498288000000003e-16
6678.353299293009,4.2316329999999996e-16
6679.296936370778,4.23667013e-16
6680.240573448547,4.25952583e-16
6681.184210526317,4.2988687e-16
6682.127847604084,4.2245987700000003e-16
6683.071484681854,4.2950076399999997e-16
6684.015121759623,4.2783873299999996e-16
6684.958758837392,4.2446807199999997e-16
6685.901413982718,4.2620333000000004e-16
6686.845051060487,4.2741934199999996e-16
6687.7886881382565,4.278986459999999e-16
6688.732325216026,4.2658943599999997e-16
6689.675962293794,4.2919898e-16
6690.619599371564,4.3742259399999997e-16
6691.563236449332,4.35594138e-16
6692.506873527102,4.20979804e-16
6693.45051060487,4.15290288e-16
6694.394147682639,4.19442037e-16
6695.337784760409,4.2515152399999997e-16
6696.281421838178,4.23957702e-16
6697.225058915947,4.2028969500000003e-16
6698.168695993716,4.22255729e-16
6699.112333071485,4.18478991e-16
6700.055970149255,4.1150467399999996e-16
6700.998625294579,4.15265879e-16
6701.9422623723485,4.1704773600000003e-16
6702.885899450118,4.0716652900000003e-16
6703.829536527887,4.0731964e-16
6704.773173605656,4.1500625599999997e-16
6705.716810683425,4.1772231200000003e-16
6706.6604477611945,4.1934661999999997e-16
6707.604084838964,4.16308809e-16
6708.547721916732,4.0942547100000003e-16
6709.491358994501,4.14768823e-16
6710.43499607227,4.2905918299999997e-16
6711.37863315004,4.2591485999999997e-16
6712.322270227808,4.604425e-16
6713.2659073055775,5.156978190000001e-16
6714.209544383347,5.391570869999999e-16
6715.152199528673,5.37728051e-16
6716.0958366064415,5.38677783e-16
6717.039473684211,5.38959596e-16
6717.98311076198,5.08792291e-16
6718.926747839749,4.65761443e-16
6719.870384917517,4.3559191899999997e-16
6720.814021995287,4.2293696199999997e-16
6721.757659073056,4.1557875800000003e-16
6722.701296150825,4.1364822799999996e-16
6723.644933228594,4.15272536e-16
6724.588570306363,4.147311e-16
6725.532207384133,4.2010995599999997e-16
6726.475844461902,4.3658825000000003e-16
6727.41948153967,4.61953639e-16
6728.363118617439,4.858899919999999e-16
6729.306755695208,5.024326369999999e-16
6730.249410840534,5.00309054e-16
6731.193047918303,4.877761420000001e-16
6732.136684996072,4.759999089999999e-16
6733.080322073842,4.566102869999999e-16
6734.023959151611,4.3050153299999997e-16
6734.9675962293795,4.0881746499999997e-16
6735.911233307149,4.0195853599999997e-16
6736.854870384917,4.090105179999999e-16
6737.798507462687,4.1164003299999997e-16
6738.742144540455,4.02890516e-16
6739.685781618225,4.013216829999999e-16
6740.629418695994,4.0274849999999996e-16
6741.573055773763,4.0442384499999997e-16
6742.516692851532,4.01987383e-16
6743.460329929301,3.9987267599999996e-16
6744.403967007071,3.93209019e-16
6745.346622152397,3.87488437e-16
6746.290259230164,3.80214555e-16
6747.233896307934,3.75110855e-16
6748.177533385703,3.74351957e-16
6749.1211704634725,3.8373166999999997e-16
6750.064807541241,3.9814185600000003e-16
6751.00844461901,4.0919691399999997e-16
6751.95208169678,4.0803637699999997e-16
6752.895718774549,3.99155939e-16
6753.839355852318,3.940655529999999e-16
6754.782992930087,3.99335678e-16
6755.726630007855,4.06378784e-16
6756.670267085625,4.09685094e-16
6757.613904163393,4.1085894500000003e-16
6758.557541241163,4.1301803199999995e-16
6759.501178318932,4.10874478e-16
6760.443833464258,4.0534916800000003e-16
6761.387470542027,4.0035198000000003e-16
6762.331107619796,3.95467961e-16
6763.274744697565,3.9033097599999997e-16
6764.218381775334,3.8781463000000004e-16
6765.162018853102,3.9236801800000003e-16
6766.105655930872,3.9229257200000003e-16
6767.049293008641,3.86980286e-16
6767.9929300864105,3.85171801e-16
6768.936567164179,3.9090791600000003e-16
6769.880204241948,3.97152182e-16
6770.823841319718,3.9833269e-16
6771.767478397487,3.9791773699999997e-16
6772.711115475256,3.98352661e-16
6773.654752553024,4.01224047e-16
6774.5983896307935,3.97746874e-16
6775.54104477612,3.9726978899999996e-16
6776.484681853888,4.0033422800000003e-16
6777.4283189316575,4.0068704900000003e-16
6778.371956009427,3.9679714199999997e-16
6779.315593087196,3.9646873000000004e-16
6780.259230164965,3.9821730199999997e-16
6781.202867242734,3.93730484e-16
6782.1465043205035,3.87479561e-16
6783.090141398272,3.92279258e-16
6784.03377847604,3.9735411099999996e-16
6784.97741555381,3.9201963499999998e-16
6785.921052631579,3.9339763399999996e-16
6786.864689709349,3.89048394e-16
6787.808326787117,3.8613928500000003e-16
6788.751963864886,3.8460595599999996e-16
6789.695600942656,3.7614269e-16
6790.638256087982,3.79034047e-16
6791.5818931657495,3.8155261199999997e-16
6792.525530243519,3.7966868100000002e-16
6793.469167321288,3.83469828e-16
6794.412804399058,3.84315267e-16
6795.356441476826,3.8333446899999997e-16
6796.3000785545955,3.8078483799999997e-16
6797.243715632365,3.81577021e-16
6798.187352710134,3.8491439699999996e-16
6799.130989787903,3.7849483000000003e-16
6800.074626865672,3.78634627e-16
6801.018263943441,3.8488333099999997e-16
6801.96190102121,3.86811642e-16
6802.9055380989785,3.80487492e-16
6803.849175176748,3.77682676e-16
6804.792812254517,3.8658530399999997e-16
6805.735467399843,3.9067048299999997e-16
6806.679104477612,3.78559181e-16
6807.622741555381,3.73255771e-16
6808.566378633151,3.8264657899999997e-16
6809.51001571092,3.8512963999999997e-16
6810.453652788688,3.82335919e-16
6811.397289866457,3.78035497e-16
6812.340926944226,3.77877948e-16
6813.284564021996,3.85176239e-16
6814.228201099764,3.85118545e-16
6815.171838177534,3.8152598399999997e-16
6816.115475255303,3.8177895000000005e-16
6817.059112333072,3.84390713e-16
6818.002749410841,3.8406452e-16
6818.94638648861,3.8435299000000003e-16
6819.890023566379,3.8104002300000003e-16
6820.832678711705,3.74043516e-16
6821.776315789473,3.7513970199999996e-16
6822.719952867243,3.7714123999999997e-16
6823.663589945012,3.8006588199999997e-16
6824.607227022781,3.8585303399999997e-16
6825.55086410055,3.8695587699999997e-16
6826.494501178319,3.85211743e-16
6827.438138256089,3.8405342499999997e-16
6828.381775333857,3.84126652e-16
6829.325412411626,3.8110659300000003e-16
6830.269049489395,3.82568914e-16
6831.212686567164,3.83054875e-16
6832.156323644934,3.78286244e-16
6833.099960722702,3.7655986199999996e-16
6834.043597800472,3.7998599800000003e-16
6834.987234878241,3.7959545399999996e-16
6835.929890023567,3.74016888e-16
6836.873527101336,3.74562762e-16
6837.817164179104,3.7893863000000005e-16
6838.7608012568735,3.73022776e-16
6839.704438334643,3.7245249299999997e-16
6840.648075412411,3.74562762e-16
6841.591712490181,3.70963544e-16
6842.53534956795,3.6951897499999997e-16
6843.4789866457195,3.71955437e-16
6844.422623723488,3.7405461099999996e-16
6845.366260801257,3.73757265e-16
6846.309897879026,3.7314704000000005e-16
6847.253534956795,3.7158486399999996e-16
6848.197172034564,3.6996055599999997e-16
6849.140809112333,3.70539715e-16
6850.083464257659,3.7170469000000005e-16
6851.027101335429,3.672334049999999e-16
6851.970738413197,3.63447791e-16
6852.914375490966,3.67832535e-16
6853.858012568736,3.7369735199999996e-16
6854.801649646505,3.75013219e-16
6855.745286724273,3.72119643e-16
6856.688923802042,3.69467938e-16
6857.6325608798115,3.67215653e-16
6858.576197957581,3.6763504400000003e-16
6859.519835035349,3.7189774299999996e-16
6860.463472113119,3.7219286999999997e-16
6861.407109190888,3.7307381300000003e-16
6862.3507462686575,3.7188221000000004e-16
6863.294383346426,3.6898197699999996e-16
6864.238020424195,3.7124313800000003e-16
6865.180675569521,3.78616875e-16
6866.12431264729,3.7958657799999996e-16
6867.0679497250585,3.7472474899999997e-16
6868.011586802828,3.71289737e-16
6868.955223880597,3.72962863e-16
6869.898860958367,3.80068101e-16
6870.842498036135,3.8970521799999996e-16
6871.7861351139045,3.8838935099999998e-16
6872.729772191674,3.7925816600000003e-16
6873.673409269442,3.7780250200000003e-16
6874.617046347211,3.7552137e-16
6875.56068342498,3.7562788200000003e-16
6876.50432050275,3.76371247e-16
6877.447957580519,3.83412134e-16
6878.391594658287,3.8189211899999997e-16
6879.335231736057,3.74351957e-16
6880.277886881383,3.6688058400000003e-16
6881.221523959152,3.6490567399999997e-16
6882.165161036921,3.72993929e-16
6883.108798114689,3.8040982699999997e-16
6884.052435192459,3.73007243e-16
6884.996072270228,3.61969937e-16
6885.9397093479965,3.66283673e-16
6886.883346425766,3.7682836099999997e-16
6887.826983503535,3.81375092e-16
6888.770620581305,3.7857027600000003e-16
6889.714257659073,3.7932029799999997e-16
6890.6578947368425,3.8301271399999997e-16
6891.601531814612,3.7674847700000003e-16
6892.54516889238,3.6961883e-16
6893.488805970149,3.7854364800000003e-16
6894.432443047918,3.7703250899999996e-16
6895.375098193244,3.79875048e-16
6896.318735271014,3.7827293000000005e-16
6897.262372348782,3.78885374e-16
6898.206009426552,3.7849483000000003e-16
6899.149646504321,3.76313553e-16
6900.09328358209,3.69911738e-16
6901.036920659858,3.67828097e-16
6901.980557737627,3.6950788e-16
6902.924194815397,3.72279411e-16
6903.867831893166,3.75714423e-16
6904.811468970935,3.7456498100000003e-16
6905.755106048704,3.75212929e-16
6906.698743126473,3.8170794199999996e-16
6907.642380204243,3.86163694e-16
6908.586017282011,3.8185661499999997e-16
6909.529654359781,3.74822385e-16
6910.472309505106,3.6899751000000003e-16
6911.415946582875,3.7237260900000003e-16
6912.359583660644,3.79974903e-16
6913.303220738413,3.7697037699999996e-16
6914.2468578161825,3.70792681e-16
6915.190494893952,3.73504299e-16
6916.13413197172,3.7255900499999997e-16
6917.07776904949,3.7304052799999996e-16
6918.021406127259,3.8056515699999996e-16
6918.965043205028,3.7710573600000003e-16
6919.908680282796,3.7183117299999997e-16
6920.852317360565,3.70320034e-16
6921.795954438335,3.71524951e-16
6922.739591516104,3.7216624199999997e-16
6923.683228593873,3.6742423899999997e-16
6924.626865671642,3.61237667e-16
6925.569520816968,3.6322145299999996e-16
6926.513157894738,3.6299955299999997e-16
6927.456794972506,3.7392147099999997e-16
6928.4004320502745,3.78024402e-16
6929.344069128044,3.7255012899999997e-16
6930.287706205813,3.7302721399999996e-16
6931.231343283582,3.70266778e-16
6932.174980361351,3.66041802e-16
6933.1186174391205,3.6634802399999997e-16
6934.06225451689,3.65657915e-16
6935.005891594658,3.7474250099999997e-16
6935.949528672428,3.7379720700000003e-16
6936.893165750197,3.7232822900000003e-16
6937.836802827966,3.59870763e-16
6938.780439905734,3.65367226e-16
6939.724076983503,3.71491666e-16
6940.66673212883,3.7614269e-16
6941.610369206599,3.78197484e-16
6942.5540062843675,3.81506013e-16
6943.497643362137,3.7996380800000003e-16
6944.441280439906,3.76544329e-16
6945.384917517676,3.73735075e-16
6946.328554595444,3.7306937500000003e-16
6947.272191673213,3.70981296e-16
6948.215828750982,3.66909431e-16
6949.159465828751,3.59963961e-16
6950.10310290652,3.59919581e-16
6951.046739984289,3.6487460799999997e-16
6951.9903770620585,3.65977451e-16
6952.934014139828,3.6266004599999997e-16
6953.877651217596,3.62313882e-16
6954.821288295366,3.6809881499999997e-16
6955.763943440691,3.7306493700000003e-16
6956.70758051846,3.7170469000000005e-16
6957.651217596229,3.68811114e-16
6958.594854673998,3.68296306e-16
6959.538491751768,3.7379055000000005e-16
6960.482128829537,3.75661167e-16
6961.4257659073055,3.68418351e-16
6962.369402985075,3.6718680599999996e-16
6963.313040062844,3.69714247e-16
6964.256677140614,3.65990765e-16
6965.200314218381,3.6688502200000003e-16
6966.143951296151,3.6491011199999997e-16
6967.08758837392,3.59626673e-16
6968.031225451689,3.6101576699999996e-16
6968.974862529458,3.67845849e-16
6969.917517674784,3.6722674799999996e-16
6970.861154752553,3.7039326099999996e-16
6971.804791830323,3.7262113699999996e-16
6972.748428908091,3.6945240500000003e-16
6973.692065985861,3.70823747e-16
6974.635703063629,3.6436201900000003e-16
6975.5793401413985,3.60345629e-16
6976.522977219167,3.6549592800000003e-16
6977.466614296936,3.65267371e-16
6978.410251374706,3.7002712599999996e-16
6979.353888452475,3.62944078e-16
6980.297525530244,3.50118258e-16
6981.241162608013,3.6094254e-16
6982.184799685782,3.6878670499999998e-16
6983.128436763552,3.68757858e-16
6984.072073841319,3.71289737e-16
6985.014728986645,3.6474146800000003e-16
6985.958366064415,3.61002453e-16
6986.902003142184,3.6702703799999997e-16
6987.845640219953,3.71713566e-16
6988.789277297722,3.7102345699999997e-16
6989.732914375491,3.7484901299999996e-16
6990.676551453261,3.7162702500000003e-16
6991.620188531029,3.67404268e-16
6992.563825608798,3.69583326e-16
6993.507462686567,3.72423646e-16
6994.4510997643365,3.7341997699999996e-16
6995.394736842105,3.6693827800000003e-16
6996.338373919874,3.61415187e-16
6997.282010997644,3.65289561e-16
6998.225648075413,3.68771172e-16
6999.169285153182,3.61379683e-16
7000.111940298508,3.5462948499999995e-16
7001.055577376277,3.5636030500000003e-16
7001.999214454046,3.54982306e-16
7002.942851531814,3.54554039e-16
7003.8864886095835,3.63831678e-16
7004.830125687353,3.6398478899999996e-16
7005.773762765122,3.59451372e-16
7006.717399842891,3.6146844300000003e-16
7007.66103692066,3.6740204899999997e-16
7008.6046739984295,3.64501816e-16
7009.548311076199,3.63680786e-16
7010.491948153967,3.6233829099999997e-16
7011.435585231736,3.53704162e-16
7012.379222309505,3.6167481000000004e-16
7013.322859387275,3.70677293e-16
7014.266496465043,3.61978813e-16
7015.209151610369,3.5768061e-16
7016.152788688139,3.64965587e-16
7017.096425765908,3.69689838e-16
7018.040062843676,3.7161814900000003e-16
7018.983699921446,3.71365183e-16
7019.927336999214,3.6846494999999997e-16
7020.870974076984,3.70470926e-16
7021.814611154752,3.62040945e-16
7022.7582482325215,3.51835764e-16
7023.701885310291,3.55481581e-16
7024.64552238806,3.6148619500000003e-16
7025.589159465829,3.64279916e-16
7026.532796543598,3.6236935699999997e-16
7027.4764336213675,3.64082425e-16
7028.420070699137,3.73548679e-16
7029.363707776904,3.70644008e-16
7030.306362922231,3.62380452e-16
7031.25,3.58554896e-16
7032.193637077769,3.5992179999999996e-16
7033.137274155538,3.6325917600000003e-16
7034.080911233307,3.5846169799999996e-16
7035.024548311077,3.58313025e-16
7035.968185388846,3.6562906799999997e-16
7036.9118224666145,3.69450186e-16
7037.855459544384,3.70060411e-16
7038.799096622152,3.6889765499999997e-16
7039.742733699922,3.6899751000000003e-16
7040.68637077769,3.66825109e-16
7041.63000785546,3.6238267099999997e-16
7042.573644933229,3.6380505000000004e-16
7043.517282010998,3.71957656e-16
7044.460919088767,3.702113029999999e-16
7045.403574234093,3.6064075599999996e-16
7046.347211311862,3.61745818e-16
7047.290848389631,3.65578031e-16
7048.234485467399,3.6716017799999996e-16
7049.178122545169,3.6782143999999997e-16
7050.121759622938,3.64148995e-16
7051.065396700707,3.6755294099999996e-16
7052.009033778476,3.7377945500000003e-16
7052.952670856245,3.6633027199999997e-16
7053.896307934015,3.6677629099999996e-16
7054.839945011784,3.7179123099999997e-16
7055.7835820895525,3.72208403e-16
7056.727219167321,3.7243917899999997e-16
7057.67085624509,3.59429182e-16
7058.61449332286,3.5934264100000002e-16
7059.558130400628,3.70430984e-16
7060.500785545954,3.7217511799999997e-16
7061.444422623724,3.65970794e-16
7062.388059701493,3.65944166e-16
7063.331696779262,3.68260802e-16
7064.275333857031,3.68600309e-16
7065.2189709348,3.708326229999999e-16
7066.162608012569,3.70501992e-16
7067.106245090337,3.6529399899999997e-16
7068.049882168107,3.6653442000000005e-16
7068.993519245876,3.67712709e-16
7069.9371563236455,3.62438146e-16
7070.880793401414,3.65984108e-16
7071.824430479183,3.7953775999999996e-16
7072.768067556953,3.7831731000000004e-16
7073.711704634722,3.68123224e-16
7074.655341712491,3.6688502200000003e-16
7075.597996857816,3.7426985399999997e-16
7076.541633935585,3.73597497e-16
7077.485271013355,3.70606285e-16
7078.428908091123,3.74114524e-16
7079.372545168892,3.72507968e-16
7080.316182246662,3.6218739900000003e-16
7081.259819324431,3.57771589e-16
7082.2034564022,3.5657332899999997e-16
7083.147093479969,3.5466498899999995e-16
7084.0907305577375,3.62735492e-16
7085.034367635507,3.67193463e-16
7085.978004713275,3.64386428e-16
7086.921641791045,3.6256241000000003e-16
7087.865278868814,3.5793135699999997e-16
7088.8089159465835,3.54312168e-16
7089.752553024352,3.5434323399999995e-16
7090.695208169678,3.5925166199999996e-16
7091.6388452474475,3.59963961e-16
7092.582482325216,3.63019524e-16
7093.5261194029845,3.60629661e-16
7094.469756480754,3.62844223e-16
7095.413393558523,3.60600814e-16
7096.357030636293,3.5778268399999996e-16
7097.300667714061,3.5772499e-16
7098.2443047918305,3.58683598e-16
7099.1879418696,3.58348529e-16
7100.131578947369,3.6439752300000003e-16
7101.075216025138,3.603212199999999e-16
7102.018853102906,3.53271457e-16
7102.962490180676,3.5095482099999995e-16
7103.906127258445,3.4709598000000004e-16
7104.848782403771,3.4849838799999995e-16
7105.79241948154,3.5712364100000003e-16
7106.736056559309,3.61428501e-16
7107.679693637078,3.6198546999999997e-16
7108.623330714847,3.6293964e-16
7109.566967792616,3.5814438099999996e-16
7110.510604870386,3.5534178400000003e-16
7111.454241948154,3.55723452e-16
7112.3978790259225,3.54183466e-16
7113.341516103692,3.57267876e-16
7114.285153181461,3.60259088e-16
7115.228790259231,3.50859404e-16
7116.172427336999,3.4906645199999996e-16
7117.1160644147685,3.6629032999999997e-16
7118.059701492538,3.70497554e-16
7119.003338570307,3.6257572400000003e-16
7119.9459937156325,3.5637805699999993e-16
7120.889630793401,3.65100946e-16
7121.83326787117,3.57678391e-16
7122.77690494894,3.4954353699999995e-16
7123.720542026708,3.5940477299999997e-16
7124.664179104478,3.63241424e-16
7125.607816182247,3.5527965200000003e-16
7126.551453260016,3.4631932999999995e-16
7127.495090337785,3.47541999e-16
7128.438727415554,3.5581886899999997e-16
7129.382364493323,3.54536287e-16
7130.326001571092,3.49456996e-16
7131.269638648861,3.48358591e-16
7132.21327572663,3.4845178900000003e-16
7133.156912804399,3.5893656400000003e-16
7134.100549882169,3.69689838e-16
7135.043205027495,3.69110679e-16
7135.986842105263,3.6532062699999996e-16
7136.930479183033,3.62411518e-16
7137.874116260802,3.6573558e-16
7138.81775333857,3.65238524e-16
7139.761390416339,3.6230278699999997e-16
7140.705027494108,3.60938102e-16
7141.648664571878,3.5817544699999996e-16
7142.592301649646,3.5326923799999997e-16
7143.535938727416,3.41428654e-16
7144.479575805185,3.51580579e-16
7145.423212882954,3.51265481e-16
7146.366849960723,3.4404485499999993e-16
7147.310487038492,3.4129995199999994e-16
7148.254124116261,3.36817572e-16
7149.19776119403,3.3900994399999995e-16
7150.140416339356,3.4856495799999994e-16
7151.084053417125,3.5683738999999997e-16
7152.027690494894,3.60212489e-16
7152.9713275726635,3.5958894999999993e-16
7153.914964650432,3.6284200399999996e-16
7154.858601728201,3.65882034e-16
7155.802238805971,3.65538089e-16
7156.745875883739,3.61397435e-16
7157.689512961508,3.6580880700000003e-16
7158.633150039277,3.65609097e-16
7159.5767871170465,3.5652007299999997e-16
7160.520424194816,3.5428332099999997e-16
7161.464061272584,3.5258578599999997e-16
7162.407698350354,3.5018039000000003e-16
7163.351335428123,3.5067078899999997e-16
7164.2949725058925,3.54156838e-16
7165.237627651219,3.5363093499999997e-16
7166.181264728986,3.5500227699999997e-16
7167.124901806756,3.58142162e-16
7168.068538884525,3.5995286599999996e-16
7169.012175962293,3.56014141e-16
7169.955813040063,3.5177807e-16
7170.899450117832,3.5318713499999995e-16
7171.843087195602,3.5246595999999997e-16
7172.78672427337,3.5067078899999997e-16
7173.730361351139,3.55612502e-16
7174.673998428909,3.62103077e-16
7175.617635506677,3.5755412699999995e-16
7176.561272584446,3.56169471e-16
7177.504909662215,3.67493028e-16
7178.4485467399845,3.592561e-16
7179.392183817754,3.49636735e-16
7180.33483896308,3.51265481e-16
7181.278476040849,3.4925062899999997e-16
7182.222113118618,3.5474709199999997e-16
7183.165750196387,3.54645018e-16
7184.109387274155,3.5078173899999997e-16
7185.053024351924,3.4668324599999997e-16
7185.996661429694,3.4809009200000002e-16
7186.940298507463,3.5914515e-16
7187.8839355852315,3.5900979099999995e-16
7188.827572663001,3.53011834e-16
7189.77120974077,3.48383e-16
7190.71484681854,3.5172925199999998e-16
7191.658483896308,3.5043779399999996e-16
7192.6021209740775,3.44608481e-16
7193.545758051846,3.42023346e-16
7194.489395129615,3.41668306e-16
7195.4320502749415,3.4503230999999994e-16
7196.37568735271,3.5028468299999995e-16
7197.319324430479,3.48525016e-16
7198.262961508249,3.47559751e-16
7199.206598586017,3.4930832299999997e-16
7200.150235663787,3.4078958199999993e-16
7201.093872741556,3.37867159e-16
7202.037509819325,3.4334587000000005e-16
7202.981146897093,3.3877694899999994e-16
7203.924783974862,3.38282112e-16
7204.868421052632,3.36513569e-16
7205.812058130401,3.37527652e-16
7206.7556952081695,3.42882099e-16
7207.699332285939,3.5007165899999996e-16
7208.642969363708,3.56673184e-16
7209.586606441478,3.4898878699999994e-16
7210.529261586804,3.44191309e-16
7211.472898664571,3.4545391999999996e-16
7212.416535742341,3.42735645e-16
7213.36017282011,3.3958244599999996e-16
7214.303809897879,3.4286656599999994e-16
7215.247446975648,3.4882014299999995e-16
7216.191084053417,3.54842509e-16
7217.134721131187,3.5465389399999997e-16
7218.078358208955,3.47468772e-16
7219.021995286725,3.4604861199999997e-16
7219.965632364494,3.5193783799999996e-16
7220.9092694422625,3.5225515499999996e-16
7221.852906520031,3.5025361699999995e-16
7222.7965435978,3.4552270900000003e-16
7223.74018067557,3.38947812e-16
7224.683817753339,3.35239863e-16
7225.626472898665,3.2954590900000003e-16
7226.570109976434,3.4069416499999996e-16
7227.513747054203,3.48212137e-16
7228.4573841319725,3.5577670799999995e-16
7229.401021209741,3.5530184200000003e-16
7230.344658287509,3.4041013300000003e-16
7231.288295365279,3.37061662e-16
7232.231932443048,3.3616518599999995e-16
7233.175569520817,3.3407710699999997e-16
7234.119206598586,3.36526883e-16
7235.062843676355,3.4456410099999994e-16
7236.006480754125,3.4611074399999996e-16
7236.950117831893,3.48422942e-16
7237.893754909663,3.5838847099999994e-16
7238.837391987432,3.5556590299999994e-16
7239.780047132757,3.44916922e-16
7240.723684210527,3.4534296999999997e-16
7241.667321288295,3.4827204999999996e-16
7242.610958366065,3.4622169399999995e-16
7243.554595443834,3.4124225799999995e-16
7244.498232521602,3.37558718e-16
7245.441869599372,3.3399278499999997e-16
7246.385506677141,3.36020951e-16
7247.329143754911,3.36387086e-16
7248.272780832678,3.3679538199999995e-16
7249.2164179104475,3.41668306e-16
7250.160054988217,3.4154404200000003e-16
7251.103692065986,3.4819216599999997e-16
7252.047329143755,3.5053321099999993e-16
7252.990966221524,3.51538418e-16
7253.9346032992935,3.5085274699999996e-16
7254.87725844462,3.5094372600000003e-16
7255.820895522389,3.44291164e-16
7256.7645326001575,3.48684784e-16
7257.708169677926,3.63079437e-16
7258.651806755695,3.5474265399999997e-16
7259.595443833464,3.43629902e-16
7260.539080911233,3.46050831e-16
7261.482717989003,3.5222852699999997e-16
7262.426355066772,3.4707379000000004e-16
7263.36999214454,3.4699612500000003e-16
7264.31362922231,3.51127903e-16
7265.257266300079,3.42072164e-16
7266.200903377849,3.32124387e-16
7267.144540455616,3.3752543300000003e-16
7268.0881775333855,3.47646292e-16
7269.031814611155,3.4657673400000003e-16
7269.974469756481,3.4844735100000003e-16
7270.9181068342505,3.55679072e-16
7271.861743912019,3.57667296e-16
7272.805380989788,3.52057664e-16
7273.749018067558,3.4384292599999997e-16
7274.692655145326,3.43893963e-16
7275.636292223095,3.4895328299999994e-16
7276.579929300864,3.54842509e-16
7277.523566378633,3.5248593099999995e-16
7278.467203456402,3.4596650899999995e-16
7279.410840534171,3.44140272e-16
7280.354477611941,3.38927841e-16
7281.29811468971,3.40545492e-16
7282.2417517674785,3.5185351599999997e-16
7283.185388845248,3.50324625e-16
7284.129025923017,3.4046338900000003e-16
7285.0716810683425,3.37403388e-16
7286.015318146112,3.3596103799999996e-16
7286.95895522388,3.3996633299999996e-16
7287.90259230165,3.4367650099999995e-16
7288.846229379419,3.4467726999999996e-16
7289.789866457188,3.4257587700000003e-16
7290.733503534957,3.43492324e-16
7291.677140612726,3.4537625499999994e-16
7292.620777690496,3.48547206e-16
7293.564414768264,3.49456996e-16
7294.508051846033,3.45109975e-16
7295.451688923802,3.4279112000000004e-16
7296.395326001571,3.4412030099999997e-16
7297.33896307934,3.4778165099999997e-16
7298.282600157109,3.4855386299999997e-16
7299.226237234879,3.54056983e-16
7300.168892380205,3.5736329299999996e-16
7301.112529457974,3.48078997e-16
7302.056166535743,3.4095600699999994e-16
7302.999803613511,3.4278668199999994e-16
7303.943440691281,3.4560037399999995e-16
7304.887077769049,3.3940492599999997e-16
7305.830714846818,3.39254034e-16
7306.774351924588,3.47513152e-16
7307.717989002357,3.4914855500000003e-16
7308.661626080126,3.49246191e-16
7309.605263157895,3.5122110099999994e-16
7310.548900235664,3.46192847e-16
7311.492537313434,3.47490962e-16
7312.436174391201,3.5116562599999996e-16
7313.379811468971,3.4793254299999996e-16
7314.32344854674,3.47244653e-16
7315.266103692066,3.46050831e-16
7316.209740769836,3.4222971299999995e-16
7317.153377847604,3.4417577599999995e-16
7318.0970149253735,3.4829423999999996e-16
7319.040652003143,3.45828931e-16
7319.984289080911,3.41737095e-16
7320.927926158681,3.46035298e-16
7321.871563236449,3.4658117200000003e-16
7322.815200314219,3.3752987100000003e-16
7323.758837391987,3.31605141e-16
7324.702474469756,3.33424721e-16
7325.646111547526,3.39562475e-16
7326.589748625295,3.4562922099999997e-16
7327.533385703064,3.4881792400000002e-16
7328.477022780833,3.5286316099999997e-16
7329.420659858602,3.56968311e-16
7330.363315003928,3.5962889200000003e-16
7331.306952081697,3.56027455e-16
7332.250589159466,3.5585881099999997e-16
7333.194226237235,3.5681963799999997e-16
7334.137863315004,3.51427468e-16
7335.081500392773,3.4601976499999994e-16
7336.025137470542,3.4138649299999996e-16
7336.968774548312,3.40126101e-16
7337.912411626081,3.40343563e-16
7338.856048703849,3.4135986499999996e-16
7339.799685781618,3.4251596399999996e-16
7340.743322859387,3.3776508499999996e-16
7341.686959937157,3.33344837e-16
7342.630597014925,3.3326051499999997e-16
7343.5742340926945,3.32168767e-16
7344.517871170464,3.3867265599999997e-16
7345.46052631579,3.40696384e-16
7346.404163393559,3.30724198e-16
7347.347800471328,3.31245663e-16
7348.291437549096,3.3946261999999997e-16
7349.235074626866,3.4307959e-16
7350.178711704634,3.46448032e-16
7351.122348782404,3.5608292999999998e-16
7352.065985860173,3.5710588900000003e-16
7353.009622937942,3.4172599999999996e-16
7353.953260015711,3.3225086999999997e-16
7354.89689709348,3.3758534599999995e-16
7355.84053417125,3.4230959699999995e-16
7356.784171249019,3.42467146e-16
7357.7278083267865,3.3914974099999997e-16
7358.671445404556,3.39913077e-16
7359.614100549882,3.4137317899999996e-16
7360.5577376276515,3.4298195400000003e-16
7361.501374705421,3.3885461399999996e-16
7362.445011783189,3.2911098499999996e-16
7363.388648860959,3.2884914300000003e-16
7364.332285938728,3.3901660100000002e-16
7365.275923016497,3.45533804e-16
7366.219560094266,3.44681708e-16
7367.163197172034,3.4472164999999996e-16
7368.106834249804,3.4395609499999994e-16
7369.050471327572,3.4239169999999997e-16
7369.994108405342,3.42893194e-16
7370.937745483111,3.4349454299999997e-16
7371.88138256088,3.45378474e-16
7372.825019638649,3.4748652399999997e-16
7373.768656716418,3.5059534300000003e-16
7374.711311861744,3.4129995199999994e-16
7375.654948939513,3.3246611300000003e-16
7376.598586017282,3.3933169899999995e-16
7377.542223095051,3.4509888000000003e-16
7378.48586017282,3.4080955299999995e-16
7379.4294972505895,3.3500686800000003e-16
7380.373134328358,3.3965567299999993e-16
7381.316771406127,3.42156486e-16
7382.260408483897,3.3895446900000003e-16
7383.204045561666,3.4231625399999997e-16
7384.147682639435,3.4321051099999994e-16
7385.091319717203,3.40161605e-16
7386.0349567949725,3.36606767e-16
7386.978593872742,3.32031189e-16
7387.92223095051,3.3508897099999995e-16
7388.86586802828,3.39620169e-16
7389.808523173606,3.3681979100000003e-16
7390.752160251375,3.3002743199999997e-16
7391.695797329145,3.25979976e-16
7392.639434406913,3.39584665e-16
7393.5830714846825,3.49512471e-16
7394.526708562451,3.5053986799999996e-16
7395.470345640219,3.5565022500000003e-16
7396.413982717989,3.5597419899999996e-16
7397.357619795758,3.49760999e-16
7398.301256873528,3.3827989300000003e-16
7399.244893951296,3.34507593e-16
7400.188531029065,3.37578689e-16
7401.132168106835,3.39946362e-16
7402.075805184604,3.38317616e-16
7403.019442262373,3.4078070600000003e-16
7403.963079340141,3.4319497799999996e-16
7404.905734485467,3.4375860399999997e-16
7405.849371563237,3.4203666000000004e-16
7406.793008641006,3.31412088e-16
7407.7366457187745,3.2593115799999995e-16
7408.680282796544,3.3054224000000003e-16
7409.623919874313,3.35892249e-16
7410.567556952082,3.3748992900000003e-16
7411.511194029851,3.3327604799999995e-16
7412.45483110762,3.28258889e-16
7413.398468185389,3.30158353e-16
7414.3421052631575,3.37059443e-16
7415.285742340927,3.4049889299999997e-16
7416.229379418696,3.3808683999999996e-16
7417.173016496466,3.3453200199999996e-16
7418.116653574234,3.4555821299999998e-16
7419.0602906520035,3.45056719e-16
7420.00294579733,3.4627494999999995e-16
7420.946582875099,3.4131104699999997e-16
7421.8902199528675,3.32226461e-16
7422.833857030636,3.2517891699999993e-16
7423.777494108405,3.22218771e-16
7424.721131186175,3.2318847399999994e-16
7425.664768263943,3.2646371799999997e-16
7426.608405341713,3.3217098599999997e-16
7427.552042419482,3.33043053e-16
7428.495679497251,3.2921971600000002e-16
7429.43931657502,3.2856289199999997e-16
7430.382953652789,3.3407045000000004e-16
7431.326590730558,3.38148972e-16
7432.270227808327,3.40381286e-16
7433.2138648860955,3.34902575e-16
7434.157501963865,3.361785e-16
7435.100157109191,3.3768741999999994e-16
7436.04379418696,3.34638514e-16
7436.98743126473,3.3823107500000003e-16
7437.931068342498,3.3792707200000002e-16
7438.874705420268,3.3061768600000003e-16
7439.818342498036,3.29268534e-16
7440.761979575805,3.28551797e-16
7441.705616653574,3.32297469e-16
7442.649253731343,3.34232437e-16
7443.592890809113,3.3182926000000004e-16
7444.536527886881,3.30029651e-16
7445.480164964651,3.30382472e-16
7446.42380204242,3.2573366699999994e-16
7447.367439120189,3.18830358e-16
7448.311076197958,3.18191286e-16
7449.254713275726,3.25145632e-16
7450.1973684210525,3.3494473599999993e-16
7451.141005498822,3.44375486e-16
7452.084642576591,3.50650818e-16
7453.02827965436,3.4382961199999997e-16
7453.971916732129,3.38537297e-16
7454.9155538098985,3.3642259000000003e-16
7455.859190887667,3.3893671700000003e-16
7456.802827965436,3.28127968e-16
7457.746465043206,3.1516678899999997e-16
7458.690102120974,3.1352251e-16
7459.633739198743,3.0382326099999995e-16
7460.577376276512,2.93178718e-16
7461.521013354281,2.8841008699999996e-16
7462.464650432051,2.84036438e-16
7463.408287509819,2.91851756e-16
7464.351924587589,3.0561177500000003e-16
7465.294579732915,3.14303598e-16
7466.238216810684,3.21053796e-16
7467.181853888453,3.26712246e-16
7468.125490966221,3.2679878699999997e-16
7469.0691280439905,3.18888052e-16
7470.01276512176,3.2298210700000003e-16
7470.956402199528,3.44572977e-16
7471.900039277298,3.53892777e-16
7472.843676355067,3.52359448e-16
7473.7873134328365,3.57711676e-16
7474.730950510605,3.640003219999999e-16
7475.674587588374,3.30480108e-16
7476.618224666143,3.2316628399999994e-16
7477.561861743912,3.4382517399999997e-16
7478.505498821681,3.5218858499999997e-16
7479.44913589945,3.66079525e-16
7480.391791044776,3.78812147e-16
7481.335428122546,3.93504146e-16
7482.279065200315,4.0383581000000004e-16
7483.2227022780835,3.98563466e-16
7484.166339355853,3.8189211899999997e-16
7485.109976433622,3.5290310299999997e-16
7486.05361351139,3.2821894699999997e-16
7486.997250589159,3.1523114000000004e-16
7487.940887666929,3.09723582e-16
7488.884524744698,3.18459785e-16
7489.828161822466,3.26335016e-16
7490.771798900236,3.1653369299999997e-16
7491.715435978005,3.11873793e-16
7492.659073055775,3.24282441e-16
7493.602710133543,3.4014163399999997e-16
7494.545365278868,3.4037684799999996e-16
7495.489002356638,3.26390491e-16
7496.432639434407,3.21479844e-16
7497.376276512176,3.4161948799999997e-16
7498.319913589945,3.5515538799999994e-16
7499.263550667714,3.3808240199999997e-16
7500.207187745484,3.27448954e-16
7501.150824823252,3.37334599e-16
7502.0944619010215,3.54749311e-16
7503.038098978791,3.5511988399999994e-16
7503.981736056559,3.3387074e-16
7504.925373134328,3.24064979e-16
7505.869010212097,3.36071988e-16
7506.812647289867,3.4819660399999997e-16
7507.756284367636,3.39049886e-16
7508.6999214454045,3.17996014e-16
7509.642576590731,3.12503989e-16
7510.5862136685,3.29357294e-16
7511.529850746269,3.4299083000000003e-16
7512.473487824039,3.33846331e-16
7513.417124901806,3.1626519399999997e-16
7514.360761979576,3.09029035e-16
7515.304399057345,3.25873464e-16
7516.248036135114,3.3993304799999994e-16
7517.191673212883,3.35574932e-16
7518.135310290652,3.2218548599999996e-16
7519.078947368422,3.1986441199999997e-16
7520.02258444619,3.3429235000000003e-16
7520.96622152396,3.39293976e-16
7521.909858601729,3.36285012e-16
7522.853495679497,3.3855283000000003e-16
7523.797132757266,3.3919412099999996e-16
7524.739787902592,3.34259065e-16
7525.683424980361,3.33762009e-16
7526.627062058131,3.31529695e-16
7527.5706991359,3.2381867000000005e-16
7528.514336213669,3.2592450100000003e-16
7529.457973291438,3.2318847399999994e-16
7530.401610369207,3.1738357000000004e-16
7531.345247446975,3.2132007599999997e-16
7532.288884524744,3.2397178099999996e-16
7533.232521602514,3.20039713e-16
7534.176158680283,3.1800489000000005e-16
7535.119795758052,3.13571328e-16
7536.063432835821,3.15202293e-16
7537.00706991359,3.27073943e-16
7537.95070699136,3.3048676499999996e-16
7538.894344069128,3.27668635e-16
7539.836999214454,3.2818344299999997e-16
7540.780636292223,3.2947268199999996e-16
7541.724273369992,3.31440935e-16
7542.667910447762,3.3754762300000003e-16
7543.61154752553,3.39123113e-16
7544.5551846032995,3.2793269599999996e-16
7545.498821681069,3.1537315600000003e-16
7546.442458758837,3.2066547099999994e-16
7547.386095836607,3.29667954e-16
7548.329732914376,3.3575467099999995e-16
7549.273369992145,3.3214435799999997e-16
7550.217007069913,3.2705397199999997e-16
7551.160644147682,3.2419589999999997e-16
7552.104281225452,3.23634493e-16
7553.047918303221,3.2197689999999997e-16
7553.99155538099,3.20849648e-16
7554.934210526316,3.1922090199999996e-16
7555.877847604085,3.23312738e-16
7556.821484681855,3.21812694e-16
7557.765121759624,3.1499370700000003e-16
7558.7087588373915,3.15672721e-16
7559.652395915161,3.15905716e-16
7560.59603299293,3.1837768199999997e-16
7561.539670070699,3.26064298e-16
7562.483307148468,3.2503246299999994e-16
7563.4269442262375,3.1770754399999997e-16
7564.370581304007,3.19993114e-16
7565.314218381775,3.17245992e-16
7566.257855459545,3.1800710899999997e-16
7567.201492537314,3.18608458e-16
7568.145129615083,3.2735575599999995e-16
7569.088766692851,3.31678368e-16
7570.031421838177,3.32754583e-16
7570.975058915947,3.3531974700000003e-16
7571.918695993716,3.28669404e-16
7572.862333071485,3.2424249899999994e-16
7573.805970149254,3.3169612e-16
7574.749607227023,3.4123560099999997e-16
7575.693244304793,3.34083764e-16
7576.636881382561,3.25935596e-16
7577.58051846033,3.3480272000000004e-16
7578.524155538099,3.4442430400000003e-16
7579.467792615868,3.3478274899999997e-16
7580.411429693637,3.26627924e-16
7581.355066771406,3.2390743000000004e-16
7582.298703849176,3.18169096e-16
7583.242340926945,3.1878819699999997e-16
7584.185978004713,3.21877045e-16
7585.12863315004,3.2518779300000003e-16
7586.072270227808,3.2059224399999997e-16
7587.0159073055775,3.2049682699999995e-16
7587.959544383347,3.2256715399999993e-16
7588.903181461115,3.23534638e-16
7589.846818538885,3.2889796099999997e-16
7590.790455616654,3.23002078e-16
7591.7340926944225,3.17174984e-16
7592.677729772192,3.20727603e-16
7593.621366849961,3.2350357199999997e-16
7594.565003927731,3.19626979e-16
7595.508641005498,3.2374988100000003e-16
7596.452278083268,3.3253934000000005e-16
7597.395915161037,3.26756626e-16
7598.339552238806,3.20607777e-16
7599.283189316575,3.1733919000000004e-16
7600.225844461901,3.14918261e-16
7601.16948153967,3.24082731e-16
7602.11311861744,3.1977565200000003e-16
7603.056755695209,3.1416601999999996e-16
7604.000392772977,3.1467195200000003e-16
7604.944029850746,3.18947965e-16
7605.8876669285155,3.1503364900000003e-16
7606.831304006284,3.1217557699999997e-16
7607.774941084053,3.0644168099999997e-16
7608.718578161823,3.0541206499999994e-16
7609.662215239592,3.1068884700000003e-16
7610.605852317361,3.1576591900000003e-16
7611.54948939513,3.1769422999999997e-16
7612.493126472899,3.2362783599999996e-16
7613.436763550668,3.2609980199999994e-16
7614.379418695994,3.1724377299999998e-16
7615.3230557737625,3.13835389e-16
7616.266692851532,3.16061046e-16
7617.210329929301,3.17436826e-16
7618.153967007071,3.24400048e-16
7619.097604084839,3.1093293699999996e-16
7620.0412411626085,3.1528661499999996e-16
7620.984878240378,3.25256582e-16
7621.928515318146,3.1147437299999997e-16
7622.872152395915,3.09086729e-16
7623.815789473684,3.18757131e-16
7624.7594265514535,3.15615027e-16
7625.703063629222,3.11618608e-16
7626.646700706991,3.16782221e-16
7627.590337784761,3.19134361e-16
7628.53397486253,3.2146209199999996e-16
7629.476630007856,3.2633279699999995e-16
7630.420267085625,3.25509548e-16
7631.363904163393,3.22187705e-16
7632.307541241163,3.17851779e-16
7633.251178318932,3.16735622e-16
7634.1948153967005,3.24382296e-16
7635.13845247447,3.23527981e-16
7636.082089552239,3.1869499899999998e-16
7637.025726630008,3.2413154899999995e-16
7637.969363707777,3.2142214999999996e-16
7638.9130007855465,3.2021057599999995e-16
7639.856637863316,3.22862281e-16
7640.800274941083,3.1943170699999997e-16
7641.743912018853,3.1481840599999997e-16
7642.687549096622,3.1185382199999997e-16
7643.631186174392,3.09901102e-16
7644.573841319718,3.1784068399999996e-16
7645.517478397486,3.2483275299999995e-16
7646.461115475256,3.15745948e-16
7647.404752553025,3.17257087e-16
7648.348389630794,3.23545733e-16
7649.292026708563,3.1470967499999995e-16
7650.235663786331,3.1773860999999997e-16
7651.179300864101,3.23321614e-16
7652.122937941869,3.1890802299999996e-16
7653.066575019639,3.1605217000000003e-16
7654.010212097408,3.2560052699999995e-16
7654.953849175177,3.2598885199999995e-16
7655.897486252946,3.1773860999999997e-16
7656.841123330715,3.18242323e-16
