wavelength,flux
3118.7951858156894,1.0528052685940223e-16
3121.2176722448758,3.970652841806771e-16
3123.6401586740617,2.4878629302928284e-16
3126.062645103248,3.596303422679969e-16
3128.485131532434,3.192502183917237e-16
3130.9076179616204,3.164475835581388e-16
3133.3301043908064,8.926362423130108e-17
3135.7525908199927,1.2253890067901184e-16
3138.1750772491787,1.2650786383764715e-16
3140.597563678365,7.553678993319248e-17
3143.020050107551,3.5669997045283073e-16
3145.4425365367374,1.4693457070519594e-16
3147.8650229659233,7.136481105884964e-16
3150.2875093951097,2.5469841066898976e-16
3152.7099958242957,0.0
3155.132482253482,1.4805949826031018e-16
3157.554968682668,2.259114853958623e-16
3159.9774551118544,2.0663038088193303e-16
3162.3999415410403,3.557854420728536e-16
3164.8224279702267,2.5769413043921433e-16
3167.2449143994127,3.811071489810673e-17
3169.667400828599,3.0307965332414143e-16
3172.089887257785,2.556231355909873e-16
3174.5123736869714,3.0608433836965835e-16
3176.9348601161573,2.4975118896277077e-16
3179.3573465453437,3.703460646081749e-16
3181.7798329745297,4.3206147198992697e-16
3184.202319403716,1.290078963082514e-16
3186.624805832902,1.044508727126022e-16
3189.0472922620884,4.8278729858830666e-17
3191.4697786912743,2.493990057948416e-16
3193.8922651204607,5.670496567520621e-16
3196.3147515496466,5.16644700511651e-17
3198.737237978833,1.9478284843720895e-16
3201.159724408019,3.8828222232363606e-16
3203.5822108372054,3.991538598668542e-16
3206.0046972663913,4.005550884902344e-16
3208.4271836955777,2.022518588265953e-16
3210.8496701247636,1.2482565221499516e-17
3213.27215655395,2.579328305351407e-17
3215.694642983136,1.13669622693963e-16
3218.1171294123224,2.566837030280362e-16
3220.5396158415083,0.0
3222.9621022706947,0.0
3225.3845886998806,1.4468406915691255e-16
3227.807075129067,1.0777064908073375e-16
3230.229561558253,1.4905755883758772e-16
3232.6520479874393,4.083037061466273e-16
3235.0745344166253,2.2708817970467517e-16
3237.4970208458117,0.0
3239.9195072749976,4.096130893738192e-17
3242.3419937041836,2.271983387296586e-16
3244.76448013337,5.599657534028977e-17
3247.1869665625563,2.5744788963518103e-16
3249.609452991742,2.0249654577309448e-16
3252.031939420928,1.9840979403910536e-16
3254.4544258501146,7.333326229550714e-17
3256.876912279301,5.098944202056906e-17
3259.299398708487,1.1024836427516252e-16
3261.721885137673,2.055444547482731e-16
3264.1443715668597,1.728287436584539e-16
3266.566857996045,2.705019984720934e-16
3268.9893444252316,1.5725329607423308e-16
3271.4118308544175,7.687702451474058e-17
3273.8343172836044,1.3817299575375446e-16
3276.25680371279,1.6008220017910192e-16
3278.6792901419763,2.398366306653622e-16
3281.101776571162,1.71717868195734e-16
3283.524263000349,2.055407120887545e-16
3285.9467494295345,1.9432117200724344e-16
3288.369235858721,2.290909989296566e-16
3290.791722287907,2.64797448495773e-16
3293.2142087170937,2.09861603719922e-16
3295.636695146279,1.3131493321401367e-16
3298.0591815754656,1.7540854656590972e-16
3300.4816680046515,1.9540552777723242e-16
3302.9041544338384,2.605426602503868e-16
3305.326640863024,2.5437349458781233e-16
3307.7491272922102,1.226158479241525e-16
3310.171613721396,1.2024746278592963e-16
3312.594100150583,1.6464748106566488e-16
3315.0165865797685,1.4256307207648928e-16
3317.439073008955,1.588048826840763e-16
3319.861559438141,2.0563635000685643e-16
3322.284045867327,1.4286395342798892e-16
3324.706532296513,1.3830519488796067e-16
3327.1290187256996,1.2169138914643192e-16
3329.5515051548855,1.2808214169054708e-16
3331.973991584072,1.02199472872476e-16
3334.396478013258,1.6605039514693462e-16
3336.818964442444,9.988124348381518e-17
3339.24145087163,1.518088068754591e-16
3341.6639373008165,1.7819476090300146e-16
3344.0864237300025,1.9267667230744503e-16
3346.508910159189,1.327186231634889e-16
3348.931396588375,1.755211985672983e-16
3351.353883017561,1.3291601060113196e-16
3353.776369446747,1.7484108468973492e-16
3356.198855875933,1.1961743761596228e-16
3358.6213423051195,1.4037849128966467e-16
3361.043828734306,1.773818290423075e-16
3363.466315163492,2.018509750746296e-16
3365.8888015926777,1.0183486053320796e-16
3368.311288021864,1.1940057749859775e-16
3370.7337744510505,1.3134554910346371e-16
3373.1562608802365,1.3641213756733588e-16
3375.5787473094224,1.9110709534214615e-16
3378.001233738609,1.81604061375328e-16
3380.423720167795,1.746492566189519e-16
3382.846206596981,1.1614345719237543e-16
3385.268693026167,1.1052883291411833e-16
3387.6911794553534,1.6162459322294375e-16
3390.11366588454,1.1569097414280058e-16
3392.536152313726,1.2009501694899299e-16
3394.9586387429117,1.1478956827994672e-16
3397.381125172098,9.898928558904171e-17
3399.8036116012845,2.212789150832717e-16
3402.2260980304704,1.6023903919827974e-16
3404.6485844596564,1.3263226828699898e-16
3407.0710708888428,1.796568848761927e-16
3409.493557318029,1.1250438483455124e-16
3411.916043747215,1.9059122677087799e-16
3414.338530176401,1.4843068920651295e-16
3416.7610166055874,1.8253274109619791e-16
3419.183503034774,1.6703493997494846e-16
3421.6059894639598,1.5157043030790196e-16
3424.028475893146,1.988429086031889e-16
3426.4509623223325,1.836924195663154e-16
3428.873448751519,1.5319898869875662e-16
3431.2959351807044,1.069793999111972e-16
3433.718421609891,1.605929511678594e-16
3436.1409080390767,1.7270820702588826e-16
3438.5633944682636,1.603443523595628e-16
3440.985880897449,1.4953821998229462e-16
3443.4083673266355,1.5135526177807103e-16
3445.8308537558214,1.1673327703013694e-16
3448.2533401850083,1.7296473005065223e-16
3450.6758266141937,1.5562599992514514e-16
3453.09831304338,1.148562986838123e-16
3455.520799472566,1.756948218031655e-16
3457.9432859017525,1.1384287475737347e-16
3460.3657723309384,1.2182919097732705e-16
3462.788258760125,1.8925657209698735e-16
3465.2107451893107,1.327940851424302e-16
3467.633231618497,1.9807047324732202e-16
3470.0557180476835,1.6002229057485575e-16
3472.4782044768695,1.7057238582377803e-16
3474.9006909060554,1.5092034317596414e-16
3477.323177335242,1.7738701240258032e-16
3479.7456637644273,1.3894569243835242e-16
3482.1681501936137,1.7030479528127114e-16
3484.5906366228,1.7650210836548195e-16
3487.0131230519864,1.8052028666986751e-16
3489.435609481173,1.8203911590761988e-16
3491.8580959103583,1.4080043111391086e-16
3494.2805823395447,1.2646867513579994e-16
3496.703068768731,1.00780861211535e-16
3499.1255551979166,1.9041383258384568e-16
3501.548041627103,1.65924229390042e-16
3503.9705280562894,1.4329083692529583e-16
3506.3930144854758,1.5275113590715435e-16
3508.815500914662,1.9126660446071735e-16
3511.2379873438476,1.561202931495197e-16
3513.660473773034,1.6592883739272076e-16
3516.0829602022204,1.5705310863015812e-16
3518.505446631406,1.2920463723825411e-16
3520.9279330605923,1.6552268441202902e-16
3523.3504194897787,1.9288871476729207e-16
3525.772905918965,1.4830850479635406e-16
3528.1953923481515,1.2410298444367142e-16
3530.617878777337,1.596225640923305e-16
3533.0403652065233,2.00557230536561e-16
3535.4628516357097,1.267069028878506e-16
3537.885338064895,1.471318973071373e-16
3540.3078244940816,1.5353982537043962e-16
3542.730310923268,1.5686608403515923e-16
3545.152797352454,1.4285225672400118e-16
3547.5752837816403,1.598655205461559e-16
3549.9977702108263,1.7841799888801463e-16
3552.4202566400127,1.969533241229785e-16
3554.8427430691986,1.7039158769614043e-16
3557.265229498385,1.35304535086761e-16
3559.687715927571,1.6377053553358014e-16
3562.1102023567573,1.711720562610071e-16
3564.5326887859433,1.59456455798604e-16
3566.9551752151297,1.8524252978917006e-16
3569.3776616443156,1.5060313826326254e-16
3571.800148073502,1.372348390303729e-16
3574.222634502688,1.3908470067251935e-16
3576.6451209318743,1.4050011159132803e-16
3579.0676073610603,1.0506710396170816e-16
3581.4900937902466,1.2649002595132043e-16
3583.9125802194326,1.4386548037158367e-16
3586.335066648619,1.6685255784004774e-16
3588.757553077805,1.607336044123298e-16
3591.1800395069913,9.315423131193963e-17
3593.6025259361772,1.7621177404763634e-16
3596.0250123653636,1.7562129373654006e-16
3598.4474987945496,1.6938312828379514e-16
3600.869985223736,1.476578426111903e-16
3603.292471652922,1.5029085270492355e-16
3605.7149580821083,2.0417619234664812e-16
3608.1374445112942,1.7063795476182055e-16
3610.5599309404806,1.6186698030147087e-16
3612.9824173696666,1.643198995544064e-16
3615.404903798853,1.85009330015548e-16
3617.827390228039,1.7157384589649572e-16
3620.2498766572253,1.518416023684114e-16
3622.672363086411,1.516833824458262e-16
3625.0948495155976,1.3935844739593376e-16
3627.5173359447836,1.4136709415476416e-16
3629.93982237397,1.5056610275420583e-16
3632.362308803156,1.4720211089080855e-16
3634.7847952323423,1.384016923550598e-16
3637.207281661528,1.2738088409517048e-16
3639.6297680907146,1.4525948086677523e-16
3642.0522545199005,1.5226667818966307e-16
3644.474740949087,1.3345831990073195e-16
3646.897227378273,1.3128400222696102e-16
3649.3197138074593,1.569619608299329e-16
3651.742200236645,1.4450448175460628e-16
3654.1646866658316,1.5024523571265876e-16
3656.5871730950175,1.7048466050402326e-16
3659.009659524204,1.8411937944123524e-16
3661.43214595339,1.7942714704382692e-16
3663.8546323825763,1.6323153192722103e-16
3666.277118811762,1.381639704050491e-16
3668.6996052409486,1.4546756678901968e-16
3671.1220916701345,1.6537647410978258e-16
3673.544578099321,1.593409294011917e-16
3675.967064528507,1.6008321782854192e-16
3678.3895509576932,1.4984081340607243e-16
3680.812037386879,1.4019347911576308e-16
3683.2345238160656,1.3760470016143752e-16
3685.6570102452515,1.5455400656270403e-16
3688.0794966744375,1.470731876759235e-16
3690.501983103624,1.3344995627484888e-16
3692.92446953281,1.370516081327731e-16
3695.346955961996,1.4689209575161267e-16
3697.769442391182,1.5394545338456504e-16
3700.1919288203685,1.7040403922040743e-16
3702.6144152495544,1.5015311565300803e-16
3705.036901678741,1.4455962704653203e-16
3707.4593881079268,1.5504563893561818e-16
3709.881874537113,1.5519116509338762e-16
3712.304360966299,1.3706893277161864e-16
3714.7268473954855,1.6541724463145216e-16
3717.1493338246714,1.6897779559418311e-16
3719.571820253858,1.3624961266822404e-16
3721.9943066830438,1.776952453571583e-16
3724.41679311223,3.097395006775351e-16
3726.839279541416,4.522306333244205e-16
3729.2617659706025,3.99155609284896e-16
3731.6842523997884,2.4107651574901485e-16
3734.106738828975,1.5921175464146862e-16
3736.5292252581607,1.642596479297282e-16
3738.951711687347,1.8987335800141915e-16
3741.374198116533,1.6855539094113506e-16
3743.7966845457195,1.8248936635481846e-16
3746.2191709749054,1.5062378900928012e-16
3748.641657404092,1.5687823256082546e-16
3751.0641438332777,1.6669811517553614e-16
3753.486630262464,1.6636938535966934e-16
3755.90911669165,1.7709836534229496e-16
3758.3316031208365,1.6883536887493202e-16
3760.7540895500224,1.9503647419755563e-16
3763.176575979209,1.990808208392374e-16
3765.5990624083947,1.8265011175483023e-16
3768.021548837581,1.466725975167839e-16
3770.444035266767,1.7080132561288215e-16
3772.8665216959535,1.6804201691507766e-16
3775.2890081251394,1.784582802081274e-16
3777.711494554326,1.8494031444368543e-16
3780.1339809835117,1.8656292090924634e-16
3782.556467412698,2.1042504608122282e-16
3784.978953841884,2.1082975618673943e-16
3787.4014402710704,1.9836049398316583e-16
3789.8239267002564,1.929077928165805e-16
3792.2464131294428,1.8104571743116566e-16
3794.6688995586283,1.7134487660960614e-16
3797.0913859878146,1.2654524793050163e-16
3799.513872417001,1.569134917088321e-16
3801.9363588461874,1.7663653211047156e-16
3804.358845275373,2.0540537227317184e-16
3806.7813317045593,2.2011086606441087e-16
3809.2038181337457,2.114340509110988e-16
3811.6263045629316,1.940071293947678e-16
3814.0487909921176,1.999296320890541e-16
3816.471277421304,2.1367919638347711e-16
3818.8937638504904,2.1028649794797974e-16
3821.3162502796768,2.2354338334485155e-16
3823.7387367088622,2.1084879946437963e-16
3826.1612231380486,2.0190355517167022e-16
3828.583709567235,1.8893327579741556e-16
3831.0061959964205,1.5633865153205028e-16
3833.428682425607,1.4331655174898288e-16
3835.8511688547933,1.4167782121446602e-16
3838.2736552839797,1.650504984766429e-16
3840.696141713166,1.886280732772253e-16
3843.1186281423516,2.0598960588584651e-16
3845.541114571538,1.781627823709255e-16
3847.9636010007243,2.054599341202053e-16
3850.38608742991,2.0358738589650926e-16
3852.808573859096,2.0623483812614456e-16
3855.2310602882826,2.123970868901076e-16
3857.653546717469,1.999813180004137e-16
3860.0760331466554,2.1620969836485722e-16
3862.498519575841,1.9518224667791381e-16
3864.921006005028,2.092919491911808e-16
3867.3434924342137,2.274389653990203e-16
3869.765978863399,2.424869293526872e-16
3872.1884652925864,2.1197201720934524e-16
3874.610951721772,1.9254167228927288e-16
3877.033438150959,2.2118549148101412e-16
3879.4559245801447,1.6949802981966216e-16
3881.87841100933,1.8143390854294488e-16
3884.300897438517,1.5305294715444774e-16
3886.723383867703,1.5991823291174932e-16
3889.1458702968885,1.6582178114869362e-16
3891.5683567260753,1.7462481851398015e-16
3893.9908431552612,1.8010329487120259e-16
3896.413329584448,1.9580212360811199e-16
3898.835816013634,1.9995932336806027e-16
3901.2583024428195,2.185526479833647e-16
3903.6807888720064,1.824415760922397e-16
3906.103275301192,1.8885889761725483e-16
3908.525761730378,2.0990350381854802e-16
3910.9482481595646,1.8211345218065706e-16
3913.3707345887506,1.8846819355047643e-16
3915.7932210179374,1.9748179820054904e-16
3918.215707447124,1.9710209251633322e-16
3920.6381938763093,1.9437772877913611e-16
3923.0606803054957,2.0376747200029763e-16
3925.483166734682,1.9133112694623302e-16
3927.9056531638676,1.7989947244361234e-16
3930.328139593054,1.9871492681461743e-16
3932.75062602224,1.7781244604372528e-16
3935.173112451427,1.6593884165967687e-16
3937.595598880613,1.968330268860853e-16
3940.0180853097986,1.8452138102126903e-16
3942.4405717389845,2.224881669663933e-16
3944.863058168172,2.0553413835841167e-16
3947.285544597357,2.2102491052321847e-16
3949.7080310265433,2.127109812729124e-16
3952.130517455729,1.7840781524873122e-16
3954.5530038849165,2.1356819880335398e-16
3956.9754903141024,1.9048494363465603e-16
3959.397976743288,1.943920416931609e-16
3961.820463172474,1.8591436791498854e-16
3964.242949601661,1.5157814599175704e-16
3966.665436030846,1.5138621419667498e-16
3969.0879224600326,1.5974718120008916e-16
3971.5104088892185,1.9190943215943726e-16
3973.932895318405,1.8404271775845648e-16
3976.355381747591,1.691570076710733e-16
3978.7778681767772,1.8578519997057316e-16
3981.200354605963,2.005104028942296e-16
3983.6228410351496,2.2314205984988553e-16
3986.0453274643355,1.9107689356528335e-16
3988.467813893522,2.2322718747417362e-16
3990.890300322708,2.023614161403479e-16
3993.3127867518942,2.2298266129471144e-16
3995.73527318108,1.9953422984934715e-16
3998.1577596102666,2.034749827337877e-16
4000.5802460394525,1.884422340402667e-16
4003.002732468639,1.927471924535636e-16
4005.425218897825,1.900520580051451e-16
4007.847705327011,1.8305233947181775e-16
4010.270191756197,1.8829042083753323e-16
4012.6926781853836,2.2010893793907543e-16
4015.1151646145695,2.1765048409411743e-16
4017.537651043756,2.0766595791764248e-16
4019.960137472942,2.0441869665281976e-16
4022.382623902128,1.7647324348178963e-16
4024.805110331314,1.937379499203108e-16
4027.2275967605005,1.8724668523490398e-16
4029.6500831896865,1.7973314076528167e-16
4032.072569618873,1.9272261930948907e-16
4034.495056048059,2.1707521246589206e-16
4036.917542477245,2.0963363403775183e-16
4039.340028906431,2.1572693616297503e-16
4041.7625153356175,2.1092021265184512e-16
4044.1850017648035,1.912646371167044e-16
4046.60748819399,2.018198938975701e-16
4049.029974623176,2.134947503514116e-16
4051.452461052362,2.282395615309853e-16
4053.874947481548,2.105151849645121e-16
4056.2974339107345,2.2035824352528372e-16
4058.7199203399205,2.1041890658547479e-16
4061.142406769107,1.8391544397457955e-16
4063.564893198293,1.8446506949781015e-16
4065.987379627479,1.9114914079413142e-16
4068.409866056665,2.146146509906783e-16
4070.8323524858515,1.911614816712659e-16
4073.2548389150375,1.7627732436931134e-16
4075.677325344224,1.803828998275397e-16
4078.09981177341,1.960004250551485e-16
4080.522298202596,2.0037876959476966e-16
4082.944784631782,1.9237907580900518e-16
4085.3672710609685,1.8705756273930566e-16
4087.7897574901544,1.7408272680187998e-16
4090.212243919341,1.7687832534042692e-16
4092.634730348527,1.767615914954623e-16
4095.057216777713,1.68523272472544e-16
4097.479703206899,1.6850478605411327e-16
4099.9021896360855,1.6709911766935284e-16
4102.324676065272,1.6451848479464655e-16
4104.747162494457,1.8758876910261112e-16
4107.169648923644,1.817035669213471e-16
4109.59213535283,1.5969268577239718e-16
4112.014621782017,1.751894062241177e-16
4114.437108211202,1.862413081236669e-16
4116.859594640388,1.8159836522464967e-16
4119.282081069575,1.8109667586593075e-16
4121.70456749876,1.83490906866952e-16
4124.127053927947,1.9221549513082999e-16
4126.549540357133,1.938555644654569e-16
4128.9720267863195,1.723650624240303e-16
4131.394513215505,1.692138330587552e-16
4133.816999644691,1.8586778518123279e-16
4136.239486073878,2.0527728472354232e-16
4138.661972503064,1.683476337276332e-16
4141.08445893225,1.781741753680879e-16
4143.506945361436,1.922277897335109e-16
4145.929431790622,2.0052206661598842e-16
4148.351918219809,1.7980578563700782e-16
4150.774404648994,1.9425252698947598e-16
4153.196891078181,1.7810138941607655e-16
4155.619377507367,1.9962426447134126e-16
4158.041863936553,2.011882468774825e-16
4160.464350365739,1.8562176535447936e-16
4162.886836794925,1.7337968466528595e-16
4165.309323224112,1.8330119504484198e-16
4167.731809653298,2.0849545061201448e-16
4170.154296082484,1.9052561668045915e-16
4172.57678251167,1.8234196844346972e-16
4174.999268940856,1.9582952364702462e-16
4177.421755370043,1.4907469488134668e-16
4179.844241799228,1.8442133190002462e-16
4182.266728228415,1.96842787057498e-16
4184.689214657601,1.890192975444499e-16
4187.111701086787,1.7854405137969798e-16
4189.534187515973,2.0174155371797096e-16
4191.956673945159,1.8962529786337132e-16
4194.379160374346,2.1849774096875983e-16
4196.801646803532,1.8969502112243854e-16
4199.224133232718,1.652895580616049e-16
4201.646619661904,1.6930498420559251e-16
4204.06910609109,1.896975848670187e-16
4206.491592520277,1.8707196753244224e-16
4208.914078949462,1.8615540931927286e-16
4211.336565378649,1.9380765161573255e-16
4213.759051807835,2.0635962318217874e-16
4216.181538237021,1.8223767628831e-16
4218.604024666207,1.6993993184584761e-16
4221.026511095393,1.9396074056178521e-16
4223.44899752458,1.7944368029176974e-16
4225.871483953766,1.7471528381903787e-16
4228.293970382952,2.0274743334601544e-16
4230.716456812138,1.931101907639365e-16
4233.138943241324,1.739416477884171e-16
4235.561429670511,1.7247216777023335e-16
4237.983916099696,1.7323297982399127e-16
4240.406402528883,1.766258665395238e-16
4242.828888958069,1.869243854178869e-16
4245.251375387255,1.9903241702489167e-16
4247.673861816441,1.6532996615740087e-16
4250.096348245627,1.6277398303942588e-16
4252.518834674814,1.5618175179315342e-16
4254.941321104,1.6044622227904323e-16
4257.3638075331855,1.961353228694411e-16
4259.786293962372,1.4928212474865003e-16
4262.208780391558,1.860555964474053e-16
4264.631266820745,1.6826160147926823e-16
4267.05375324993,1.817532981437539e-16
4269.476239679117,1.802832197191705e-16
4271.898726108303,1.8244859067724886e-16
4274.321212537489,1.7739598690106102e-16
4276.743698966675,1.8403160225189702e-16
4279.166185395861,1.7041083974234796e-16
4281.588671825048,1.7613068863784823e-16
4284.011158254234,1.780797695861181e-16
4286.4336446834195,1.8003306015845268e-16
4288.856131112606,1.6145821614815704e-16
4291.278617541792,1.6493134002585662e-16
4293.701103970979,1.7542566657454863e-16
4296.123590400164,1.649501497332704e-16
4298.546076829351,1.69261353787557e-16
4300.968563258537,1.6701976281496684e-16
4303.391049687723,1.8126388024326856e-16
4305.813536116909,1.9939238524586123e-16
4308.236022546095,1.816454148351946e-16
4310.658508975282,2.1252424232651847e-16
4313.080995404468,1.7543381020226384e-16
4315.5034818336535,1.6780925248244994e-16
4317.92596826284,1.689205776678177e-16
4320.348454692026,1.8032539642512663e-16
4322.770941121213,1.717067300090654e-16
4325.193427550398,1.5979415941487275e-16
4327.615913979585,1.5282126703028454e-16
4330.038400408771,1.5688950500476355e-16
4332.460886837956,1.7208809968550416e-16
4334.883373267143,1.4084474832218638e-16
4337.305859696329,1.7321423028966234e-16
4339.728346125516,1.7382163398105254e-16
4342.150832554701,1.5580656766421184e-16
4344.5733189838875,1.4498530893428902e-16
4346.995805413074,1.2196435446928406e-16
4349.41829184226,1.6347042429364568e-16
4351.840778271446,1.7733593434001992e-16
4354.263264700632,1.5099256350534556e-16
4356.6857511298185,1.7234496561673863e-16
4359.108237559005,1.726687616817697e-16
4361.53072398819,1.6832578590970802e-16
4363.953210417377,1.6314231403939604e-16
4366.375696846563,1.5260250854208264e-16
4368.79818327575,1.6945551832999974e-16
4371.220669704935,1.5871873417540027e-16
4373.643156134121,1.679912239502267e-16
4376.065642563308,1.9171426377127342e-16
4378.488128992494,1.754846608474635e-16
4380.91061542168,1.6976408900382334e-16
4383.333101850866,1.663533355540973e-16
4385.7555882800525,1.8130889797223744e-16
4388.178074709239,1.5011918093600892e-16
4390.600561138424,1.487144889697174e-16
4393.023047567611,1.691745526333652e-16
4395.445533996797,1.8862344671819572e-16
4397.868020425984,1.7596284102348346e-16
4400.290506855169,1.7665990734976863e-16
4402.712993284355,1.757118308575885e-16
4405.135479713542,1.562974796634885e-16
4407.557966142728,1.8987536391554908e-16
4409.980452571914,1.744557453058307e-16
4412.4029390011,1.5174556969707274e-16
4414.8254254302865,1.708146774961772e-16
4417.247911859473,1.618324453552289e-16
4419.670398288658,1.8065224713965487e-16
4422.092884717845,1.767716297858103e-16
4424.515371147031,1.70915395804158e-16
4426.9378575762175,1.7966782066426616e-16
4429.360344005403,1.8281218930866112e-16
4431.782830434589,1.875245756368356e-16
4434.205316863776,1.482509954009148e-16
4436.627803292962,1.5070049363480375e-16
4439.050289722148,1.6098382097522082e-16
4441.472776151334,1.495715114743438e-16
4443.8952625805205,1.638015759954402e-16
4446.317749009707,1.723309908482874e-16
4448.740235438892,1.8658859552583328e-16
4451.162721868079,1.6113935113333796e-16
4453.585208297265,1.8579739693663603e-16
4456.0076947264515,1.572899435620563e-16
4458.430181155637,1.5721943022720542e-16
4460.852667584823,1.593439055216101e-16
4463.27515401401,1.6345758355621808e-16
4465.697640443196,1.554815020341117e-16
4468.120126872382,1.694479596793445e-16
4470.542613301568,1.6999407670462496e-16
4472.965099730754,1.4079610196895023e-16
4475.387586159941,1.6588560194539575e-16
4477.810072589126,1.5910452280999555e-16
4480.232559018314,1.640058784106401e-16
4482.6550454475,1.483885511852179e-16
4485.0775318766855,1.6823558352272706e-16
4487.500018305871,1.5816209531144054e-16
4489.922504735058,1.8664598474985422e-16
4492.344991164244,1.6131470660652442e-16
4494.76747759343,1.4876704314309404e-16
4497.189964022616,1.6115185841371343e-16
4499.612450451803,1.697140393517522e-16
4502.034936880989,1.6866654199444663e-16
4504.457423310175,1.552637787520571e-16
4506.87990973936,1.4896665728885383e-16
4509.302396168548,1.5233775532468678e-16
4511.724882597733,1.5805439083453363e-16
4514.1473690269195,1.6029242318951575e-16
4516.569855456105,1.3343261289033642e-16
4518.992341885292,1.5984066387362476e-16
4521.414828314479,1.660769445605533e-16
4523.837314743664,1.5930430798411823e-16
4526.25980117285,1.4966530967481562e-16
4528.682287602036,1.5325243139582671e-16
4531.104774031222,1.4886114607443512e-16
4533.527260460409,1.5297900119115751e-16
4535.949746889594,1.600818752875444e-16
4538.372233318781,1.5313340407573742e-16
4540.794719747967,1.5255984151255826e-16
4543.2172061771535,1.4607289128279667e-16
4545.639692606339,1.5983297512966599e-16
4548.062179035525,1.6094677656287466e-16
4550.484665464712,1.8095690007305646e-16
4552.907151893897,1.7144563253869422e-16
4555.329638323084,1.5998900221927534e-16
4557.75212475227,1.6338397999567246e-16
4560.174611181456,1.6520096056276016e-16
4562.597097610642,1.657856138614289e-16
4565.019584039828,1.5398014677577046e-16
4567.442070469015,1.597697325052757e-16
4569.864556898201,1.5971416385180672e-16
4572.2870433273865,1.5859476918742984e-16
4574.709529756573,1.68965868050773e-16
4577.132016185759,1.561351937743127e-16
4579.554502614946,1.6851751174374494e-16
4581.976989044131,1.6064563815316362e-16
4584.399475473318,1.5862941191314794e-16
4586.821961902504,1.6560785274916412e-16
4589.24444833169,1.6639673108342199e-16
4591.666934760876,1.716861473860605e-16
4594.089421190062,1.6575362593173512e-16
4596.511907619249,1.5919193884173496e-16
4598.934394048435,1.6302739078470372e-16
4601.3568804776205,1.6495839107624712e-16
4603.779366906807,1.6419383303162856e-16
4606.201853335993,1.5493090536336612e-16
4608.62433976518,1.475259362307186e-16
4611.046826194365,1.6327536253992221e-16
4613.469312623552,1.613850625035953e-16
4615.891799052738,1.5608796499908232e-16
4618.314285481924,1.719995431418915e-16
4620.73677191111,1.7261854341175715e-16
4623.159258340296,1.7854147595989166e-16
4625.581744769483,1.540165605814242e-16
4628.004231198669,1.54613720282502e-16
4630.4267176278545,1.4782180259777532e-16
4632.849204057041,1.8847862362536356e-16
4635.271690486227,1.6536231210710794e-16
4637.694176915414,1.7582534165104455e-16
4640.116663344599,1.6683867760044456e-16
4642.5391497737855,1.5827860751566782e-16
4644.961636202972,1.6693905311561515e-16
4647.384122632158,1.5869170196461624e-16
4649.806609061344,1.7342360308132364e-16
4652.22909549053,1.7536432179387972e-16
4654.651581919717,1.7466804632865406e-16
4657.074068348903,1.6651570644330102e-16
4659.4965547780885,1.719542547139301e-16
4661.919041207275,1.8175402098703954e-16
4664.341527636461,1.644808463590259e-16
4666.764014065648,1.691607372603723e-16
4669.186500494833,1.6939058339498983e-16
4671.6089869240195,1.5625793088856107e-16
4674.031473353206,1.5763802920146228e-16
4676.453959782392,1.6575065658988416e-16
4678.876446211578,1.6657071982458426e-16
4681.298932640764,1.5260304857569e-16
4683.721419069951,1.689365382160519e-16
4686.143905499137,1.7292374606158607e-16
4688.566391928322,1.6633576473806683e-16
4690.988878357509,1.58181064037823e-16
4693.411364786695,1.67427680010333e-16
4695.833851215882,1.593376298641036e-16
4698.256337645067,1.7382704570165455e-16
4700.6788240742535,1.6089723363538563e-16
4703.10131050344,1.5089968882902338e-16
4705.523796932626,1.5280228270135314e-16
4707.946283361812,1.710178883240158e-16
4710.368769790998,1.4200208460105966e-16
4712.791256220185,1.553915041765549e-16
4715.213742649371,1.5167307601946794e-16
4717.636229078556,1.615267952879079e-16
4720.058715507743,1.6141568728274392e-16
4722.481201936929,1.5576353863226995e-16
4724.903688366116,1.6938952345580504e-16
4727.326174795301,1.5935690391285003e-16
4729.7486612244875,1.528996591498929e-16
4732.171147653674,1.5948429978637271e-16
4734.59363408286,1.3532303845648304e-16
4737.016120512046,1.440307483513459e-16
4739.438606941232,1.6837007737224195e-16
4741.8610933704185,1.5020129951685336e-16
4744.283579799605,1.4402776504703196e-16
4746.70606622879,1.5006867806218824e-16
4749.128552657977,1.4874314799260787e-16
4751.551039087163,1.4822683778743983e-16
4753.97352551635,1.3384077135329575e-16
4756.396011945535,1.2957991331182678e-16
4758.8184983747215,1.499588287745724e-16
4761.240984803908,1.332416090622373e-16
4763.663471233093,1.5060827767238922e-16
4766.08595766228,1.500744206847119e-16
4768.508444091466,1.428533781937383e-16
4770.9309305206525,1.5081780555180754e-16
4773.353416949838,1.4573502307201935e-16
4775.775903379024,1.1293125848824438e-16
4778.198389808211,1.4259270880778315e-16
4780.620876237397,1.5330014906381986e-16
4783.043362666583,1.5654140297321655e-16
4785.465849095769,1.4815110627945432e-16
4787.888335524955,1.4280293578206562e-16
4790.310821954142,1.2798017518713186e-16
4792.733308383327,1.4574239994248439e-16
4795.155794812514,1.6626299596858242e-16
4797.5782812417,1.5275540102132944e-16
4800.0007676708865,1.5459274022530939e-16
4802.423254100072,1.4797269469041095e-16
4804.845740529258,1.466424931937267e-16
4807.268226958445,1.4502259076586543e-16
4809.690713387631,1.3554840960009255e-16
4812.113199816817,1.4865230958084602e-16
4814.535686246003,1.288824648457089e-16
4816.958172675189,1.387358302703298e-16
4819.380659104376,1.4536985013542016e-16
4821.803145533561,1.380081396765685e-16
4824.225631962748,1.472018091546888e-16
4826.648118391934,1.4911212481988586e-16
4829.0706048211205,1.6850457232732263e-16
4831.493091250306,1.604541540235922e-16
4833.915577679492,1.663324287976269e-16
4836.338064108679,1.6219018382398063e-16
4838.760550537865,1.508368503475492e-16
4841.183036967051,1.4013472059305311e-16
4843.605523396237,1.5136920246631426e-16
4846.028009825423,1.4136898041176326e-16
4848.45049625461,1.4474458781595671e-16
4850.872982683795,1.5000224662180714e-16
4853.295469112982,1.373520042166987e-16
4855.717955542168,1.4152508962592248e-16
4858.140441971354,1.7981083306824164e-16
4860.56292840054,1.8711951152959078e-16
4862.985414829726,1.7358901183860995e-16
4865.407901258913,1.434216906798797e-16
4867.830387688099,1.408895110853238e-16
4870.252874117285,1.2573197710090263e-16
4872.675360546471,1.3030034942607172e-16
4875.097846975657,1.2872057117469859e-16
4877.520333404844,1.4035784285484082e-16
4879.942819834029,1.5153079188221058e-16
4882.365306263216,1.3517779391405116e-16
4884.787792692402,1.4890816662987754e-16
4887.210279121588,1.386312718237715e-16
4889.632765550774,1.272241916543851e-16
4892.05525197996,1.5180467383948635e-16
4894.477738409147,1.4591561469975524e-16
4896.900224838333,1.4800930672047774e-16
4899.322711267519,1.4532588419682846e-16
4901.745197696705,1.5741729518740978e-16
4904.167684125891,1.4165003579647976e-16
4906.590170555078,1.6909318327300322e-16
4909.012656984263,1.6217243092282804e-16
4911.43514341345,1.5840314743595632e-16
4913.857629842636,1.4821406171092628e-16
4916.280116271822,1.4293727246132014e-16
4918.702602701008,1.4571346872298703e-16
4921.125089130194,1.372669995432275e-16
4923.547575559381,1.413707008136334e-16
4925.970061988567,1.4912280229272054e-16
4928.392548417753,1.560764077783356e-16
4930.815034846939,1.6018921640598187e-16
4933.237521276125,1.6226137430193062e-16
4935.660007705312,1.5517886033752735e-16
4938.082494134497,1.427574994083953e-16
4940.504980563684,1.384719162271538e-16
4942.92746699287,1.3262054505735438e-16
4945.349953422056,1.530953841119599e-16
4947.772439851242,1.67067403151722e-16
4950.194926280428,1.5096103633931082e-16
4952.617412709615,1.429115753023263e-16
4955.039899138801,1.756715040971471e-16
4957.4623855679865,2.161138775567648e-16
4959.884871997173,2.1669139424830563e-16
4962.307358426359,1.678598189892081e-16
4964.729844855546,1.58294196814176e-16
4967.152331284731,1.4979982298962703e-16
4969.574817713918,1.313175375977887e-16
4971.997304143104,1.3434260747468948e-16
4974.4197905722895,1.3931825119127363e-16
4976.842277001476,1.4771090034920575e-16
4979.264763430662,1.4794314351857175e-16
4981.687249859849,1.491054320927385e-16
4984.109736289034,1.3783605220883123e-16
4986.5322227182205,1.4421117321653603e-16
4988.954709147407,1.5089076032683748e-16
4991.377195576593,1.405482624768073e-16
4993.799682005779,1.3995809300743816e-16
4996.222168434965,1.3215421677314047e-16
4998.644654864152,1.460975148135405e-16
5001.067141293338,1.8593067858882243e-16
5003.489627722523,2.8284945866422543e-16
5005.91211415171,3.502446346255573e-16
5008.334600580896,2.9960479169533437e-16
5010.757087010083,2.2037370190144323e-16
5013.179573439268,1.4883203300729322e-16
5015.6020598684545,1.3225812907548322e-16
5018.024546297641,1.3812774457120504e-16
5020.447032726827,1.502822488220488e-16
5022.869519156013,1.6959196223588804e-16
5025.2920055852,1.599882208122936e-16
5027.714492014386,1.43218421348922e-16
5030.136978443572,1.4177731222713996e-16
5032.559464872757,1.477230079872384e-16
5034.981951301945,1.482917800280682e-16
5037.40443773113,1.4934785996502774e-16
5039.826924160317,1.3971524310922862e-16
5042.249410589502,1.1926944741542224e-16
5044.671897018689,1.389358426700191e-16
5047.094383447876,1.4054819349044427e-16
5049.516869877061,1.396486581186892e-16
5051.939356306247,1.3594581973600583e-16
5054.361842735434,1.418263535701137e-16
5056.7843291646195,1.4705903048908283e-16
5059.206815593806,1.3046531793733734e-16
5061.629302022991,1.4832648192961827e-16
5064.051788452179,1.3770506620330772e-16
5066.474274881365,1.4961575830735203e-16
5068.896761310551,1.3317744000201171e-16
5071.319247739736,1.3150624245086346e-16
5073.741734168923,1.3565494857077274e-16
5076.164220598109,1.3503102626821518e-16
5078.586707027295,1.421741866459234e-16
5081.009193456481,1.447132810337035e-16
5083.431679885667,1.497198735532601e-16
5085.8541663148535,1.3968087238070722e-16
5088.27665274404,1.2783216319952623e-16
5090.699139173225,1.272762152734224e-16
5093.121625602412,1.3009909959371575e-16
5095.544112031598,1.3060217892629882e-16
5097.966598460785,1.510159183573861e-16
5100.38908488997,1.284419057057527e-16
5102.811571319156,1.4239108137190476e-16
5105.234057748343,1.2865476677616767e-16
5107.656544177529,1.4280587850906943e-16
5110.079030606715,1.360359959546923e-16
5112.501517035901,1.2830359341498964e-16
5114.9240034650875,1.3230080994766788e-16
5117.346489894274,1.24747789921451e-16
5119.768976323459,1.450747642481287e-16
5122.191462752646,1.2769401727903991e-16
5124.613949181832,1.3889118853698962e-16
5127.0364356110185,1.3526174111887935e-16
5129.458922040204,1.3300866831569781e-16
5131.88140846939,1.4202712042538798e-16
5134.303894898577,1.395914879366289e-16
5136.726381327763,1.237211087235129e-16
5139.148867756949,1.313890580494483e-16
5141.571354186135,1.3514013826165444e-16
5143.9938406153215,1.2224312913471516e-16
5146.416327044508,1.23738507621497e-16
5148.838813473693,1.2675035468572792e-16
5151.26129990288,1.291701619273739e-16
5153.683786332066,1.2400833943825116e-16
5156.1062727612525,1.2317987440231738e-16
5158.528759190438,1.3283164509297328e-16
5160.951245619624,1.2932566758882223e-16
5163.373732048811,1.2877214867570723e-16
5165.796218477997,1.3533118906196082e-16
5168.218704907183,1.2793984719004762e-16
5170.641191336369,1.2959489615062343e-16
5173.063677765555,1.369968068903303e-16
5175.486164194742,1.404207941877715e-16
5177.908650623927,1.2658501854736972e-16
5180.331137053114,1.3284073674322852e-16
5182.7536234823,1.370921978134094e-16
5185.1761099114865,1.3548718864204142e-16
5187.598596340672,1.2048568458313498e-16
5190.021082769858,1.2781582405515488e-16
5192.443569199045,1.479687043587374e-16
5194.86605562823,1.1971994224048358e-16
5197.288542057417,1.2720635711818892e-16
5199.711028486603,1.4614579567878442e-16
5202.133514915789,1.3918905014440727e-16
5204.556001344975,1.2917817040792675e-16
5206.978487774161,1.2845727076144668e-16
5209.400974203348,1.2315533538207084e-16
5211.823460632534,1.324402557641765e-16
5214.24594706172,1.296668305804786e-16
5216.668433490906,1.2592819339427803e-16
5219.090919920092,1.3132257420442196e-16
5221.513406349279,8.962429419190862e-17
5223.935892778464,1.3079280723274116e-16
5226.358379207651,1.4017855207299598e-16
5228.780865636837,1.0720734861972722e-16
5231.203352066023,1.1743621759565634e-16
5233.625838495209,1.1737605717294102e-16
5236.048324924395,9.389060114633204e-17
5238.470811353582,1.115399716413968e-16
5240.893297782768,1.1985757933262915e-16
5243.3157842119535,1.3154551643401618e-16
5245.73827064114,1.4799493811789556e-16
5248.160757070326,1.3792540783148736e-16
5250.583243499513,1.268857211321928e-16
5253.005729928698,1.1209943771342594e-16
5255.428216357885,1.1994591363758119e-16
5257.850702787071,1.387420683647e-16
5260.273189216257,1.6012286467476061e-16
5262.695675645443,1.2168566487995216e-16
5265.118162074629,1.0726305343615276e-16
5267.540648503816,1.1238812502092641e-16
5269.963134933002,1.2952658263219024e-16
5272.3856213621875,1.0925698544365652e-16
5274.808107791374,1.5596642183028515e-16
5277.23059422056,1.405482767761934e-16
5279.653080649747,1.478410317753011e-16
5282.075567078932,1.27917696252217e-16
5284.498053508119,1.2983854056927582e-16
5286.920539937305,1.4084150162121722e-16
5289.343026366491,1.1213363260564127e-16
5291.765512795677,1.3501279019810927e-16
5294.187999224863,1.2585341791584582e-16
5296.61048565405,1.2375214707628567e-16
5299.032972083236,1.3241838011370484e-16
5301.4554585124215,1.1689361045995226e-16
5303.877944941608,1.167602897500025e-16
5306.300431370794,1.495405601937369e-16
5308.722917799981,1.428904476511192e-16
5311.145404229166,1.4534953760151912e-16
5313.567890658353,1.361175253561705e-16
5315.990377087539,1.282655912910747e-16
5318.412863516725,1.4236263670974094e-16
5320.835349945911,1.4351648918924192e-16
5323.257836375097,1.2654898566347535e-16
5325.680322804284,1.3485928718068386e-16
5328.10280923347,1.3184390709064866e-16
5330.5252956626555,1.227749587708715e-16
5332.947782091842,1.2446110129367783e-16
5335.370268521028,1.294825206134175e-16
5337.792754950215,1.2815531656764503e-16
5340.2152413794,1.2361088867440475e-16
5342.6377278085865,1.2092382245146627e-16
5345.060214237773,1.3309094383023703e-16
5347.482700666959,1.4010868494883208e-16
5349.905187096145,1.2798004138155595e-16
5352.327673525331,1.3010264324936922e-16
5354.750159954518,1.4243401528765566e-16
5357.172646383704,1.3516378591127387e-16
5359.5951328128895,1.147672087825127e-16
5362.017619242076,1.152160644599589e-16
5364.440105671262,1.1950034165486936e-16
5366.862592100449,1.202901469389442e-16
5369.285078529634,1.274491412257492e-16
5371.7075649588205,1.2100505967820702e-16
5374.130051388007,1.0939759659113935e-16
5376.552537817193,1.0870529508281239e-16
5378.975024246379,1.200002509710613e-16
5381.397510675565,1.2591854161832443e-16
5383.819997104752,1.1928581715658523e-16
5386.242483533938,1.235467908841986e-16
5388.664969963123,1.2037542561169806e-16
5391.08745639231,1.12424918696813e-16
5393.509942821496,1.128552853255167e-16
5395.932429250683,1.1722504821371206e-16
5398.354915679868,1.1680885783255982e-16
5400.7774021090545,1.1216970261782662e-16
5403.199888538241,1.1127241226660834e-16
5405.622374967426,1.1439508153540952e-16
5408.044861396613,1.1676720008343435e-16
5410.467347825799,1.1786763583590935e-16
5412.8898342549855,1.199624253296431e-16
5415.312320684171,1.1722448979904024e-16
5417.734807113357,1.1310602560204834e-16
5420.157293542544,1.1889795238936583e-16
5422.57977997173,1.1317929255142202e-16
5425.002266400916,1.0624304048404517e-16
5427.424752830102,1.165861053696171e-16
5429.8472392592885,1.2186756795332986e-16
5432.269725688475,1.2023640086460214e-16
5434.69221211766,1.2599819434382232e-16
5437.114698546847,1.3468951737083558e-16
5439.537184976033,1.3867449644054918e-16
5441.9596714052195,1.4949122567542854e-16
5444.382157834405,1.5027197372416171e-16
5446.804644263591,1.4277376669475755e-16
5449.227130692778,1.4164985207105008e-16
5451.649617121964,1.3917771039322854e-16
5454.07210355115,1.3861696786022675e-16
5456.494589980336,1.356114315151193e-16
5458.917076409522,1.3187157391321751e-16
5461.339562838709,1.3452167805097838e-16
5463.762049267894,1.304574715544012e-16
5466.184535697081,1.230257856553241e-16
5468.607022126267,1.2143425407588567e-16
5471.0295085554535,1.235845681337115e-16
5473.451994984639,1.20857463918802e-16
5475.874481413825,1.1639665744084116e-16
5478.296967843012,1.2207258334327646e-16
5480.719454272198,1.2433296831028363e-16
5483.141940701384,1.150594130787599e-16
5485.56442713057,1.132333135923776e-16
5487.986913559756,1.1346481622317581e-16
5490.409399988943,1.1236458749175609e-16
5492.831886418128,1.1289664078292042e-16
5495.254372847315,1.1442774960157547e-16
5497.676859276501,1.1530824379272455e-16
5500.0993457056875,1.1287715440023632e-16
5502.521832134873,1.090062075065128e-16
5504.944318564059,1.0948499722126598e-16
5507.366804993246,1.1203827239171583e-16
5509.789291422432,1.125392535740435e-16
5512.211777851618,1.0940082727131593e-16
5514.634264280804,1.0358187113521598e-16
5517.05675070999,1.0435538182190281e-16
5519.479237139177,1.0775511447093968e-16
5521.901723568362,1.0297578264020518e-16
5524.324209997549,1.043979999976277e-16
5526.746696426735,1.0705053889459591e-16
5529.1691828559215,1.0265342894438791e-16
5531.591669285107,1.0659787730488255e-16
5534.014155714293,1.102315294760907e-16
5536.43664214348,1.1280890017997682e-16
5538.859128572666,1.1317635938683278e-16
5541.281615001852,1.0842842984732563e-16
5543.704101431038,1.0775402512623164e-16
5546.126587860224,1.1200655711950675e-16
5548.549074289411,1.115898339667613e-16
5550.971560718596,1.0838171469849431e-16
5553.394047147783,1.0956071372707104e-16
5555.816533576969,1.142871370997055e-16
5558.239020006155,1.128385443397435e-16
5560.661506435341,1.107330359407598e-16
5563.083992864527,1.1463457610863922e-16
5565.506479293714,1.114711120687863e-16
5567.9289657229,1.0564917374127983e-16
5570.351452152086,1.0825719405798431e-16
5572.773938581272,1.082925949836854e-16
5575.196425010458,1.0579155240177366e-16
5577.618911439645,1.1090005836705243e-16
5580.041397868831,1.1058710886875187e-16
5582.463884298017,1.0785036193376411e-16
5584.886370727203,1.0650113396828956e-16
5587.308857156389,1.069408832043898e-16
5589.731343585576,1.0637351151368181e-16
5592.153830014762,1.0873784494440842e-16
5594.576316443948,1.1115911915041643e-16
5596.998802873134,1.0490546028019762e-16
5599.4212893023205,9.795713440314321e-17
5601.843775731506,9.898164022646411e-17
5604.266262160692,1.02524959840117e-16
5606.688748589879,1.051668701592233e-16
5609.111235019065,1.0831199592570206e-16
5611.5337214482515,1.0669031875844443e-16
5613.956207877437,1.0023904503252172e-16
5616.378694306623,9.660200783948696e-17
5618.80118073581,1.008644889759304e-16
5621.223667164995,1.0075379696790578e-16
5623.646153594182,1.0614207924770131e-16
5626.068640023367,1.0994146928871831e-16
5628.4911264525535,1.0432089571452791e-16
5630.91361288174,1.072130134005676e-16
5633.336099310926,1.0992496957810825e-16
5635.758585740112,1.0354627118428481e-16
5638.181072169298,1.0958577918496132e-16
5640.603558598485,1.1166910202700394e-16
5643.026045027671,1.0424071801013167e-16
5645.4485314568565,9.793468583956267e-17
5647.871017886043,8.940386441042019e-17
5650.293504315229,9.7288320545434e-17
5652.715990744416,1.0566222414674112e-16
5655.138477173601,9.729896100221795e-17
5657.5609636027875,9.575470539957658e-17
5659.983450031974,9.947065821990955e-17
5662.40593646116,1.0146874293096796e-16
5664.828422890346,1.0773883173207888e-16
5667.250909319532,1.0405676123083783e-16
5669.673395748719,9.559290262719053e-17
5672.095882177905,1.0179416212656396e-16
5674.51836860709,1.041900516663949e-16
5676.940855036277,1.0175789662014327e-16
5679.363341465463,1.0997435031878436e-16
5681.78582789465,1.0989973540937044e-16
5684.208314323835,1.0386562564305864e-16
5686.6308007530215,1.0299790890641697e-16
5689.053287182208,1.0618341692602379e-16
5691.475773611394,1.00582283388092e-16
5693.89826004058,9.413037573192983e-17
5696.320746469766,9.693052209189151e-17
5698.743232898953,1.0016431199608544e-16
5701.165719328139,9.626130535202895e-17
5703.588205757324,9.945857725056294e-17
5706.010692186511,1.037709969044607e-16
5708.433178615697,9.883715315762564e-17
5710.855665044884,9.836311797280073e-17
5713.278151474069,9.720862165214887e-17
5715.7006379032555,9.716302421431487e-17
5718.123124332442,1.0265228709881305e-16
5720.545610761628,1.0732951155762987e-16
5722.968097190814,1.0418300519398103e-16
5725.39058362,1.0635491310401379e-16
5727.8130700491865,1.0513204071459558e-16
5730.235556478373,1.0095532575342995e-16
5732.658042907558,1.0545113601217665e-16
5735.080529336745,1.1018611711845303e-16
5737.503015765931,1.1136264797420287e-16
5739.925502195118,1.0246904894597302e-16
5742.347988624303,1.0011408256053857e-16
5744.7704750534895,1.0354411538065567e-16
5747.192961482676,1.0379264320559423e-16
5749.615447911862,1.0482505473309892e-16
5752.037934341048,1.0507485077491688e-16
5754.460420770234,1.0468221116310021e-16
5756.8829071994205,1.01748522670845e-16
5759.305393628607,1.00524201289326e-16
5761.727880057792,9.904915476728525e-17
5764.150366486979,1.045605671820222e-16
5766.572852916165,1.0817083541424456e-16
5768.995339345352,1.0284827136801951e-16
5771.417825774537,9.864494307494035e-17
5773.840312203723,9.513330694748547e-17
5776.26279863291,9.529320503072382e-17
5778.685285062096,9.864315218540635e-17
5781.107771491282,1.0204624227592799e-16
5783.530257920468,1.0611479976853535e-16
5785.9527443496545,9.952387472036352e-17
5788.375230778841,9.71463644879438e-17
5790.797717208026,1.0277903487834783e-16
5793.220203637213,1.0509751775813307e-16
5795.642690066399,1.0380031113580691e-16
5798.065176495586,1.027548084928355e-16
5800.487662924771,1.0292976894548636e-16
5802.910149353957,1.0435823069666087e-16
5805.332635783144,1.0598492111283479e-16
5807.75512221233,1.0552449584941222e-16
5810.177608641516,1.0413354194708391e-16
5812.600095070702,1.0210396019005852e-16
5815.0225814998885,1.0234923325083508e-16
5817.445067929075,1.0043350068376583e-16
5819.86755435826,9.971829785489635e-17
5822.290040787447,1.017664694782646e-16
5824.712527216633,1.0067855624996214e-16
5827.1350136458195,9.886612901860004e-17
5829.557500075005,1.0076094485509996e-16
5831.979986504191,1.0240955357553879e-16
5834.402472933378,9.62544989314554e-17
5836.824959362563,9.649476538096687e-17
5839.24744579175,1.0308976594418267e-16
5841.669932220936,1.0048913349966493e-16
5844.092418650122,9.958114544253528e-17
5846.514905079308,1.031042945664529e-16
5848.937391508494,1.0468604339732831e-16
5851.359877937681,1.012148299985193e-16
5853.782364366867,9.916619524133396e-17
5856.204850796053,1.002822151337714e-16
5858.627337225239,9.810580502128939e-17
5861.049823654425,9.430811701394528e-17
5863.472310083612,9.73295013158682e-17
5865.894796512797,1.0138039005770303e-16
5868.317282941984,1.0628888114749696e-16
5870.73976937117,1.0410700500940176e-16
5873.162255800356,9.99544222820114e-17
5875.584742229542,1.0975925486601421e-16
5878.007228658728,1.120716995364856e-16
5880.429715087915,1.069176089664592e-16
5882.852201517101,1.0018645869703227e-16
5885.274687946287,9.184832173533532e-17
5887.697174375473,9.193476986455343e-17
5890.119660804659,9.508788682294256e-17
5892.542147233846,9.304820911877871e-17
5894.964633663031,9.556881187918324e-17
5897.387120092218,1.00718821682305e-16
5899.809606521404,9.916350434100335e-17
5902.23209295059,9.867621431141155e-17
5904.654579379776,9.695694453501371e-17
5907.077065808962,9.917708685339407e-17
5909.499552238149,9.878933199133833e-17
5911.922038667335,8.998920059832014e-17
5914.344525096521,8.92602555154269e-17
5916.767011525707,9.322662433790975e-17
5919.189497954893,9.71519739497716e-17
5921.61198438408,1.0292265172728096e-16
5924.034470813265,1.0399790198154916e-16
5926.456957242452,1.0127149333897191e-16
5928.879443671638,9.640177951287532e-17
5931.301930100824,9.708750078579041e-17
5933.72441653001,9.923915339302055e-17
5936.146902959196,9.95571487409107e-17
5938.569389388383,9.974358108675823e-17
5940.991875817569,1.030572028631364e-16
5943.4143622467545,1.0165488500524311e-16
5945.836848675941,9.584073086984496e-17
5948.259335105127,9.491422592476282e-17
5950.681821534314,9.856464132006884e-17
5953.104307963499,1.0270577950330372e-16
5955.526794392686,1.0264273177804736e-16
5957.949280821872,1.0224311924213157e-16
5960.371767251058,9.704316737786696e-17
5962.794253680244,9.028227177791206e-17
5965.21674010943,9.400109481671798e-17
5967.639226538617,1.0054996820849367e-16
5970.061712967803,1.0134064515307208e-16
5972.4841993969885,9.817651672367476e-17
5974.906685826175,9.736748591491203e-17
5977.329172255361,1.0076083438474158e-16
5979.751658684548,1.0023078188575802e-16
5982.174145113733,9.870023739531218e-17
5984.59663154292,9.870950568005736e-17
5987.019117972106,1.0048088539550383e-16
5989.441604401292,1.0363585533795007e-16
5991.864090830478,1.0025038822939671e-16
5994.286577259664,9.951632171381423e-17
5996.709063688851,1.0167755507843552e-16
5999.131550118037,9.92638564473837e-17
6001.5540365472225,9.762045061001458e-17
6003.976522976409,9.520236368727039e-17
6006.399009405595,9.403269882958331e-17
6008.821495834782,9.699350719709543e-17
6011.243982263967,1.0166393080502048e-16
6013.666468693154,1.0382864882478611e-16
6016.08895512234,9.826786974664671e-17
6018.511441551526,9.738627359707211e-17
6020.933927980712,1.0055040780379664e-16
6023.356414409898,9.807923088328795e-17
6025.778900839085,9.65240523335502e-17
6028.201387268271,9.692713031073616e-17
6030.6238736974565,9.695037642211703e-17
6033.046360126643,1.0019372558063025e-16
6035.468846555829,9.855301394502888e-17
6037.891332985016,9.405403093447723e-17
6040.313819414201,9.630264642608252e-17
6042.7363058433875,9.521678068933052e-17
6045.158792272574,9.669927564295951e-17
6047.581278701759,9.954897630705021e-17
6050.003765130946,9.421672367321608e-17
6052.426251560132,9.376249159924178e-17
6054.848737989319,9.433170495814198e-17
6057.271224418504,9.472857789038696e-17
6059.69371084769,9.264705927947951e-17
6062.116197276877,9.439076090294607e-17
6064.538683706063,9.938466913543411e-17
6066.961170135249,9.9732673350347e-17
6069.383656564435,9.689185418904121e-17
6071.8061429936215,9.672266991522771e-17
6074.228629422808,9.651506348027931e-17
6076.651115851993,9.647718564260203e-17
6079.07360228118,9.544576774706912e-17
6081.496088710366,9.407597346322823e-17
6083.918575139553,9.165057719274366e-17
6086.341061568738,9.115431163712417e-17
6088.763547997924,9.431327432684503e-17
6091.186034427111,9.469892789230655e-17
6093.608520856297,9.418548552141771e-17
6096.031007285483,9.469786777531796e-17
6098.453493714669,9.489708303499952e-17
6100.8759801438555,9.707844843643987e-17
6103.298466573042,9.521823469684703e-17
6105.720953002227,8.986659758890602e-17
6108.143439431414,9.099201823140178e-17
6110.5659258606,9.680807445682422e-17
6112.9884122897865,9.852072078545351e-17
6115.410898718972,9.639124429727113e-17
6117.833385148158,9.835923923529074e-17
6120.255871577345,9.558691858460734e-17
6122.678358006531,8.869128092404663e-17
6125.100844435717,8.807129148483611e-17
6127.523330864903,9.266951231694024e-17
6129.9458172940895,9.353424907775355e-17
6132.368303723276,9.232049908995417e-17
6134.790790152462,9.051320112882714e-17
6137.213276581649,8.996320548752526e-17
6139.635763010834,9.258460078694892e-17
6142.0582494400205,9.372500484642436e-17
6144.480735869207,9.520386278328834e-17
6146.903222298392,9.853934079101923e-17
6149.325708727579,9.673976561968351e-17
6151.748195156765,9.320779196753313e-17
6154.170681585952,8.852575336025695e-17
6156.593168015138,8.582545056705967e-17
6159.015654444323,8.840742736188256e-17
6161.43814087351,9.057745123693231e-17
6163.860627302696,8.823483200920659e-17
6166.283113731882,8.432829782930236e-17
6168.705600161068,8.546287354795702e-17
6171.1280865902545,8.983421571875287e-17
6173.550573019441,8.956185123030852e-17
6175.973059448627,9.020730575934291e-17
6178.395545877813,8.94116453091668e-17
6180.818032306999,8.970503196320836e-17
6183.240518736185,9.359642836567971e-17
6185.663005165371,9.301767758799459e-17
6188.085491594557,9.146703069458975e-17
6190.507978023744,9.390925263045248e-17
6192.930464452929,9.971803141758892e-17
6195.352950882116,9.83950557841032e-17
6197.775437311302,9.45294570235206e-17
6200.1979237404885,9.760274805809695e-17
6202.620410169674,9.321739034860661e-17
6205.04289659886,8.887369673532662e-17
6207.465383028047,9.197305658420086e-17
6209.887869457233,9.189898153785316e-17
6212.310355886419,8.95198169528383e-17
6214.732842315605,8.762189028880486e-17
6217.155328744791,8.863279790701195e-17
6219.577815173978,9.365423342352595e-17
6222.000301603163,9.499307997560642e-17
6224.42278803235,9.110073131476422e-17
6226.845274461536,9.04213671876188e-17
6229.2677608907225,9.384168000861416e-17
6231.690247319908,9.418689219539163e-17
6234.112733749094,9.236275865270539e-17
6236.535220178281,9.372137272777311e-17
6238.957706607467,9.476563574757897e-17
6241.380193036653,9.23714236219424e-17
6243.802679465839,8.93182835599262e-17
6246.225165895025,8.688930212572583e-17
6248.647652324212,8.764826162024501e-17
6251.070138753397,8.879408330475955e-17
6253.492625182584,8.89934555247137e-17
6255.91511161177,8.749024814723536e-17
6258.337598040956,8.425091457364134e-17
6260.760084470142,8.230347132827092e-17
6263.182570899328,8.529618048797109e-17
6265.605057328515,8.940603097950563e-17
6268.0275437577,8.878499650146345e-17
6270.450030186887,8.667145303337454e-17
6272.872516616073,8.351760263110834e-17
6275.295003045259,8.557460620244838e-17
6277.717489474445,8.979475519995438e-17
6280.139975903631,9.24728253580559e-17
6282.562462332818,9.226057444312702e-17
6284.984948762004,8.801022311291763e-17
6287.4074351911895,8.763078096458331e-17
6289.829921620376,8.991577190828601e-17
6292.252408049562,8.84120452430267e-17
6294.674894478749,8.668027894070663e-17
6297.097380907934,8.81831381293391e-17
6299.519867337121,9.15226166560693e-17
6301.942353766307,9.087094985659167e-17
6304.364840195493,8.608953417703307e-17
6306.787326624679,8.589647457429747e-17
6309.209813053865,8.657880284544622e-17
6311.632299483052,8.55691036614614e-17
6314.054785912238,8.665922934781964e-17
6316.4772723414235,8.681254584906387e-17
6318.89975877061,8.80478911524355e-17
6321.322245199796,9.041558564685759e-17
6323.744731628983,9.011889834423644e-17
6326.167218058168,8.614503002991838e-17
6328.5897044873545,8.518764807678512e-17
6331.012190916541,8.550708290589597e-17
6333.434677345727,8.522847104535931e-17
6335.857163774913,8.611511189122307e-17
6338.279650204099,8.873297562262863e-17
6340.702136633286,8.688410520549793e-17
6343.124623062472,8.33704586412332e-17
6345.5471094916575,8.635650540906063e-17
6347.969595920844,8.814021015200626e-17
6350.39208235003,8.549147929698293e-17
6352.814568779217,8.767633020681946e-17
6355.237055208402,9.062135795695136e-17
6357.6595416375885,8.589873303930574e-17
6360.082028066775,8.387313182891525e-17
6362.504514495961,8.685482451189504e-17
6364.927000925147,8.746081269673179e-17
6367.349487354333,8.687166711073944e-17
6369.77197378352,8.679822984453262e-17
6372.194460212706,8.821107269996777e-17
6374.616946641891,9.091693648053292e-17
6377.039433071078,8.888100083996065e-17
6379.461919500264,8.260182938052111e-17
6381.884405929451,8.316177603666141e-17
6384.306892358636,8.475637761368009e-17
6386.7293787878225,8.455804002972865e-17
6389.151865217009,8.720285346689506e-17
6391.574351646195,8.777794751642704e-17
6393.996838075381,8.652302326601369e-17
6396.419324504567,8.650793831956203e-17
6398.841810933754,8.830606679042286e-17
6401.26429736294,9.015175205041651e-17
6403.686783792125,8.857047843017613e-17
6406.109270221312,8.783971227888891e-17
6408.531756650498,8.878794562378001e-17
6410.954243079685,8.799982265665129e-17
6413.37672950887,8.777988316733029e-17
6415.7992159380565,9.046300594650896e-17
6418.221702367243,9.075556262025136e-17
6420.644188796429,8.89235553235801e-17
6423.066675225615,8.920266286316011e-17
6425.489161654801,8.868826402261435e-17
6427.9116480839875,8.708136785386336e-17
6430.334134513174,8.497438784862231e-17
6432.756620942359,8.541500930705862e-17
6435.179107371546,8.631148675859314e-17
6437.601593800732,8.577050302628886e-17
6440.024080229919,8.60586589665369e-17
6442.446566659104,8.840621329764701e-17
6444.8690530882905,9.102878815407668e-17
6447.291539517477,8.930605966800764e-17
6449.714025946663,8.67190070960309e-17
6452.136512375849,8.516549818832122e-17
6454.558998805035,8.549169150783685e-17
6456.9814852342215,8.468189556875891e-17
6459.403971663408,8.38886510953558e-17
6461.826458092593,8.348223955744433e-17
6464.24894452178,8.10105716098701e-17
6466.671430950966,8.044090935964732e-17
6469.093917380153,8.376798467972301e-17
6471.516403809338,8.45765635353092e-17
6473.938890238524,8.404245051581979e-17
6476.361376667711,8.415400428094201e-17
6478.783863096896,8.089332150170239e-17
6481.206349526083,7.78325093483862e-17
6483.628835955269,8.049227509545456e-17
6486.0513223844555,8.168473622980451e-17
6488.473808813641,8.10201302394468e-17
6490.896295242827,8.074390611242525e-17
6493.318781672014,8.23742058815388e-17
6495.7412681012,8.609086135257084e-17
6498.163754530386,8.981329650023687e-17
6500.586240959572,9.048902769905848e-17
6503.008727388758,9.076834699638322e-17
6505.431213817945,9.179744113525181e-17
6507.85370024713,9.1647727508353e-17
6510.276186676317,9.011227536485419e-17
6512.698673105503,8.923015944111747e-17
6515.1211595346895,9.093138649873672e-17
6517.543645963875,9.380091443924059e-17
6519.966132393061,9.73475392497133e-17
6522.388618822248,9.816500979761591e-17
6524.811105251434,9.660489501135835e-17
6527.23359168062,9.801581432753868e-17
6529.656078109806,9.821473980818694e-17
6532.078564538992,9.592626536460799e-17
6534.501050968179,9.541155470285472e-17
6536.923537397364,9.550558975932459e-17
6539.346023826551,9.57448206038484e-17
6541.768510255737,9.538837828912904e-17
6544.190996684923,9.296356951382491e-17
6546.613483114109,9.750977125606311e-17
6549.035969543295,1.0028718634817111e-16
6551.458455972482,9.672312941199526e-17
6553.880942401668,9.609563410028071e-17
6556.303428830854,1.1131468634553667e-16
6558.72591526004,1.53880540368242e-16
6561.148401689226,2.0193226620989342e-16
6563.570888118413,2.2597961757516597e-16
6565.993374547598,2.1920361170499747e-16
6568.415860976785,1.7324823070977556e-16
6570.838347405971,1.1695777531111541e-16
6573.260833835157,9.20246146232395e-17
6575.683320264343,9.000613269918711e-17
6578.105806693529,9.008311238410001e-17
6580.528293122716,9.415222713654764e-17
6582.950779551902,9.85575963487606e-17
6585.373265981088,9.997428267884168e-17
6587.795752410274,9.77773328828555e-17
6590.21823883946,9.139808926969632e-17
6592.640725268647,9.062244854505874e-17
6595.063211697832,9.136526301729901e-17
6597.485698127019,8.820522061907724e-17
6599.908184556205,8.656562887258692e-17
6602.330670985391,8.732796695259305e-17
6604.753157414577,8.596538626529593e-17
6607.175643843763,8.333619798310602e-17
6609.59813027295,8.278458364054826e-17
6612.020616702136,8.224270395194648e-17
6614.443103131322,8.470840066464473e-17
6616.865589560508,8.622382044942923e-17
6619.288075989694,8.428877043411029e-17
6621.710562418881,8.583400673494554e-17
6624.133048848066,8.909486156953592e-17
6626.555535277253,8.773283327455154e-17
6628.978021706439,8.473587621581405e-17
6631.400508135625,8.5536098639812e-17
6633.822994564811,8.433996098179183e-17
6636.245480993997,8.294244618273722e-17
6638.667967423184,8.207690515007143e-17
6641.09045385237,8.08872818134098e-17
6643.5129402815555,8.149968183346485e-17
6645.935426710742,8.349528254213984e-17
6648.357913139928,8.314765601519651e-17
6650.780399569115,8.129767316255955e-17
6653.2028859983,8.004044694692148e-17
6655.625372427487,7.922695736135384e-17
6658.047858856673,8.080561151017832e-17
6660.470345285859,8.196986034330506e-17
6662.892831715045,8.055794919532498e-17
6665.315318144231,7.796787944139926e-17
6667.737804573418,7.8687715118404e-17
6670.160291002604,7.947696995022781e-17
6672.5827774317895,7.845384531304451e-17
6675.005263860976,7.964377674891122e-17
6677.427750290162,8.140565882542003e-17
6679.850236719349,8.01353465038044e-17
6682.272723148535,8.000424470125531e-17
6684.695209577721,8.076163209584121e-17
6687.117696006907,8.068557941854736e-17
6689.540182436093,8.098302531412207e-17
6691.962668865279,7.967184789301605e-17
6694.385155294465,7.89061310617795e-17
6696.807641723652,7.779457196013383e-17
6699.230128152838,7.761014194120036e-17
6701.652614582024,8.017207672814394e-17
6704.07510101121,8.11893886491638e-17
6706.497587440396,7.95875660861269e-17
6708.920073869583,7.951543983322325e-17
6711.342560298768,8.530785329460445e-17
6713.7650467279545,9.245299953822392e-17
6716.187533157141,9.564429836443852e-17
6718.610019586327,9.788249139982692e-17
6721.032506015514,9.291598249173483e-17
6723.454992444699,8.212581896742333e-17
6725.877478873886,8.137817598979959e-17
6728.299965303072,8.805809196504844e-17
6730.7224517322575,9.093100442893179e-17
6733.144938161444,8.79509790579615e-17
6735.56742459063,8.375861225370241e-17
6737.989911019816,8.191729325702825e-17
6740.412397449002,8.228696508530475e-17
6742.8348838781885,7.945049128588973e-17
6745.257370307375,7.675147735950282e-17
6747.67985673656,7.502849913510402e-17
6750.102343165747,7.324630200428928e-17
6752.524829594933,7.648397121739321e-17
6754.94731602412,8.031586664705455e-17
6757.369802453305,8.152025716728901e-17
6759.792288882491,7.961676547878672e-17
6762.214775311678,7.754099966463461e-17
6764.637261740864,7.865988117959894e-17
6767.05974817005,7.992215637604918e-17
6769.482234599236,7.889064977510523e-17
6771.9047210284225,7.638666585383276e-17
6774.327207457609,7.51762598221725e-17
6776.749693886794,7.872024832664757e-17
6779.172180315981,7.996109028213382e-17
6781.594666745167,7.720142606129342e-17
6784.017153174354,7.525722112213923e-17
6786.439639603539,7.236855787996085e-17
6788.862126032725,7.380640704447071e-17
6791.284612461912,7.758592664339421e-17
6793.707098891098,7.883111325122216e-17
6796.129585320284,7.877699666071405e-17
6798.55207174947,8.070059282970061e-17
6800.9745581786565,8.04942054929425e-17
6803.397044607843,7.74694435213192e-17
6805.819531037028,7.63745731620355e-17
6808.242017466215,7.758828387020164e-17
6810.664503895401,7.874692815572476e-17
6813.0869903245875,8.062495537457963e-17
6815.509476753773,7.93055795928956e-17
6817.931963182959,7.606355105638876e-17
6820.354449612146,7.539501127527535e-17
6822.776936041332,7.863063428677518e-17
6825.199422470518,7.789152920630888e-17
6827.621908899704,7.492443452992806e-17
6830.0443953288905,7.70810124309424e-17
6832.466881758077,7.984323097165238e-17
6834.889368187262,8.017271695986644e-17
6837.311854616449,8.117096587090337e-17
6839.734341045635,7.888922834311447e-17
6842.1568274748215,7.519210982545702e-17
6844.579313904007,7.696192360821867e-17
6847.001800333193,7.834894228057923e-17
6849.42428676238,7.819552692545108e-17
6851.846773191566,7.863949120939282e-17
6854.269259620752,8.0386386876694e-17
6856.691746049938,7.818185425274143e-17
6859.114232479124,7.56548383967194e-17
6861.536718908311,7.605606938601473e-17
6863.959205337496,7.5770251426136e-17
6866.381691766683,7.720907732089348e-17
6868.804178195869,7.694090099734688e-17
6871.2266646250555,7.887035113235928e-17
6873.649151054241,8.096264951122631e-17
6876.071637483427,7.841622151776195e-17
6878.494123912614,7.820698084534875e-17
6880.9166103418,7.835058780475366e-17
6883.339096770986,7.760876476656029e-17
6885.761583200172,7.682496280177074e-17
6888.184069629358,7.646980582588826e-17
6890.606556058545,7.533889960131697e-17
6893.02904248773,7.429054276685244e-17
6895.451528916917,7.573780012666359e-17
6897.874015346103,7.529155322647372e-17
6900.2965017752895,7.185453559389981e-17
6902.718988204475,7.210698822274719e-17
6905.141474633661,7.466679597112645e-17
6907.563961062848,7.491091774342065e-17
6909.986447492033,7.31721493318992e-17
6912.40893392122,7.178731034269762e-17
6914.831420350406,7.163619391056803e-17
6917.253906779592,7.148790583114481e-17
6919.676393208778,7.180813082072737e-17
6922.098879637964,7.490915003512793e-17
6924.521366067151,7.750639096947916e-17
6926.943852496337,7.723162283871161e-17
6929.3663389255225,7.523646747282706e-17
6931.788825354709,7.735129154337932e-17
6934.211311783895,7.536129613939228e-17
6936.633798213082,7.16631229559847e-17
6939.056284642267,7.231261784539635e-17
6941.478771071454,7.284918807687971e-17
6943.90125750064,7.459782209933791e-17
6946.323743929826,7.068293512194998e-17
6948.746230359012,6.886237929353569e-17
6951.168716788198,7.197281249334612e-17
6953.591203217385,7.352158986126563e-17
6956.013689646571,7.311082191647571e-17
6958.4361760757565,7.468442349915697e-17
6960.858662504943,7.802753484415531e-17
6963.281148934129,7.830259383763765e-17
6965.703635363316,7.703395188404288e-17
6968.126121792501,7.527572437450296e-17
6970.548608221688,7.28007446348745e-17
6972.971094650874,7.312061830705885e-17
6975.39358108006,7.259824219803427e-17
6977.816067509246,7.352089372761433e-17
6980.238553938432,7.247304559791731e-17
6982.661040367619,6.87827298127353e-17
6985.083526796805,7.111915731089021e-17
6987.5060132259905,7.483358307447007e-17
6989.928499655177,7.468750723457804e-17
6992.350986084363,7.438235699750923e-17
6994.77347251355,7.540544701985125e-17
6997.195958942735,7.725809635353582e-17
6999.618445371922,7.589607984359266e-17
7002.040931801108,7.415432726343038e-17
7004.463418230294,7.377734076884961e-17
7006.88590465948,7.17332847785749e-17
7009.308391088666,7.214188407587047e-17
7011.730877517853,7.378288689522162e-17
7014.153363947039,7.481728211273107e-17
7016.5758503762245,7.449494501341345e-17
7018.998336805411,7.265441195160733e-17
7021.420823234597,7.338623073726563e-17
7023.843309663784,7.489882369786078e-17
7026.265796092969,7.390424823617671e-17
7028.6882825221555,7.139898052873942e-17
7031.110768951342,7.008706479013832e-17
7033.533255380528,7.28430841399676e-17
7035.955741809714,7.144510723289314e-17
7038.3782282389,6.894064697177371e-17
7040.800714668087,6.858017303617693e-17
7043.223201097273,7.151808136107825e-17
7045.6456875264585,7.188276208966566e-17
7048.068173955645,7.032028747443598e-17
7050.490660384831,7.029600385511666e-17
7052.913146814018,6.783586915301978e-17
7055.335633243203,6.879242381529091e-17
7057.7581196723895,7.273172387446233e-17
7060.180606101576,7.006234950523023e-17
7062.603092530762,7.095277844238325e-17
7065.025578959948,7.58876586918531e-17
7067.448065389134,7.53454743569089e-17
7069.870551818321,7.2122083246853e-17
7072.293038247507,7.189875953530747e-17
7074.715524676692,7.376260144680984e-17
7077.138011105879,7.372690126115699e-17
7079.560497535065,7.341747161216685e-17
7081.982983964252,7.190126813062584e-17
7084.405470393437,7.01696130954734e-17
7086.8279568226235,7.091673169353147e-17
7089.25044325181,7.356636457152954e-17
7091.672929680996,7.326655804756747e-17
7094.095416110182,7.081609010385737e-17
7096.517902539368,6.96390629889806e-17
7098.9403889685545,6.931046866290422e-17
7101.362875397741,7.144964746789834e-17
7103.785361826926,7.45393023570021e-17
7106.207848256113,7.249473763754995e-17
7108.630334685299,7.063509087225976e-17
7111.052821114486,7.025161103857563e-17
7113.475307543671,6.810852438894889e-17
7115.8977939728575,6.951267224683142e-17
7118.320280402044,7.459792396181439e-17
7120.742766831229,7.64563344238437e-17
7123.165253260416,7.363489202083242e-17
7125.587739689602,7.16428219198834e-17
7128.0102261187885,7.199050576938924e-17
7130.432712547974,7.516352660081393e-17
7132.85519897716,7.555130025368472e-17
7135.277685406347,7.18664047617788e-17
7137.700171835533,7.351743278551433e-17
7140.122658264719,7.377142492006326e-17
7142.545144693905,6.95902331892856e-17
7144.967631123091,6.807828199222684e-17
7147.390117552278,6.742339133227787e-17
7149.812603981463,6.861038484097575e-17
7152.23509041065,7.039871761258882e-17
7154.657576839836,7.049949701096241e-17
7157.0800632690225,7.001395851506309e-17
7159.502549698208,7.021596447935843e-17
7161.925036127394,7.013221099101131e-17
7164.347522556581,7.072274417884821e-17
7166.770008985767,7.443974810155717e-17
7169.192495414953,7.242964206856527e-17
7171.614981844139,6.824669662054896e-17
7174.037468273325,7.061073466254815e-17
7176.459954702512,7.087052223066334e-17
7178.882441131697,6.616679284378692e-17
7181.304927560884,6.596938015805074e-17
7183.72741399007,7.144525917445076e-17
7186.1499004192565,7.40483645457768e-17
7188.572386848442,7.371653810099196e-17
7190.994873277628,7.272347499985097e-17
7193.417359706815,7.051368711215063e-17
7195.839846136001,7.000095182889175e-17
7198.262332565187,7.018185937251807e-17
7200.684818994373,6.790873212760333e-17
7203.107305423559,6.676999848742661e-17
7205.529791852746,6.729371451149548e-17
7207.952278281931,6.77739370219369e-17
7210.374764711118,6.861652488090582e-17
7212.797251140304,6.823913114965847e-17
7215.2197375694905,7.00024376324146e-17
7217.642223998676,7.227993444324971e-17
7220.064710427862,7.11537082998624e-17
7222.487196857049,7.084979563442458e-17
7224.909683286235,7.289808150638083e-17
7227.332169715421,7.269301911657795e-17
7229.754656144607,6.971027798269111e-17
7232.177142573793,7.01374177377727e-17
7234.59962900298,7.081459423280518e-17
7237.022115432164,7.08430883410512e-17
7239.444601861352,7.178798764610552e-17
7241.867088290537,6.980438503651189e-17
7244.2895747197235,7.007971011941775e-17
7246.71206114891,7.147281974107109e-17
7249.134547578095,7.095064085259502e-17
7251.557034007283,7.15114998324232e-17
7253.979520436469,6.934998585645365e-17
7256.402006865654,6.79024153356763e-17
7258.824493294841,7.036818870728703e-17
7261.2469797240265,7.1336051351759e-17
7263.669466153213,7.104490004042859e-17
7266.091952582399,7.048358663918004e-17
7268.514439011585,6.97368029383081e-17
7270.936925440771,7.0730144484406e-17
7273.359411869958,7.015911245993456e-17
7275.781898299143,7.027466999504814e-17
7278.20438472833,6.737649337009356e-17
7280.626871157516,6.019538291429676e-17
7283.049357586702,6.282276653590688e-17
7285.471844015889,7.529099062333939e-17
7287.894330445075,7.798977683509279e-17
7290.316816874261,6.688256524185096e-17
7292.739303303448,6.489654819400479e-17
7295.161789732633,6.478379103079892e-17
7297.58427616182,6.201119025758396e-17
7300.006762591006,6.552117273890144e-17
7302.429249020192,6.437306665786367e-17
7304.851735449378,6.545482417982551e-17
7307.274221878564,6.695154954271608e-17
7309.696708307751,6.734434828980857e-17
7312.119194736937,6.603362286847481e-17
7314.5416811661225,6.696258427341712e-17
7316.964167595309,7.228647244758237e-17
7319.386654024495,7.133078508147098e-17
7321.809140453682,6.87711601927009e-17
7324.231626882867,6.738516959605399e-17
7326.654113312054,6.777438796372323e-17
7329.07659974124,6.825444214285268e-17
7331.4990861704255,6.996769000215379e-17
7333.921572599612,6.861743777423116e-17
7336.344059028798,6.759479517114883e-17
7338.766545457985,6.799059253756335e-17
7341.18903188717,6.86722523211378e-17
7343.6115183163565,6.965503461948668e-17
7346.034004745543,6.99735627300134e-17
7348.456491174729,6.906128562366814e-17
7350.878977603915,6.773084851726783e-17
7353.301464033101,6.838750181115107e-17
7355.723950462288,6.800489753061372e-17
7358.146436891474,6.634080371535339e-17
7360.568923320659,6.786291434502887e-17
7362.991409749846,6.820441524844002e-17
7365.413896179032,6.493783376604337e-17
7367.836382608219,6.534128073746256e-17
7370.258869037404,6.747450913594621e-17
7372.6813554665905,7.085705834142252e-17
7375.103841895777,7.248681243758863e-17
7377.526328324963,6.965949869692445e-17
7379.948814754149,6.945765078874654e-17
7382.371301183335,6.981047543057919e-17
7384.793787612522,6.552894376495025e-17
7387.216274041708,6.335987870774518e-17
7389.638760470893,6.400002693226334e-17
7392.06124690008,6.685229354641399e-17
7394.483733329266,7.384070017671973e-17
7396.906219758453,7.557615988387652e-17
7399.328706187638,7.070933416142041e-17
7401.7511926168245,6.780051556614753e-17
7404.173679046011,6.618137570282905e-17
7406.596165475197,6.651633197853054e-17
7409.018651904383,6.619034521734959e-17
7411.441138333569,6.406338852200986e-17
7413.8636247627555,6.500907826548067e-17
7416.286111191942,6.563948357871864e-17
7418.708597621127,6.595976258205711e-17
7421.131084050314,6.650520655410701e-17
7423.5535704795,6.757554784402459e-17
7425.976056908687,6.844882015887651e-17
7428.398543337872,7.321811436881111e-17
7430.8210297670585,7.562504387105327e-17
7433.243516196245,7.248942465954016e-17
7435.666002625431,6.919328596125694e-17
7438.088489054617,6.765898462956502e-17
7440.510975483803,6.849826165885284e-17
7442.9334619129895,6.79621295836414e-17
7445.355948342176,6.590770837148875e-17
7447.778434771361,6.51111178227523e-17
7450.200921200548,6.64603067542319e-17
7452.623407629734,6.749654184927767e-17
7455.045894058921,6.551801082672617e-17
7457.468380488106,6.631302151537376e-17
7459.890866917292,6.836497917431484e-17
7462.313353346479,6.648860301683964e-17
7464.735839775665,6.712461647943297e-17
7467.158326204851,7.053621632369733e-17
7469.580812634037,7.072337003251525e-17
7472.0032990632235,7.077997093857245e-17
7474.42578549241,7.057350441380693e-17
7476.848271921595,6.767695952724597e-17
7479.270758350782,6.953817341802724e-17
7481.693244779968,6.98878627904725e-17
7484.115731209155,6.601031810351497e-17
7486.53821763834,6.60463028566546e-17
7488.960704067526,6.63697292989462e-17
7491.383190496713,6.523525658620974e-17
7493.805676925899,6.646129611889097e-17
7496.228163355085,6.771556977251308e-17
7498.650649784271,6.607475147521146e-17
7501.0731362134575,6.430143737752417e-17
7503.495622642644,6.454731088755183e-17
7505.918109071829,6.531449084756917e-17
7508.340595501016,6.555246302823952e-17
7510.763081930202,6.615980173383362e-17
7513.1855683593885,6.665938237846291e-17
7515.608054788574,6.89896404506597e-17
7518.03054121776,7.118386717587427e-17
7520.453027646947,6.711718967079859e-17
7522.875514076133,6.577628882176553e-17
7525.298000505319,7.211314841795912e-17
7527.720486934505,7.24620497567573e-17
7530.142973363691,6.882941239665282e-17
7532.565459792878,6.711972586558991e-17
7534.987946222063,6.521905933058358e-17
7537.41043265125,6.506687318780506e-17
7539.832919080436,6.402517650915081e-17
7542.2554055096225,6.579381541320525e-17
7544.677891938808,7.052582669549127e-17
7547.100378367994,7.009084839011743e-17
7549.522864797181,6.576732469515525e-17
7551.945351226366,6.509251003277296e-17
7554.367837655553,6.498176827164426e-17
7556.790324084739,6.086831118561945e-17
7559.212810513925,6.142956979433162e-17
7561.635296943111,6.74598477304826e-17
7564.057783372297,6.810318753832859e-17
7566.480269801484,6.39447299418719e-17
7568.90275623067,6.347096120463565e-17
7571.325242659856,6.530095338250794e-17
7573.747729089042,6.45449628490641e-17
7576.170215518228,6.404964909061244e-17
7578.592701947415,6.597970324095116e-17
7581.0151883766,6.654072199923583e-17
7583.437674805787,6.317030885541529e-17
7585.860161234973,5.68374898552388e-17
7588.282647664159,5.519727268076441e-17
7590.705134093345,6.017973328823563e-17
7593.127620522531,6.162258011251483e-17
7595.550106951718,6.266944953276796e-17
7597.972593380904,6.347350617675436e-17
7600.39507981009,6.50036801583682e-17
7602.817566239276,6.691056977751309e-17
7605.240052668462,6.417585433350397e-17
7607.662539097649,6.284693969417036e-17
7610.085025526834,6.507329852551908e-17
7612.507511956021,6.598439146502778e-17
7614.929998385207,6.300457942424447e-17
7617.352484814393,6.317402321269422e-17
7619.774971243579,6.224672812407161e-17
7622.197457672765,6.001586579362114e-17
7624.619944101952,6.081037300215257e-17
7627.042430531138,6.224492153304645e-17
7629.4649169603235,6.193054332939298e-17
7631.88740338951,6.620221623290896e-17
7634.309889818696,6.86202169973811e-17
7636.732376247883,6.616778749163455e-17
7639.154862677068,6.503380914807723e-17
7641.577349106255,6.484574769452676e-17
7643.999835535441,6.476519426108086e-17
7646.422321964627,6.841389765537562e-17
7648.844808393813,5.3917189788685965e-17
7651.267294822999,4.645722620137685e-17
7653.689781252186,5.5083424277168977e-17
7656.112267681372,6.099669072713646e-17
7658.5347541105575,6.402926194179025e-17
7660.957240539744,6.391748747714588e-17
7663.37972696893,6.458059859790489e-17
7665.802213398117,6.274619261866602e-17
7668.224699827302,5.878336891019264e-17
7670.647186256489,5.907815432346286e-17
7673.069672685675,6.174949152269776e-17
7675.492159114861,6.392266042204331e-17
7677.914645544047,6.594591744736916e-17
7680.337131973233,6.591282592122153e-17
7682.75961840242,6.519811848456184e-17
7685.182104831606,6.575488506424046e-17
7687.6045912607915,6.40066007600565e-17
7690.027077689978,6.157173691194e-17
7692.449564119164,6.102679981335529e-17
7694.872050548351,6.02005842321082e-17
7697.294536977536,5.642011845711663e-17
7699.717023406723,5.566426606213244e-17
7702.139509835909,5.914651524165719e-17
7704.561996265095,6.056730678009118e-17
7706.984482694281,6.20322417364277e-17
7709.406969123467,6.373843758662521e-17
7711.829455552654,6.13681724011166e-17
7714.25194198184,5.913936868529926e-17
7716.6744284110255,6.007550850002582e-17
7719.096914840212,6.045171510025627e-17
7721.519401269398,6.050003014152059e-17
7723.941887698585,6.168478196199611e-17
7726.36437412777,6.506003417495848e-17
7728.7868605569565,6.559021571390574e-17
7731.209346986143,6.307888279736986e-17
7733.631833415329,6.389947096329114e-17
7736.054319844515,6.491976720473785e-17
7738.476806273701,6.343143582057685e-17
7740.899292702888,6.286049912373948e-17
7743.321779132074,6.553814717344105e-17
7745.744265561259,6.53741336944625e-17
7748.166751990446,6.333761082152608e-17
7750.589238419632,6.429592621263624e-17
7753.011724848819,6.65938959943925e-17
7755.434211278004,6.661746745159568e-17
7757.8566977071905,6.374444010016437e-17
7760.279184136377,6.085027321498915e-17
7762.701670565562,6.160447041506894e-17
7765.124156994749,6.449390498229635e-17
7767.546643423935,6.434041394446771e-17
7769.969129853122,6.350462225008221e-17
7772.391616282307,6.508699257949979e-17
7774.814102711493,6.364860420091012e-17
7777.23658914068,6.032196778085099e-17
7779.659075569866,6.101392023102211e-17
7782.081561999052,6.480580817212292e-17
7784.504048428238,6.403531420555733e-17
7786.926534857424,6.11927181501497e-17
7789.34902128661,5.999854266220782e-17
7791.771507715796,6.188979608820927e-17
7794.193994144982,6.258086174608941e-17
7796.616480574169,6.09576957513673e-17
7799.0389670033555,6.225373259878494e-17
7801.46145343254,6.068394922578792e-17
7803.883939861727,5.947264768329849e-17
7806.306426290913,5.896530037120891e-17
7808.728912720099,5.964525316753714e-17
7811.151399149286,6.315765820341665e-17
7813.573885578471,6.483863560578781e-17
7815.996372007658,6.484920622803486e-17
7818.418858436845,6.424792749550632e-17
7820.841344866029,6.37902200053048e-17
7823.263831295217,6.419702340714513e-17
7825.686317724402,6.518759191613855e-17
7828.108804153589,6.379078468458314e-17
7830.531290582775,6.024912116561287e-17
7832.9537770119605,6.161570550253975e-17
7835.376263441148,6.420630937708485e-17
7837.798749870334,6.462328822374437e-17
7840.22123629952,6.646577693818487e-17
7842.643722728706,6.481233480767556e-17
7845.066209157892,5.830259647472005e-17
7847.488695587079,5.643134422680844e-17
7849.911182016264,6.071609635738901e-17
7852.333668445451,6.350177313759273e-17
7854.756154874637,6.238723696076134e-17
7857.178641303824,6.148686854101852e-17
7859.601127733009,6.264114001278386e-17
7862.0236141621945,6.256035715421204e-17
7864.446100591382,6.282197184381137e-17
7866.868587020569,6.304888451097403e-17
7869.291073449754,6.132702372273837e-17
7871.713559878939,6.042399384324915e-17
7874.136046308126,5.896402802963207e-17
7876.558532737314,5.674736710397361e-17
7878.981019166498,5.5198447810048335e-17
7881.403505595684,5.5253827383713046e-17
7883.825992024871,5.806291880718151e-17
7886.248478454058,5.995693073356689e-17
7888.670964883243,6.024539329973503e-17
7891.093451312428,6.054743474414719e-17
7893.515937741616,5.854965395879668e-17
7895.938424170803,5.746529981748782e-17
7898.360910599988,6.015074462915435e-17
7900.783397029173,6.097691248326903e-17
7903.20588345836,5.971627726586025e-17
7905.628369887548,5.969904835127074e-17
7908.050856316732,5.88058183422811e-17
7910.473342745918,5.891980363836752e-17
7912.895829175105,6.069603224184779e-17
7915.318315604292,5.85286091287567e-17
7917.740802033477,5.758502458070861e-17
7920.163288462662,5.808230943251738e-17
7922.58577489185,5.861841580093676e-17
7925.008261321037,6.034997005557898e-17
7927.430747750222,6.256396181197296e-17
7929.853234179407,6.320156669717788e-17
7932.275720608594,5.975440227008636e-17
7934.698207037782,5.572110132359966e-17
7937.120693466966,5.86813720084504e-17
7939.543179896152,6.105567683462873e-17
7941.965666325339,5.659555500947477e-17
7944.388152754525,5.3861813059370725e-17
7946.810639183711,5.627008569026314e-17
7949.233125612896,5.320229602969826e-17
7951.655612042084,5.200368628733511e-17
7954.07809847127,5.25480191558809e-17
7956.500584900456,5.327917740248504e-17
7958.923071329641,5.792413224552369e-17
7961.345557758828,6.068085164937978e-17
7963.768044188015,6.416255256132451e-17
7966.1905306172,6.113723099671312e-17
7968.613017046386,5.4049359404339274e-17
7971.035503475573,5.582254385216523e-17
7973.457989904759,6.114052254598212e-17
7975.880476333945,6.04530666770847e-17
7978.30296276313,5.740866705584661e-17
7980.725449192318,5.705814441921616e-17
7983.147935621504,5.852963103956845e-17
7985.57042205069,5.944147585695096e-17
7987.992908479875,5.850279859170651e-17
7990.415394909062,5.819609460715563e-17
7992.837881338249,5.843545817633417e-17
7995.260367767434,5.851288336180866e-17
7997.68285419662,6.176649476492568e-17
8000.105340625807,6.056750672976799e-17
8002.527827054993,6.114059869331778e-17
8004.950313484179,6.341461793295356e-17
8007.372799913364,6.173142720260037e-17
8009.795286342552,5.919772762607588e-17
8012.217772771738,5.657282569030809e-17
8014.6402592009235,5.708967923248688e-17
8017.062745630109,5.914648038552826e-17
8019.485232059296,5.874868349869205e-17
8021.907718488483,5.7038000190661e-17
8024.330204917668,5.846917403891867e-17
8026.752691346854,6.069378896678122e-17
8029.175177776041,6.087453891739811e-17
8031.597664205227,5.837393623129194e-17
8034.020150634413,5.3007957342192316e-17
8036.442637063598,5.288925936353322e-17
8038.865123492786,5.751932527598843e-17
8041.287609921972,5.898520624059511e-17
8043.7100963511575,5.65909134430647e-17
8046.132582780343,5.646628045428831e-17
8048.55506920953,6.012496335528229e-17
8050.977555638717,6.107270303668837e-17
8053.400042067902,5.890799231786959e-17
8055.822528497088,5.625818539905272e-17
8058.245014926275,5.544424408083138e-17
8060.667501355461,5.553330759792709e-17
8063.089987784647,5.390130582469201e-17
8065.512474213832,5.207277398423117e-17
8067.93496064302,5.261226098239814e-17
8070.357447072206,5.368242544931195e-17
8072.7799335013915,5.1823200278494986e-17
8075.202419930577,5.220595888002166e-17
8077.624906359764,5.621905035083315e-17
8080.047392788951,5.821286589989737e-17
8082.469879218136,5.141860022366294e-17
8084.892365647322,4.847133469882072e-17
8087.314852076509,5.556695523705204e-17
8089.737338505695,5.869084671614473e-17
8092.159824934881,5.99819188682167e-17
8094.582311364066,6.179787498967331e-17
8097.004797793254,5.62261153222686e-17
8099.42728422244,5.3774428569837636e-17
8101.8497706516255,5.606933514152859e-17
8104.272257080811,5.971411529537309e-17
8106.694743509998,5.977011903030788e-17
8109.117229939185,5.242847289369904e-17
8111.53971636837,5.017506453572186e-17
8113.962202797556,5.5118512342485085e-17
8116.384689226743,5.794339873921291e-17
8118.807175655929,5.531313302965934e-17
8121.229662085115,5.500108278673088e-17
8123.6521485143,5.593831411985811e-17
8126.074634943488,5.654586629809339e-17
8128.497121372674,5.860241398253025e-17
8130.9196078018595,5.847561273681843e-17
8133.342094231045,5.623334757234166e-17
8135.764580660232,5.4424009510255685e-17
8138.187067089419,5.647617668064821e-17
8140.609553518604,6.024442621905986e-17
8143.03203994779,5.878214456454529e-17
8145.454526376977,5.454700545603657e-17
8147.877012806163,5.4553203996678225e-17
8150.299499235349,5.905069358214946e-17
8152.721985664534,5.783840681062414e-17
8155.144472093722,5.386090313709698e-17
8157.566958522908,5.430655509964216e-17
8159.989444952093,5.358481227243589e-17
8162.411931381279,5.4685768913101145e-17
8164.834417810466,5.804354832882298e-17
8167.256904239653,5.945714505774143e-17
8169.679390668838,5.870710661456322e-17
8172.101877098024,5.795554589855315e-17
8174.524363527211,5.840568232145488e-17
8176.946849956397,5.875874742945001e-17
8179.369336385583,5.597501426545707e-17
8181.791822814768,5.2323181356114345e-17
8184.2143092439555,5.29527084098708e-17
8186.636795673142,5.4179562746253974e-17
8189.059282102327,5.575361997599636e-17
8191.481768531513,5.678549653723661e-17
8193.9042549607,5.484644051769359e-17
8196.326741389887,5.415284368831209e-17
8198.749227819071,5.395761423108537e-17
8201.171714248258,5.3296395752191606e-17
8203.594200677444,5.2837982985767824e-17
8206.016687106632,5.332436170428894e-17
8208.439173535817,5.635302982768764e-17
8210.861659965001,5.871694275491321e-17
8213.28414639419,5.5390919335151166e-17
8215.706632823376,4.971943443162328e-17
8218.12911925256,5.128187271120952e-17
8220.551605681747,5.441095193952589e-17
8222.974092110933,5.356119688551528e-17
8225.396578540121,5.587756636091817e-17
8227.819064969306,5.612358084413001e-17
8230.24155139849,5.539010553768046e-17
8232.664037827679,5.563564696090092e-17
8235.086524256865,5.4176177132137314e-17
8237.50901068605,5.364260350846517e-17
8239.931497115236,5.703503906967091e-17
8242.353983544423,5.704973183142841e-17
8244.77646997361,5.4884815592976216e-17
8247.198956402795,5.626866666715488e-17
8249.62144283198,5.83334678547715e-17
8252.043929261168,5.683916211289393e-17
8254.466415690355,5.4800700530647905e-17
8256.88890211954,5.483800332535785e-17
8259.311388548726,5.95159129282252e-17
8261.733874977912,6.288123889529108e-17
8264.1563614071,5.668504268523334e-17
8266.578847836285,5.214543505137597e-17
8269.00133426547,5.422819441614388e-17
8271.423820694657,5.976857772205809e-17
8273.846307123844,5.866217229660373e-17
8276.268793553028,5.340704461930837e-17
8278.691279982215,5.4713011043131285e-17
8281.113766411401,5.788430652503063e-17
8283.53625284059,5.556054325144835e-17
8285.958739269774,4.8485870388690846e-17
8288.381225698959,4.999790330844844e-17
8290.803712128147,5.638161311040945e-17
8293.226198557333,5.305329148941738e-17
8295.648684986518,4.7891249128565317e-17
8298.071171415704,5.214737102428394e-17
8300.49365784489,5.565476772667354e-17
8302.916144274079,5.216364108780885e-17
8305.338630703263,4.929748793573892e-17
8307.761117132448,4.546445526198821e-17
8310.183603561636,4.693941426803503e-17
8312.606089990823,5.495268734210396e-17
8315.028576420007,5.659885990887401e-17
8317.451062849193,5.317015283891661e-17
8319.87354927838,5.4542843147155067e-17
8322.296035707568,5.684444223450423e-17
8324.718522136753,5.551732648439238e-17
8327.141008565937,5.3104358875904e-17
8329.563494995125,5.0620250541635233e-17
8331.985981424312,5.172193886070244e-17
8334.408467853496,5.542195905434742e-17
8336.830954282683,5.654487114192937e-17
8339.25344071187,5.5436097047161104e-17
8341.675927141057,5.269516147941306e-17
8344.098413570242,5.072330743600831e-17
8346.520899999427,5.288551302290298e-17
8348.943386428615,5.4470247160212105e-17
8351.365872857801,5.277835838190138e-17
8353.788359286986,5.12551123591101e-17
8356.210845716172,5.3334505439645844e-17
8358.633332145359,5.605071486783221e-17
8361.055818574547,5.3876148580559774e-17
8363.478305003731,5.038078940877994e-17
8365.900791432916,5.0926205801704746e-17
8368.323277862104,5.199523712782991e-17
8370.74576429129,5.113469592159194e-17
8373.168250720475,5.204397714180396e-17
8375.590737149661,5.278760819330079e-17
8378.013223578848,5.162201105516151e-17
8380.435710008034,5.1022146354442475e-17
8382.85819643722,5.060631235603701e-17
8385.280682866405,5.061048096113903e-17
8387.703169295593,5.293845653414056e-17
8390.12565572478,5.3842267671551136e-17
8392.548142153964,5.597333591463809e-17
8394.97062858315,5.167490131680948e-17
8397.393115012337,4.881429631102693e-17
8399.815601441524,5.26175381472388e-17
8402.23808787071,5.643653491666139e-17
8404.660574299895,5.4122667753810646e-17
8407.083060729083,5.10227470050932e-17
8409.50554715827,4.615574217180445e-17
8411.928033587454,4.353915081855362e-17
8414.35052001664,5.3006099729863393e-17
8416.773006445826,5.85493491187375e-17
8419.195492875013,5.397373298345853e-17
8421.6179793042,4.914454475013148e-17
8424.040465733384,4.48553293158922e-17
8426.462952162572,4.782477951177517e-17
8428.885438591758,5.168071079235558e-17
8431.307925020943,5.068349407909287e-17
8433.73041145013,4.973726641323504e-17
8436.152897879316,4.9783877238056243e-17
8438.575384308502,5.0337574042695334e-17
8440.997870737689,5.0339045786876576e-17
8443.420357166873,4.868583457094384e-17
8445.842843596061,4.785732665199023e-17
8448.265330025248,4.919926117195051e-17
8450.687816454432,4.9019410567940034e-17
8453.110302883619,5.1005687798598375e-17
8455.532789312805,5.2802480896662606e-17
8457.955275741991,4.967962122014678e-17
8460.377762171178,4.7783679020775477e-17
8462.800248600362,5.4205782085778265e-17
8465.22273502955,5.512288752258816e-17
8467.645221458737,4.6941874501870693e-17
8470.067707887922,4.9125685293077225e-17
8472.490194317108,5.56242570079939e-17
8474.912680746294,5.767095686305971e-17
8477.33516717548,5.634086125455613e-17
8479.757653604667,5.33068956621125e-17
8482.180140033852,5.1582788771995243e-17
8484.60262646304,5.1030523801204307e-17
8487.025112892226,5.3599199125502044e-17
8489.447599321411,5.397074221946295e-17
8491.870085750597,5.062196873598074e-17
8494.292572179784,4.656132783320169e-17
8496.71505860897,4.32389269262237e-17
8499.137545038157,4.3715964821142366e-17
8501.560031467341,4.683130073443648e-17
8503.98251789653,4.9239928635886426e-17
8506.405004325716,5.045616269442198e-17
8508.8274907549,5.095945692428028e-17
8511.249977184087,4.7903336774684906e-17
8513.672463613273,4.9188279545964585e-17
8516.09495004246,5.2847539580721924e-17
8518.517436471646,5.78175717325052e-17
8520.93992290083,6.406998140966164e-17
8523.362409330019,5.96748137018703e-17
8525.784895759205,5.570493604772085e-17
8528.20738218839,5.684993881309774e-17
8530.629868617576,5.4481418812413205e-17
8533.052355046762,4.7823982225081726e-17
8535.474841475949,4.037161548200565e-17
8537.897327905135,3.770224548329684e-17
8540.31981433432,3.913159736066777e-17
8542.742300763508,4.265707120443462e-17
8545.164787192694,5.068768067722058e-17
8547.587273621879,5.500357256017924e-17
8550.009760051065,5.1267875405981866e-17
8552.432246480252,4.8563253075141316e-17
8554.854732909438,5.2352266356625e-17
8557.277219338624,5.191771445161797e-17
8559.699705767809,4.9883544217540836e-17
8562.122192196997,5.322235569102521e-17
8564.544678626184,5.486319569096891e-17
8566.967165055368,5.331800010972429e-17
8569.389651484555,5.090830712447716e-17
8571.812137913741,4.7629974404549585e-17
8574.234624342927,4.74701976236437e-17
8576.657110772114,5.112147906558968e-17
8579.079597201298,5.235620498207444e-17
8581.502083630487,4.9127532933064376e-17
8583.924570059673,4.577900604557621e-17
8586.347056488858,4.673222796911722e-17
8588.769542918044,5.059200987534389e-17
8591.19202934723,5.2505419332090386e-17
8593.614515776417,5.1362195998471217e-17
8596.037002205603,5.034289797785998e-17
8598.459488634788,5.158394524498261e-17
8600.881975063976,5.313024866030288e-17
8603.304461493162,5.2192636322253204e-17
8605.726947922347,5.009825626391522e-17
8608.149434351533,4.8811987981962746e-17
8610.57192078072,4.939912229561518e-17
8612.994407209906,5.2590681527220885e-17
8615.416893639092,5.3419011002951155e-17
8617.839380068277,4.988456958873906e-17
8620.261866497463,4.630601888871998e-17
8622.684352926652,4.9553197238520525e-17
8625.106839355836,5.4592110918738545e-17
8627.529325785023,5.665942146773016e-17
8629.951812214209,5.819713545344493e-17
8632.374298643395,5.925036661435391e-17
8634.796785072582,5.723814434996281e-17
8637.219271501766,5.696388611839995e-17
8639.641757930953,5.789892536683692e-17
8642.064244360141,5.59563857499421e-17
8644.486730789326,5.4135984708261776e-17
8646.909217218512,5.277404906871931e-17
8649.331703647698,5.228276392924018e-17
8651.754190076885,5.3268857302247476e-17
8654.176676506071,5.001259374309719e-17
8656.599162935256,4.612259188638759e-17
8659.021649364442,4.4654788614049206e-17
8661.44413579363,4.1850688531176256e-17
8663.866622222815,4.2998556178820905e-17
8666.289108652001,4.9200654083335785e-17
8668.711595081188,5.072527342055624e-17
8671.134081510374,5.186072209940142e-17
8673.55656793956,5.3630567285916664e-17
8675.979054368745,4.9923956200459845e-17
8678.401540797931,4.9347974735547753e-17
8680.82402722712,5.0134949317910293e-17
8683.246513656304,4.921780398073488e-17
8685.66900008549,5.005761048294709e-17
8688.091486514677,4.7534161022911044e-17
8690.513972943863,4.681599478712494e-17
8692.93645937305,5.0552281569008853e-17
8695.358945802234,5.3449856252917053e-17
8697.78143223142,5.177354190182837e-17
8700.203918660609,4.847046492155108e-17
8702.626405089793,4.9982229567883e-17
8705.04889151898,5.358202817350336e-17
8707.471377948166,5.387501234377998e-17
8709.893864377353,5.008587768128513e-17
8712.316350806539,4.572118734336121e-17
8714.738837235724,4.784926713587503e-17
8717.16132366491,5.388992495865337e-17
8719.583810094098,5.383680548239273e-17
8722.006296523283,5.026331080062591e-17
8724.42878295247,4.9330918170286976e-17
8726.851269381656,5.0470022339233956e-17
8729.273755810842,5.1580112018456485e-17
8731.696242240028,5.00049868400384e-17
8734.118728669213,4.791342744932787e-17
8736.5412150984,4.812647642698607e-17
8738.963701527588,4.9592055865667005e-17
8741.386187956772,5.046438507990022e-17
8743.808674385959,4.975122469675963e-17
8746.231160815145,4.9473240305060365e-17
8748.653647244331,4.9216582797318865e-17
8751.076133673518,4.9317335599521394e-17
8753.498620102702,5.0503283659189545e-17
8755.921106531889,5.345151180250714e-17
8758.343592961077,5.412095377533666e-17
8760.766079390261,4.933224105716025e-17
8763.188565819448,4.736753537069743e-17
8765.611052248634,4.9510036435726437e-17
8768.03353867782,5.0335767819914904e-17
8770.456025107007,4.940166651747623e-17
8772.878511536192,4.77194139536499e-17
8775.300997965378,4.782398473196525e-17
8777.723484394566,4.944792924824152e-17
8780.14597082375,4.9461631575132044e-17
8782.568457252937,5.230852821412707e-17
8784.990943682124,5.3067706043662977e-17
8787.41343011131,5.063248832251161e-17
8789.835916540496,5.1771223844708646e-17
8792.25840296968,5.2745958227233977e-17
8794.680889398867,5.1478764434797605e-17
8797.103375828056,4.8335814931432e-17
8799.52586225724,4.8940643238995745e-17
8801.948348686426,5.220627429085506e-17
8804.370835115613,5.299464401748905e-17
8806.7933215448,4.905244048605371e-17
8809.215807973986,4.597934400251993e-17
8811.63829440317,4.8628482007987506e-17
8814.060780832357,5.040138243853536e-17
8816.483267261545,4.980352883771752e-17
8818.90575369073,4.949241740981609e-17
8821.328240119916,4.994187908623675e-17
8823.750726549102,5.191245933930612e-17
8826.173212978289,5.2698987985454803e-17
8828.595699407475,5.2079281937718084e-17
8831.01818583666,4.847007016082451e-17
8833.440672265846,4.821608842417245e-17
8835.863158695034,5.1126157603211036e-17
8838.285645124219,5.1736635253733473e-17
8840.708131553405,5.3796919797158606e-17
8843.130617982592,5.394201034692182e-17
8845.553104411778,5.179864369023928e-17
8847.975590840964,5.1475061179386665e-17
8850.398077270149,5.422482467579721e-17
8852.820563699335,5.583297802807097e-17
8855.243050128523,5.133094250917324e-17
8857.665536557708,4.8787970192687216e-17
8860.088022986894,4.8369171307141977e-17
8862.51050941608,4.803401115840328e-17
8864.932995845267,5.119351691179581e-17
8867.355482274454,5.0034934536361685e-17
8869.77796870364,4.791207266074693e-17
8872.200455132825,4.884457229576249e-17
8874.622941562013,4.803891408365511e-17
8877.045427991197,4.802680756254325e-17
8879.467914420384,4.817491253526817e-17
8881.89040084957,4.884932799743859e-17
8884.312887278757,5.2207440944924507e-17
8886.735373707943,5.2143221739814855e-17
8889.157860137127,5.08500254858061e-17
8891.580346566314,4.972485977741082e-17
8894.002832995502,4.963152554442835e-17
8896.425319424687,5.081644455221863e-17
8898.847805853873,5.105573067647155e-17
8901.27029228306,5.025220571807274e-17
8903.692778712246,4.834501466847711e-17
8906.115265141432,4.7712346145293037e-17
8908.537751570619,4.9552855556942945e-17
8910.960237999803,4.887568839470827e-17
8913.382724428991,4.7500264043934716e-17
8915.805210858176,4.992993753217485e-17
8918.227697287362,5.2339187784282564e-17
8920.65018371655,4.075239943616293e-17
8923.072670145735,3.5820241008176146e-17
8925.495156574922,5.2857693949716347e-17
8927.917643004108,6.058442023189563e-17
8930.340129433293,5.3129500140020503e-17
8932.76261586248,4.3094373755977725e-17
8935.185102291665,4.5044279627195584e-17
8937.60758872085,5.286171706383446e-17
8940.03007515004,4.574973299790128e-17
8942.452561579224,3.843039934440957e-17
8944.87504800841,4.3440818915581717e-17
8947.297534437597,5.235177238463846e-17
8949.720020866784,4.9730229090054337e-17
8952.14250729597,4.2695291405492403e-17
8954.564993725155,4.3587509327505226e-17
8956.987480154341,4.880353209715426e-17
8959.40996658353,4.80866730410571e-17
8961.832453012714,4.459020260820181e-17
8964.2549394419,4.503494290486503e-17
8966.677425871087,4.686663983704632e-17
8969.099912300273,4.7552263437306276e-17
8971.52239872946,4.470482477191291e-17
8973.944885158644,4.013033143264165e-17
8976.36737158783,4.434892271544694e-17
8978.789858017017,4.823551506260666e-17
8981.212344446205,4.303960395103871e-17
8983.63483087539,5.018468826855107e-17
8986.057317304574,6.088010813162703e-17
8988.479803733762,5.3529495189988665e-17
8990.90229016295,4.417770652876764e-17
8993.324776592133,4.3169703672717403e-17
8995.74726302132,4.438690466106881e-17
8998.169749450508,4.368473052785845e-17
9000.592235879694,4.283353365645851e-17
9003.014722308879,4.5084074021594404e-17
9005.437208738065,4.4225351451126576e-17
9007.859695167252,3.98426294856507e-17
9010.28218159644,3.9273673085938005e-17
9012.704668025623,4.056641775149569e-17
9015.127154454809,4.2295520841124805e-17
9017.549640883997,4.4541586540931935e-17
9019.972127313182,4.5120772914201744e-17
9022.394613742368,4.445889616077385e-17
9024.817100171555,4.540771810106962e-17
9027.23958660074,4.592313218818608e-17
9029.66207302993,4.4724107005664673e-17
9032.084559459112,4.4008237227195286e-17
9034.507045888296,4.590241135940775e-17
9036.929532317487,4.918889110308535e-17
9039.352018746673,5.075931057957328e-17
9041.774505175857,4.7058687710842086e-17
9044.196991605044,3.6677548134230883e-17
9046.61947803423,4.623036046293305e-17
9049.041964463418,5.862503013233431e-17
9051.464450892601,5.834019469473234e-17
9053.886937321788,5.218473244326106e-17
9056.309423750976,4.671374687471289e-17
9058.731910180162,4.153774488829819e-17
9061.154396609345,3.7091192261042935e-17
9063.576883038533,3.666471790999377e-17
9065.99936946772,3.6848900118851446e-17
9068.421855896906,4.524955340400449e-17
9070.84434232609,5.180321918085216e-17
9073.266828755277,5.011252957159046e-17
9075.689315184463,5.029111995486649e-17
9078.111801613652,4.618261661015636e-17
9080.534288042834,3.946751893606781e-17
9082.95677447202,4.013954411385992e-17
9085.379260901209,4.848920024356392e-17
9087.801747330397,5.564909506728044e-17
9090.22423375958,5.000229762169346e-17
9092.646720188766,4.3521305653325156e-17
9095.069206617954,4.6406273948626096e-17
9097.49169304714,4.8686345626404666e-17
9099.914179476324,4.6842939135722126e-17
9102.336665905512,3.881195938642736e-17
9104.759152334698,3.741442991197353e-17
9107.181638763886,4.0701758710635476e-17
9109.60412519307,3.7502869980816875e-17
9112.026611622256,4.01809131839416e-17
9114.449098051444,4.6736375732329575e-17
9116.871584480628,4.498460415750301e-17
9119.294070909813,4.234426678029896e-17
9121.716557339001,4.4149811785287684e-17
9124.139043768186,4.349981798261924e-17
9126.561530197376,4.4669019413081137e-17
9128.984016626559,4.798377874187033e-17
9131.406503055745,4.8150197935074426e-17
9133.828989484933,4.8222822251452727e-17
9136.25147591412,4.87107984492844e-17
9138.673962343302,5.092151735651172e-17
9141.09644877249,5.028427392677807e-17
9143.518935201677,4.4287437898572724e-17
9145.941421630865,4.529367538084616e-17
9148.363908060046,4.782780782628632e-17
9150.786394489234,4.373225393988711e-17
9153.208880918422,4.0371455903440696e-17
9155.631367347609,4.1232082927248386e-17
9158.05385377679,4.4090416395690756e-17
9160.47634020598,4.212264859589962e-17
9162.898826635166,4.13706412816213e-17
9165.321313064353,4.847129611280584e-17
9167.743799493535,4.864232742877394e-17
9170.166285922724,4.0829637080831276e-17
9172.588772351912,4.110450487727322e-17
9175.011258781098,4.241337900635479e-17
9177.433745210279,4.4603537941936215e-17
9179.85623163947,4.715976037495856e-17
9182.278718068656,4.677215507917608e-17
9184.701204497842,4.323991674792577e-17
9187.123690927025,4.1081387110128593e-17
9189.546177356213,4.206937150335161e-17
9191.968663785401,4.340687049214684e-17
9194.391150214587,4.462017743301269e-17
9196.813636643768,4.533271874752167e-17
9199.236123072957,4.622553468417672e-17
9201.658609502145,4.680446535330458e-17
9204.081095931331,4.3979330414101986e-17
9206.503582360514,4.477810519968645e-17
9208.9260687897,4.6813479090408086e-17
9211.34855521889,4.470535473823278e-17
9213.771041648077,4.369043562762447e-17
9216.193528077258,4.293965015684211e-17
9218.616014506446,4.7218073676254104e-17
9221.038500935634,5.065551476742943e-17
9223.46098736482,4.268781839700119e-17
9225.883473794003,3.945807197810847e-17
9228.30596022319,4.180063287760526e-17
9230.72844665238,3.915789081766598e-17
9233.150933081566,4.046732310859855e-17
9235.573419510747,4.607869059602211e-17
9237.995905939935,4.913538015192272e-17
9240.418392369123,4.941074967955652e-17
9242.84087879831,4.696802144117002e-17
9245.263365227493,4.6150545122859e-17
9247.685851656679,4.665858009360289e-17
9250.108338085867,4.573895818067204e-17
9252.530824515055,4.363109818268858e-17
9254.953310944238,4.379915830886758e-17
9257.375797373425,4.978702724121068e-17
9259.798283802611,5.1099032670670417e-17
9262.2207702318,4.534982833136685e-17
9264.643256660982,4.4757139818584317e-17
9267.065743090168,4.789767924379168e-17
9269.488229519357,4.7256433950835375e-17
9271.910715948545,4.5057735213934e-17
9274.333202377726,4.317156743135746e-17
9276.755688806914,4.627377804007766e-17
9279.1781752361,5.273801212684177e-17
9281.600661665288,5.0239452258114845e-17
9284.023148094471,4.201705426520424e-17
9286.445634523658,4.198799931385252e-17
9288.868120952846,4.59457651879103e-17
9291.290607382034,4.833179548574944e-17
9293.713093811215,4.79874489961784e-17
9296.135580240403,4.7469687804422346e-17
9298.55806666959,4.689534782584816e-17
9300.980553098776,4.496540207612985e-17
9303.403039527962,4.390334321583445e-17
9305.825525957147,4.4715851869444457e-17
9308.248012386335,4.506644722939756e-17
9310.670498815522,4.629634443810612e-17
9313.092985244704,4.626510087575627e-17
9315.515471673893,4.036299974110556e-17
9317.937958103079,4.2400393104268556e-17
9320.360444532265,4.6580445312961573e-17
9322.78293096145,4.410142695584879e-17
9325.205417390636,4.492786265338373e-17
9327.627903819824,4.802045963659056e-17
9330.05039024901,4.880787696619287e-17
9332.472876678194,4.8926375877176404e-17
9334.895363107382,4.6008256396402403e-17
9337.317849536568,4.348305638279012e-17
9339.740335965755,4.482289480459665e-17
9342.16282239494,4.52704838420044e-17
9344.585308824126,4.5172713012908e-17
9347.007795253314,4.4547137536578625e-17
9349.4302816825,4.396346365302372e-17
9351.852768111685,4.25640431212227e-17
9354.275254540871,4.061064377777359e-17
9356.697740970058,4.255581273981656e-17
9359.120227399244,4.32212261574293e-17
9361.542713828429,4.21842916486726e-17
9363.965200257615,4.40275477841653e-17
9366.387686686803,4.364958925100329e-17
9368.81017311599,4.0289388771174287e-17
9371.232659545172,4.14095229308911e-17
9373.65514597436,4.528781847137685e-17
9376.077632403547,4.379689854906118e-17
9378.500118832733,4.5754829584668724e-17
9380.922605261918,4.568108267646874e-17
9383.345091691104,4.50622617150531e-17
9385.767578120292,4.2105282029754105e-17
9388.190064549479,3.7773372200073646e-17
9390.612550978662,4.333771942786937e-17
9393.03503740785,4.4900328498301007e-17
9395.457523837036,4.241092618249221e-17
9397.880010266223,4.269604248704935e-17
9400.302496695409,4.320913692034998e-17
9402.724983124594,4.417351771510123e-17
9405.147469553782,4.492699095163393e-17
9407.569955982968,4.367109747552032e-17
9409.992442412151,4.21863547576439e-17
9412.41492884134,4.251612344012029e-17
9414.837415270526,4.469955806903467e-17
9417.259901699712,4.440847336313322e-17
9419.682388128896,4.171732135563988e-17
9422.104874558083,4.135057312809249e-17
9424.527360987271,4.11291991474518e-17
9426.949847416457,4.096214013620674e-17
9429.37233384564,4.101061053068174e-17
9431.794820274828,4.235422495835981e-17
9434.217306704015,4.419809251994914e-17
9436.639793133201,4.1176725126312577e-17
9439.062279562386,4.263410733753544e-17
9441.484765991572,4.646230535455815e-17
9443.90725242076,4.586849625008781e-17
9446.329738849947,4.5552790348227336e-17
9448.752225279131,4.511302504084933e-17
9451.174711708318,4.4724926576809416e-17
9453.597198137504,4.2363601940467565e-17
9456.01968456669,4.137898757164262e-17
9458.442170995875,4.253220854312582e-17
9460.864657425062,3.9362107534428426e-17
9463.28714385425,4.1011967599722406e-17
9465.709630283436,4.055201575502081e-17
9468.132116712619,3.691652026236549e-17
9470.554603141807,4.096351087045749e-17
9472.977089570993,4.600057241279783e-17
9475.39957600018,4.446990847793112e-17
9477.822062429366,4.3075416750314317e-17
9480.24454885855,4.782762387056209e-17
9482.667035287737,4.702803398189234e-17
9485.089521716925,4.3062605986732547e-17
9487.51200814611,3.7880772781182864e-17
9489.934494575296,4.134940986782623e-17
9492.356981004483,5.0347908346167775e-17
9494.77946743367,5.214082236611024e-17
9497.201953862856,4.739280386153215e-17
9499.62444029204,4.670843412916473e-17
9502.046926721227,4.8193858926418235e-17
9504.469413150415,4.3487959135869416e-17
9506.8918995796,4.175130032583032e-17
9509.314386008786,4.596970139861423e-17
9511.736872437972,4.620837794815882e-17
9514.159358867159,3.96897938461625e-17
9516.581845296345,3.690982161424522e-17
9519.00433172553,4.041067963570922e-17
9521.426818154716,4.247708668221908e-17
9523.849304583904,4.460182665696468e-17
9526.271791013089,5.3607497953063456e-17
9528.694277442275,5.890937375738794e-17
9531.116763871461,5.185610492098305e-17
9533.539250300648,4.7337822164015297e-17
9535.961736729834,5.131842050237453e-17
9538.384223159019,5.019465771189222e-17
9540.806709588205,3.899080222685575e-17
9543.229196017393,3.006579282920172e-17
9545.651682446578,2.8493520880962705e-17
9548.074168875764,3.4594047892181617e-17
9550.49665530495,4.377885763553885e-17
9552.919141734137,4.3046809320726616e-17
9555.341628163324,3.9063133148424e-17
9557.764114592508,3.7382422216737753e-17
9560.186601021695,3.923526128018528e-17
9562.609087450883,4.5631574859603807e-17
9565.031573880067,4.866616453783717e-17
9567.454060309254,4.9014235830028865e-17
9569.87654673844,4.5362671837057946e-17
9572.299033167626,4.383429196051955e-17
9574.721519596813,4.384071343205603e-17
9577.144006025997,4.325778863738353e-17
9579.566492455184,4.402874443865868e-17
9581.988978884372,4.663663421955464e-17
9584.411465313557,4.585499351212042e-17
9586.833951742743,4.127913480007285e-17
9589.25643817193,3.797017407292661e-17
9591.678924601116,3.694278181765173e-17
9594.101411030302,3.856262286086538e-17
9596.523897459487,4.640055268739393e-17
9598.946383888673,5.417576675467202e-17
9601.368870317861,4.7963532689386243e-17
9603.791356747046,4.307695433524847e-17
9606.213843176232,4.551757066099174e-17
9608.636329605419,4.553194971416971e-17
9611.058816034605,4.4079116238029577e-17
9613.481302463792,4.1701719886130736e-17
9615.903788892976,4.264316345515481e-17
9618.326275322162,4.273143424511382e-17
9620.74876175135,3.61805703316914e-17
9623.171248180535,3.1825600744755095e-17
9625.593734609722,3.988821377219192e-17
9628.016221038908,4.32596387545388e-17
9630.438707468094,4.063125917112155e-17
9632.86119389728,4.1044770186130185e-17
9635.283680326465,4.160908136655773e-17
9637.706166755652,4.6108423645841135e-17
9640.12865318484,5.093046402614653e-17
9642.551139614025,4.3032289263969856e-17
9644.973626043211,3.277198784359722e-17
9647.396112472397,3.28392048640783e-17
9649.818598901584,3.641387709510542e-17
9652.24108533077,3.9203423968135516e-17
9654.663571759955,3.9353862954392407e-17
9657.086058189141,3.537070288603968e-17
9659.50854461833,3.780482453367632e-17
9661.931031047514,3.5590348344259785e-17
9664.3535174767,2.4574822813367265e-17
9666.776003905887,2.283292524089067e-17
9669.198490335073,3.394071572443877e-17
9671.62097676426,4.2766246980779456e-17
9674.043463193444,4.1303111718317804e-17
9676.46594962263,3.871104111152318e-17
9678.888436051819,3.3018641844997786e-17
9681.310922481003,3.2040835885289995e-17
9683.73340891019,3.986018582920258e-17
9686.155895339376,4.490337081909341e-17
9688.578381768562,4.661341733581538e-17
9691.000868197749,4.568717286720567e-17
9693.423354626933,3.834627309274621e-17
9695.84584105612,3.4230404195155206e-17
9698.268327485308,3.715331332509646e-17
9700.690813914493,5.21540439112693e-17
9703.113300343679,5.638398339559524e-17
9705.535786772865,4.3723109697709283e-17
9707.958273202052,4.603345964348909e-17
9710.380759631238,5.278694442390825e-17
9712.803246060423,4.8528264692330745e-17
9715.225732489609,4.2935410723514905e-17
9717.648218918797,3.847501018926553e-17
9720.070705347982,3.435654094494469e-17
9722.493191777168,3.8319673748097615e-17
9724.915678206355,3.975890427103005e-17
9727.338164635541,4.317720570228788e-17
9729.760651064727,5.559143226382853e-17
9732.183137493912,4.6919837133727967e-17
9734.605623923098,3.273081192864709e-17
9737.028110352287,3.4473030075392946e-17
9739.450596781471,3.5820495246452657e-17
9741.873083210656,3.8118053223923444e-17
9744.295569639844,3.9214802775033056e-17
9746.71805606903,3.920139402063625e-17
9749.140542498217,3.941802345854527e-17
9751.563028927401,3.849795008430837e-17
9753.985515356588,3.640358629973374e-17
9756.408001785776,4.5585151472923355e-17
9758.83048821496,5.40782935400718e-17
9761.252974644145,4.088877818778288e-17
9763.675461073333,3.547792293431683e-17
9766.09794750252,4.277805624746631e-17
9768.520433931706,3.52609515938252e-17
9770.94292036089,2.687355570890893e-17
9773.365406790077,3.351610812854404e-17
9775.787893219265,4.8410349566261353e-17
9778.21037964845,5.582241715138193e-17
9780.632866077634,4.1046836746763066e-17
9783.055352506823,4.299751929590615e-17
9785.477838936009,6.234900901010367e-17
9787.900325365195,5.66901979221698e-17
9790.32281179438,4.8952930793599933e-17
9792.745298223566,3.518918299721624e-17
9795.167784652755,3.002045580383149e-17
9797.59027108194,3.721152215457582e-17
9800.012757511124,4.073673095225521e-17
9802.435243940312,4.8811820191911015e-17
9804.857730369498,4.349682713156631e-17
9807.280216798685,2.8866315625350007e-17
9809.70270322787,3.231598752280107e-17
9812.125189657056,3.599453252570229e-17
9814.547676086244,3.662699354736231e-17
9816.970162515428,4.555166595370233e-17
9819.392648944613,3.927683096796221e-17
9821.815135373801,3.70878799220929e-17
9824.237621802988,3.891063379219393e-17
9826.660108232174,3.311193802367599e-17
9829.082594661359,3.5972139676642906e-17
9831.505081090545,4.380736912349033e-17
9833.927567519733,4.4465866567398737e-17
9836.350053948918,4.7657137794001715e-17
9838.772540378102,4.12348611449091e-17
9841.19502680729,3.232962381616491e-17
9843.617513236477,3.30434365286839e-17
9846.039999665663,3.7155717206321756e-17
9848.462486094848,3.4848072419746916e-17
9850.884972524034,3.1135916604500915e-17
9853.307458953223,9.641304393614765e-18
9855.729945382407,7.523088956482441e-20
9858.152431811592,2.231340397291153e-17
9860.57491824078,4.485845623341737e-18
9862.997404669966,1.2925438921230094e-18
9865.419891099153,3.469282708947133e-17
9867.842377528337,5.262962418370144e-17
9870.264863957524,5.637966215997125e-17
9872.687350386712,3.66193475385601e-17
9875.109836815896,2.6326622143580664e-17
9877.532323245081,2.772075386789882e-17
9879.95480967427,3.9793390826277436e-17
9882.377296103456,5.3372687801127025e-17
9884.799782532642,4.2116560576990576e-17
9887.222268961827,3.560917770904572e-17
9889.644755391013,3.544871801559051e-17
9892.067241820201,2.777601048149001e-17
9894.489728249386,3.0355524845333336e-17
9896.91221467857,3.995562712753077e-17
9899.334701107759,3.889347768525317e-17
9901.757187536945,3.5943812968262936e-17
9904.17967396613,3.5078702945887776e-17
9906.602160395316,2.5955593745351044e-17
9909.024646824502,3.264917059269148e-17
9911.44713325369,4.7534712832041546e-17
9913.869619682875,4.732330653839824e-17
9916.29210611206,6.096703511031576e-17
9918.714592541248,7.577929195747829e-17
9921.137078970434,7.186065197884367e-17
9923.559565399619,5.3471702153512456e-17
9925.982051828805,3.994936603617186e-17
9928.404538257992,5.403116182295753e-17
9930.82702468718,6.280059123852806e-17
9933.249511116364,5.742377921609635e-17
9935.671997545549,6.03489360601569e-17
9938.094483974737,5.60910116245474e-17
9940.516970403924,5.438260428395816e-17
9942.939456833108,8.078814486360454e-17
9945.361943262295,6.276392243690027e-17
9947.78442969148,4.790788235878964e-17
9950.20691612067,4.592339668047305e-17
9952.629402549854,2.4137645264448092e-17
9955.051888979038,8.515270822592892e-18
9957.474375408226,9.303427250672892e-18
9959.896861837413,3.279974433461026e-17
9962.319348266597,7.269307495747764e-17
9964.741834695784,7.881116984232733e-17
9967.16432112497,5.1654162983402414e-17
9969.586807554158,5.183623374823821e-17
9972.009293983343,7.001608015335083e-17
9974.431780412528,4.8331106353307436e-17
9976.854266841716,1.956493015045207e-17
9979.276753270902,1.5147351967818332e-17
9981.699239700087,7.667075790033645e-18
9984.121726129273,0.0
9986.54421255846,1.1448899783725353e-17
9988.966698987648,4.5294311741433836e-17
9991.389185416832,5.63879913169712e-17
9993.811671846017,6.778878230171478e-17
9996.234158275205,7.454192798639467e-17
9998.656644704392,5.677205753403439e-17
10001.079131133576,5.818288069712112e-17
10003.501617562762,7.902413035844178e-17
10005.924103991949,5.810040233386451e-17
10008.346590421137,1.6506889260543818e-17
10010.769076850322,1.675972653726707e-17
10013.191563279506,2.2263022665203924e-17
10015.614049708694,1.7347465475529006e-17
10018.03653613788,1.39412971690714e-18
10020.459022567065,2.1584290884756386e-17
10022.881508996252,2.3895827818922838e-17
10025.303995425438,1.9771146069062008e-17
10027.726481854626,5.710639591975824e-17
10030.148968283811,9.403779770040519e-17
10032.571454712996,8.697437717626555e-17
10034.993941142184,8.079674020181205e-17
10037.41642757137,4.770272838725533e-17
10039.838914000557,0.0
10042.261400429741,0.0
10044.683886858928,3.950052034987775e-17
10047.106373288116,4.9759246352585204e-17
10049.528859717302,1.8325764640747408e-17
10051.951346146485,8.8904595392923e-18
10054.373832575673,0.0
10056.79631900486,2.3040926230650225e-17
10059.218805434046,5.561663202820054e-17
10061.64129186323,2.4777965217604186e-17
10064.063778292417,3.152362322629421e-17
10066.486264721605,5.163308138895985e-17
10068.908751150791,4.319992300417588e-17
10071.331237579974,2.61400353040912e-17
10073.753724009162,0.0
10076.176210438349,0.0
10078.598696867533,0.0
10081.02118329672,3.7546344796427e-17
10083.443669725906,0.0
10085.866156155093,2.449575055701805e-18
10088.28864258428,6.237366040712919e-17
10090.711129013464,5.5407985173025666e-17
10093.133615442652,2.3471271335529364e-17
10095.556101871838,2.6185106307464856e-17
10097.978588301025,2.6407972211344802e-17
10100.401074730209,4.111873876841524e-17
10102.823561159395,5.5354773609719305e-17
10105.246047588582,5.2734526669264627e-17
10107.66853401777,2.642547051564329e-17
10110.091020446953,1.2340215843890901e-17
10112.513506876141,1.6683886069128188e-17
10114.935993305327,9.95620818180292e-18
10117.358479734514,2.1520511996219568e-17
10119.780966163698,1.959943210031773e-17
10122.203452592885,7.359325854420797e-18
10124.625939022071,0.0
10127.048425451258,1.2151453485035592e-18
10129.470911880442,5.204106792984181e-17
10131.89339830963,5.3694434507709435e-17
10134.315884738817,2.015687303593499e-17
10136.738371168003,2.6194727511520102e-17
10139.160857597188,2.0917660500126004e-18
10141.583344026374,0.0
10144.00583045556,2.9422872742741654e-18
10146.428316884749,1.4827640002375656e-17
10148.850803313931,2.263221291842386e-17
10151.27328974312,4.0482490237764016e-17
10153.695776172306,5.384303748570385e-17
10156.118262601492,4.9991809936243264e-17
10158.540749030677,6.454564562888391e-17
10160.963235459863,7.125085379397872e-17
10163.38572188905,6.32977701614742e-17
10165.808208318238,6.621773334567614e-17
10168.23069474742,7.023689379624134e-17
10170.653181176609,3.992965640708623e-17
10173.075667605795,8.430267361868021e-18
10175.49815403498,3.283364915215704e-17
10177.920640464166,7.754028926016713e-17
10180.343126893353,6.655062994963515e-17
10182.76561332254,3.3817073047054666e-17
10185.188099751727,6.307181996737949e-17
10187.61058618091,5.835276525864848e-17
10190.033072610098,1.2482105937775828e-17
10192.455559039285,2.3605740351024774e-17
10194.878045468471,3.88786111858936e-17
10197.300531897656,1.1551939808668077e-17
10199.723018326842,2.2360581039713747e-17
10202.145504756028,7.107611614776995e-17
10204.567991185217,5.680780994128593e-17
10206.990477614398,1.68364599140886e-17
10209.412964043588,0.0
10211.835450472774,0.0
10214.25793690196,0.0
10216.680423331143,5.818114536095292e-17
10219.102909760331,2.584412549173066e-17
10221.525396189518,0.0
10223.947882618704,2.266278711846333e-17
10226.370369047887,8.866843540797124e-17
10228.792855477077,6.405910882077176e-17
10231.215341906263,1.7617787242837922e-17
10233.63782833545,3.328067929920505e-17
10236.060314764632,3.461117937111714e-17
10238.48280119382,1.9009143633078768e-17
10240.905287623007,0.0
10243.327774052195,0.0
10245.750260481376,3.929472994374944e-17
10248.172746910564,8.046974182513906e-17
10250.595233339753,5.578115423808777e-17
10253.017719768939,6.645658033908477e-17
10255.440206198122,5.377402804209077e-17
10257.862692627308,9.533797897388216e-19
10260.285179056496,1.1659347740563413e-18
10262.707665485685,2.0885966789673974e-17
10265.130151914866,2.5318911630529712e-17
10267.552638344054,6.584685036630658e-17
10269.975124773242,1.0950452171304761e-16
10272.397611202428,1.7182443248112474e-16
10274.820097631611,1.7291598531522141e-16
10277.242584060798,1.3953413783438728e-16
10279.665070489986,1.3099125422463883e-16
10282.087556919174,1.094687562569853e-16
10284.510043348355,2.0202860861578543e-16
10286.932529777543,1.8318103191777143e-16
10289.355016206731,3.583971262580609e-17
10291.777502635918,1.4249402777506916e-17
10294.1999890651,4.721896683543866e-17
10296.622475494287,0.0
10299.044961923473,0.0
10301.467448352663,0.0
10303.889934781844,9.923138735626592e-17
10306.312421211032,7.349358349039885e-17
10308.734907640219,8.15075199076582e-18
10311.157394069407,1.887993134846441e-16
10313.579880498592,1.6741750996553023e-16
10316.002366927776,0.0
10318.424853356963,0.0
10320.847339786153,0.0
10323.269826215334,1.071349034152652e-17
10325.692312644522,0.0
10328.114799073708,1.6893847669310642e-17
10330.537285502896,3.458505994605044e-17
10332.95977193208,0.0
10335.382258361265,0.0
10337.804744790452,0.0
10340.227231219642,0.0
10342.649717648823,0.0
10345.072204078011,0.0
10347.494690507197,0.0
10349.917176936384,0.0
10352.339663365568,0.0
10354.762149794757,1.3309746903568294e-16
10357.184636223941,1.3072017866571835e-16
10359.60712265313,3.906442158195544e-17
10362.029609082314,0.0
10364.4520955115,0.0
10366.874581940687,0.0
10369.297068369873,3.2685679351465705e-17
10371.719554799058,0.0
10374.142041228244,1.9835473304245345e-17
10376.56452765743,2.298058278317124e-16
10378.987014086619,2.2031007283972715e-16
10381.409500515801,7.12029384299766e-17
10383.83198694499,3.12189090559429e-17
10386.254473374176,0.0
10388.676959803362,0.0
10391.099446232547,9.404763682899103e-17
10393.521932661733,1.3978431655643776e-16
10395.94441909092,2.234223849902245e-17
10398.366905520108,7.226869319713601e-17
10400.78939194929,2.0087243777927986e-16
10403.211878378479,1.3461774577757242e-16
10405.634364807665,0.0
10408.056851236852,0.0
10410.479337666038,0.0
10412.901824095223,0.0
10415.32431052441,4.559093462997429e-17
10417.746796953597,1.1987373969684795e-17
10420.16928338278,9.31394413064499e-17
10422.591769811967,1.1330253394924866e-16
10425.014256241155,4.32719121496518e-17
10427.436742670341,0.0
10429.859229099526,0.0
10432.281715528712,0.0
10434.704201957898,0.0
10437.126688387087,9.19696712951042e-17
10439.54917481627,8.601911107523831e-17
10441.971661245456,0.0
10444.394147674646,0.0
