id,log_lsun,log_lsun_u,t_exp,t_exp_u,v_start,v_start_u,X,X_u,Z,Z_u,n,n_u
0,8.02527708327942,0.3918206018219002,13.918385922567287,0.2040857605705088,6828.953686845213,0.8778240620322951,0.7217426001077026,0.5724753336923422,0.0342739391458209,0.6823018009256754,9.39626195462992,0.1981309773149594
1,8.984004363522313,0.9244468686235072,14.579056711492028,0.3509014914426728,6510.161024581903,0.6501150175585019,0.7505959817883674,0.6686532726278913,0.0164468532186353,0.3221586508815223,10.487103959120782,0.7435519795603911
2,8.048067856113738,0.4044821422854103,14.689192806101962,0.3753761791337693,5791.169885416335,0.136549918154525,0.6083316979020224,0.1944389930067409,0.0185283286198037,0.3642086589859343,9.739297319289545,0.3696486596447713
3,7.5677981889311345,0.1376656605172967,14.468236591291436,0.3262747980647636,6299.598268151044,0.499713048679317,0.649436971635562,0.3314565721185398,0.0056604431282322,0.1042513763279242,10.586477090938304,0.7932385454691517
5,8.834232434944587,0.8412402416358822,13.203984729775703,0.0453299399501563,5764.922220545547,0.117801586103962,0.8362598398857403,0.954199466285801,0.0051215397920747,0.0933644402439337,9.996651949973453,0.4983259749867259
7,8.840319693125839,0.8446220517365778,13.806208952001956,0.1791575448893234,5903.063781643726,0.2164741297455183,0.7750850560912282,0.7502835203040942,0.0147243560452023,0.2873607281859052,9.469880133537616,0.234940066768808
10,8.634098997692933,0.7300549987182958,15.296831181439597,0.510406929208799,6139.916897350842,0.3856549266791726,0.7927882327660462,0.8092941092201538,0.0318726385091556,0.6337906769526391,10.114619173605552,0.5573095868027765
11,8.259080651227473,0.5217114729041519,15.12393236973022,0.4719849710511598,6732.287237056921,0.8087765978978007,0.7484706476035217,0.6615688253450721,0.0400939389070502,0.7998775536777827,10.377666938877846,0.6888334694389229
12,7.794464304606508,0.2635912803369485,16.036913787794287,0.6748697306209527,6591.54716098352,0.7082479721310856,0.7908762164389176,0.8029207214630588,0.0161387832703593,0.3159350155628159,10.791004338238617,0.8955021691193074
13,8.026753720503278,0.3926409558351547,14.170468126603668,0.2601040281341482,6326.777744401183,0.5191269602865591,0.7603504057214472,0.7011680190714904,0.0404240030032726,0.8065455152176289,9.073106918536237,0.0365534592681179
20,7.86744284519895,0.3041349139994167,13.732986041465391,0.1628857869923095,6967.314072890023,0.976652909207159,0.7775931916116436,0.7586439720388123,0.0093611033475078,0.1790121888385428,9.668544120012204,0.3342720600061029
21,8.550260971292055,0.6834783173844755,15.464439316465151,0.5476531814367007,6005.132866415585,0.2893806188682754,0.768654622335577,0.7288487411185902,0.0052377919222519,0.0957129681263014,10.004761716106652,0.5023808580533254
22,8.570309213759595,0.6946162298664419,13.273818361480629,0.0608485247734729,5945.745557849502,0.2469611127496442,0.7378649964880155,0.6262166549600515,0.0457791875601126,0.9147310618204582,9.375071833557232,0.1875359167786159
23,7.909663410467262,0.3275907835929234,16.482962768559375,0.7739917263465281,6213.05263571125,0.4378947397937506,0.6623550114410219,0.3745167048034062,0.0463611883898794,0.9264886543409978,10.230943823131026,0.6154719115655135
24,8.79401214200893,0.8188956344494057,16.595910702543485,0.7990912672318851,5893.4381729887045,0.2095986949919318,0.7482454342302982,0.660818114100994,0.004188527644173,0.0745157099832942,9.9708903816282,0.4854451908140996
25,7.68046437581834,0.2002579865657444,15.734080150521748,0.6075733667826106,6368.396604693263,0.5488547176380448,0.8448815499655212,0.9829384998850708,0.0126525303801798,0.2455056642460582,10.41352970084197,0.7067648504209846
29,8.137390873861946,0.4541060410344151,14.05685266272661,0.2348561472725802,5962.094083150338,0.2586386308216694,0.7828855214992207,0.7762850716640691,0.0322708449744701,0.6418352520094972,9.070110853039324,0.0350554265196622
30,7.638770966914369,0.1770949816190936,16.162805492383942,0.7028456649742093,6717.697351533307,0.7983552510952188,0.7113096612388642,0.537698870796214,0.0193715164040894,0.3812427556381697,9.751614298228905,0.3758071491144524
31,7.989385101631826,0.3718806120176813,13.49769672576802,0.1105992723928931,6315.83344970836,0.5113096069345429,0.5589288209787925,0.0297627365959748,0.0182814913570086,0.3592220476163361,10.396239980675825,0.6981199903379111
32,8.705979046381437,0.769988359100798,13.85703225416956,0.1904516120376795,6696.951040820737,0.783536457729098,0.7804717351321356,0.7682391171071187,0.0373309744052616,0.7440600889951849,10.320488050306892,0.6602440251534459
33,8.59742873711476,0.7096826317304218,15.936639222152364,0.6525864938116365,6571.910037370135,0.694221455264382,0.5612488678382532,0.0374962261275108,0.0126792529374513,0.2460455138879057,9.518341475682965,0.2591707378414816
35,8.2880433602293,0.537801866794056,14.162730889104104,0.2583846420231342,5824.916165295673,0.160654403782623,0.7622517839922068,0.7075059466406896,0.0199761209320325,0.3934569885259095,10.111167810764517,0.5555839053822575
40,7.518709473236674,0.1103941517981521,15.26875896789645,0.5041686595325441,6783.469657688628,0.8453354697775913,0.5586555765251694,0.0288519217505645,0.0273348261166379,0.5421176993260187,9.996136336995718,0.498068168497859
41,7.933251303643937,0.3406951686910761,14.625351001397096,0.3611891114215769,6137.52917738217,0.3839494124158359,0.7504500698887557,0.6681668996291856,0.0399917834858042,0.7978138077940254,10.424481325999546,0.7122406629997732
42,8.738812618461125,0.7882292324784035,15.62438893982393,0.5831975421830958,6609.66947569353,0.721192482638236,0.5782109966436828,0.0940366554789424,0.0134411982076754,0.2614383476298073,9.002249833858198,0.0011249169290985
43,7.908500419139003,0.3269446772994462,14.325318392189454,0.294515198264323,6044.520185210844,0.3175144180077459,0.5761645036799966,0.0872150122666552,0.0372392514020344,0.7422070990309985,10.710802276815873,0.8554011384079361
44,8.22034743584161,0.5001930199120055,15.703409284613643,0.6007576188030324,6885.931353970505,0.918522395693218,0.7708721845850365,0.736240615283455,0.002749502626523,0.0454444975055164,9.302370668814758,0.151185334407379
46,9.0191977196692,0.9439987331495562,14.710194988706013,0.3800433308235582,5823.551391445834,0.1596795653184533,0.8185492505327683,0.8951641684425607,0.0010945697122013,0.012011509337401,10.467425074485288,0.7337125372426435
48,8.43471916728878,0.6192884262715445,14.5936955719795,0.354154571551,5741.296942136227,0.100926387240162,0.7369895698617457,0.6232985662058189,0.0338680107480593,0.6741012272335212,9.188757700710577,0.0943788503552884
50,7.367459005115839,0.026366113953244,17.361549200271888,0.969233155615975,6328.428112773081,0.5203057948379153,0.6866285564147462,0.4554285213824871,0.0404840023094917,0.8077576224139753,10.43629680585514,0.7181484029275704
51,7.52871332773754,0.1159518487430775,15.826133279658688,0.6280296177019308,5952.27228576588,0.2516230612613429,0.8022676197710178,0.8408920659033927,0.0309937261229749,0.6160348711712107,10.953132510238062,0.9765662551190312
52,7.598835500805992,0.1549086115588844,15.279777098299483,0.5066171329554412,6776.276276524112,0.840197340374366,0.6195236496810397,0.2317454989367988,0.0471654256399311,0.9427358715137614,10.10560371750858,0.5528018587542893
53,8.665139683917545,0.7472998243986361,13.90342995371016,0.2007622119355913,5952.709734052174,0.2519355243229817,0.6556352567665642,0.3521175225552139,0.0126467500012147,0.2453888889134285,9.97869064646394,0.4893453232319696
54,8.067886174702883,0.4154923192793793,15.57564020592272,0.5723644902050489,6059.600305247588,0.3282859323197057,0.7474147663503921,0.6580492211679737,0.0207762993838207,0.4096222097741568,9.787391687218449,0.3936958436092239
60,8.684954584245272,0.7583081023584849,14.98767571719754,0.4417057149327864,6247.920078469932,0.4628000560499514,0.5533983041331226,0.0113276804437419,0.048645436172061,0.9726350741830512,10.502682104673116,0.7513410523365585
61,7.990491758363714,0.3724954213131745,13.494149420311365,0.1098109822914138,6135.615207283633,0.382582290916881,0.5862633449328577,0.1208778164428588,0.0149797004146908,0.2925192002967843,9.645547552504702,0.322773776252351
62,8.676129005014316,0.7534050027857314,16.86979320393123,0.8599540453180511,5718.608721642955,0.0847205154592533,0.6409128370230126,0.3030427900767086,0.0057503292788004,0.1060672581575857,10.952232785970509,0.976116392985254
63,8.220231944734078,0.5001288581855986,15.756613498274136,0.612580777394252,5896.477140771929,0.2117693862656636,0.8206115201965496,0.9020384006551656,0.0340389635720012,0.6775548196363896,10.183115009795458,0.5915575048977287
64,8.452931498149741,0.6294063878609673,15.85337233145574,0.6340827403234981,6859.120397960332,0.8993717128288087,0.6223649488746892,0.2412164962489638,0.0100388730752716,0.1927045065711451,9.114836735558214,0.0574183677791068
66,9.076966085298263,0.9760922696101472,14.523821562297483,0.338627013843885,5860.322199583701,0.1859444282740724,0.7427463790500572,0.6424879301668575,0.0117879368627482,0.2280391285403691,10.91772190148691,0.9588609507434552
70,7.952642980402485,0.3514683224458254,14.434737434192824,0.3188305409317385,6219.265573670862,0.4423325526220441,0.7735437555688425,0.7451458518961417,0.0284976361640414,0.5656088113947757,10.547710977530617,0.7738554887653075
71,8.645646792188163,0.7364704401045358,13.37158838516493,0.0825751967033179,6703.441942055693,0.7881728157540663,0.6239219270898145,0.2464064236327151,0.024767586068427,0.4902542640086267,10.626105365596668,0.8130526827983345
72,8.273743642649702,0.529857579249835,15.639595088875868,0.5865766864168591,6382.604259204082,0.5590030422886298,0.596482814417911,0.1549427147263697,0.0303963988536843,0.603967653609784,9.811334157001143,0.4056670785005721
73,8.789482971289585,0.816379428494214,16.616127818684824,0.8035839597077385,5962.263072299612,0.2587593373568658,0.6724387795656699,0.4081292652188997,0.0058549436954063,0.1081806807152798,10.281859413178855,0.6409297065894282
74,8.994415719850284,0.9302309554723802,16.785103224607642,0.8411340499128094,6376.067101288525,0.5543336437775179,0.8283933415955398,0.9279778053184662,0.0298426616703312,0.5927810438450747,9.928510645754352,0.4642553228771761
80,7.338883096953682,0.0104906094187117,17.306162387705605,0.9569249750456902,6560.11602854833,0.6857971632488072,0.6576480567999531,0.3588268559998435,0.0204549068340404,0.4031294309907171,10.89939891198854,0.9496994559942707
81,7.696835227817585,0.209352904343103,15.054170438944386,0.4564823197654191,6021.192259793002,0.3008516141378587,0.6479308568843027,0.3264361896143424,0.048136002922509,0.9623434933840208,9.119366048958456,0.0596830244792279
82,9.057835336942494,0.9654640760791638,15.396062738540367,0.5324583863423037,6004.12703583542,0.2886621684538708,0.753293608009105,0.67764536003035,0.0034347904385333,0.0592886957279455,9.995716025892134,0.4978580129460676
83,8.244394599277593,0.5135525551542183,17.41014361207985,0.9800319137955226,6814.2763342760845,0.867340238768632,0.5829747109803267,0.1099157032677554,0.0330886267149821,0.6583560952521643,9.84256770478487,0.4212838523924349
84,7.430035142638094,0.0611306347989414,13.710355505772393,0.1578567790605317,6936.493617729658,0.9546382983783268,0.6712044987928286,0.4040149959760953,0.0235558113672205,0.4657739670145563,9.428070125082,0.2140350625409995
86,8.761351613976782,0.8007508966537681,14.387833117129537,0.3084073593621192,5958.958770935453,0.2563991220967517,0.7518262632838424,0.6727542109461413,0.0247479138072726,0.489856844591367,10.318795156636444,0.6593975783182218
90,7.591302664604745,0.1507237025581919,15.83360456225473,0.6296899027232733,6904.857693237056,0.93204120945504,0.6512838120788823,0.3376127069296076,0.0364278594896169,0.7258153432245839,10.815281726806752,0.907640863403376
91,8.869418045405627,0.8607878030031269,13.124441696268343,0.0276537102818539,6187.82979889969,0.4198784277854929,0.844559967556068,0.9818665585202264,0.0151220030529147,0.295394001068985,10.547432287306284,0.7737161436531425
92,7.378572835680318,0.0325404642668433,16.912557356270685,0.8694571902823747,6334.054930391142,0.5243249502793871,0.8374968635194,0.9583228783980002,0.029571765534366,0.5873083946336571,9.355619540740742,0.1778097703703711
93,8.214648508393372,0.4970269491074289,15.166387171226,0.4814193713835553,6869.382130445241,0.906701521746601,0.5925894487083939,0.1419648290279794,0.0284597626766761,0.5648436904379025,9.21312629773466,0.1065631488673305
94,9.057813460047145,0.9654519222484133,14.278317509691488,0.2840705577092193,6329.374965526957,0.5209821182335405,0.6067420390519256,0.1891401301730852,0.0050376137225104,0.0916689640911201,10.256300621827355,0.628150310913679
98,9.078513492518638,0.976951940288133,16.209351693148797,0.713189265144177,5687.482604600501,0.0624875747146435,0.8446999521398149,0.982333173799383,0.0145841229114597,0.2845277355850449,9.680915229193982,0.340457614596991
100,7.654217332521135,0.1856762958450752,14.555658758013369,0.3457019462251931,5881.166892779541,0.2008334948425288,0.784630990184322,0.7821033006144067,0.0382745311441403,0.7631218412957647,9.30622143863858,0.1531107193192906
101,8.87152155955875,0.8619564219770841,13.47253215341404,0.10500714520312,5900.643536612186,0.2147453832944184,0.8433037802345875,0.977679267448625,0.030190031380445,0.5997986137463645,10.026305506838542,0.513152753419271
102,8.838693770555773,0.843718761419874,17.174060274147745,0.9275689498106098,5984.979970362401,0.2749856931160011,0.6521046769216743,0.3403489230722474,0.0239515654199765,0.4737689983833637,9.16888948605582,0.0844447430279107
103,8.533621011422433,0.6742338952346855,14.164375327849145,0.2587500728553652,6752.167150553479,0.8229765361096275,0.6098895257270798,0.1996317524235992,0.0296809202535769,0.5895135404763026,9.86487846766971,0.4324392338348554
104,9.040350755062429,0.9557504194791276,15.680900415170305,0.5957556478156226,5727.085344375935,0.0907752459828105,0.5737788693842302,0.0792628979474338,0.0464865501082842,0.9290212143087736,9.22057727576198,0.1102886378809904
106,8.416998805610845,0.6094437808949138,13.25392826652913,0.0564285036731398,5835.568574442823,0.1682632674591592,0.6196240038252281,0.2320800127507603,0.0332565295187442,0.6617480710857424,10.470491396206636,0.7352456981033173
110,8.739197441693475,0.7884430231630425,16.274361322187957,0.7276358493751017,6113.4346531617375,0.3667390379726699,0.7542046035238064,0.6806820117460213,0.0282126471623399,0.5598514578250497,9.172771323819418,0.0863856619097087
111,8.226920194479918,0.5038445524888433,13.57602245711759,0.1280049904705754,5917.112979717489,0.2265092712267775,0.7581765867235799,0.6939219557452664,0.0187140090596326,0.3679597789824773,10.939508337158452,0.969754168579226
112,7.637691685312075,0.1764953807289302,17.404201262232643,0.9787113916072544,5719.925016988765,0.085660726420546,0.5838764901575395,0.1129216338584648,0.0270154814296376,0.5356662915078306,10.601312799397508,0.8006563996987539
113,8.743769180546156,0.790982878081198,14.098268585395765,0.2440596856435031,6418.48761788707,0.5846340127764783,0.619795774540874,0.232652581802913,0.0042037753199853,0.0748237438380888,9.13503620567811,0.0675181028390555
114,8.382083157022597,0.5900461983458878,14.662134240234028,0.3693631644964508,5975.4251301348,0.2681608072391431,0.7232385893545897,0.5774619645152991,0.0412789208708294,0.8238165832490802,9.882907773496562,0.4414538867482814
115,8.647708810399411,0.7376160057774508,14.921210104733252,0.4269355788296117,5793.509729561651,0.1382212354011792,0.6425870898377026,0.3086236327923419,0.0338497483818743,0.6737322905429168,10.599023361690591,0.7995116808452968
116,8.155824274895243,0.4643468193862469,14.79845449451701,0.3996565543371135,5820.467489897117,0.1574767784979405,0.7031925265483527,0.5106417551611757,0.0455560643025152,0.9102235212629344,10.006925205211926,0.5034626026059635
120,7.7276974263371505,0.2264985701873059,16.267808758413082,0.7261797240917957,6275.133621340958,0.4822383009578269,0.6902268438486852,0.4674228128289505,0.0396086217382753,0.7900731664298045,9.478378624502051,0.2391893122510262
121,8.969562575956452,0.916423653309141,14.584451342814504,0.3521002984032234,5815.023593761622,0.1535882812583014,0.5774526223390235,0.0915087411300783,0.0023858043896486,0.0380970583767404,9.89650737774425,0.4482536888721248
122,7.764296160213628,0.2468312001186821,16.59578596929954,0.7990635487332316,5898.614728666227,0.2132962347615907,0.6200969569448558,0.2336565231495192,0.005144285756962,0.093823954686101,10.214067639681245,0.6070338198406214
123,8.049468782692072,0.4052604348289294,15.796625979565098,0.6214724399033552,6289.144450490309,0.4922460360645067,0.800409538636194,0.8346984621206467,0.0478186569005585,0.9559324626375468,10.087667574411824,0.5438337872059111
124,9.07430473510225,0.9746137417234731,14.885846498142184,0.419076999587152,5679.679177440824,0.0569136981720168,0.7491764174157416,0.6639213913858053,0.0364521855636652,0.7263067790639453,10.305973207737615,0.6529866038688076
130,7.567365754891538,0.1374254193841879,17.156518913138388,0.9236708695863088,6997.133978138892,0.9979528415277794,0.8302165142314712,0.9340550474382372,0.01309814089798,0.2545078969288904,10.477623500233449,0.7388117501167242
131,7.644589565119266,0.1803275361773699,16.599962652060462,0.7999917004578803,5963.016517389655,0.259297512421182,0.6085534283163769,0.1951780943879228,0.0008346940612482,0.0067614961868341,10.421498834777214,0.7107494173886066
132,8.35340587979403,0.5741143776633502,16.020015061971957,0.6711144582159906,6965.691501546247,0.975493929675891,0.8070537612773239,0.856845870924413,0.0244126092083257,0.4830830143096118,10.64595853998295,0.8229792699914745
133,7.363870423371918,0.0243724574288433,14.716097675576233,0.3813550390169403,5858.412996455799,0.1845807117541418,0.6365700435805894,0.288566811935298,0.0013385961397126,0.0169413361558113,9.206253136264875,0.1031265681324378
135,8.990196578705692,0.9278869881698296,16.11290690394876,0.6917570897663904,5855.66881750164,0.1826205839297424,0.8407141287431492,0.9690470958104976,0.0301301398539223,0.5985886839176233,10.530309620469454,0.7651548102347272
137,9.060210084584831,0.9667833803249078,15.58885399930224,0.5753008887338315,6284.806211209348,0.4891472937209624,0.6509144671171337,0.3363815570571123,0.0433169998761136,0.8649898964871439,9.582835560048332,0.2914177800241659
140,7.84423615865896,0.291242310366089,15.04401251298664,0.4542250028859202,6544.93197342836,0.6749514095916859,0.604591757782268,0.1819725259408934,0.0352477244205103,0.7019742307173816,10.734113853896222,0.8670569269481114
141,8.722026760325342,0.7789037557363017,16.65248199485046,0.8116626655223247,5699.580597579918,0.0711289982713694,0.5726057919894414,0.0753526399648043,0.0437258085764622,0.8732486581103485,10.694920724968442,0.8474603624842209
142,8.44083273335446,0.6226848518635889,13.10193964331654,0.0226532540703425,6766.774278168516,0.8334101986917968,0.6945634229965887,0.4818780766552956,0.0396532541624379,0.790974831564403,9.104017351664366,0.0520086758321828
143,8.239944768205923,0.5110804267810684,13.962563899858674,0.2139030888574831,6494.075035826445,0.6386250255903181,0.7951920197956971,0.8173067326523237,0.0479962193741458,0.9595195833160768,9.24539403819721,0.1226970190986053
144,8.447875316241587,0.6265973979119929,14.64334790491217,0.3651884233138157,5667.050090337404,0.0478929216695741,0.690790788005917,0.4693026266863901,0.0376084353834402,0.7496653612816205,10.006015552133707,0.5030077760668548
150,8.998421498535881,0.93245638807549,13.096226458852826,0.02138365752285,6107.588863647842,0.3625634740341731,0.7693416743416677,0.7311389144722256,0.0430435073074622,0.8594647940901472,9.900067324364338,0.4500336621821689
151,8.842759659974988,0.8459775888749932,15.295384878828886,0.5100855286286411,6994.492449480537,0.9960660353432408,0.5948371753240919,0.149457251080306,0.0051475215834977,0.0938893249191454,10.593337780100818,0.7966688900504092
152,7.745628339069082,0.2364601883717123,15.242325880420893,0.4982946400935312,6345.149963952215,0.5322499742515824,0.6739724908379772,0.4132416361265907,0.0420245867113251,0.8388805396227295,10.430768199189693,0.7153840995948456
153,7.598931108224532,0.1549617267914066,15.432439699906082,0.5405421555346848,6012.2953660715375,0.294496690051098,0.7473717675806479,0.6579058919354933,0.0301334512069462,0.5986555799383088,10.370237138317131,0.6851185691585668
154,7.888357127468208,0.31575395970456,13.6021034619187,0.1338007693152668,6977.163883858929,0.9836884884706636,0.7684344653003504,0.7281148843345014,0.0226317109113451,0.4471052709362648,10.33175036418262,0.6658751820913097
160,7.585441429838771,0.1474674610215396,13.88063109444303,0.1956957987651179,6964.266958193529,0.9744763987096636,0.6701709526118169,0.4005698420393896,0.0216841336990804,0.4279622969511204,10.791139501694053,0.895569750847026
161,8.879072189528056,0.8661512164044766,13.442381996990528,0.0983071104423395,6470.043174675317,0.6214594104823693,0.7839932140421915,0.7799773801406381,0.0440224190917201,0.8792407897317195,9.619930490188777,0.309965245094388
162,8.105239319565253,0.4362440664251411,14.94238992747924,0.4316422061064979,5889.894266372661,0.2070673331233297,0.7308237653000578,0.6027458843335258,0.0455343389338281,0.909784624925822,9.09007448318069,0.0450372415903445
163,8.232722977025665,0.5070683205698138,14.85382029996626,0.4119600666591686,6818.567611403158,0.8704054367165409,0.6946018463579948,0.4820061545266493,0.0490747305481939,0.9813076878423008,10.655939019934328,0.8279695099671641
164,7.9394929197020065,0.3441627331677817,13.744352851542498,0.1654117447872216,6801.8853158445145,0.8584895113175106,0.6195392447081963,0.2317974823606542,0.0124762246699759,0.2419439327267871,10.974580909685942,0.9872904548429708
168,8.350048390770912,0.5722491059838406,16.227547709121612,0.7172328242492473,5732.159412857841,0.0943995806127435,0.647973867607045,0.3265795586901501,0.0373175392462471,0.7437886716413559,9.305864761530286,0.1529323807651426
169,8.156597462096979,0.4647763678316554,15.352575903467187,0.5227946452149302,5925.690121002297,0.2326358007159263,0.6831166951426659,0.4437223171422196,0.0112147915496892,0.216460435347257,9.198206541131748,0.0991032705658743
170,8.192941207089936,0.4849673372721867,15.2607220091566,0.5023826687014669,6330.4361867223015,0.5217401333730728,0.5906024582828151,0.1353415276093834,0.0221162502941238,0.4366919251338146,10.399047345951894,0.6995236729759473
171,7.967867096918129,0.3599261649545161,15.178171769759858,0.4840381710577462,6173.822697904779,0.4098733556462702,0.5865854787253066,0.1219515957510222,0.0451531752300765,0.9020843480823548,10.220425589038502,0.6102127945192507
172,7.379681475811424,0.0331563754507908,17.19958557970176,0.9332412399337244,6352.059555902405,0.5371853970731462,0.7584363082537573,0.6947876941791912,0.0294700151166554,0.585252830639503,10.35482110126517,0.6774105506325847
173,8.291123445113099,0.5395130250628332,13.05146273119724,0.0114361624882753,6468.96207329664,0.6206871952118854,0.8217519487488365,0.9058398291627884,0.0073388395417136,0.1381583745800734,9.03951268713709,0.0197563435685451
174,8.004940409678897,0.3805224498216096,14.868668260166295,0.4152596133702876,5609.047322695429,0.0064623733538776,0.7659329536918187,0.7197765123060624,0.0385962655874167,0.7696215270185196,10.99089959742589,0.9954497987129454
176,9.037514780381748,0.9541748779898596,14.724328139872426,0.3831840310827613,5768.645474124427,0.1204610529460191,0.737757559844226,0.6258585328140867,0.0498269065489787,0.9965031626056317,10.24230293167186,0.6211514658359301
180,8.404477017028892,0.6024872316827182,13.730064007493551,0.162236446109678,6256.22602310566,0.4687328736468996,0.7015113950812344,0.5050379836041144,0.0077511319938311,0.146487515026892,9.334394232540284,0.1671971162701423
181,7.433723191646142,0.0631795509145232,15.15489753959826,0.4788661199107242,5760.522427035995,0.1146588764542821,0.6905382086818822,0.4684606956062739,0.0358536739320351,0.7142156349906091,9.044891829110693,0.0224459145553468
182,8.698002042904406,0.7655566905024482,14.433032256166868,0.3184516124815261,6844.214311970302,0.8887245085502159,0.7451134911898734,0.6503783039662445,0.0350258947592634,0.6974928234194636,9.585709789581264,0.2928548947906318
183,7.995266986067425,0.3751483255930138,15.374016162123596,0.5275591471385765,6646.884486375611,0.7477746331254365,0.641961618899635,0.30653872966545,0.0294818114297358,0.5854911399946637,9.147441553804423,0.0737207769022125
188,8.161296362744052,0.4673868681911396,17.210701591677587,0.9357114648172412,6061.428636551011,0.329591883250722,0.6826171148936963,0.442057049645654,0.0440806784785869,0.8804177470421597,9.353205206368234,0.176602603184117
190,7.446755693211801,0.0704198295621115,14.803915406316776,0.4008700902926169,6405.394977834082,0.5752821270243446,0.6869084914341546,0.4563616381138486,0.0431691032389882,0.8620020856361262,10.111414655751275,0.5557073278756375
191,8.964606156687747,0.9136700870487492,13.466940422416958,0.1037645383148795,5690.404593268513,0.0645747094775092,0.8036955701813844,0.8456519006046144,0.0347883748949554,0.6926944423223328,9.786900620286016,0.3934503101430084
192,8.207308017399223,0.492948898555124,14.388631122426544,0.3085846938725654,6023.970579962382,0.3028361285445582,0.8015098580685638,0.8383661935618794,0.0081964796524951,0.1554844374241445,10.256120551164187,0.6280602755820934
193,7.540278702868029,0.122377057148905,13.19202815921806,0.04267292427068,5911.709181113731,0.2226494150812364,0.8356218464299203,0.952072821433068,0.0215179436852039,0.424604922933413,9.440362903842155,0.2201814519210784
194,7.559074364651157,0.1328190914728648,15.341862403451838,0.5204138674337419,6466.8442669670485,0.6191744764050346,0.5628150969848685,0.0427169899495616,0.0242747683266434,0.4802983500332015,9.275582997078166,0.1377914985390828
200,9.061530366078395,0.9675168700435546,16.044243544656844,0.6764985654792982,5658.6905577897305,0.0419218269926646,0.8328892965166579,0.9429643217221928,0.0142491315390264,0.2777602331116447,10.945158430231498,0.9725792151157484
201,7.56168388285204,0.1342688238066889,15.257554911070311,0.5016788691267363,6364.621980452384,0.5461585574659885,0.6451958975510175,0.3173196585033915,0.0258286579377972,0.5116900593494391,10.489702976380952,0.7448514881904763
202,8.619448733181285,0.7219159628784916,14.176653546569128,0.2614785659042508,6134.518486567451,0.3817989189767503,0.7173989818672436,0.5579966062241453,0.0245373440932023,0.4856029109737853,10.004965356864815,0.5024826784324087
203,8.077987221901992,0.4211040121677734,14.04490371995747,0.2322008266572154,6464.204752804412,0.6172891091460087,0.7880587758503182,0.7935292528343942,0.0033815835770833,0.0582138096380479,10.279600810999607,0.6398004054998042
204,7.603151537225677,0.1573064095698203,14.463693047814491,0.3252651217365541,6453.259837040308,0.6094713121716485,0.5703896154352138,0.0679653847840457,0.0051806034162506,0.0945576447727395,10.06502218390963,0.5325110919548152
209,8.87516447048259,0.8639802613792167,13.082209151311911,0.0182687002915362,6997.156740792385,0.9979691005659892,0.745799168019769,0.6526638933992298,0.0215169924506397,0.4245857060735298,9.85151007851746,0.425755039258729
210,8.103263744592391,0.4351465247735504,17.389256544227532,0.975390343161674,6113.352955378424,0.3666806824131597,0.8345133717928125,0.9483779059760415,0.0082543388899303,0.1566533109076846,10.865750522774109,0.9328752613870545
211,8.129870691231494,0.4499281617952747,13.631842216405737,0.1404093814234968,6000.212589052803,0.2858661350377167,0.7153386892075662,0.5511289640252206,0.0487678558197551,0.9751081983788912,9.35911356247378,0.1795567812368901
212,8.142781937222257,0.4571010762345868,13.411690672803184,0.0914868161784854,6684.001713317615,0.7742869380840107,0.6356217960032228,0.285405986677409,0.0054718734038084,0.1004418869456249,10.705443232018991,0.852721616009497
213,8.575257035357696,0.6973650196431643,15.280071926065055,0.506682650236679,6969.047462355093,0.977891044539352,0.7934815611483541,0.8116052038278468,0.014712508867741,0.2871213912674951,9.162174474422942,0.0810872372114707
214,9.003089463429218,0.9350497019051216,15.000434407616252,0.4445409794702781,5655.994787754748,0.0399962769676772,0.6666083558283321,0.3886945194277736,0.0295904376530889,0.587685609153313,10.0817796253652,0.5408898126826004
215,8.028397055197765,0.3935539195543134,14.882219627318946,0.4182710282930991,6639.662697990772,0.7426162128505518,0.7086634532841996,0.5288781776139982,0.0420147994446968,0.8386828170645826,10.002821669954974,0.5014108349774871
217,8.427000705604573,0.6150003920025408,13.934053449349188,0.2075674331887083,5826.826835856306,0.1620191684687901,0.7594390858322911,0.6981302861076372,0.040099061461704,0.7999810396303851,10.339807447723118,0.6699037238615593
220,7.6093920924540015,0.1607733846966675,16.46479122994465,0.769953606654367,6407.115317472638,0.576510941051884,0.5865149971672693,0.1217166572242307,0.0472529442878794,0.944503925007665,10.980550221100987,0.9902751105504936
221,7.769395028257444,0.2496639045874689,14.39944024921761,0.310986722048358,6362.264283737391,0.5444744883838508,0.663515577057656,0.378385256858853,0.0492957646860736,0.985773023961083,10.275680245385091,0.6378401226925462
222,9.061600396147025,0.9675557756372356,13.187445437936423,0.04165454176365,6552.579512133548,0.6804139372382485,0.7403569734671774,0.6345232448905914,0.0357843933083883,0.7128160264320887,9.205877247762132,0.1029386238810655
223,8.028025860271118,0.3933477001506213,13.949851638538814,0.2110781418975141,6466.188024565745,0.6187057318326746,0.7924450954691142,0.8081503182303807,0.0031069608531027,0.052665875820258,10.5968870802111,0.7984435401055495
224,8.200954587654547,0.489419215363637,16.845044691726393,0.8544543759391982,5954.7529634754455,0.2533949739110327,0.7488415657476265,0.662805219158755,0.0118517535739941,0.2293283550301851,9.374189813205264,0.1870949066026318
225,8.790242429558319,0.8168013497546215,15.089335890024907,0.46429686444998,6079.44272568831,0.3424590897773643,0.6036560522597553,0.1788535075325176,0.0330900121883409,0.658384084612949,9.195371803151009,0.0976859015755033
230,8.509583991508915,0.6608799952827308,13.61262144949433,0.1361380998876288,6093.267033131717,0.3523335950940832,0.710300401416715,0.5343346713890501,0.010874655365704,0.20958899728695,10.543790171906474,0.771895085953237
231,7.876017663662362,0.3088987020346456,15.91945139279119,0.64876697617582,5728.123464644441,0.0915167604603149,0.8187327493057316,0.8957758310191053,0.0254905800701861,0.5048602034381044,10.95146958410782,0.9757347920539094
232,8.12410226287246,0.4467234793735891,13.676243468879225,0.1502763264176055,6796.545825043026,0.854675589316447,0.8070412764200574,0.8568042547335247,0.0019011936061529,0.0283069415384431,9.289397817153466,0.144698908576733
233,8.428745215822303,0.6159695643457246,16.785563511839335,0.841236335964297,6056.722741544703,0.3262305296747878,0.7027019499809193,0.5090064999363975,0.0275684030756097,0.546836425769894,10.8576819113656,0.9288409556827996
234,9.08441475218873,0.9802304178826275,16.257616136473555,0.7239146969941233,6667.854588183581,0.7627532772739865,0.594160486432433,0.1472016214414431,0.0064355439329728,0.1199099784438957,10.411854142499418,0.7059270712497088
240,8.091095970966798,0.4283866505371103,14.88478439820442,0.4188409773787602,6625.66178649316,0.7326155617808285,0.7666392154273262,0.7221307180910871,0.0063956671502318,0.11910438687337,10.267824078472945,0.6339120392364725
241,8.641793597918527,0.734329776621404,13.569331879004032,0.1265181953342294,6657.372665553599,0.7552661896811426,0.6496844187514066,0.3322813958380219,0.0250504399601861,0.4959684840441636,9.458720526201157,0.2293602631005771
242,7.351743225308091,0.0176351251711617,13.136900745971287,0.0304223879936194,5677.989521339753,0.0557068009569663,0.5605748976709936,0.0352496589033117,0.0346364140037098,0.6896245253274721,9.348981112253696,0.1744905561268485
243,8.137189917144461,0.4539943984135894,17.23867864298617,0.94192858733026,5960.02459279806,0.2571604234271862,0.8016496998048033,0.8388323326826778,0.0467169364647902,0.9336754841371766,9.123965949184656,0.0619829745923277
244,8.772396971165184,0.8068872062028809,13.47665386486993,0.1059230810822066,6624.919043901733,0.7320850313583805,0.8000012926331057,0.8333376421103524,0.0192133579933215,0.3780476362287179,9.16661632499751,0.0833081624987549
245,9.092083372882954,0.984490762712752,14.886654526265971,0.419256561392438,6210.33530023032,0.4359537858787999,0.8218172671436339,0.9060575571454464,0.0313779933633123,0.6237978457234814,9.91469076974752,0.4573453848737594
250,7.429923507197801,0.0610686151098893,15.323073889123451,0.5162386420274342,6320.42526745816,0.5145894767558286,0.6800436656285201,0.4334788854284004,0.0451786742595262,0.90259947999043,9.78202467443888,0.3910123372194396
251,7.33793297530706,0.0099627640594777,14.877946316586357,0.4173214036858566,6798.498068675662,0.8560700490540439,0.7489251670080875,0.6630838900269583,0.0006402608943647,0.0028335534215102,10.257699224031642,0.6288496120158212
252,9.089613769897548,0.9831187610541928,15.297748573601442,0.5106107941336541,6424.215009370095,0.5887250066929248,0.7551012974509769,0.6836709915032562,0.0137787291868996,0.2682571552909026,10.59871431699946,0.7993571584997298
253,8.691951865022112,0.7621954805678403,13.992943845648794,0.2206541879219543,6290.998131415525,0.4935700938682317,0.7474073988859987,0.6580246629533291,0.039931361258141,0.7965931567301217,10.99252572475905,0.9962628623795252
254,7.474505471442774,0.0858363730237634,14.626732467708692,0.361496103935265,6033.305727987354,0.3095040914195385,0.6428181212076302,0.3093937373587671,0.0413327229349025,0.8249034936343955,10.253161136033444,0.6265805680167225
255,8.323284634660693,0.5573803525892741,13.564187078705968,0.1253749063791041,6548.097671639756,0.6772126225998256,0.6675741691919496,0.3919138973064985,0.0347323974892359,0.6915635856411304,10.47452244247819,0.7372612212390952
260,7.62645304440287,0.170251691334928,17.415285010384622,0.981174446752138,6329.893736600617,0.5213526690004402,0.6723301140357081,0.4077670467856934,0.0359605733266806,0.7163752187208213,10.391316673846504,0.6956583369232525
261,8.130332880084355,0.4501849333801972,16.871397044862405,0.8603104544138682,6617.389131068696,0.7267065221919257,0.6711946231965085,0.403982077321695,0.0383106160033636,0.7638508283507808,9.4165259017948,0.2082629508973994
262,8.270887014306238,0.5282705635034658,16.443819436401636,0.7652932080892523,6530.787563792078,0.6648482598514844,0.7009816534359631,0.5032721781198768,0.0049391938150361,0.0896806831320433,10.474506576463328,0.7372532882316639
263,7.327545878924015,0.0041921549577861,14.047300758152687,0.2327335018117085,6949.5807253187695,0.9639862323705496,0.5841208657850196,0.1137362192833987,0.0408175272573753,0.8144955001489965,9.636037048286871,0.3180185241434357
264,7.752882168727831,0.2404900937376839,17.398408395815274,0.97742408795895,6945.928336364414,0.961377383117438,0.6796810206009548,0.4322700686698492,0.0452576474584321,0.9041948981501448,10.205903952635788,0.6029519763178943
265,7.931215270330196,0.3395640390723312,14.73057132020914,0.3845714044909195,6696.99557041633,0.783568264583093,0.731752963863136,0.6058432128771201,0.0375387505130781,0.7482575861227901,9.82346812823112,0.4117340641155601
270,8.66827554641219,0.7490419702289948,15.986799699237656,0.6637332664972568,5937.566000964812,0.2411185721177224,0.7009181692997433,0.5030605643324777,0.0050597294778169,0.0921157470266048,9.421227459541171,0.2106137297705865
271,8.916168621444925,0.8867603452471806,15.16952002614756,0.4821155613661245,5836.83117350362,0.1691651239311578,0.8159267131892437,0.886422377297479,0.0201459120399705,0.3968871119185962,10.744715220872486,0.8723576104362433
272,8.327551888164932,0.559751048980518,13.265014622595928,0.0588921383546505,6342.689385572004,0.5304924182657169,0.6315326757828433,0.2717755859428109,0.0464684154142034,0.9286548568525952,9.357613838150288,0.178806919075144
273,8.647953911813273,0.7377521732295966,14.25878395142034,0.2797297669822979,6757.787640317931,0.826991171655665,0.6867925724684496,0.4559752415614988,0.0453298967580771,0.9056544799611548,9.948807056449157,0.4744035282245782
274,7.639636360622847,0.1775757559015814,13.662778028431752,0.147284006318167,6984.50538963658,0.9889324211689856,0.7810680820774436,0.7702269402581453,0.035441504260669,0.7058889749630116,9.252729307467751,0.1263646537338757
280,8.699803878843518,0.766557710468621,16.001644145010545,0.6670320322245655,6673.268310918893,0.7666202220849233,0.7226433520516747,0.5754778401722491,0.0122492984993091,0.2373595656426091,9.715092310958696,0.3575461554793487
281,8.83921252891563,0.8440069605086831,14.326562105561134,0.2947915790135855,5795.049812341044,0.1393212945293176,0.75558624645952,0.6852874881984,0.0384438006880162,0.7665414280407323,9.389919873624455,0.1949599368122279
282,8.447596106526564,0.6264422814036468,16.83410871883082,0.8520241597401821,5660.061944632817,0.0429013890234409,0.6573931386403831,0.3579771288012767,0.0038834126607216,0.0683517709236696,10.339887004525172,0.6699435022625863
283,8.323277567790557,0.55737642655031,14.730741159811394,0.3846091466247543,6778.126282055765,0.8415187728969752,0.7509082152490727,0.6696940508302425,0.0355236392513694,0.7075482677044337,10.329208404183484,0.6646042020917421
284,8.167459202003585,0.4708106677797697,14.4788593607645,0.3286354135032224,6612.504938011804,0.7232178128655742,0.8211483598288449,0.90382786609615,0.020470911531833,0.40345275821885,9.612593152154842,0.3062965760774211
290,8.762591028607583,0.8014394603375462,16.254842150184057,0.7232982555964571,6092.690972676672,0.35192212334048,0.5768499497864455,0.0894998326214852,0.0246291494827845,0.4874575653087797,10.201428655442482,0.6007143277212411
291,8.283166013081779,0.5350922294898771,17.178136514465344,0.928474780992298,5638.311277363291,0.0273651981166364,0.5535383448319228,0.0117944827730755,0.0444629065738284,0.8881395267440085,9.880231239229946,0.440115619614973
292,8.592019809905162,0.706677672169535,15.192623647366556,0.48724969941479,6061.122240069496,0.3293730286210684,0.8375416839363201,0.9584722797877336,0.0103787332731724,0.1995703691549993,10.6646770593037,0.8323385296518507
293,8.776324922657512,0.8090694014763959,16.189212726851373,0.7087139393003049,6361.095142798589,0.543639387713278,0.6476112666079143,0.3253708886930477,0.0491637465229513,0.9831059903626536,9.974439675004575,0.4872198375022876
294,8.200083821096666,0.4889354561648139,15.851931963164636,0.6337626584810301,6080.337632369067,0.343098308835048,0.7249090817072393,0.5830302723574645,0.0203965938328741,0.4019513905631133,10.42103001362378,0.7105150068118902
295,8.679085214328529,0.7550473412936275,15.638021628436926,0.586227028541539,6209.397422758043,0.4352838733986022,0.6926634619056736,0.4755448730189121,0.0035978302081598,0.0625824284476731,9.06667553672598,0.0333377683629901
300,8.323081071351954,0.5572672618621966,15.950964020222614,0.655769782271692,6908.096151090584,0.9343543936361312,0.677949676923993,0.4264989230799767,0.0231231839941923,0.4570340200846939,9.70653031548652,0.3532651577432604
301,8.24579457336936,0.5143303185385331,13.477606196661018,0.1061347103691149,5603.380392824604,0.0024145663032887,0.7521906870254069,0.6739689567513563,0.0466318546144879,0.931956658878545,10.60253749306226,0.8012687465311293
302,8.689845163325085,0.761025090736159,15.892279153252373,0.6427287007227495,6635.5453419310425,0.7396752442364588,0.5784127805191971,0.0947092683973235,0.0298485642839762,0.5929002885651763,9.722984550695829,0.3614922753479134
303,7.765702364338302,0.24761242463239,15.590178764375352,0.5755952809723005,5789.750193387778,0.1355358524198417,0.5615075186969062,0.0383583956563536,0.0351227192471719,0.6994488736802423,10.676087497334496,0.8380437486672481
304,8.040256438941576,0.4001424660786535,16.882363600140046,0.8627474666977877,5739.923448916432,0.0999453206545941,0.7051572229029006,0.5171907430096685,0.0476958941473115,0.9534524070163952,10.925213588863343,0.962606794431672
308,7.8259884974565725,0.2811047208092068,17.254233282964258,0.9453851739920572,6594.208290814729,0.7101487791533775,0.7665445770486512,0.7218152568288373,0.023254754766442,0.4596920154836781,10.662837338932524,0.8314186694662622
310,8.432214441131782,0.6178969117398787,16.701262478908816,0.8225027730908483,5920.294058446512,0.2287814703189373,0.8407698308537833,0.9692327695126112,0.0458070825803261,0.9152945975823452,9.606626138815546,0.303313069407773
311,7.358320245244591,0.0212890251358838,14.724678805327606,0.3832619567394679,5923.518366240507,0.2310845473146477,0.56005881116437,0.0335293705478998,0.0413890843515488,0.8260421081120974,9.077430902736902,0.0387154513684511
312,7.740523537317743,0.233624187398746,14.133632869474024,0.2519184154386717,6532.38175452106,0.6659869675150423,0.6047328803835735,0.1824429346119116,0.0316583836788439,0.6294622965423011,10.295468636787934,0.6477343183939674
313,7.614107768763818,0.1633932048687875,15.86652139858213,0.6370047552404734,6457.811243051882,0.6127223164656299,0.775286710471632,0.7509557015721068,0.047072931385391,0.9408673007149704,10.705729561815456,0.8528647809077283
314,7.496357194508471,0.097976219171373,15.05438496595256,0.4565299924339026,6723.46978465632,0.8024784176116572,0.8417277788630113,0.9724259295433711,0.0248755898997729,0.492436159591372,10.273880427523178,0.6369402137615886
315,8.039418975728394,0.3996772087379968,14.577313311047693,0.3505140691217097,6787.904204411341,0.8485030031509582,0.7067464330463029,0.5224881101543429,0.0294043889098039,0.5839270486829081,10.01661666667718,0.5083083333385904
316,8.08756672561942,0.4264259586774549,15.53722263248663,0.5638272516636956,5886.5165749758135,0.2046546964112953,0.5930556476566402,0.1435188255221339,0.041869033023637,0.8357380408815559,10.680765409118113,0.8403827045590568
320,7.852976850511903,0.2960982502843909,15.599697630250468,0.577710584500104,6223.152329551302,0.445108806822358,0.7614840059434831,0.7049466864782771,0.010999446106348,0.2121100223504655,9.441123105976327,0.2205615529881636
321,8.172223019935311,0.4734572332973955,14.7686023063589,0.3930227347464219,6484.354966375313,0.6316821188395092,0.5712436205724679,0.0708120685748927,0.0299131926424014,0.5942059119677067,9.258341138454924,0.1291705692274625
322,8.023494722719297,0.390830401510721,13.719800545431031,0.1599556767624512,6919.844260842434,0.9427459006017388,0.8249209229787491,0.9164030765958304,0.0449238562689349,0.897451641796666,9.461180702480384,0.2305903512401914
323,9.079526752249524,0.977514862360847,16.06742128863487,0.6816491752521926,5908.645141037188,0.2204608150265629,0.775969196311437,0.7532306543714566,0.0172452911822235,0.3382887107519917,10.927475355285209,0.963737677642604
324,8.078983185352017,0.4216573251955652,14.55770294128703,0.3461562091748956,5999.551353279812,0.2853938237712944,0.7395155683685154,0.6317185612283848,0.0418648774192603,0.8356540892779863,10.762903000195784,0.8814515000978912
325,8.114017871213473,0.4411210395630408,14.173236745381065,0.2607192767513474,5991.274556308063,0.2794818259343312,0.8438384786562646,0.979461595520882,0.0207682865554601,0.4094603344537393,10.290052362579548,0.6450261812897743
328,8.203722118415204,0.4909567324528908,13.196743516487636,0.0437207814416967,5818.536383442262,0.1560974167444728,0.5949825278604258,0.1499417595347527,0.0478346972901139,0.956256510911392,9.22421472072592,0.1121073603629602
330,8.916763689962604,0.8870909388681139,16.569801180941603,0.793289151320356,5826.105364400348,0.1615038317145338,0.8248082210809244,0.9160274036030815,0.0075268147591436,0.141955853720074,10.244497075859414,0.6222485379297067
331,9.033815858594274,0.9521199214412632,15.110101374554835,0.4689114165677411,5938.567116594198,0.2418336547101414,0.6432712036166828,0.3109040120556093,0.007225585985582,0.1358704239511529,10.994261535148096,0.9971307675740474
332,8.95943701997657,0.9107983444314272,16.01149877252377,0.6692219494497263,6999.752448505937,0.9998231775042404,0.6413427408076184,0.3044758026920614,0.0158277424977082,0.3096513635900653,10.95020885446456,0.9751044272322804
333,8.687856856698543,0.7599204759436357,17.446894795683228,0.9881988434851618,6823.968008918935,0.8742628635135254,0.8057813113272561,0.8526043710908533,0.0307983435290112,0.6120877480608333,9.998484268339752,0.499242134169877
334,7.91661046910912,0.3314502606161779,16.952496486641074,0.8783325525869055,6671.08280695369,0.7650591478240641,0.5874713946925578,0.1249046489751927,0.042089455465708,0.8401910195092525,10.7328480934596,0.8664240467297997
335,8.98684425147491,0.926024584152728,17.36773663344993,0.9706081407666516,6261.305608710065,0.4723611490786179,0.823071282999631,0.9102376099987696,0.0324545290167379,0.6455460407421807,9.70879109661414,0.3543955483070705
339,7.615738696167368,0.1642992756485375,17.2479311042986,0.9439846898441332,5743.411129024123,0.1024365207315161,0.592345022787133,0.1411500759571098,0.0117183667878981,0.2266336724827899,10.98906846576226,0.9945342328811302
340,8.712395531576309,0.7735530730979501,17.190806002063884,0.9312902226808628,6534.641427140589,0.6676010193861349,0.7901711593731443,0.8005705312438145,0.0190441807323019,0.3746299137838782,10.638699594890912,0.8193497974454567
341,8.604326652526865,0.7135148069593692,16.42853019712649,0.7618955993614427,6088.561300687321,0.3489723576338005,0.7295432512905119,0.5984775043017063,0.0005604739401726,0.0012216957610632,10.77695414560944,0.8884770728047195
342,9.041206967498743,0.9562260930548592,17.181145960086486,0.9291435466858856,6372.01377579725,0.5514384112837499,0.849102109912476,0.9970070330415868,0.0370261092161415,0.7379011962856871,9.90059321599844,0.4502966079992193
343,7.53837837958395,0.1213213219910831,13.596624132873384,0.13258314063853,5672.96138751858,0.0521152767989855,0.5796542487099515,0.0988474956998382,0.0018722778180606,0.0277227842032451,10.603916272274322,0.8019581361371608
344,7.992093644364813,0.3733853579804514,14.769623916918327,0.3932497593151839,6730.645197347073,0.8076037123907666,0.5769281553886769,0.0897605179622561,0.0197976396518292,0.3898513060975597,10.11182709063158,0.5559135453157898
345,8.011742429326551,0.3843013496258621,13.530209740124947,0.1178243866944327,6602.088920737832,0.7157778005270232,0.6220968192637385,0.2403227308791283,0.0054310625221406,0.0996174246897106,10.64707764598494,0.8235388229924706
350,8.693208375737754,0.7628935420765298,15.19174082068918,0.4870535157087068,5971.575206068653,0.2654108614776093,0.622180021989037,0.2406000732967896,0.0166780568961396,0.3268294322452463,9.157153104112416,0.0785765520562079
351,8.155338103056904,0.4640767239205019,15.651131342836145,0.5891402984080318,6550.560443685769,0.6789717454898351,0.6806663317759625,0.435554439253208,0.0196097661964238,0.3860558827560367,10.461666973669807,0.7308334868349041
352,8.32510880592027,0.5583937810668163,13.633273852065855,0.1407275226813016,5973.410615585211,0.2667218682751509,0.6352407104210895,0.2841357014036318,0.0352358300259398,0.7017339399179768,10.88848531520024,0.9442426576001194
353,8.540660875207053,0.6781449306705845,16.347608585499536,0.7439130189998969,6893.495841949499,0.9239256013924992,0.6425985845057733,0.3086619483525775,0.0423339086987939,0.8451294686625048,9.14232777499492,0.0711638874974603
354,8.517081338608712,0.665045188115951,17.059288896840485,0.902064199297886,6007.335364000798,0.2909538314291415,0.7408786945979408,0.6362623153264692,0.0486723695218685,0.9731791822599704,10.952211045906134,0.9761055229530674
355,8.30809705022164,0.5489428056786895,13.961095946557206,0.2135768770127124,6813.657228160517,0.8668980201146551,0.6862005206045865,0.4540017353486216,0.0458202227650464,0.9155600558595232,10.004522381296342,0.5022611906481712
360,7.524273704452099,0.1134853913622772,15.817854768950411,0.6261899486556475,6183.089741352216,0.4164926723944401,0.5597324273841868,0.0324414246139558,0.0328462080104684,0.6534587476862317,9.826143281227411,0.4130716406137061
361,9.0453852812978,0.958547378498778,16.34047866031841,0.7423285911818693,5760.2887182448,0.114491941603429,0.6296521395261236,0.2655071317537455,0.0455118004199094,0.9093293014123116,10.716033458131324,0.8580167290656622
362,8.998405068497311,0.932447260276284,17.03154397648924,0.8958986614420527,6028.208129332528,0.3058629495232342,0.8234789082778913,0.9115963609263044,0.0426757188913203,0.8520347250771784,9.9818625786766,0.4909312893382996
363,8.654152135119684,0.7411956306220466,13.229504297536428,0.051000955008095,6518.853769756135,0.656324121254382,0.6967759496617723,0.4892531655392407,0.0439606258421568,0.8779924412556946,10.34277182007222,0.6713859100361095
364,8.096946470612002,0.4316369281177787,14.650055279340414,0.3666789509645366,6434.435645472373,0.5960254610516952,0.7811833678603523,0.7706112262011743,0.0280767808971726,0.5571066847913674,9.629407982242425,0.3147039911212116
365,9.098966544170349,0.9883147467613056,17.1887538540333,0.9308341897851776,5929.087922717631,0.2350628019411652,0.6838850273739525,0.4462834245798418,0.0102316186244019,0.196598356048525,9.766477376169158,0.3832386880845788
370,7.396285008635399,0.0423805603529993,17.33635853094042,0.9636352290978708,6761.442874095246,0.8296020529251759,0.799434796553288,0.8314493218442934,0.0216267906046755,0.4268038505995051,9.83560083479314,0.4178004173965692
371,7.760432830742144,0.2446849059678576,16.01059847590443,0.6690218835343179,5950.9030420659765,0.2506450300471262,0.6133791122678541,0.2112637075595137,0.008540267077109,0.1624296379213944,9.831405993016595,0.4157029965082981
372,7.507659354999517,0.104255197221954,17.01204254723018,0.891565010495596,5957.018018514281,0.2550128703673434,0.7963911896181619,0.8213039653938731,0.0433510863039593,0.865678511191098,10.572566955481465,0.7862834777407318
373,7.350649238203323,0.0170273545574012,15.203630627135652,0.4896956949190338,5919.506844861745,0.2282191749012463,0.8125169834818642,0.8750566116062141,0.0209722374596991,0.4135805547413965,10.995383564661866,0.9976917823309328
374,8.808111407796492,0.8267285598869408,17.057058106384602,0.9015684680854672,6364.872911739613,0.5463377940997236,0.8420179128107029,0.9733930427023432,0.0394512144768454,0.7868932217544533,9.322790227202876,0.1613951136014381
380,7.686181918023064,0.2034343989017024,17.381681184562684,0.9737069299028184,6395.685887044196,0.5683470621744251,0.8202336018034476,0.9007786726781588,0.0281213708838618,0.5580074926032691,10.538898718576869,0.7694493592884336
381,8.471682165025799,0.6398234250143329,17.01856601092865,0.8930146690952562,6251.697326493639,0.4654980903525991,0.5915868424792361,0.1386228082641202,0.0418858948076008,0.8360786829818357,10.348038162210743,0.674019081105372
382,7.941483585890717,0.3452686588281761,14.544041895687895,0.3431204212639768,6945.804894938042,0.96128921067003,0.7546270155416501,0.6820900518055003,0.0450863171231895,0.9007336792563538,10.753067850978958,0.8765339254894788
383,7.938114361340668,0.3433968674114825,15.889047119787374,0.6420104710638609,6569.266835691478,0.6923334540653413,0.7997098630181234,0.8323662100604114,0.0022500844283586,0.0353552409769422,10.07609307912393,0.5380465395619656
384,8.513913192723614,0.6632851070686744,16.595631098428342,0.7990291329840761,5817.83879467186,0.1555991390513289,0.8407723042728038,0.9692410142426796,0.0158673334763504,0.3104511813404124,10.586045560805072,0.7930227804025357
387,8.786589549400375,0.814771971889098,15.08735439989693,0.4638565333104288,6135.463518556312,0.3824739418259369,0.7428658037047617,0.6428860123492056,0.042195106180728,0.8423253773884445,10.601039900752564,0.8005199503762817
390,8.229830660104469,0.5054614778358155,14.297226733029715,0.2882726073399372,6078.166813313504,0.3415477237953594,0.5741151884441379,0.0803839614804593,0.0195407746352927,0.3846621138442988,9.057628595277874,0.0288142976389371
391,7.606945451647497,0.1594141398041648,14.474627562046244,0.3276950137880542,6365.882048356016,0.5470586059685824,0.7661778242119365,0.7205927473731216,0.0268951584038647,0.5332355233103994,9.938488952928608,0.4692444764643034
392,8.863796112512018,0.8576645069511212,13.877222688450344,0.194938375211188,6881.103085353578,0.9150736323954124,0.6005734336944647,0.1685781123148823,0.0247840666548265,0.4905872051480104,9.985597719460998,0.4927988597304992
393,8.172360215397783,0.473533452998768,13.93480248001936,0.2077338844487469,6065.007187088704,0.3321479907776454,0.8472456098758512,0.9908186995861704,0.0463092281743056,0.9254389530162762,10.758153063847576,0.8790765319237883
394,8.627275783042286,0.7262643239123809,16.718748038919472,0.8263884530932156,5960.733859192866,0.2576670422806185,0.6964383703531295,0.4881279011770982,0.0242420583145495,0.4796375417080711,9.43284028454671,0.216420142273355
395,8.130319149605766,0.4501773053365365,15.709155316583526,0.6020345147963392,6218.656375770693,0.4418974112647806,0.8216995106379529,0.905665035459843,0.0032730012218691,0.0560202267044271,9.84417827453396,0.4220891372669805
399,7.965292823497284,0.3584960130540469,15.715723515319182,0.6034941145153737,6135.282542742987,0.3823446733878479,0.7735731822186392,0.7452439407287976,0.0025179675536038,0.0407670212849267,10.73396285234416,0.8669814261720795
403,8.423558291066364,0.613087939481313,16.867825867034835,0.8595168593410741,5907.052117006937,0.2193229407192405,0.8272886922297947,0.9242956407659824,0.0466019309273366,0.931352139946194,10.03154397986589,0.5157719899329449
414,8.84375700292823,0.8465316682934619,14.608604335944277,0.357467630209839,5894.886886150986,0.2106334901078471,0.6507593507470518,0.3358645024901726,0.0135299736748001,0.2632317914101036,9.133194684443197,0.0665973422215979
419,8.262182277016606,0.5234345983425593,16.829494648383108,0.8509988107518014,5616.175940817143,0.0115542434408165,0.6031709930875907,0.1772366436253023,0.0357148413448327,0.7114109362592469,10.177001161756928,0.5885005808784646
439,7.683659186338857,0.2020328812993647,13.808663174479337,0.1797029276620746,5746.850190082747,0.1048929929162474,0.6028366137799173,0.1761220459330572,0.0021951359207463,0.0342451701160874,10.805994760578317,0.9029973802891582
440,8.520339373347902,0.6668552074155013,13.333789981809602,0.074175551513245,5789.8579912246405,0.1356128508747429,0.8205793607025205,0.9019312023417352,0.0192259270752578,0.3783015570759152,9.201104273208292,0.100552136604146
444,8.425520971339207,0.6141783174106706,13.298137212768497,0.0662527139485547,5721.396677959833,0.0867119128284521,0.7905619779459837,0.8018732598199457,0.0477412194679866,0.954368070060337,10.00317282914921,0.501586414574605
450,8.344578817082372,0.5692104539346516,15.255761323485928,0.5012802941079839,5814.206556421463,0.1530046831581879,0.7109259750953267,0.5364199169844226,0.0409295575131843,0.8167587376400869,10.991983252539033,0.9959916262695164
455,8.983001378593906,0.9238896547743932,14.54764629926397,0.3439213998364377,6110.050765395664,0.3643219752826171,0.6558342181125335,0.3527807270417784,0.0445959397984846,0.8908270666360535,10.08671492861266,0.5433574643063304
474,7.860909730843735,0.3005054060242974,13.062716274329048,0.0139369498508991,5993.78051603347,0.2812717971667643,0.6856873290080061,0.4522910966933536,0.0407500699471785,0.8131327262056264,9.758221917760633,0.3791109588803167
482,8.374377259360855,0.585765144089364,14.804235062523972,0.4009411250053272,5636.307376331743,0.0259338402369596,0.603811629067425,0.1793720968914167,0.0375816388730065,0.7491240176364956,9.73099410636269,0.3654970531813449
484,9.08992105198339,0.9832894733241064,17.403619003968892,0.978582000881976,5697.41613679374,0.0695829548526711,0.5641704402680202,0.0472348008934006,0.0376376768842376,0.7502560986714676,9.780434282676095,0.3902171413380485
485,8.705396943538254,0.7696649686323632,15.703241875460932,0.600720416769096,6687.354477199858,0.7766817694284698,0.6338524833800926,0.2795082779336417,0.0369309007346836,0.735977792619872,10.285735341990168,0.642867670995084
488,8.585320919865001,0.7029560665916678,13.151789098647262,0.0337309108105027,5886.088394952497,0.204348853537498,0.5610006205081981,0.0366687350273267,0.0149200753156733,0.2913146528418857,9.393396317519215,0.1966981587596086
492,8.39849490188204,0.5991638343789119,13.90456545243763,0.20101454498614,5857.851778696027,0.1841798419257337,0.8287709900357704,0.929236633452568,0.026136551173324,0.5179101247136174,9.526189766760528,0.2630948833802636
494,8.03492411357859,0.3971800630992169,14.1331398283345,0.2518088507410002,5969.745212314077,0.2641037230814841,0.698540749005246,0.4951358300174864,0.0393402965065823,0.7846524546784306,9.43580403215804,0.2179020160790207
497,8.219322329874732,0.4996235165970737,15.31544168619673,0.5145425969326066,5971.712558226396,0.2655089701617112,0.8299243837363515,0.9330812791211716,0.039266895989362,0.783169615946708,9.1686204977996,0.0843102488998009
506,8.04150817230698,0.400837873503878,13.11582025819424,0.0257378351542755,5658.591430540152,0.0418510218143942,0.7161166697428408,0.5537222324761362,0.0451930819628382,0.9028905447038024,9.303463967237224,0.1517319836186118
510,8.066010565260648,0.414450314033693,13.225641207443507,0.0501424905430017,6007.988588244128,0.2914204201743766,0.7600943848035592,0.7003146160118638,0.0384718969607183,0.7671090295094625,9.28985441059472,0.1449272052973608
526,8.803198215907718,0.823999008837622,14.187794742644268,0.263954387254282,5713.66981877926,0.0811927276994716,0.6130584912550406,0.2101949708501354,0.0133664305551092,0.259927890002206,10.48142412097657,0.7407120604882851
528,8.046829384275647,0.403794102375359,17.269927230969984,0.9488727179933298,6540.705933668835,0.6719328097634538,0.6243333934489923,0.2477779781633075,0.0126313033548822,0.2450768354521675,10.0137762506906,0.5068881253453001
529,7.677139455351404,0.1984108085285576,14.792632141774217,0.3983626981720476,6062.347349642723,0.3302481068876597,0.8347883421373612,0.9492944737912042,0.0135317488652504,0.2632676538434434,10.688820334204026,0.8444101671020127
531,9.018883573070353,0.9438242072613076,14.66839297965631,0.37075399547918,5924.993048647307,0.2321378918909332,0.6714153429846568,0.404717809948856,0.0357090101875261,0.7112931351015378,10.170257456296438,0.5851287281482189
532,8.070456251585286,0.4169201397696036,13.244400698137406,0.0543112662527569,5900.066352377252,0.2143331088408944,0.6608229720550305,0.3694099068501015,0.0334355845299103,0.6653653440385935,9.654350565976298,0.3271752829881492
546,8.285746833906858,0.5365260188371432,16.60372054597233,0.8008267879938507,6505.096031179559,0.6464971651282565,0.674419299134286,0.4147309971142865,0.0198740436850737,0.3913948219206817,10.43409071378336,0.7170453568916805
557,7.96873505494817,0.3604083638600945,13.580290708142408,0.1289534906983125,5983.567679399678,0.2739769138569127,0.7501989379639229,0.6673297932130765,0.0315972893886305,0.6282280684571835,9.221397085265393,0.1106985426326961
560,8.318257608745498,0.5545875604141657,15.836991995861874,0.6304426657470831,5842.968844746696,0.1735491748190682,0.7552283196752048,0.6840943989173494,0.0069863784023177,0.1310379475215709,10.798601060314349,0.8993005301571738
571,8.168795126975832,0.4715528483199063,14.43661519654955,0.3192478214554556,6049.2906289741895,0.320921877838707,0.829244394374717,0.9308146479157232,0.0133091320948475,0.2587703453504559,10.092297633293258,0.5461488166466294
584,8.537299923418216,0.6762777352323421,14.508182265797917,0.3351516146217591,5773.38247971283,0.1238446283663072,0.8186347720387542,0.8954492401291808,0.0335523374828793,0.6677239895531185,9.859284132086826,0.4296420660434125
586,9.054633725743118,0.9636854031906218,15.778597752349132,0.6174661671886961,5860.378523397899,0.1859846595699275,0.6485094587490317,0.328364862496772,0.0266651029335471,0.5285879380514583,9.927708729555778,0.463854364777889
591,8.303827424301888,0.5465707912788265,17.255999470714254,0.9457776601587232,5668.986402912185,0.0492760020801325,0.7885979880156261,0.7953266267187536,0.0179531895021428,0.3525896869119771,10.637071606437104,0.8185358032185521
598,8.232505048353756,0.5069472490854199,16.59938425889029,0.7998631686422867,5633.781840928732,0.0241298863776657,0.7306902250445477,0.6023007501484926,0.0189414387063214,0.3725543172994239,9.373723626162208,0.1868618130811028
601,8.395623433507632,0.5975685741709069,15.199134814055942,0.4886966253457647,5720.901136831724,0.0863579548798026,0.7876610973836948,0.7922036579456493,0.0467449700462019,0.93424181911519,10.53590063775754,0.7679503188787695
606,8.627867273919989,0.7265929299555501,13.983071049058594,0.2184602331241321,5677.486707385418,0.0553476481324417,0.8224125096304697,0.9080416987682324,0.0286591167154217,0.5688710447559941,9.471214265409252,0.235607132704626
614,8.304097062663955,0.5467205903688636,14.088425448190575,0.2418723218201279,6013.287437129516,0.2952053122353683,0.6963945137384215,0.4879817124614051,0.0462278070944577,0.9237940827163178,10.95531289782516,0.9776564489125809
615,7.479776087952538,0.0887644933069653,14.949025749767252,0.4331168332816115,6806.811182971663,0.8620079878369018,0.709153537588437,0.5305117919614566,0.0302540117400382,0.6010911462633999,10.380370819588531,0.6901854097942662
616,7.388048987151317,0.0378049928618425,13.825733219494367,0.1834962709987485,6628.847597113358,0.7348911407952557,0.5674364851435955,0.0581216171453179,0.0180529039311414,0.3546041198210391,10.921342267075689,0.9606711335378448
617,7.507475581984179,0.104153101102322,13.486188678170128,0.1080419284822507,5636.666154686678,0.0261901104904842,0.6529430243559872,0.3431434145199572,0.0097568045064205,0.1870061516448594,10.733447680418308,0.8667238402091533
619,8.59397586180032,0.7077643676668445,14.697860734270105,0.3773023853933568,6641.94927288782,0.7442494806341564,0.5909897031870752,0.1366323439569173,0.0302115052076463,0.6002324284373006,9.8824361550275,0.4412180775137497
624,8.609183923114424,0.7162132906191242,13.57739914055603,0.1283109201235622,6375.928275767057,0.5542344826907549,0.6868464786030335,0.4561549286767784,0.0465544203771828,0.930392330852178,9.18181538482752,0.0909076924137608
627,8.875444435835151,0.8641357976861954,14.537753898909909,0.3417230886466462,5965.026415393043,0.2607331538521737,0.5910415135168574,0.136805045056191,0.0454223140489881,0.9075214959391544,9.42899447737036,0.2144972386851802
630,8.765271197920995,0.8029284432894418,14.688569393281172,0.3752376429513716,6001.364988656217,0.2866892776115836,0.8022657864894936,0.8408859549649789,0.0487689032025358,0.9751293576269876,9.704937513462363,0.3524687567311817
633,8.906185119785054,0.8812139554361409,16.406718381149354,0.7570485291443005,6073.800613643995,0.3384290097457112,0.804668283441941,0.848894278139803,0.041732593214743,0.8329816811059207,10.19899368279248,0.5994968413962404
640,8.145658146254828,0.4586989701415712,16.13658790089153,0.6970195335314515,5681.228577025517,0.0580204121610835,0.7424296110308735,0.6414320367695782,0.0316416692058739,0.6291246304216953,10.325578740870045,0.6627893704350213
645,8.679466838986457,0.7552593549924763,15.386331668062052,0.5302959262360114,5768.99553256303,0.1207110946878783,0.816002167123483,0.8866738904116096,0.0238263176030085,0.4712387394547179,10.205900366315394,0.6029501831576973
652,7.779101529829668,0.2550564054609266,16.99037543920699,0.8867500976015531,6781.724488774735,0.8440889205533822,0.783606356725685,0.7786878557522835,0.0112145849542838,0.2164562617027031,9.681465853340518,0.3407329266702584
654,9.011431087357852,0.93968393742103,16.324965825748492,0.7388812946107759,5758.517414024795,0.1132267243034247,0.6893662700332521,0.4645542334441739,0.0397786467124255,0.7935080143924357,9.74348392272314,0.3717419613615703
672,8.966954017020463,0.9149744539002574,13.361802472953332,0.0804005495451849,5725.10481816669,0.0893605844047785,0.7412249713785792,0.637416571261931,0.0173658772589049,0.3407247931091899,9.66480523038499,0.3324026151924952
675,8.320505656280876,0.5558364757115973,14.906729510871312,0.4237176690825136,5777.04825362409,0.1264630383029213,0.6436434899755175,0.3121449665850581,0.0318531930733034,0.6333978398647157,10.205443584356292,0.602721792178146
691,8.907995862521997,0.8822199236233318,13.009810626334252,0.0021801391853893,5950.382821313652,0.2502734437954655,0.8439473945342197,0.9798246484473992,0.0294505808345737,0.584860218880278,9.560578377289389,0.2802891886446934
698,8.595279969659355,0.7084888720329757,14.720326528490231,0.3822947841089401,5889.06039751368,0.2064717125097716,0.8368805388392258,0.9562684627974194,0.0022535790649806,0.0354258396965788,9.796864605165045,0.3984323025825225
705,8.727584291446831,0.7819912730260181,13.357291695613457,0.0793981545807681,6042.908778155446,0.316363412968176,0.7417331991225133,0.6391106637417112,0.024682890044691,0.4885432332260825,9.65300826785416,0.32650413392708
711,7.9601330848755,0.3556294915975,13.858825945574122,0.1908502101275826,5756.824028579343,0.1120171632709589,0.6079912057035343,0.1933040190117806,0.0007881556252436,0.0058213257624989,9.825895308286018,0.4129476541430095
714,9.101213755599034,0.9895631975550184,14.129353343131712,0.2509674095848251,5628.821958354367,0.0205871131102618,0.6170130586628289,0.2233768622094293,0.0223018954231717,0.4404423317812478,9.66982756682312,0.3349137834115603
716,8.63295154107025,0.7294175228168059,17.394719598552882,0.9766043552339744,5659.075293911143,0.042196638507959,0.802864972163238,0.8428832405441268,0.0470628133879755,0.9406628967267778,10.525856114863355,0.7629280574316784
725,8.024897221235882,0.3916095673532682,14.497648949370028,0.3328108776377838,5755.010689747286,0.1107219212480612,0.6638826311181668,0.3796087703938893,0.0311176049880108,0.6185374745052699,10.167323695333584,0.583661847666792
727,8.721411131769752,0.7785617398720853,13.343106488313907,0.0762458862919794,5778.57797921526,0.1275556994394713,0.6810105266470925,0.4367017554903084,0.0323926470781746,0.6442959005691857,10.115378626859483,0.5576893134297414
752,8.083725244753188,0.4242918026406602,17.03131979371134,0.8958488430469642,6854.39554107105,0.8959968150507496,0.6671555418368333,0.3905184727894443,0.0458028486489187,0.9152090636145204,10.155859501481212,0.5779297507406065
757,8.714157559670843,0.7745319775949133,14.635374215626122,0.3634164923613603,5681.549566203069,0.0582496901450492,0.7825049540641389,0.7750165135471295,0.0286294104303017,0.5682709177838733,9.643093116877358,0.3215465584386788
763,7.495857499495536,0.0976986108308536,14.333627281408962,0.2963616180908803,6707.205378895464,0.7908609849253315,0.8377675125559303,0.9592250418531012,0.0443125003755805,0.8851010176884957,10.26920476513432,0.6346023825671591
764,8.345673184092194,0.5698184356067746,16.931907480018715,0.873757217781937,6128.450195807497,0.3774644255767835,0.6964962519612288,0.4883208398707626,0.0027417818977115,0.045288523186092,9.76638062213831,0.3831903110691557
765,8.399513929877072,0.5997299610428176,15.87836938537117,0.6396376411935935,5743.275946360586,0.1023399616861332,0.7685595114948515,0.7285317049828383,0.0491810612857196,0.9834557835498916,9.080195910750454,0.0400979553752276
766,7.6150883996859156,0.1639379998255086,16.598953372581583,0.7997674161292406,6149.476621146213,0.3924833008187236,0.6975446935710229,0.491815645236743,0.0067374140648915,0.1260083649473041,9.101758093668256,0.0508790468341283
767,7.675300743872836,0.1973893021515758,15.225160003766494,0.4944800008369985,6385.964986224117,0.561403561588655,0.6373809112543427,0.2912697041811423,0.0265437229085705,0.5261358163347595,9.612930590769423,0.3064652953847121
768,8.940916936896764,0.9005094093870916,14.824787676513196,0.4055083725584877,5820.525119073145,0.1575179421951036,0.752037652900291,0.6734588430009699,0.0275236056334159,0.5459314269376959,9.12387716910597,0.0619385845529848
769,8.857317823482356,0.854065457490198,14.914486478333714,0.4254414396297142,6015.588467813124,0.2968489055808031,0.6920937569957172,0.4736458566523907,0.0030857279087619,0.0522369274497356,9.643914912818046,0.3219574564090227
774,8.101803176692483,0.434335098162491,14.97145844582345,0.4381018768496553,6372.203553581283,0.5515739668437736,0.7150342323069119,0.5501141076897063,0.0480683099341575,0.9609759582658098,10.80723357557688,0.9036167877884396
775,8.021761505120375,0.3898675028446526,13.290354342437958,0.064523187208435,6457.710897363698,0.61265064097407,0.6929982999080068,0.4766609996933557,0.0273740107619781,0.5429093083227909,10.170355859707168,0.5851779298535831
781,8.44639983518252,0.6257776862125112,16.696194396144687,0.821376532476597,5643.001401231152,0.0307152865936799,0.6702128926200644,0.4007096420668815,0.0246740901110304,0.4883654567884943,10.77689482330501,0.8884474116525054
796,8.061437452403906,0.4119096957799483,14.40150987412046,0.3114466386934355,5801.764035737519,0.1441171683839419,0.7360932932310187,0.6203109774367288,0.029995837394682,0.5958755029228702,10.342979123490307,0.6714895617451538
808,8.4711119672082,0.6395066484490002,13.314883580393497,0.0699741289763328,5806.596030894992,0.1475685934964223,0.6619059515394586,0.3730198384648622,0.0237063358213909,0.4688148650786053,10.823068036317531,0.911534018158766
811,8.165579299750595,0.4697662776392199,14.601191938780422,0.3558204308400938,5740.457415778105,0.1003267255557898,0.6836331240265583,0.4454437467551944,0.0193018308925047,0.379834967525348,10.718314377857848,0.8591571889289242
816,8.89521664978454,0.8751203609914114,16.128087606680605,0.6951305792623569,6529.410336471665,0.6638645260511893,0.5629893159627263,0.0432977198757542,0.0229505013115782,0.4535454810419856,9.408573612556893,0.2042868062784452
819,8.8747051207131,0.8637250670628343,13.256030540216184,0.0568956756035964,5854.749630722923,0.1819640219449451,0.6049721874657387,0.1832406248857955,0.0303046652704335,0.602114449907749,10.745592612428156,0.8727963062140784
824,9.11598099906881,0.9977672217048946,14.92586518156509,0.4279700403477979,5803.015821562471,0.1450113011160506,0.5971328852577223,0.1571096175257411,0.0014704295715005,0.0196046378080925,10.575253680871173,0.7876268404355852
836,8.235726609120341,0.5087370050668564,14.48958065983134,0.3310179244069643,5715.953267721805,0.0828237626584319,0.8227109662110594,0.9090365540368648,0.0498307048884316,0.9965798967359936,10.408884107019626,0.7044420535098131
842,8.83653576437419,0.8425198690967729,14.543307274604082,0.3429571721342405,5720.378112566833,0.0859843661191662,0.752153590515408,0.6738453017180267,0.047932202222752,0.9582263075303448,9.684223885009112,0.3421119425045562
845,8.406614501788336,0.6036747232157423,17.402886653802746,0.9784192564006106,6920.720354015963,0.9433716814399732,0.6533343180618892,0.3444477268729642,0.0364168354027703,0.7255926343994012,9.28336871535199,0.1416843576759952
849,8.660322106833293,0.7446233926851635,16.292910582459935,0.7317579072133187,5765.290924651046,0.1180649461793189,0.815663128311726,0.8855437610390868,0.0401449966232537,0.8009090226919952,10.639139795390133,0.8195698976950659
850,8.166441887585815,0.4702454931032307,15.194524686495257,0.4876721525545014,5836.4339158475805,0.1688813684625573,0.7378565700152746,0.626188566717582,0.036518721633903,0.7276509420990509,10.163731917386269,0.5818659586931338
852,8.145252667933095,0.4584737044072751,14.6709118325568,0.3713137405681779,5623.385913042241,0.0167042236016001,0.7533980721354854,0.6779935737849511,0.0114383796048357,0.2209773657542585,10.750742810137526,0.8753714050687629
853,8.058860501886215,0.4104780566034534,14.358752693809306,0.3019450430687347,6148.42387141613,0.3917313367258073,0.8389732934499314,0.9632443114997716,0.034064968386814,0.6780801694305875,10.080767653176167,0.5403838265880834
860,7.542554307125458,0.1236412817363656,15.249331111050695,0.499851358011266,6407.728189257494,0.5769487066124956,0.6233613786464988,0.2445379288216623,0.0038518819362802,0.0677147865915192,10.584534975865251,0.7922674879326261
865,7.955758231025051,0.3531990172361393,13.397143461422598,0.088254102538355,6104.378752059891,0.360270537185636,0.7147027325285294,0.5490091084284315,0.0472537095038518,0.944519383916198,9.174113942846295,0.0870569714231475
867,8.795870058788193,0.8199278104378857,14.073149078856702,0.2384775730792669,5670.7780268355455,0.0505557334539608,0.7223634571191302,0.5745448570637671,0.0233528032117464,0.4616727921564938,10.411907944082964,0.7059539720414819
870,7.630456864928238,0.1724760360712434,13.1022509260765,0.0227224280169998,5711.942756991012,0.0799591121364375,0.7559332360592514,0.6864441201975047,0.0285932411970062,0.5675402262021458,10.506276406601392,0.7531382033006959
874,8.119880442156182,0.4443780234201011,14.165413855509971,0.2589808567799939,5723.769489385237,0.0884067781323121,0.7139061026767781,0.5463536755892602,0.0330820401716694,0.6582230337710994,9.084766285283564,0.0423831426417821
885,8.374574250590578,0.5858745836614327,15.856731328148836,0.6348291840330746,5684.62827778324,0.0604487698451718,0.7308139661274948,0.6027132204249828,0.0299682511582178,0.5953182052165212,10.63230494587811,0.8161524729390545
887,8.396398734461338,0.5979992969229652,13.71512700501179,0.1589171122248425,5938.309322680575,0.2416495162004106,0.7725309526778603,0.7417698422595345,0.0333191734616075,0.6630136052850004,10.212385612111962,0.6061928060559816
889,8.121241149388986,0.4451339718827697,14.365907542182388,0.303535009373864,5830.618783876614,0.1647277027690096,0.7510024476223083,0.6700081587410278,0.0495191432341123,0.9902857219012586,10.712683539719391,0.8563417698596957
891,8.392943889454886,0.5960799385860474,13.642373064001124,0.1427495697780273,5652.029370469956,0.0371638360499689,0.6101117193176161,0.2003723977253869,0.0355110330454833,0.7072935968784524,10.356764837475406,0.6783824187377037
896,8.530733622753559,0.6726297904186435,14.725913690966577,0.38353637577035,6001.73582298087,0.2869541592720497,0.8497119416165535,0.999039805388512,0.0355137865291646,0.7073492228114069,9.083325567799353,0.0416627838996764
899,7.790371459346653,0.2613174774148071,14.338364463811107,0.297414325291357,6710.042834602424,0.7928877390017308,0.6748727063008542,0.4162423543361806,0.0222329426858032,0.4390493471879434,9.987912113534792,0.4939560567673958
901,8.260431804352436,0.5224621135291314,14.181907679641515,0.2626461510314478,5680.17924513574,0.0572708893826713,0.767085130555843,0.7236171018528101,0.002413163504188,0.0386497677613743,9.32409665413532,0.1620483270676601
904,8.78337765949668,0.8129875886092669,13.539700754706852,0.119933501045967,5739.676272524564,0.0997687660889744,0.7454405026706545,0.6514683422355152,0.0038958795005692,0.0686036262741266,9.627515121427226,0.3137575607136136
911,8.933804145678394,0.8965578587102193,13.32649228051812,0.0725538401151379,5791.416749797801,0.136726249855572,0.5509994685303324,0.0033315617677748,0.0475765304221189,0.9510410186286656,10.052482890160476,0.5262414450802385
912,8.8632564206524,0.8573646781402221,14.365242573914388,0.3033872386476414,5719.643446440626,0.0854596046004466,0.6731338253121819,0.4104460843739398,0.0341754383611652,0.6803118860841467,10.207194763150856,0.603597381575429
913,8.607344231780665,0.7151912398781476,16.61863683506001,0.8041415189022245,5614.667550461555,0.0104768217582533,0.6627683462729954,0.3758944875766514,0.0033159844260831,0.0568885742643051,10.219118701263238,0.6095593506316186
915,8.908670558363024,0.8825947546461246,15.475188938540184,0.5500419863422631,5790.459225018122,0.1360423035843727,0.5545250329329018,0.0150834431096725,0.0112695548275089,0.2175667641920989,9.690327500838183,0.3451637504190916
918,8.425763949389172,0.614313305216207,16.462669317101007,0.7694820704668905,5754.445106225752,0.1103179330183943,0.6247734376251364,0.2492447920837877,0.0369369756842634,0.7361005188740086,9.907324054206487,0.4536620271032442
921,8.231712664469628,0.5065070358164601,15.42154438452875,0.5381209743397221,5899.827414953736,0.2141624392526684,0.7154155518126702,0.5513851727089009,0.0492074928851373,0.9839897552553002,9.37235900409688,0.1861795020484395
943,8.762943012158027,0.8016350067544601,14.884745969287325,0.4188324376194052,6249.440325363635,0.4638859466883106,0.8147385352814782,0.8824617842715938,0.0299100943624374,0.594143320453281,9.649277365389953,0.324638682694976
949,8.319223726265935,0.5551242923699646,16.37899535859325,0.7508878574651671,5628.437423531175,0.020312445379411,0.6304441732372535,0.2681472441241783,0.0202573819513341,0.399139029319881,9.821719074367644,0.4108595371838225
951,8.034065501204761,0.3967030562248675,14.382328513804955,0.3071841141788795,6429.111556709538,0.5922225405068124,0.6389523424286819,0.2965078080956063,0.0417940483384433,0.8342231987564321,9.296536489049313,0.1482682445246568
955,8.973539367751874,0.9186329820843748,14.412538472657058,0.313897438368235,5714.60151595646,0.0818582256831861,0.6811292128303796,0.4370973761012654,0.022110213854913,0.4365699768669301,10.12097179505545,0.5604858975277248
962,8.227611113433582,0.5042283963519903,16.193114530151224,0.7095810067002719,5685.279126946094,0.0609136621043527,0.7870941648246885,0.7903138827489617,0.0190942811924554,0.3756420442920293,10.64863774329592,0.8243188716479599
967,8.059977371869266,0.4110985399273705,16.403463471376824,0.7563252158615161,5660.780943071861,0.0434149593370436,0.8449339934089106,0.9831133113630351,0.0457686243843514,0.9145176643303324,10.63373476067102,0.8168673803355098
968,8.576217281941757,0.6978984899676433,14.970236915922731,0.4378304257606071,5833.093941741867,0.1664956726727618,0.5917182079645054,0.1390606932150178,0.0471520135296073,0.9424649197900482,9.872609652281133,0.4363048261405661
974,8.23153371560159,0.5064076197786607,13.87221745926447,0.1938261020587709,5701.219798273728,0.0722998559098054,0.6667626223025535,0.3892087410085114,0.0478654320846451,0.956877415851417,10.565522619828709,0.7827613099143544
980,8.374536765371149,0.5858537585395274,13.911988016228111,0.2026640036062474,5889.239500168085,0.2065996429772035,0.8122923287060424,0.8743077623534746,0.0022784516227581,0.035928315611276,9.965306377984543,0.4826531889922713
998,8.684359003411728,0.7579772241176277,14.554236614540226,0.3453859143422723,5948.124879387938,0.2486606281342412,0.7913174386421832,0.8043914621406106,0.0440106146262144,0.8790023156811009,9.54230591334836,0.2711529566741805
1011,8.345838348102903,0.5699101933905023,13.942400602491082,0.2094223561091294,5915.201097220728,0.2251436408719485,0.8013696630410234,0.8378988768034114,0.0195938737739087,0.3857348237153276,9.210471641989631,0.1052358209948166
1021,7.500115771773133,0.1000643176517408,13.054636348466117,0.0121414107702481,6338.336713360304,0.5273833666859312,0.787454137458628,0.79151379152876,0.0316631464961494,0.6295585150737257,10.806061738374956,0.9030308691874784
1022,8.91895054661216,0.8883058592289786,13.93101845785375,0.2068929906341666,5972.753414007264,0.266252438576617,0.8385010300037776,0.961670100012592,0.024487040200261,0.4845866707123434,10.885481072844838,0.9427405364224188
1026,8.700081639224601,0.7667120217914453,13.172321673345838,0.038293705187964,6048.405536519694,0.3202896689426383,0.562708190298248,0.0423606343274933,0.0321675922424981,0.639749338232285,9.602509702857716,0.3012548514288584
1027,8.122148739851218,0.4456381888062317,17.392406740949255,0.9760903868776122,5632.280227124323,0.0230573050888022,0.603500305808778,0.1783343526959266,0.0258089458192192,0.5112918347317015,10.585081465154971,0.7925407325774868
1028,8.383747930448644,0.5909710724714691,16.236422703378505,0.7192050451952232,5772.240651865719,0.123029037046942,0.5713066415283165,0.0710221384277213,0.0392625815476823,0.783082455508735,10.507917010848312,0.7539585054241559
1030,8.930697106297167,0.8948317257206482,16.674848573160652,0.8166330162579224,5739.449873257127,0.0996070523265187,0.7796256822177732,0.7654189407259104,0.0434581702285768,0.8678418227995329,9.834045744931322,0.4170228724656611
1033,8.641504771977335,0.7341693177651859,14.865722926726034,0.4146050948280075,5604.507166608549,0.003219404720392,0.6309785783183972,0.2699285943946574,0.0011313079399647,0.0127536957568638,9.36688957262176,0.18344478631088
1036,8.512718140923644,0.662621189402025,14.807075507963606,0.4015723351030236,6558.7054918401855,0.6847896370287038,0.8021316573191422,0.8404388577304741,0.03950292344797,0.7879378474337388,10.676414961294522,0.8382074806472617
1039,9.042751397987564,0.9570841099930916,16.0333920157509,0.6740871146113108,5943.884073513412,0.2456314810810083,0.6930074889105192,0.4766916297017307,0.0337604116736576,0.6719275085587398,9.714361089641606,0.3571805448208035
1040,7.53541709980545,0.119676166558583,16.15227051564753,0.700504559032784,6873.511645161992,0.9096511751157084,0.7935607461572569,0.8118691538575232,0.0455051763730694,0.9091954822842312,9.792427556314392,0.3962137781571956
1042,8.855180346418205,0.8528779702323367,17.30318223485791,0.9562627188573136,5693.931129721411,0.067093664086722,0.7160935254684501,0.5536450848948334,0.025205459130227,0.4991001844490318,9.505252598274192,0.2526262991370961
1046,9.079072079370674,0.977262266317041,14.13707233230124,0.2526827405113866,5720.859916416106,0.0863285117257898,0.8413299953614382,0.9710999845381272,0.0390289351753682,0.7783623267751161,9.645666844810586,0.3228334224052929
1048,9.003983172604332,0.9355462070024076,14.44411869652792,0.3209152658950935,5766.466907333779,0.118904933809842,0.5932491640387606,0.1441638801292019,0.0378136525325343,0.7538111622734219,9.545399688947152,0.272699844473577
1056,8.997700818564597,0.9320560103136656,15.276134151415867,0.5058075892035264,5637.908666617794,0.0270776190127094,0.6537213770458221,0.3457379234860738,0.0144217788116961,0.2812480568019425,10.849630784553122,0.9248153922765608
1061,8.767015065180251,0.8038972584334731,15.4063312452008,0.5347402767112889,5851.325256388632,0.179518040277594,0.8186237634419593,0.8954125448065309,0.0391585255375822,0.7809803138905499,9.716991951894174,0.3584959759470874
1067,8.231349321670278,0.50630517870571,13.302489025988004,0.0672197835528899,5746.996173034255,0.1049972664530394,0.612048404702217,0.2068280156740567,0.0496790339854237,0.9935158380893692,10.353936551662205,0.6769682758311023
1069,8.646479329739245,0.7369329609662473,16.36570617343298,0.7479347052073287,5767.893505811437,0.1199239327224545,0.7456772524711685,0.6522575082372282,0.0490859835047664,0.981535020298312,10.31330822875076,0.6566541143753798
1081,9.041168343492885,0.9562046352738252,15.117119874078714,0.4704710831286033,5622.383986942951,0.0159885621021081,0.5593292122052687,0.0310973740175619,0.0153290961683153,0.2995777003700068,9.609010143765406,0.3045050718827036
1100,8.413501376646074,0.6075007648033748,16.463862663808097,0.7697472586240214,5726.471076997494,0.0903364835696384,0.7288254828143402,0.5960849427144674,0.0326280341976459,0.6490511959120384,10.70219591656668,0.8510979582833404
1102,8.272636475165234,0.5292424862029079,13.324158001771648,0.0720351115048105,5814.011453960888,0.1528653242577765,0.5947252091248021,0.149084030416007,0.0304895589169234,0.6058496750893626,10.790734791355757,0.8953673956778786
1105,8.814066097764613,0.8300367209803409,17.18605919001172,0.9302353755581594,5686.259615292807,0.0616140109234334,0.5689670372832957,0.0632234576109853,0.0478581482196898,0.9567302670644404,9.536590137872594,0.2682950689362972
1111,8.739468475587161,0.7885935975484235,15.195021065629245,0.4877824590287211,5771.890045937851,0.1227786042413223,0.7633503461056715,0.7111678203522386,0.0135157293656933,0.2629440275897655,9.400340161182008,0.2001700805910045
1112,8.83613569752318,0.8422976097351005,16.27155303409507,0.7270117853544603,5942.159367514788,0.2443995482248483,0.652352244035907,0.3411741467863566,0.0466407321608705,0.9321360032499092,10.191373248969876,0.5956866244849384
1115,8.950097304971766,0.9056096138732044,14.220879909474505,0.2713066465498897,6064.561786230436,0.3318298473074546,0.705881500906684,0.5196050030222801,0.0139840712414961,0.2724054796261844,10.74315960847695,0.8715798042384748
1119,8.827771821936578,0.8376510121869881,13.469287105678578,0.1042860234841286,6587.0448417656935,0.7050320298326382,0.7648321003194739,0.716107001064913,0.0313103780388588,0.6224318795729066,10.769290454389944,0.8846452271949719
1123,8.767784641988754,0.8043248011048643,14.602333047896444,0.356074010643654,5825.290852082868,0.1609220372020486,0.8487100666319345,0.9957002221064484,0.0367472640992551,0.7322679616011138,10.58928081048269,0.7946404052413445
1125,8.187884139848833,0.4821578554715745,14.181060892927402,0.2624579762060891,6060.030527668186,0.3285932340487039,0.6295813278498866,0.2652710928329554,0.043664807823419,0.8720163196650311,10.655704651635396,0.827852325817698
1130,8.843468287233199,0.8463712706851104,15.712354355039777,0.6027454122310609,6712.19582307836,0.7944255879131147,0.6739343890772844,0.4131146302576148,0.0178204884268361,0.3499088571078013,9.592025408558582,0.2960127042792907
1136,9.077856874273415,0.97658715237412,16.512534649048128,0.7805632553440287,5746.836029105599,0.1048828779325704,0.5839249841889101,0.1130832806297003,0.027915251862489,0.5538434719694766,10.328846600767758,0.6644233003838792
1138,8.037550224427314,0.3986390135707299,15.845077928099345,0.6322395395776318,5725.139380096891,0.0893852714977794,0.673485571124695,0.4116185704156498,0.0240571502238472,0.4759020247241867,10.844031187290916,0.9220155936454578
1141,8.509159392574034,0.6606441069855747,13.421372814009557,0.0936384031132346,6044.451212638693,0.3174651518847801,0.7267581778477041,0.5891939261590138,0.016045443649964,0.3140493666659399,10.90526943334977,0.9526347166748854
1142,8.514470729631116,0.6635948497950641,13.326887181155842,0.0726415958124092,6070.978163358602,0.3364129738275726,0.7409604281412063,0.6365347604706877,0.0161383769178984,0.3159268064221916,10.139947389321811,0.5699736946609062
1144,8.620873043622442,0.7227072464569126,16.05553215535059,0.6790071456334649,6572.582359837139,0.6947016855979562,0.7571486668533504,0.6904955561778346,0.0139000113947035,0.2707073009031019,9.403650902022756,0.2018254510113779
1148,8.005439019387465,0.3807994552152584,13.08075667519324,0.0179459278207203,5884.30437223457,0.2030745515961214,0.5780320042459343,0.0934400141531142,0.030308998001021,0.6022019798186065,9.002578592796313,0.0012892963981568
1160,8.99007918107352,0.9278217672630672,17.190506687604223,0.931223708356494,6233.36317192971,0.4524022656640788,0.8099036266260504,0.8663454220868345,0.0343685470669683,0.6842130720599664,9.332072211471871,0.1660361057359365
1164,8.291209504900948,0.5395608360560821,13.070398224541734,0.015644049898163,5752.522931049306,0.1089449507495043,0.7407620930801134,0.6358736436003781,0.035206421755429,0.7011398334430116,9.815152673006612,0.4075763365033067
1165,8.242209053223917,0.5123383629021757,16.62894669963966,0.8064325999199242,5676.253559233208,0.0544668280237201,0.8164980841890872,0.8883269472969572,0.0443442949430276,0.8857433321823764,10.722169645515232,0.8610848227576158
1182,8.843991884731501,0.8466621581841678,13.613054704017456,0.1362343786705458,5649.964635049306,0.0356890250352185,0.7996959606915541,0.8323198689718473,0.0417487951074174,0.8333089920690401,9.059865043753064,0.029932521876532
1199,8.850635045155677,0.8503528028642655,13.193913672341225,0.0430919271869387,6810.194865446074,0.8644249038900528,0.8251856004157581,0.9172853347191936,0.0441986066232793,0.8828001338036224,9.457492386555964,0.2287461932779814
1212,8.8740034484163,0.8633352491201672,13.53955185934932,0.1199004131887377,6967.391195785981,0.9767079969899864,0.7127995955195864,0.5426653183986213,0.0233663142855796,0.4619457431430227,9.636306320562507,0.3181531602812536
1216,8.607787145343558,0.7154373029686433,17.011312017010848,0.8914026704468553,5613.885914012801,0.0099185100091435,0.6005725718975051,0.1685752396583503,0.0180693914791281,0.3549372015985483,10.614069851983434,0.8070349259917173
1218,8.596814116359926,0.709341175755515,15.772297012074809,0.6160660026832905,5747.1492238863775,0.1051065884902696,0.6147281039520692,0.2157603465068972,0.0204392497454883,0.4028131261714813,9.996672988056956,0.4983364940284784
1219,7.922801264327361,0.3348895912929781,14.86848205201608,0.4152182337813513,5675.322224487317,0.0538015889195117,0.7944358579635353,0.8147861932117845,0.0409502662648305,0.8171770962592033,9.849845093922786,0.4249225469613934
1223,8.258977227691537,0.5216540153841871,17.323124991283944,0.9606944425075432,5642.5740841295765,0.0304100600925543,0.7250169758664683,0.5833899195548942,0.0188644515980805,0.3709990221834454,9.50637321560595,0.2531866078029756
1245,8.615905550748703,0.7199475281937243,13.483840985721177,0.1075202190491504,5785.165680967455,0.1322612006910396,0.801739794160419,0.8391326472013967,0.0133606638401396,0.2598113907098911,9.196049892736566,0.0980249463682826
1246,8.437298659506856,0.6207214775038096,15.985886157783447,0.6635302572852106,6000.027278532821,0.2857337703805861,0.7095640899023812,0.5318802996746039,0.0162998054249777,0.3191879883833891,9.381595514346891,0.1907977571734466
1248,8.615000570111851,0.7194447611732513,14.68715187970094,0.3749226399335423,5705.64952183202,0.0754639441657284,0.8448626812982268,0.9828756043274228,0.0461730492615884,0.9226878638704746,9.679176914704536,0.3395884573522679
1254,8.247757778526417,0.5154209880702312,15.494057428847778,0.5542349841883951,5788.007028114991,0.1342907343678506,0.692257336313103,0.4741911210436766,0.0292572924604449,0.5809554032413116,10.290397601617093,0.6451988008085462
1255,8.491654683528722,0.6509192686270682,14.7765794487128,0.3947954330472888,5920.987517849415,0.2292767984638677,0.8432133166115701,0.9773777220385672,0.0113902929682246,0.220005918549992,9.987500345100116,0.4937501725500577
1258,8.863878236576832,0.8577101314315742,15.241908740253994,0.4982019422786652,5929.15592156127,0.2351113725437638,0.7806951812585159,0.7689839375283861,0.0446752515138019,0.8924293235111501,9.473667752302836,0.2368338761514179
1260,8.379979945956059,0.5888777477533664,15.224322095478747,0.4942937989952771,5993.989260444221,0.2814209003173011,0.5818580167001484,0.1061933890004944,0.0109347184647555,0.2108023932273839,9.27500985290622,0.1375049264531092
1266,8.047339193372009,0.4040773296511165,14.527792400899443,0.3395094224220989,6831.851495564859,0.8798939254034704,0.6744191955984682,0.4147306519948938,0.0196336324944087,0.3865380301900762,10.138817037506804,0.5694085187534019
1268,7.942090916790939,0.3456060648838546,13.22068569716332,0.0490412660362931,5816.472129474486,0.1546229496246327,0.7233733059472736,0.5779110198242453,0.0451387439304287,0.901792806675328,9.992632943017025,0.4963164715085116
1270,8.096228403201996,0.4312380017788865,16.529651977873595,0.7843671061941322,5697.695194997495,0.0697822821410673,0.5569509632794692,0.0231698775982308,0.0283784383974098,0.5632007757052495,10.9437997952033,0.97189989760165
1271,9.08560639327012,0.980892440705622,15.1719309422081,0.482651320490689,6217.979369368296,0.4414138352630684,0.6085712531846115,0.1952375106153715,0.0488131792737377,0.9760238237118746,10.993573193549343,0.9967865967746724
1272,8.322876773225572,0.5571537629030956,14.527785756158975,0.3395079458131058,5653.299951160321,0.0380713936859438,0.7396190049260384,0.6320633497534612,0.0378421348993973,0.754386563624189,10.43246299200426,0.7162314960021295
1273,8.796804631968374,0.8204470177602086,14.549471844883747,0.3443270766408328,5868.047462046267,0.1914624728901907,0.6198471644211282,0.2328238814037606,0.032450012423486,0.645454796434062,10.558037641424216,0.7790188207121083
1274,9.071549522000488,0.97308306777805,13.536456897563877,0.1192126439030835,6938.539276433112,0.9560994831665084,0.7581752759532547,0.6939175865108489,0.0272716148895345,0.5408407048390824,10.86227299990528,0.9311364999526398
1286,8.480913218157447,0.6449517878652486,13.473213603539504,0.1051585785643344,5823.212604456625,0.1594375746118751,0.6259510472337728,0.2531701574459091,0.022381836875995,0.4420573106261634,10.269994413620536,0.6349972068102686
1294,8.054744043507567,0.408191135281982,14.719733229932109,0.3821629399849131,5771.186643470802,0.1222761739077157,0.6794698951696921,0.4315663172323072,0.039133215894208,0.7804690079637994,9.672744219817885,0.3363721099089413
1302,8.540412986399668,0.6780072146664824,15.982091493808651,0.6626869986241449,5807.326810802294,0.1480905791444954,0.6958781931937637,0.4862606439792122,0.0414413688887617,0.8270983613891265,10.68337358104243,0.8416867905212145
1309,8.891487229687558,0.8730484609375326,16.91879810469914,0.8708440232664756,5648.861450583704,0.0349010361312168,0.5832471951399596,0.1108239837998653,0.0357293865800946,0.7117047793958506,9.745788784576485,0.3728943922882415
1310,8.40778940907652,0.6043274494869556,15.879691775858612,0.6399315057463582,6095.413137997053,0.3538665271407525,0.5580839863432248,0.0269466211440824,0.0170253777330033,0.3338460148081479,10.8486432158024,0.9243216079012004
1316,8.253497487114037,0.5186097150633542,14.537919490842247,0.3417598868538328,5949.91964792446,0.2499426056603286,0.7182356217674789,0.5607854058915964,0.03585938194732,0.7143309484307072,10.254330023237248,0.6271650116186245
1324,8.950210003163733,0.905672223979852,15.65052676390286,0.5890059475339688,5820.764900118937,0.157689214370669,0.7989225358225165,0.8297417860750548,0.0064502135731123,0.1202063348103502,9.38267363524958,0.1913368176247897
1334,8.904952402624035,0.880529112568909,17.11281571288314,0.9139590473073648,6007.300176660425,0.2909286976145893,0.7495083734221168,0.6650279114070562,0.037271756360808,0.742863764864809,10.699769616480152,0.8498848082400763
1335,7.778942622109878,0.2549681233943768,14.012872529377097,0.2250827843060215,6354.4015122338205,0.5388582230241575,0.7529270855940856,0.676423618646952,0.0318698269497289,0.6337338777723025,10.64679427540805,0.8233971377040247
1338,7.936527344427741,0.3425151913487453,14.118384671999731,0.2485299271110514,5734.469586050676,0.0960497043219114,0.8172839073138822,0.890946357712941,0.0254099375053516,0.5032310607141746,10.693553920473075,0.8467769602365376
1342,8.657722659542028,0.7431792553011273,14.03748293694839,0.2305517637663088,5815.440331316129,0.1538859509400924,0.5642071693967602,0.0473572313225337,0.0284702969803809,0.5650565046541596,9.00422540775843,0.0021127038792148
1346,8.079907941771168,0.4221710787617604,15.917484600544224,0.64832991123205,5751.480682065789,0.1082004871898492,0.7247924555204013,0.5826415184013375,0.0203899036915435,0.4018162361927987,9.693245601480866,0.3466228007404328
1358,8.9007856333545,0.8782142407525003,16.639159796431475,0.8087021769847722,5652.844539801894,0.0377460998584954,0.5978506400402452,0.1595021334674838,0.0170046698509616,0.3334276737568005,9.111328624404418,0.0556643122022094
1365,8.30323481957823,0.5462415664323508,16.029669523538484,0.673259894119663,6038.95410690909,0.3135386477922075,0.7026911863586521,0.5089706211955072,0.0056490549137906,0.1040213113897093,10.319269103932672,0.6596345519663364
1375,9.050167383970033,0.9612041022055744,13.064483745263612,0.0143297211696913,5922.860293217514,0.230614495155367,0.6347008302560105,0.2823361008533682,0.0492470337726527,0.9847885610636924,9.690358385771708,0.3451791928858539
1377,8.9101007441297,0.8833893022942786,16.52117562077309,0.782483471282909,6319.032931458976,0.5135949510421256,0.6327606380778469,0.275868793592823,0.0079517119584741,0.1505396355247312,10.028206909950466,0.5141034549752331
1380,9.078616751793916,0.9770093065521762,13.439546045111472,0.0976768989136602,6289.734665394433,0.492667618138881,0.5654821210471862,0.051607070157287,0.0122283413525354,0.2369361889401102,9.513526289651065,0.2567631448255311
1385,8.13076260966678,0.4504236720371003,16.16410756597397,0.7031350146608821,5871.484444955531,0.193917460682522,0.6980686175112305,0.4935620583707683,0.0499611736858033,0.9992156300162284,9.635849744174234,0.3179248720871167
1387,8.531279439367905,0.6729330218710591,13.767252502147754,0.1705005560328341,5905.825093816778,0.2184464955834127,0.6829783949790791,0.4432613165969303,0.0123131592482648,0.2386496817831288,10.787969901913383,0.8939849509566923
1390,7.420361113535688,0.0557561741864931,16.732915634667005,0.8295368077037788,5732.998835850931,0.0949991684649503,0.5928032475366691,0.142677491788897,0.0490228036134605,0.9802586588577886,10.242580492676094,0.6212902463380473
1394,8.824855943257289,0.836031079587383,16.924999959424788,0.8722222132055083,5605.122995791556,0.0036592827082541,0.6787609823343542,0.4292032744478473,0.0211266229132124,0.4166994527921713,10.379501177488132,0.689750588744066
1407,8.461981172725288,0.6344339848473827,14.120190990735576,0.2489313312745723,5903.575283920497,0.2168394885146409,0.7895362049626862,0.7984540165422874,0.0206960197438654,0.4080003988659687,9.154955918570506,0.0774779592852529
1431,8.540587457427893,0.678104143015497,13.72726450473036,0.1616143343845242,5795.881868148207,0.1399156201058623,0.809755735015655,0.8658524500521831,0.0065039445440745,0.1212918089712039,10.6826397525277,0.8413198762638502
1441,8.944029774161654,0.902238763423142,14.308345747187865,0.290743499375081,5771.818017382155,0.1227271552729679,0.7354104116885237,0.6180347056284125,0.023787941236453,0.4704634593222838,9.727254506099252,0.3636272530496258
1449,8.111430660572314,0.4396837003179521,17.06843860004359,0.9040974666763532,5750.954863449469,0.1078249024639063,0.7999559292586351,0.8331864308621173,0.0019165084968518,0.0286163332697346,10.998788110610851,0.9993940553054258
1450,8.076032170352786,0.4200178724182143,15.866119252202598,0.6369153893783551,6192.210502495831,0.423007501782736,0.5940526766268366,0.1468422554227886,0.0202408430828842,0.3988049107653381,9.597433363619372,0.2987166818096857
1457,8.996513118249684,0.9313961768053804,15.821867257689387,0.6270816128198642,5613.726920509163,0.0098049432208309,0.725256777485285,0.5841892582842834,0.0396625617953011,0.7911628645515386,10.5616616250832,0.7808308125415999
1460,8.330496734667948,0.561387074815527,13.358326230064804,0.0796280511255118,6221.631900155528,0.4440227858253771,0.7655628832126484,0.7185429440421615,0.0277450786517096,0.5504056293274674,10.088902707328568,0.5444513536642841
1462,8.139586549861844,0.4553258610343578,15.036245419237162,0.4524989820527028,5666.044248790743,0.0471744634219595,0.6106534834455895,0.2021782781519648,0.0447213195614795,0.8933599911410005,10.099921691721088,0.5499608458605441
1470,7.675097488088778,0.1972763822715435,14.93823890127392,0.4307197558386492,5969.520057006222,0.2639428978615867,0.6698531802889182,0.3995106009630603,0.0364998629566278,0.7272699587197545,9.663534333873017,0.3317671669365081
1478,9.051286608016364,0.961825893342426,13.142515154745668,0.0316700343879261,5706.790222706088,0.076278730504348,0.7984349050815822,0.8281163502719405,0.0153188488878861,0.2993706846037597,10.394533678282707,0.6972668391413538
1480,8.067595663946085,0.4153309244144916,15.278917225790252,0.5064260501756114,5610.860624287348,0.0077575887766768,0.8007273571260338,0.8357578570867795,0.0298130991280295,0.5921838207682729,9.988499498032086,0.4942497490160425
1487,8.725768407723635,0.780982448735353,15.717018979677992,0.6037819954839982,5984.918269904531,0.2749416213603798,0.7880142381507819,0.7933807938359395,0.0223165903304537,0.4407391985950247,10.533059778623397,0.7665298893116985
1499,8.888775473844108,0.8715419299133934,16.645842704319264,0.8101872676265034,5917.9193564885845,0.227085254634703,0.6387153723194843,0.2957179077316142,0.0426390265955562,0.851293466576894,10.684837313473716,0.8424186567368583
1501,8.828750951976973,0.8381949733205406,14.15425589919742,0.2565013109327601,5604.287112318718,0.0030622230847984,0.6312248423274831,0.2707494744249434,0.0408191071280686,0.81452741672866,9.15818397518554,0.0790919875927695
1503,8.418889616887842,0.610494231604357,14.02906579532103,0.2286812878491175,6004.492689835328,0.2889233498823769,0.7133341335403491,0.5444471118011638,0.0304321624021815,0.6046901495390218,10.481143437484064,0.7405717187420321
1508,8.61707323012493,0.7205962389582949,13.364042286409417,0.0808982858687586,5884.557516343246,0.2032553688166041,0.8329879240005151,0.9432930800017172,0.016205352693027,0.3172798523843849,10.084317375020564,0.5421586875102814
1509,7.982924720492651,0.3682915113848064,14.092059482006832,0.2426798848904071,5608.688933798757,0.0062063812848263,0.6707059417201826,0.4023531390672751,0.0373629724168303,0.7447065134713192,10.236504763542476,0.6182523817712378
1513,8.432090265470821,0.6178279252615676,15.003742658677517,0.4452761463727814,5714.903879271144,0.0820741994793889,0.7291095582483358,0.597031860827786,0.019784509314091,0.3895860467493145,10.61511080026066,0.8075554001303299
1522,8.79063761197142,0.8170208955396783,15.114747816976296,0.4699439593280656,5902.848144230582,0.2163201030218441,0.6132276090168951,0.2107586967229836,0.0154457878662694,0.301935108409484,10.9907989517195,0.9953994758597496
1531,8.410967066109148,0.6060928145050826,13.351399758991922,0.0780888353315383,5953.083143990732,0.2522022457076655,0.5891598853321312,0.1305329511071036,0.0342351409529812,0.6815179990501268,10.975024226210568,0.9875121131052836
1533,8.434818728118131,0.6193437378434064,13.852778095755689,0.1895062435012636,6670.298789757008,0.7644991355407204,0.5755954215567598,0.0853180718558659,0.0131232560005397,0.2550152727381767,9.654739072059556,0.3273695360297777
1550,8.494398539581294,0.6524436331007193,14.430034662630634,0.3177854805845853,6976.221414776429,0.9830152962688776,0.5552610857751299,0.0175369525837663,0.0161926756739967,0.317023750989834,9.045280086039886,0.0226400430199433
1551,8.277242654367058,0.5318014746483657,13.746828830486322,0.1659619623302938,5825.983199821258,0.1614165713008986,0.741674522665507,0.6389150755516901,0.0228639780247728,0.451797535853996,9.173515283580429,0.0867576417902145
1559,8.250096955757481,0.5167205309763785,13.129309749522005,0.0287354998937782,6023.91473732817,0.3027962409486933,0.6397744906595457,0.2992483021984857,0.0221698087754773,0.4377739146561089,10.931613637770258,0.9658068188851288
1560,8.385684405591793,0.5920468919954405,17.31407518758838,0.9586833750196396,5738.224654223474,0.0987318958739101,0.6229724028596991,0.2432413428656635,0.0200210732372512,0.3943651159040654,9.881601435840494,0.4408007179202466
1564,8.56726943813787,0.6929274656321509,14.130567961076784,0.2512373246837299,5613.425927600278,0.0095899482859128,0.653934716729096,0.346449055763653,0.010617782553365,0.204399647542728,10.230602826347408,0.615301413173704
1575,9.06667864717539,0.9703770262085508,15.36603071836519,0.5257846040811532,6084.177982565383,0.345841416118131,0.7706519916805707,0.7355066389352358,0.0469767009202296,0.9389232509137302,10.12305667086682,0.5615283354334097
1580,8.65717794705666,0.7428766372536998,14.115266369513568,0.2478369710030151,5780.910474381758,0.1292217674155411,0.6744130012243703,0.4147100040812342,0.0416414897867913,0.8311412078139673,9.955166043942206,0.4775830219711036
1598,8.032482851694494,0.3958238064969415,14.724524715267474,0.3832277145038831,5634.870562374713,0.0249075445533665,0.6179867871598601,0.2266226238662003,0.0086175420576202,0.1639907486387923,9.03598747103297,0.0179937355164844
1602,8.55548376840716,0.6863798713373115,15.210263257183318,0.4911696127074041,5800.096664014072,0.1429261885814804,0.8160836077901681,0.8869453593005605,0.0043502611378294,0.0777830532894835,9.85344120261608,0.4267206013080389
1606,8.955614741940785,0.9086748566337703,14.910190590530814,0.4244867978957364,5930.589089936959,0.2361350642406849,0.6127721135976218,0.2092403786587392,0.0297419831260815,0.5907471338602328,10.459547648098406,0.7297738240492027
1630,8.545945720091941,0.6810809556066347,15.489578823067164,0.5532397384593698,5741.830529084555,0.1013075207746821,0.8237237488637332,0.912412496212444,0.019190122325844,0.3775782288049303,10.09741570503069,0.5487078525153448
1639,8.491644104572405,0.6509133914291143,15.404079292075531,0.5342398426834513,5659.476522970217,0.0424832306930124,0.7278958914387499,0.5929863047958329,0.016545837104348,0.3241583253403644,9.186541072947858,0.0932705364739284
1648,8.990537346238206,0.9280763034656704,14.486238634497903,0.3302752521106455,6400.964494613615,0.5721174961525819,0.7652948594344982,0.717649531448327,0.0122430242744735,0.2372328136257279,10.026450792788433,0.5132253963942165
1654,8.856002740440177,0.8533348558000985,16.040608314777938,0.6756907366173192,5793.393289313678,0.1381380637954845,0.6276673206242123,0.2588910687473742,0.0297065547890385,0.5900314098795673,10.177868902172126,0.5889344510860629
1669,8.429106789511346,0.616170438617415,15.290184740681765,0.5089299423737251,5794.515222306374,0.1389394445045532,0.7513476601205282,0.6711588670684274,0.0349380725625377,0.6957186376270242,10.581447810597346,0.7907239052986735
1671,8.38224134514913,0.5901340806384051,16.739174505540554,0.8309276678979007,5849.090189317046,0.1779215637978896,0.7759974512139686,0.7533248373798952,0.038766498870742,0.7730605832473147,10.150548557716077,0.5752742788580373
1678,8.704743534118345,0.7693019633990805,15.374669175940236,0.5277042613200527,5766.970231606517,0.1192644511475122,0.797887850760715,0.8262928358690499,0.0421265045771148,0.8409394864063607,10.801637574073194,0.9008187870365968
1681,8.931778167478981,0.8954323152661006,14.673527319585371,0.3718949599078606,5806.650317236441,0.1476073694546005,0.6321786067493477,0.2739286891644922,0.045586139631268,0.9108311036619806,9.694349462648796,0.3471747313243971
1684,8.462503210057587,0.6347240055875486,15.74364637556021,0.6096991945689358,5737.654018903937,0.098324299217098,0.7122662789381926,0.5408875964606422,0.0128494285822582,0.2494834057021864,9.991083507799976,0.495541753899988
1692,8.455307752727212,0.6307265292928951,13.348745963044198,0.0774991028987107,5699.163199477422,0.0708308567695866,0.7971049091106972,0.8236830303689908,0.0454768251978732,0.908622731270166,10.224461266857729,0.6122306334288643
1708,8.473471134099302,0.6408172967218347,15.463620779976829,0.5474712844392955,5768.533704801898,0.1203812177156414,0.7178590479361019,0.5595301597870064,0.0094111285362828,0.1800227987127839,10.17167463167142,0.5858373158357097
1709,8.954702159693088,0.9081678664961608,14.527639332990612,0.3394754073312476,6236.88390975582,0.4549170783970143,0.8177453789852666,0.8924845966175553,0.0316340079810829,0.6289698582036958,10.727640509699858,0.8638202548499294
1710,8.05421223088937,0.4078956838274272,13.381204773645624,0.0847121719212495,6260.767037613701,0.4719764554383583,0.8348712802919411,0.9495709343064708,0.0379993106135685,0.7575618305771427,10.048078842313744,0.524039421156872
1715,7.701576283840355,0.2119868243557527,13.599652801782124,0.1332561781738055,6908.80918725697,0.93486370518355,0.652977083762401,0.3432569458746701,0.0387870790645217,0.7734763447378126,9.929202509892065,0.4646012549460319
1717,8.877995121697941,0.8655528453877449,14.814542252084136,0.4032316115742524,6135.538393891233,0.3825274242080232,0.7970086108367422,0.8233620361224744,0.0044884404872389,0.0805745552977569,9.122804655435456,0.061402327717729
1723,8.343514538775292,0.5686191882084953,14.57076944032258,0.3490598756272396,6063.008817341352,0.330720583815251,0.7616410046831724,0.7054700156105747,0.0301135354395086,0.5982532412021941,10.522452183542544,0.7612260917712717
1724,8.334123911870694,0.5634021732614974,14.62241054976494,0.3605356777255425,5722.824147065606,0.0877315336182901,0.723134818259585,0.5771160608652833,0.0102871159119601,0.197719513372933,9.525117890049051,0.2625589450245266
1727,8.276579240117785,0.5314329111765472,14.527174746237248,0.3393721658304991,5604.842008367713,0.0034585774055093,0.7599737600995651,0.699912533665217,0.0267822736643062,0.5309550235213375,10.01761670683275,0.5088083534163755
1728,8.436262363684877,0.6201457576027093,13.955133861114629,0.2122519691365838,5842.8704363040415,0.1734788830743151,0.7773786133319965,0.757928711106655,0.0338042314292284,0.6728127561460293,10.219204195006524,0.609602097503262
1756,8.168087078145822,0.4711594878587906,16.665508849630715,0.814557522140159,5613.508749769862,0.0096491069784728,0.7787424841076198,0.7624749470253993,0.001042771940308,0.0109650897031936,9.759514268790165,0.3797571343950822
1757,8.069129416687964,0.4161830092710916,15.879517853564328,0.6398928563476285,5850.979215846017,0.1792708684614402,0.5600531787378152,0.0335105957927174,0.0319484478098446,0.6353221779766597,10.371886303067695,0.6859431515338484
1767,9.08795082252534,0.9821949014029668,14.374586315361496,0.3054636256358881,5630.314063308606,0.0216529023632898,0.5503564097781419,0.0011880325938061,0.0221688330172527,0.4377542023687416,10.31795194651575,0.6589759732578753
1771,9.077221460018931,0.9762341444549636,14.717101810185644,0.3815781800412541,6030.341721591041,0.3073869439936011,0.7519117879839918,0.6730392932799726,0.0121817311465007,0.2359945686161774,10.972360417608,0.9861802088040004
1773,8.764022193665808,0.8022345520365604,13.41430014926418,0.0920666998364845,6017.0966601055525,0.2979261857896804,0.7048742588604181,0.5162475295347269,0.048569902823343,0.971109147946324,10.983155881071294,0.9915779405356469
1782,8.721505911416953,0.7786143952316406,16.91234295495333,0.8694095455451849,5752.892393898856,0.1092088527848966,0.7687381477752477,0.7291271592508258,0.0271218006804208,0.5378141551600175,10.898279992364822,0.9491399961824112
1786,8.286675040957936,0.537041689421076,13.344959789473403,0.0766577309940895,6037.319008927588,0.3123707206625625,0.7792033517125607,0.7640111723752024,0.0194446067787425,0.3827193288634849,9.291676369984296,0.1458381849921474
1788,8.743778564060324,0.7909880911446255,15.33635359573286,0.5191896879406358,5948.720891476798,0.2490863510548558,0.7222525984121538,0.5741753280405126,0.0199669856242544,0.393272436853625,10.37555498638328,0.6877774931916399
1791,8.920178593101733,0.8889881072787408,15.767329040431605,0.614962008984801,5736.459189200608,0.0974708494290061,0.5833242440282919,0.1110808134276395,0.0488189010964689,0.9761394160902808,10.028178535478304,0.5140892677391516
1797,8.56628622437961,0.6923812357664499,14.230731921988266,0.2734959826640589,6141.878138359687,0.3870558131140618,0.7209009932758896,0.5696699775862987,0.0367257369997289,0.7318330707015956,10.911919937427596,0.9559599687137984
1802,8.249767908211984,0.5165377267844359,14.669724849467974,0.3710499665484384,5940.783034277215,0.2434164530551534,0.7800209984001307,0.7667366613337692,0.0244014094042529,0.4828567556414741,10.304590266376971,0.6522951331884859
1808,8.910746754437499,0.8837481969097223,15.963884682740568,0.6586410406090151,6041.042487521774,0.3150303482298383,0.5988791732005238,0.1629305773350789,0.0014582079405608,0.0193577361729468,9.31267961154095,0.1563398057704751
1818,8.863329441660168,0.8574052453667603,17.051269413934065,0.9002820919853483,5623.179317524422,0.016556655374587,0.7868447649178388,0.7894825497261294,0.0254469111760921,0.5039780035574173,9.328589135717063,0.1642945678585314
1820,8.034738781172674,0.3970771006514859,15.270053642919642,0.5044563650932535,5765.34758379868,0.1181054169990567,0.61087422732986,0.202914091099533,0.0462085580171125,0.9234052124669192,9.72580032648481,0.3629001632424055
1827,8.203507808764144,0.4908376715356355,15.200824277484974,0.4890720616633276,5705.166364174994,0.0751188315535668,0.7314214438296226,0.6047381460987419,0.0260715283176984,0.5165965316706753,9.267316188233233,0.1336580941166154
1829,8.146304925432618,0.45905829190701,13.002732754967909,0.000607278881757,6609.2248663183145,0.7208749045130819,0.7658220333648538,0.7194067778828458,0.0397438043519134,0.7928041283214844,9.193399995008296,0.0966999975041476
1834,8.97120090159454,0.9173338342191896,16.70053299442774,0.8223406654283862,6088.697351870243,0.3490695370501738,0.6232135410969004,0.2440451369896678,0.0085673035319814,0.162975828928918,9.581454392511116,0.2907271962555577
1837,8.557267328922192,0.6873707382901071,13.63454385448252,0.1410097454405602,5964.917237596776,0.260655169711983,0.8091977668240916,0.8639925560803055,0.0402305168878117,0.8026367048042768,10.8625943209687,0.9312971604843504
1839,8.982409867805197,0.9235610376695546,13.577477150347727,0.1283282556328281,5894.738501750183,0.2105275012501307,0.6778482864829841,0.4261609549432804,0.0164869740420553,0.3229691725667748,9.83572485461356,0.4178624273067809
1841,7.993143988984334,0.3739688827690747,13.643448657788229,0.1429885906196057,6152.492045529176,0.3946371753779824,0.8003580334901473,0.8345267783004912,0.0377857401581486,0.753247275922195,10.84200775109781,0.9210038755489054
1849,8.943730844536995,0.9020726914094426,13.037596532266576,0.0083547849481276,5984.004914102819,0.274289224359157,0.7155090858061205,0.5516969526870682,0.0160610961863372,0.3143655795219654,10.759732271263523,0.8798661356317617
1850,8.923999926211595,0.8911110701175531,16.748994609287205,0.8331099131749345,5865.29306467407,0.1894950461957638,0.5589040577353789,0.0296801924512628,0.0295185779213025,0.5862338974000509,10.847285079685529,0.923642539842763
1851,8.66776293856779,0.7487571880932175,13.504832358847713,0.1121849686328247,5965.670051876219,0.2611928941972996,0.6228257324307029,0.2427524414356762,0.0263876998115421,0.5229838345766095,10.998862525895506,0.9994312629477528
1855,8.591461287680671,0.7063673820448175,13.097337394503777,0.0216305321119503,6041.868955071366,0.3156206821938331,0.7010967567559041,0.5036558558530139,0.0157557014341218,0.3081959885681179,10.178982570785111,0.589491285392556
1856,8.823592695148767,0.8353292750826488,15.04668729344418,0.4548193985431511,6426.3246103119,0.5902318645085001,0.8309859360724012,0.9366197869080044,0.0262201174826571,0.5195983329829721,10.599305077810872,0.799652538905437
1857,8.619112819820057,0.7217293443444762,13.217712507364263,0.0483805571920586,5888.7985158106085,0.2062846541504344,0.7665380928207935,0.7217936427359786,0.0174363008768617,0.3421474924618535,9.548013934380997,0.2740069671904983
1868,9.034605369088045,0.952558538382248,13.136705586176346,0.030379019150299,5746.834715993308,0.1048819399952201,0.5596307445528612,0.0321024818428706,0.0329085947243343,0.6547190853400887,10.946121878302648,0.9730609391513244
1869,7.671167427610394,0.1950930153391075,13.301555609217434,0.0670123576038741,5924.494186363094,0.2317815616879244,0.6611484599104043,0.3704948663680143,0.0194309247915613,0.3824429250820467,10.617250883096016,0.8086254415480083
1878,8.393654919171263,0.596474955095146,15.880772285760692,0.6401716190579313,5670.012481709668,0.0500089155069052,0.587745013724541,0.1258167124151368,0.0310703140004822,0.617582101019844,10.95914156194427,0.9795707809721343
1879,8.91819597527399,0.8878866529299951,17.12120442211792,0.9158232049150932,5784.667980562218,0.1319057004015844,0.5683956726234008,0.0613189087446695,0.0497400926733705,0.9947493469367794,10.063954184470273,0.5319770922351361
1881,9.10940356477831,0.9941130915435056,17.225321116570086,0.9389602481266852,5850.331418413815,0.1788081560098681,0.5567926400697075,0.0226421335656917,0.0375867202552847,0.7492266718239341,10.795683519197706,0.897841759598853
1885,8.118520501415302,0.4436225007862787,13.12676272094835,0.0281694935440777,5654.699360949157,0.0390709721065407,0.6878265083068628,0.4594216943562091,0.0031782005625283,0.0541050618692597,9.433116891134404,0.2165584455672029
1892,8.69884489265101,0.7660249403616729,14.263881087404116,0.2808624638675814,5772.138070267545,0.1229557644768176,0.843552391315818,0.9785079710527268,0.0205634672025817,0.4053225697491261,9.707901499525754,0.3539507497628767
1894,8.308864477579547,0.5493691542108599,14.525543443754136,0.3390096541675857,5609.803280938196,0.0070023435272825,0.566649985022786,0.0554999500759531,0.0290721601067115,0.5772153556911419,9.539139802491023,0.2695699012455126
1896,8.677932322617375,0.7544068458985417,16.229236626911288,0.7176081393136199,5827.566606033702,0.1625475757383583,0.7854761350516908,0.7849204501723027,0.040498162274955,0.808043682322324,10.888303274690976,0.9441516373454882
1903,7.450239295129831,0.0723551639610176,14.489614402090105,0.3310254226866898,6105.48579490807,0.3610612820771923,0.7652095267170329,0.7173650890567762,0.0490116244938952,0.98003281805849,10.82238395012104,0.9111919750605202
1909,8.325937930153724,0.5588544056409577,13.816931829284083,0.1815404065075745,6443.976829424734,0.6028405924462387,0.6595184050364313,0.3650613501214378,0.0188037730600724,0.369773193132776,10.142713369420637,0.5713566847103175
1912,8.90355435712862,0.8797524206270112,13.127367487977423,0.0283038862172054,6024.423842122499,0.3031598872303562,0.816341116293523,0.8878037209784099,0.0027116360366572,0.0446795158920657,9.915487827123886,0.4577439135619434
1916,8.860324954803787,0.8557360860021039,13.340243790934949,0.0756097313188776,5686.90210970023,0.0620729355001643,0.6157972579164009,0.2193241930546696,0.0302972453784904,0.6019645531008161,10.832891975741976,0.9164459878709876
1919,8.809887413952527,0.8277152299736262,14.280312227959945,0.2845138284355434,5983.758098528756,0.2741129275205398,0.6791531081378472,0.4305103604594905,0.0144877520568382,0.282580849633096,9.568101607923388,0.2840508039616944
1926,8.23889127571862,0.5104951531770114,13.43684891267533,0.0970775361500734,5805.441943902328,0.1467442456445199,0.6177648070603379,0.2258826902011262,0.0073565987157326,0.1385171457723772,9.49617036901796,0.2480851845089792
1933,8.265934656122372,0.5255192534013177,14.636670755093917,0.3637046122430926,5852.2768651101605,0.1801977607929721,0.7548995104604967,0.6829983682016556,0.0367963925900179,0.7332604563639993,9.12792386612428,0.0639619330621393
1944,8.96513363611789,0.9139631311766062,13.694352959179648,0.1543006575954773,5919.857004131237,0.2284692886651693,0.750737308682984,0.6691243622766136,0.0309018491705225,0.6141787711216667,9.747809185115646,0.3739045925578227
1954,8.622873448935,0.7238185827416663,14.279954841245306,0.2844344091656238,5776.996700511052,0.1264262146507517,0.6089437680793922,0.1964792269313072,0.0200481609482323,0.3949123423885327,9.623607116603768,0.3118035583018842
1960,7.980130631833102,0.3667392399072791,15.491108178560337,0.5535795952356298,5854.842049648169,0.1820300354629784,0.7925627317399261,0.808542439133087,0.0491461304238144,0.9827501095720088,10.87610814544398,0.9380540727219908
1967,8.82275774611474,0.8348654145081899,15.950751192472808,0.6557224872161798,5784.697433371763,0.1319267381226873,0.7588228842940463,0.6960762809801546,0.0363591959430456,0.7244282008696079,10.59215841629544,0.7960792081477205
1978,8.513558440360216,0.663088022422342,14.622387171322616,0.3605304825161367,5699.128021601342,0.0708057297152444,0.7192116841256727,0.5640389470855758,0.0268125512760283,0.5315666924450172,10.702349543347374,0.8511747716736874
1979,8.61371601320899,0.7187311184494393,14.762254101139982,0.3916120224755515,5928.099062451973,0.2343564731799803,0.5791158409521197,0.097052803173732,0.0378019481267178,0.7535747096306639,10.157362395505176,0.5786811977525879
1991,8.583716749900697,0.7020648610559435,14.204906369098008,0.2677569709106685,5973.637271784747,0.2668837655605336,0.8078181397195557,0.8593937990651858,0.0116874745970759,0.2260095878197169,9.94875181965707,0.4743759098285355
2002,8.868076476301901,0.8600424868343894,16.168851988273595,0.7041893307274658,5734.083336115582,0.09577381151113,0.8444739910390205,0.9815799701300686,0.0393647437725575,0.785146338839546,10.552974144262336,0.7764870721311681
2020,8.473153853235527,0.640641029575293,13.525053034112764,0.1166784520250587,5764.120990430535,0.1172292788789535,0.8110779636826135,0.8702598789420452,0.0395181189272315,0.7882448268127591,10.210379587112987,0.6051897935564945
2022,7.930367521760076,0.3390930676444871,14.242870276729851,0.2761933948288564,5792.848989533306,0.1377492782380756,0.8047190731865206,0.8490635772884021,0.0219832931142819,0.4340059215006456,9.243649490748435,0.1218247453742178
2026,7.95101698173217,0.3505649898512056,13.229381306314174,0.0509736236253721,5842.731839473722,0.1733798853383729,0.7744590342542004,0.7481967808473347,0.0497083448082029,0.9941079759232916,10.906916011354223,0.9534580056771116
2032,8.344206599012445,0.5690036661180249,17.439159398028607,0.9864798662285796,6189.047963441962,0.4207485453156869,0.6521188976520096,0.3403963255066984,0.0360936999069286,0.7190646445844165,10.607245923145603,0.8036229615728019
2034,8.044222029479059,0.4023455719328105,13.325180133377184,0.0722622518615965,6157.338113999767,0.3980986528569769,0.5981518424530459,0.1605061415101527,0.0445406668354459,0.8897104411201202,10.633586889086606,0.8167934445433029
2038,8.984224028632788,0.9245689047959936,13.448396689949844,0.0996437088777434,5885.589277951677,0.2039923413940549,0.7109572766969872,0.5365242556566239,0.0030272204976704,0.0510549595488987,10.704811924544025,0.8524059622720116
2044,8.048833491861934,0.4049074954788523,16.60246227748852,0.8005471727752266,5729.102043499634,0.0922157453568816,0.703044363066371,0.5101478768879034,0.0436249740593205,0.8712115971579901,10.617225591210644,0.808612795605322
2046,8.542921026469912,0.6794005702610626,14.948414682203657,0.4329810404897012,5684.808453130533,0.0605774665218092,0.7961769622449447,0.8205898741498157,0.0432551855979127,0.8637411231901565,10.858777774389148,0.929388887194574
2052,8.964638995678651,0.913688330932584,13.846315184523275,0.1880700410051724,5617.119940379263,0.0122285288423306,0.7648774962986568,0.7162583209955227,0.0447005201048644,0.892939800098271,10.565841877293332,0.7829209386466662
2055,8.29700819286104,0.5427823293672449,13.116439874072237,0.0258755275716077,5764.241550530127,0.1173153932358046,0.5969004230065165,0.1563347433550549,0.0052890743416282,0.0967489765985514,9.88833115349643,0.444165576748215
2056,8.650809108434235,0.7393383935745749,15.247139959357265,0.4993644354127253,5733.892137294825,0.0956372409248752,0.8113248122769887,0.8710827075899623,0.0381637414142967,0.7608836649352871,9.230168155876909,0.1150840779384546
2059,8.017663353415568,0.387590751897538,15.989397604985893,0.6643105788857537,5817.439000734026,0.1553135719528759,0.7855266450668102,0.7850888168893676,0.0276418862075273,0.5483209334854001,10.094866197078025,0.547433098539011
2060,9.113802388018671,0.9965568822325952,14.57529104015762,0.3500646755905824,5999.140872971236,0.2851006235508825,0.8266545442586187,0.9221818141953958,0.0386595142877862,0.7708992785411369,10.750744554954265,0.8753722774771314
2065,7.922672275361226,0.3348179307562364,13.278454374606426,0.061878749912539,5783.133190424112,0.1308094217315086,0.7630122889515155,0.7100409631717184,0.0228996714344502,0.4525186148373793,9.76831332025628,0.3841566601281407
2079,8.065477882920241,0.4141543794001339,14.480880831774686,0.3290846292832634,5980.518213449383,0.2717987238924167,0.7435020104889798,0.6450067016299327,0.0241349487880273,0.4774737128894412,9.408787367213174,0.2043936836065872
2081,7.955278210630652,0.3529323392392514,13.000171386326931,3.8085850429081525e-05,6028.868463540024,0.3063346168143031,0.806673152001586,0.8555771733386199,0.0088240199020614,0.1681620182234628,10.305241094828084,0.652620547414042
2091,8.936627074393861,0.898126152441034,13.28595439186878,0.0635454204152847,5932.5239284026,0.2375170917161432,0.7622090089087955,0.7073633630293185,0.0202500468393578,0.3989908452395529,9.425760885902584,0.2128804429512929
2095,8.905012553945594,0.8805625299697754,14.478588014147029,0.3285751142548951,6027.374401265184,0.3052674294751318,0.5575001034371897,0.025000344790632,0.019329313311507,0.3803901679092329,10.605497819231758,0.8027489096158787
2100,8.56707377912808,0.6928187661822671,16.5759325793369,0.7946516842970893,5662.368765285151,0.0445491180608221,0.5720915521736458,0.0736385072454858,0.0277402407103285,0.5503078931379514,10.579427344955702,0.7897136724778511
2103,7.461675130326506,0.0787084057369479,15.038030380711849,0.4528956401581885,6351.004092211074,0.5364314944364815,0.7993477629609036,0.8311592098696785,0.0067785746427895,0.1268398917735258,9.007389392673817,0.0036946963369075
2105,8.143867990014105,0.4577044388967248,17.152397138540632,0.9227549196756958,5684.863191189162,0.0606165651351155,0.6290344284064855,0.2634480946882849,0.0236669684409656,0.468019564463953,10.922068082890735,0.9610340414453676
2107,8.950351413500313,0.9057507852779516,14.37646198902423,0.3058804420053846,5996.900791666384,0.2835005654759885,0.566289976637387,0.054299922124623,0.0323581034494331,0.6435980494834973,10.521656064153708,0.760828032076854
2109,8.386900124228143,0.5927222912378578,13.269411637437807,0.0598692527639574,5896.717461325998,0.2119410438042842,0.7848334073278724,0.7827780244262413,0.0275178046878972,0.5458142361191354,9.31674165079431,0.1583708253971548
2115,8.486165813295361,0.6478698962752006,16.67230939525824,0.8160687545018311,5676.714182116977,0.0547958443692695,0.744481932855209,0.6482731095173635,0.0078198450730285,0.1478756580409814,10.355869669622084,0.6779348348110421
2125,8.009248777511099,0.382915987506166,13.028693782817202,0.0063763961816003,5789.084471122919,0.135060336516371,0.814891781212712,0.8829726040423733,0.0485870344119983,0.9714552406464309,10.170476179225377,0.5852380896126873
2126,8.158466722398522,0.4658148457769564,13.867909134779868,0.1928686966177484,5878.297172492855,0.1987836946377537,0.6892968870351206,0.4643229567837353,0.0249862993611797,0.4946727143672668,10.901873382554772,0.9509366912773858
2139,8.500287265798088,0.6557151476656046,14.004401592242354,0.2232003538316342,6084.585981676636,0.3461328440547403,0.814116965255181,0.8803898841839367,0.0093923897045171,0.1796442364548917,10.581653380458985,0.7908266902294919
2152,8.789407919971287,0.816337733317382,15.210498589626068,0.4912219088057931,5946.180870670744,0.2472720504791028,0.673560783627952,0.4118692787598401,0.0339743956283733,0.6762504167348145,9.752024527699268,0.3760122638496337
2164,8.96194975470707,0.9121943081705954,15.573555441282238,0.5719012091738309,6033.12608770019,0.3093757769287065,0.8200866456897893,0.9002888189659646,0.0336096616279201,0.6688820530892952,10.206878472737229,0.6034392363686137
2169,7.959671442271071,0.3553730234839281,14.59917470387423,0.3553721564164954,5614.185640626673,0.0101326004476238,0.5783761189520822,0.0945870631736069,0.0226320231270699,0.4471115783246459,9.624510632650225,0.3122553163251126
2171,8.336009160604979,0.5644495336694332,14.69505801872176,0.3766795597159467,6298.132367752743,0.4986659769662454,0.7621979176517408,0.7073263921724696,0.012785117284556,0.2481841875667889,9.158080180293586,0.0790400901467929
2172,8.385800953227486,0.5921116406819364,17.126149237934985,0.9169220528744412,6153.818821714056,0.3955848726528974,0.8086948721147615,0.8623162403825386,0.0409014933461384,0.8161917847704732,10.26560732611383,0.6328036630569147
2173,8.453559386030921,0.6297552144616236,14.944868090655188,0.432192909034486,6121.023937374665,0.3721599552676183,0.5944226403101355,0.1480754677004515,0.0100367017282544,0.1926606409748374,9.435915844765052,0.2179579223825257
2175,8.560770223057748,0.6893167905876384,15.401039005824664,0.533564223516592,5718.245173911707,0.084460838508362,0.6358207522966965,0.2860691743223217,0.0021994447766075,0.0343322177092433,10.57474395301132,0.7873719765056606
2177,8.977557452859788,0.9208652515887712,13.6264741940599,0.1392164875688669,6708.525784538383,0.7918041318131308,0.763030531258817,0.7101017708627233,0.0249683366779762,0.4943098318783072,10.833146471665415,0.9165732358327084
2179,8.523770820876383,0.6687615671535462,13.418864425673716,0.093080983483048,5767.249389730347,0.1194638498073905,0.8353106348705233,0.9510354495684108,0.0120748711859388,0.2338357815341175,9.061643269213215,0.0308216346066086
2180,8.721263214773437,0.7784795637630207,14.896929877908844,0.4215399728686317,5602.800573269329,0.0020004094780924,0.8334517710144655,0.944839236714885,0.049516087123074,0.9902239822843236,9.109399490398886,0.0546997451994426
2183,8.184720398269908,0.4804002212610605,14.576318862921152,0.3502930806491448,5919.205152940822,0.2280036806720153,0.6532134878024206,0.3440449593414021,0.0486151433351172,0.9720230976791364,10.969401281948416,0.9847006409742078
2191,9.028828099232443,0.9493489440180256,16.462168110985665,0.7693706913301476,5778.329873950933,0.1273784813935232,0.8340307048534927,0.9467690161783092,0.0034984130138438,0.0605740002796739,10.427999356972885,0.7139996784864413
2192,8.069935538446956,0.4166308546927535,15.883209312466224,0.6407131805480499,5745.274881764987,0.1037677726892766,0.7112919596326016,0.5376398654420053,0.0072452341166336,0.1362673558915892,10.430402586210786,0.7152012931053925
2196,8.43763386446573,0.6209077024809605,14.227298895563685,0.2727330879030409,5602.455890999367,0.0017542078566903,0.6624175681830837,0.3747252272769457,0.016471265187327,0.3226518219662028,10.442375698776743,0.7211878493883712
2204,8.891115624812455,0.8728420137846981,13.40412211037586,0.0898049134168578,5924.878409096283,0.2320560064973448,0.6927262034051563,0.475754011350521,0.0116576934774224,0.2254079490388369,9.900692977660334,0.4503464888301673
2208,8.740875799242678,0.7893754440237108,16.96451472015897,0.881003271146438,5611.928650988589,0.0085204649918491,0.7556768592934032,0.6855895309780108,0.0481991123300594,0.963618430910291,9.224303556641322,0.1121517783206609
2211,8.503022960374638,0.6572349779859104,13.075806818833517,0.0168459597407812,5790.308868206397,0.1359349058617123,0.6791948059851465,0.4306493532838217,0.0327489671948071,0.6514942867637805,10.832168706665476,0.9160843533327386
2223,8.165740882752019,0.4698560459733435,14.598168546575476,0.3551485659056614,6673.780029920556,0.7669857356575394,0.7302088596696115,0.600696198898705,0.0481882367171594,0.9633987215587766,10.69231472926545,0.8461573646327247
2229,8.002750668805515,0.379305927114175,15.083137334540575,0.4629194076756835,5794.473388076104,0.138909562911503,0.6273645353693548,0.2578817845645158,0.0066969964267104,0.1251918470042513,10.809670642095044,0.904835321047522
2239,8.244757603394708,0.5137542241081717,15.964551289026971,0.658789175339327,6488.57420182334,0.6346958584452431,0.6272514295654026,0.2575047652180084,0.0255120605301911,0.5052941521250728,10.187617268299784,0.5938086341498917
2241,8.269279215365774,0.527377341869875,14.459886063063236,0.324419125125164,5713.1600525252,0.080828608946571,0.6717694849524735,0.4058982831749116,0.0283634394958612,0.562897767593156,10.95666614976528,0.9783330748826397
2250,8.216914559869066,0.4982858665939258,13.188506143821275,0.0418902541825054,5715.7021710056015,0.0826444078611438,0.571277388478296,0.0709246282609864,0.048881336629145,0.9774007399827292,9.839160271479416,0.4195801357397077
2251,9.07841764394965,0.9768986910831392,15.55932231276499,0.5687382917255535,5804.322457380493,0.1459446124146374,0.8326617803288003,0.9422059344293348,0.0370249496941741,0.737877771599478,10.613905147511732,0.8069525737558665
2255,8.246980442374232,0.5149891346523512,13.3554682875825,0.0789929527961111,5743.736998853892,0.1026692848956375,0.7626810427658681,0.7089368092195605,0.0083964510025236,0.1595242626772455,9.296628203978916,0.1483141019894578
2257,8.381326619504486,0.5896258997247146,14.689509919545078,0.3754466487877952,5620.488909993603,0.0146349357097158,0.6328442149301701,0.2761473831005667,0.0214020150297152,0.4222629298932372,9.312344504067944,0.1561722520339716
2294,8.57597513687068,0.6977639649281554,17.175497384911427,0.9278883077580952,5706.009693055101,0.075721209325072,0.7780506561740078,0.7601688539133595,0.0309097505751045,0.6143383954566579,9.645893586159788,0.322946793079893
2299,8.464142159643675,0.6356345331353751,16.480347759629943,0.7734106132510982,5704.071917789789,0.0743370841355636,0.7068225473848412,0.5227418246161373,0.0062138359896039,0.1154310300930095,10.70601741459478,0.85300870729739
2301,8.640787994907434,0.7337711082819077,15.30850680790376,0.5130015128675027,5704.382305425885,0.0745587895899179,0.7051739103026826,0.5172463676756087,0.0052939744098385,0.0968479678755267,9.881039569511936,0.4405197847559675
2308,8.562572053735966,0.6903178076310929,13.539933171104602,0.1199851491343561,6821.5368304369385,0.8725263074549563,0.7664663071813211,0.7215543572710703,0.0157239014779937,0.307553565211995,10.069123630934364,0.5345618154671815
2319,8.490993829102402,0.6505521272791125,17.185974520670655,0.9302165601490346,5649.648369284407,0.0354631209174332,0.7976344924340701,0.8254483081135674,0.0104808882197338,0.2016341054491692,10.430658530913904,0.7153292654569517
2322,8.298504261950308,0.5436134788612823,15.093241605307911,0.4651648011795364,6010.180205883264,0.2929858613451882,0.7177451187383528,0.5591503957945093,0.0378919888903606,0.7553937149567814,10.34921544576052,0.6746077228802595
2326,9.001037468992804,0.9339097049960028,13.938171712765502,0.2084826028367783,5726.858676250034,0.0906133401785953,0.6967255339351908,0.4890851131173023,0.0308323068007681,0.6127738747629938,10.99489887468429,0.9974494373421456
2331,8.757137867575612,0.7984099264308957,13.616980755391303,0.1371068345314012,5749.802172462114,0.1070015517586527,0.5930008438555099,0.1433361461850326,0.0325941744553925,0.6483671607150008,10.420465796291422,0.710232898145711
2333,7.954007621866196,0.3522264565923312,14.02233974701207,0.2271866104471267,5840.415623054354,0.1717254450388244,0.7039302439399279,0.5131008131330929,0.0295549612562414,0.5869689142675049,10.702101939370207,0.8510509696851035
2334,7.731031807472092,0.2283510041511621,17.27031203787018,0.948958230637818,6685.641451405977,0.7754581795756981,0.7539253100268068,0.6797510334226895,0.0363684801194408,0.7246157599887049,9.988315031650371,0.4941575158251859
2335,8.742987538486279,0.7905486324923773,16.456912570540844,0.7682027934535207,5620.145753617609,0.0143898240125779,0.6803141253743774,0.4343804179145911,0.0338263847324756,0.6732602976257707,9.073260603794475,0.0366303018972378
2338,8.64434802355934,0.7357489019774118,14.408024954618943,0.3128944343597651,6017.9660913238895,0.2985472080884928,0.8432276668376664,0.9774255561255546,0.0018101342311227,0.0264673582045006,10.99309438650129,0.9965471932506452
2345,8.447177203566339,0.6262095575368553,16.901306916398745,0.8669570925330544,5685.469527853543,0.0610496627525308,0.6946814477037362,0.482271492345787,0.0239305662130852,0.4733447719815198,10.781161567456296,0.8905807837281478
2346,8.4797048116318,0.6442804509065557,16.603559819229517,0.800791070939893,5667.454861699645,0.0481820440711754,0.6628758912480099,0.3762529708266998,0.0412517723806799,0.8232681289026245,10.432184262551155,0.7160921312755776
2348,8.744392557957205,0.7913291988651148,15.833146065478925,0.629588014550872,5840.252637707505,0.1716090269339315,0.7505235525888815,0.6684118419629382,0.0496984120982738,0.993907315116644,10.203840872196103,0.6019204360980526
2350,8.201591771909216,0.4897732066162316,14.860864470067252,0.4135254377927227,5670.586753166532,0.0504191094046654,0.7674968929709968,0.7249896432366559,0.0278823507790037,0.5531788036162373,9.42157965140314,0.2107898257015705
2351,9.05964886043376,0.9664715891298674,13.20701023743896,0.0460022749864353,5844.988702073685,0.1749919300526319,0.5770156863713537,0.0900522879045121,0.0089912306537597,0.1715400132072678,10.493164671376029,0.7465823356880132
2356,8.098991603364933,0.4327731129805188,14.675160598139836,0.3722579106977416,5895.619617960979,0.2111568699721279,0.6922323879504033,0.4741079598346779,0.0352262467714524,0.701540338817221,9.621932737612775,0.3109663688063881
2358,8.234553905319414,0.5080855029552306,14.369781585311936,0.3043959078470973,5688.449665134961,0.0631783322392578,0.7262563461193939,0.587521153731313,0.0096161510738339,0.1841646681582625,10.178862925176448,0.5894314625882242
2361,8.995321849602444,0.9307343608902467,16.02864271175956,0.6730317137243464,5630.507547971988,0.0217911056942774,0.5776519085229687,0.0921730284098952,0.0460443695686053,0.92008827411324,9.269605345121487,0.1348026725607432
2366,8.453061272025518,0.6294784844586216,15.83952397113818,0.6310053269195957,5611.691429355227,0.0083510209680194,0.6395873183132094,0.2986243943773643,0.0431072156135187,0.8607518305761352,9.247340094367845,0.1236700471839219
2367,8.445242891020186,0.6251349394556587,15.68245259537593,0.5961005767502066,5856.155851081036,0.1829684650578825,0.7243266879021997,0.5810889596739989,0.047898068417994,0.957536735717051,9.266603319106478,0.1333016595532387
2368,8.971392411263437,0.917440228479688,17.040143077428652,0.8978095727619224,5770.618213118391,0.1218701522274223,0.7894376218665735,0.798125406221912,0.0338934645314078,0.6746154450789467,10.04878471682774,0.5243923584138697
2383,8.721225924943212,0.7784588471906735,14.42681820115812,0.3170707113684706,6001.316781569262,0.2866548439780445,0.6591627576768295,0.3638758589227651,0.0248334828438547,0.4915855119970648,10.24923621482833,0.6246181074141649
2388,8.369919504382038,0.5832886135455769,14.41876198315999,0.3152804407022203,5824.448309785958,0.1603202212756844,0.6538862683819409,0.3462875612731363,0.0414751861686895,0.8277815387614059,9.87689327312335,0.4384466365616756
2393,8.365571886576966,0.5808732703205362,15.476747224153304,0.5503882720340675,5902.601866793054,0.2161441905664669,0.7032838447238583,0.5109461490795276,0.0313984138777607,0.6242103813689044,10.137861848770232,0.5689309243851158
2408,8.519519778952322,0.6663998771957342,13.520791624666655,0.1157314721481456,5847.549119976848,0.1768207999834623,0.5920816182676557,0.1402720608921854,0.0177270804610399,0.3480218274957573,10.085223134301083,0.5426115671505416
2413,8.87982333268796,0.8665685181599787,14.107767500499897,0.2461705556666437,5642.683744071912,0.0304883886227943,0.5511310960445774,0.0037703201485913,0.03060763473741,0.6082350452002037,10.78650554055404,0.8932527702770202
2416,8.949333324954733,0.9051851805304072,13.300337152459242,0.0667415894353872,5850.534435475592,0.1789531681968509,0.8204992491751615,0.9016641639172048,0.0195765519585435,0.3853848880513848,9.466935311958466,0.233467655979233
2422,8.95017711112981,0.905653950627672,13.652208348195284,0.1449351884878407,6114.410211128962,0.3674358650921158,0.684774475377114,0.4492482512570465,0.0426900724156029,0.8523246952647056,10.519190093228572,0.7595950466142855
2425,7.966829759143502,0.3593498661908346,13.791400696972982,0.1758668215495515,5639.054525007925,0.0278960892913747,0.7046648476679385,0.5155494922264617,0.0312151953344773,0.6205089966561071,10.312672558286147,0.6563362791430739
2429,8.004388127105797,0.3802156261698871,15.13939969943952,0.4754221554310041,5658.058788401894,0.04147056314421,0.816729310722033,0.8890977024067768,0.0370116684695477,0.7376094640312681,9.437357150197704,0.2186785750988518
2431,9.019405851807386,0.9441143621152148,14.917030175335452,0.4260067056301003,5983.420105277718,0.2738715037697985,0.6144950812359836,0.2149836041199453,0.0333187383120377,0.6630048143846003,10.841032314151525,0.920516157075762
2432,8.555590233297334,0.6864390184985191,13.08723663331974,0.0193859185154977,6046.192230534656,0.3187087360961826,0.6887739567762249,0.4625798559207495,0.0232017857969241,0.4586219352913961,10.294366891455285,0.6471834457276424
2433,8.18139966681356,0.4785553704519777,14.089973493108973,0.2422163318019934,6974.296841738144,0.981640601241532,0.5728281697385261,0.0760938991284204,0.0485063990604754,0.9698262436459676,10.917892566259162,0.958946283129581
2434,8.025079232238815,0.3917106845771195,14.29126017311171,0.2869467051359355,5842.568457822657,0.173263184159041,0.7940755024900296,0.8135850083000985,0.0483465979870157,0.9665979391316304,9.315268067563046,0.157634033781523
2446,8.24472583076476,0.5137365726470895,15.219840522656096,0.4932978939235769,5622.389535910412,0.0159925256502944,0.5865890502524255,0.1219635008414182,0.0256658262641812,0.5084005305895193,9.65887362853486,0.32943681426743
2457,8.315916893443593,0.5532871630242188,13.40585249262814,0.0901894428062533,5706.886436145983,0.0763474543899879,0.7916613291490895,0.8055377638302982,0.038172895041501,0.7610685866969902,10.456701366172968,0.7283506830864838
2461,8.57328375679478,0.6962687537748775,15.963762345224689,0.6586138544943752,5661.630595193357,0.0440218537095409,0.5536589727646958,0.0121965758823191,0.0058681636157779,0.1084477498136957,9.993589828961763,0.4967949144808812
2463,8.61728171398477,0.7207120633248726,13.601596283562197,0.1336880630138209,5867.983524566914,0.1914168032620812,0.5694628020522134,0.0648760068407114,0.0148432512461957,0.2897626514382978,10.558102808955176,0.7790514044775875
2470,8.475285293785372,0.6418251632140962,13.860945277838836,0.1913211728530747,6776.793946325335,0.8405671045180965,0.8352121513850925,0.9507071712836416,0.0213013008769329,0.4202283005441005,10.785623452231428,0.8928117261157137
2475,8.471955240365908,0.6399751335366158,15.496798175582096,0.5548440390182433,5618.968050434313,0.0135486074530806,0.83682219384362,0.9560739794787334,0.0274803492298573,0.5450575601991374,10.588267097707345,0.7941335488536714
2479,8.825924972239877,0.83662498457771,16.804942061595185,0.8455426803544858,5647.873911000238,0.0341956507144559,0.7166011861496491,0.5553372871654968,0.0280839736771069,0.5572519934769083,9.059457709063492,0.0297288545317462
2485,8.129965405400593,0.4499807807781076,15.452606385554793,0.5450236412343981,5943.985152762237,0.2457036805444548,0.7865219925336525,0.7884066417788417,0.0492136733964074,0.9841146140688368,9.520129286685547,0.2600646433427747
2495,8.08320895374293,0.4240049743016278,13.253750118697411,0.0563889152660915,5894.660150509328,0.2104715360780912,0.7382423982235204,0.6274746607450681,0.0027429758464716,0.0453126433630638,10.903046880618488,0.951523440309244
2508,9.045205227982349,0.9584473488790828,14.516282666563256,0.3369517036807231,5607.161659858946,0.0051154713278188,0.780465851903859,0.7682195063461966,0.0204019026033041,0.4020586384505896,10.544919367077004,0.772459683538503
2513,9.009131770638785,0.9384065392437696,13.718491180976269,0.1596647068836153,6099.952871056066,0.357109193611476,0.7360960776541583,0.6203202588471942,0.0197418261316576,0.3887237602355073,10.261823010346587,0.6309115051732935
2517,8.717089317693436,0.7761607320519089,13.329557177872452,0.0732349284161003,5625.648959564292,0.0183206854030663,0.8484142630142434,0.994714210047478,0.0233946051759163,0.4625172762811392,10.57891266102594,0.7894563305129696
2518,8.181560418132072,0.4786446767400402,13.963392139020865,0.2140871420046365,5825.747189296113,0.1612479923543667,0.6952716006807811,0.484238668935937,0.0277416106086548,0.5503355678516141,9.042085803070153,0.0210429015350763
2521,9.086054595809095,0.9811414421161652,16.04724590877665,0.6771657575059218,5940.139425298163,0.2429567323558303,0.7438375535165574,0.6461251783885249,0.0325467430346547,0.6474089501950464,9.79911485015162,0.3995574250758107
2532,8.583715152417934,0.7020639735655186,13.10436560294543,0.0231923562100954,6134.848920255066,0.382034943039333,0.7342378261583675,0.6141260871945585,0.0236094052989938,0.4668566727069456,10.070071028695413,0.5350355143477066
2536,8.660050239900619,0.7444723555003435,13.713270040423286,0.1585044534273968,5850.288727696632,0.1787776626404514,0.8054989254707192,0.8516630849023973,0.0133895212630633,0.2603943689507751,9.241015122752003,0.1205075613760014
2544,8.911521976687867,0.8841788759377042,14.16091185128217,0.2579804113960379,6245.629214169534,0.4611637244068099,0.7721789468754641,0.7405964895848801,0.0463823037160022,0.9269152265859032,10.582904101251732,0.7914520506258663
2548,7.393961285636289,0.0410896031312715,16.169120437367074,0.7042489860815717,5888.937684443549,0.2063840603168206,0.5555208810640678,0.0184029368802258,0.0473586781528117,0.9466399626830652,9.97996125861599,0.489980629307995
2551,8.26280789935447,0.5237821663080392,14.930482425150384,0.4289960944778632,5635.790993914256,0.0255649956530402,0.6375288035234041,0.2917626784113469,0.0364409872460547,0.7260805504253484,10.9129046098697,0.9564523049348496
2561,8.95718133946813,0.9095451885934064,15.613457319657227,0.5807682932571621,5814.316616241926,0.1530832973156611,0.578993290520858,0.0966443017361932,0.0398975601464425,0.7959103059887378,9.844653217935193,0.4223266089675968
2563,8.803445180533085,0.8241362114072698,16.469334677825962,0.7709632617391028,5850.537733092314,0.1789555236373673,0.6240418826186314,0.2468062753954376,0.0375676461071427,0.7488413354978332,10.026687900606111,0.5133439503030555
2577,8.640225822170727,0.7334587900948489,13.546310570844586,0.1214023490765744,5614.791022889914,0.0105650163499382,0.8439365701456845,0.9797885671522816,0.0189387693645601,0.3725003912032361,10.726347122672417,0.8631735613362084
2578,8.594990250362985,0.7083279168683253,13.979105002954006,0.2175788895453344,5745.422165268063,0.1038729751914731,0.6927106522209332,0.4757021740697774,0.0133197457453553,0.2589847625324314,9.189481669103444,0.0947408345517215
2591,7.652773587931778,0.184874215517654,15.677763249074726,0.5950584997943836,6219.24738248775,0.4423195589198214,0.6907442167377724,0.469147389125908,0.0295159885040887,0.5861815859411865,9.636645697291614,0.3183228486458069
2592,8.136242538343724,0.4534680768576252,15.370952314708294,0.5268782921573988,5634.896807441959,0.024926291029971,0.6933071037757228,0.477690345919076,0.0101648914370955,0.195250332062537,10.563795016602798,0.7818975083013991
2599,8.20144571432711,0.4896920635150608,17.003442501790374,0.8896538892867502,5812.334383695438,0.1516674169253127,0.7292178209540898,0.5973927365136328,0.0346990892330943,0.6908906915776626,10.604962319406436,0.8024811597032179
2616,8.901258145039309,0.8784767472440604,15.304596583734105,0.5121325741631344,6072.767193378394,0.3376908524131385,0.7138944754690315,0.5463149182301049,0.0446969100830512,0.8928668703646722,9.945821603155204,0.4729108015776015
2619,8.56954607767682,0.6941922653760112,14.833509841044725,0.4074466313432718,5726.255003148765,0.0901821451062611,0.6480969450940856,0.3269898169802852,0.014855124028377,0.2900025056237781,10.995969883954452,0.9979849419772256
2620,8.820546045954526,0.8336366921969596,15.284160132882947,0.5075911406406554,5623.189911885292,0.0165642227752084,0.6955658988208688,0.4852196627362293,0.0271928417587851,0.5392493284603068,9.908305750400316,0.4541528752001581
2623,7.931258754815002,0.3395881971194455,14.567518699478027,0.3483374887728951,5811.359430900136,0.1509710220715254,0.5567477173956715,0.022492391318905,0.0448995073757686,0.8969597449650241,9.75082891504132,0.375414457520661
2624,8.667918408517005,0.7488435602872259,14.829870091631832,0.4066377981404073,5706.366567255805,0.0759761194684321,0.6257029372794249,0.2523431242647498,0.001290680427238,0.0159733419644055,10.252328550225824,0.6261642751129125
2632,8.039303971396272,0.399613317442373,15.683656268305064,0.5963680596233477,5682.671438261557,0.0590510273296837,0.6928823336246969,0.4762744454156562,0.0457877701031384,0.9149044465280486,9.28347458261513,0.1417372913075649
2633,9.040547042965049,0.9558594683139164,14.133870849805549,0.2519712999567881,5656.644245337923,0.0404601752413736,0.7506008886372826,0.6686696287909419,0.0320777460161389,0.637934262952301,9.062674025883563,0.0313370129417811
2637,8.405630790142013,0.6031282167455627,15.135347905772743,0.4745217568383878,6993.118999658751,0.9950849997562506,0.8395971326604426,0.9653237755348087,0.0049289443158607,0.0894736225426409,10.994594701135927,0.9972973505679642
2648,8.544611304100426,0.6803396133891261,14.354793686569316,0.3010652636820701,5965.527702782943,0.2610912162735312,0.8123306124300819,0.8744353747669397,0.0085709148660715,0.1630487851731625,10.855324205860237,0.927662102930118
2652,8.60068582803603,0.7114921266866836,14.199900105226494,0.2666444678281098,6197.345852342691,0.4266756088162077,0.7216941361977052,0.5723137873256837,0.0219692300629723,0.4337218194539876,10.632154466640587,0.8160772333202939
2682,8.003085892667718,0.3794921625931771,13.032957696005688,0.0073239324457085,5811.189589280452,0.1508497066288943,0.7088636216454208,0.5295454054847362,0.0129174360608662,0.2508572941589149,10.829507085816267,0.9147535429081336
2685,8.411698897161479,0.606499387311933,15.035349824153284,0.4522999609229514,5805.339003143544,0.1466707165311026,0.7727576174823335,0.7425253916077784,0.0018934051517062,0.0281495990243685,9.974941731355964,0.4874708656779817
2686,8.52028129618297,0.6668229423238731,13.696356058032256,0.1547457906738347,5690.578229651202,0.0646987354651439,0.6453682127560786,0.3178940425202619,0.0487246226664584,0.9742348013425948,10.629998069616414,0.8149990348082073
2689,8.110262433898345,0.4390346854990811,15.112295221071545,0.469398938015899,5744.752658660363,0.103394756185973,0.8369160287237601,0.956386762412534,0.0203252923670739,0.4005109569105852,10.233931085503968,0.6169655427519847
2701,8.411757529798356,0.6065319609990865,16.049304408740642,0.6776232019423652,5863.144723461521,0.1879605167582289,0.6860608768212434,0.4535362560708111,0.0330747224166377,0.658075200336116,10.739564035311412,0.8697820176557064
2708,8.216026170020863,0.4977923166782572,15.1602640361272,0.4800586746949336,5655.894463730329,0.0399246169502354,0.5792049830512758,0.0973499435042523,0.0494464946808624,0.9888180743608574,9.461016406528872,0.2305082032644356
2723,8.030065007020358,0.3944805594557546,16.0759676082046,0.6835483573788004,5720.637613539571,0.0861697239568368,0.5959685764217431,0.1532285880724766,0.0455949708906902,0.911009512943238,9.664111507062806,0.3320557535314028
2736,8.254506336997263,0.5191701872207021,14.899499789487235,0.4221110643304966,5874.890935557656,0.1963506682554685,0.835309739049505,0.9510324634983504,0.0394325643992877,0.7865164525108637,10.046373811294323,0.5231869056471619
2738,7.916229316315747,0.3312385090643039,13.478822650985425,0.1064050335523167,6352.403576996053,0.5374311264257519,0.8061506043984277,0.8538353479947591,0.0009562526493258,0.0092172252389063,9.008514936679248,0.0042574683396237
2745,8.382977818195402,0.5905432323307791,14.112302443223568,0.2471783207163485,6400.00696075704,0.5714335433978861,0.5511774635284626,0.0039248784282085,0.0158133021056862,0.3093596384987116,9.720124101918504,0.360062050959252
2751,8.930382972986203,0.8946572072145582,13.029012599553838,0.006447244345297,6044.7402096368205,0.3176715783120143,0.7703757735256538,0.7345859117521792,0.0407425461904049,0.8129807311192924,9.321008894681404,0.1605044473407014
2754,8.628617502935409,0.7270097238530051,13.845362315191664,0.1878582922648144,5729.730336663196,0.0926645261879972,0.723908977272776,0.5796965909092536,0.0132144732653468,0.256858045764582,10.932996187311442,0.9664980936557208
2785,8.929155171184407,0.8939750951024489,14.096731988928774,0.2437182197619495,6091.888573959348,0.3513489813995342,0.5834182922036272,0.1113943073454238,0.0464193338802535,0.9276633107121922,9.90203397474014,0.4510169873700701
2787,9.090213052229426,0.9834516956830156,17.04984319539119,0.8999651545313756,5756.583956352075,0.1118456831086249,0.8178585351890499,0.8928617839634998,0.0436176913388956,0.8710644714928403,9.284871963872387,0.1424359819361942
2788,9.104084600147946,0.991158111193304,15.731206608252268,0.6069348018338376,5710.775579566851,0.0791254139763223,0.6590489741369433,0.3634965804564776,0.0380382788932453,0.7583490685504113,10.689275223214231,0.8446376116071153
2789,8.949960767811488,0.9055337598952712,14.647398475468888,0.3660885501041974,5774.870226109256,0.1249073043637543,0.708610073108889,0.5287002436962966,0.0348637981114811,0.694218143666286,10.368286899013588,0.6841434495067934
2790,8.310881078230285,0.5504894879057137,16.633841816593794,0.8075204036875101,6576.885032489656,0.6977750232068969,0.5810289284351112,0.1034297614503705,0.0006430654304612,0.0028902107163898,10.133995100541766,0.5669975502708832
2793,8.159043821317749,0.4661354562876381,15.024540930526388,0.4498979845614196,5819.42278284967,0.1567305591783354,0.8197413686761774,0.8991378955872581,0.0216275950500255,0.4268201020207173,10.21764795008865,0.608823975044325
2800,8.165195065189621,0.4695528139942346,16.512524613845734,0.7805610252990519,5922.4080101891,0.2302914358493575,0.8102393272374643,0.867464424124881,0.0454737620668254,0.9085608498348576,9.586524321113854,0.2932621605569275
2802,7.373855059281046,0.0299194773783584,14.072916615317684,0.2384259145150409,5612.472496704769,0.0089089262176921,0.7852961019474083,0.7843203398246944,0.0369437659265774,0.7362376954864122,10.545045172128846,0.7725225860644235
2816,8.977494795275204,0.9208304418195582,13.46167563877166,0.1025945863937025,5877.081499283134,0.1979153566308099,0.7870199480767047,0.7900664935890157,0.038870730072304,0.7751662640869501,10.6182660477173,0.8091330238586505
2820,8.986997589578133,0.926109771987852,15.150072195177875,0.4777938211506392,5788.629186748838,0.134735133392027,0.7325652110233455,0.6085507034111515,0.0046616915275572,0.0840745763142885,10.50408875015772,0.7520443750788605
2835,8.50875699211776,0.6604205511765333,13.916519272725452,0.2036709494945451,5955.065446615988,0.2536181761542768,0.5724286397114181,0.0747621323713935,0.0249102924206543,0.4931372206192789,9.983451263700353,0.4917256318501765
2836,7.977551086816904,0.3653061593427242,13.889564506182069,0.1976810013737929,5752.14298757531,0.1086735625537932,0.7938169352759562,0.8127231175865208,0.001610795478779,0.0224403127026064,9.239850320813924,0.1199251604069621
2845,8.197841879484185,0.4876899330467695,16.62268161473395,0.8050403588297667,5686.437422110297,0.0617410157930691,0.7697873759210287,0.7326245864034291,0.0493799721782427,0.9874741854190462,10.659783155792413,0.8298915778962058
2850,9.045312392555433,0.9585068847530188,13.055385491505625,0.0123078870012496,5706.487148794624,0.0760622491390172,0.7209233887055444,0.5697446290184813,0.0451669647216504,0.9023629236697066,9.81008609196931,0.4050430459846553
2852,8.797758397115096,0.8209768872861651,17.36016205084698,0.9689249001882176,5673.950272910693,0.0528216235076374,0.5522043365267593,0.0073477884225309,0.022507669685337,0.4445993875825672,10.935125614848754,0.9675628074243774
2854,8.757986436596518,0.7988813536647326,13.089737089768333,0.0199415755040738,6002.872359703254,0.2877659712166097,0.7067022044290855,0.5223406814302849,0.0217028134192526,0.4283396650354063,9.74688508992591,0.3734425449629546
2856,8.496418396432865,0.6535657757960367,14.645960324210444,0.3657689609356542,5784.30258093301,0.1316447006664357,0.7190071151820773,0.5633570506069241,0.0045816498983916,0.0824575737048813,9.501569427010969,0.2507847135054843
2858,9.11301949342242,0.996121940790234,17.294734126591344,0.9543853614647432,6474.483242912194,0.6246308877944247,0.791791063116855,0.8059702103895166,0.049499211532761,0.9898830612679006,9.154250956143636,0.0771254780718178
2859,9.06471441597612,0.9692857866534004,13.094126904223849,0.0209170898275218,5612.230749960199,0.008736249971571,0.6624376465525247,0.3747921551750821,0.0117453709456753,0.2271792110237452,10.557803933247463,0.7789019666237321
2861,8.049395225575395,0.4052195697641083,14.953392537020072,0.4340872304489048,5922.48961386649,0.23034972419035,0.7742493076863953,0.7474976922879845,0.0215487279976713,0.4252268282357857,10.906332988264891,0.9531664941324464
2864,9.044033589177106,0.9577964384317262,16.48266309204474,0.7739251315654974,6584.534404865667,0.7032388606183336,0.6775894705197301,0.4252982350657669,0.0315339502671992,0.6269484902464498,10.704364718760656,0.8521823593803284
2865,7.505667924721587,0.1031488470675481,13.545554698643883,0.1212343774764188,5963.30745789996,0.2595053270713999,0.611885889565269,0.2062862985508967,0.0062069191615983,0.1152912961939055,10.031491700715334,0.5157458503576667
2871,8.401294906142093,0.6007193923011628,13.804569997469033,0.178793332770896,5822.603291692944,0.1590023512092452,0.7503188678214961,0.6677295594049871,0.02537223043432,0.5024693017034343,9.474622247594018,0.2373111237970088
2887,8.395363955068671,0.597424419482595,13.942660032309009,0.2094800071797796,5923.04138383101,0.2307438455935784,0.7316977437014217,0.6056591456714058,0.0153217477478076,0.2994292474304574,10.329434171665008,0.664717085832504
2891,8.581832556566287,0.7010180869812707,13.690564650170362,0.1534588111489693,6930.980795325988,0.9507005680899911,0.639478327786096,0.2982610926203199,0.0010351906983561,0.010811933300125,9.980445609949683,0.4902228049748411
2895,8.720800671637859,0.7782225953543663,15.418620154789975,0.5374711455088836,5960.945677196837,0.2578183408548836,0.7691614913966927,0.7305383046556422,0.0486656128958062,0.973042684763762,9.31939112333281,0.159695561666405
2897,7.944524021218672,0.3469577895659287,14.40716523585112,0.3127033857446932,5642.2868500454415,0.030204892889601,0.8343492803237205,0.9478309344124016,0.0021400220160902,0.0331317579008125,10.607489615113373,0.8037448075566866
2905,8.855746038654102,0.8531922436967233,13.424420596967808,0.0943156882150683,5782.563003167488,0.1304021451196343,0.6212805516542129,0.2376018388473763,0.001898733120352,0.0282572347545858,9.46245256916011,0.2312262845800545
2913,8.084589181875852,0.4247717677088072,15.201039034485786,0.489119785441286,5685.3900901106845,0.0609929215076316,0.7517029786054099,0.672343262018033,0.005632695868923,0.1036908256348081,10.856507056601528,0.9282535283007636
2930,8.896059368724222,0.8755885381801239,17.392310987567075,0.9760691083482388,5627.302008127778,0.0195014343769844,0.7463272271848347,0.6544240906161158,0.0130883619212512,0.254310341843459,10.268694871354253,0.6343474356771257
2937,8.615471645337342,0.7197064696318568,13.599212269309986,0.1331582820688855,6153.67826432417,0.3954844745172647,0.760448422671602,0.7014947422386734,0.0345883802160992,0.6886541457797831,10.745592493490753,0.872796246745376
2938,8.233513517289373,0.5075075096052073,14.189569202385828,0.2643487116412949,5935.97816775856,0.2399844055418285,0.7780347409307319,0.7601158031024398,0.0427708920756397,0.8539574156694907,10.38154125132238,0.6907706256611903
2950,8.641405595960672,0.7341142199781509,13.30935350551908,0.0687452234486843,5840.718397142085,0.1719417122443467,0.7971887492463855,0.8239624974879516,0.0141088234174162,0.2749257256043683,9.480654164999397,0.2403270824996973
2955,8.85090600021675,0.8505033334537504,15.30541175672718,0.5123137237171512,5661.921719405781,0.044229799575558,0.6886348008797812,0.4621160029326041,0.0134496463086756,0.2616090163368817,9.60288564916926,0.30144282458463
2960,7.453325845131027,0.0740699139616816,17.31682215524866,0.95929381227748,5908.166589559271,0.220118992542336,0.8433883291154465,0.9779610970514884,0.0343254664400157,0.6833427563639544,10.458276157993462,0.729138078996731
2963,8.03984779842194,0.3999154435677448,15.780116965416056,0.6178037700924571,5788.034954844584,0.1343106820318457,0.5545543324378867,0.0151811081262888,0.0346776742211774,0.6904580650742912,10.739589750661596,0.8697948753307975
2967,9.08153524523799,0.9786306917988844,14.162089738067191,0.2582421640149319,5926.729795629044,0.2333784254493169,0.6036417922717227,0.1788059742390753,0.015140856246664,0.2957748736699801,10.600770027647684,0.8003850138238424
2983,8.105713409501107,0.436507449722837,14.133428270493113,0.251872948998469,5781.329519195597,0.1295210851397118,0.7907844466433259,0.8026148221444197,0.0132462203981615,0.2574994019830606,10.444792275480562,0.7223961377402809
2985,8.048785116282199,0.4048806201567768,15.550016190563907,0.5666702645697573,5964.976000589468,0.2606971432781912,0.7944127761115746,0.8147092537052486,0.0265000707629539,0.5252539548071498,10.0823051225602,0.5411525612800999
2988,9.000354226506088,0.933530125836716,16.81093870554077,0.8468752678979492,5834.823949693865,0.1677313926384752,0.7004669578747348,0.501556526249116,0.0156365406505797,0.3057887000117129,9.985810966733707,0.4929054833668547
2989,8.178176466200256,0.4767647034445863,16.19432020755235,0.7098489350116335,5723.838170392953,0.088455835994966,0.7041331509006409,0.5137771696688029,0.0054945498124363,0.1008999962108347,10.69408205380076,0.8470410269003809
3004,8.693720977623606,0.7631783209020041,15.07995205957545,0.4622115687945445,5916.139591751199,0.2258139941079996,0.6121241550398959,0.207080516799653,0.0393417963833434,0.784682755219059,10.52438694083896,0.7621934704194797
3011,7.953684126807695,0.3520467371153862,14.841296031104218,0.4091768958009373,6001.351565342035,0.2866796895300253,0.6754181544354713,0.4180605147849042,0.0097815756046185,0.1875065778710822,9.33701510049341,0.1685075502467053
3012,8.366289413461418,0.5812718963674542,13.05762320517954,0.012805156706564,5649.849620671002,0.0356068719078589,0.7628052808751525,0.7093509362505084,0.0438672906367329,0.8761068815501615,9.359508925677764,0.1797544628388829
3018,8.690976919982152,0.7616538444345289,13.05710074403921,0.0126890542309359,6111.904293889607,0.3656459242068622,0.781376962615243,0.7712565420508101,0.0043798966294768,0.0783817500904408,10.528657213644244,0.7643286068221223
3029,8.615990872706124,0.7199949292811799,15.121324288990404,0.471405397553423,5693.524880672001,0.0668034861942863,0.6555461128864096,0.351820376288032,0.0279796546258011,0.5551445378949721,10.277247090054855,0.6386235450274285
3030,8.204244388288945,0.4912468823827475,14.704241172322838,0.3787202605161862,5954.571883455109,0.2532656310393634,0.7158935180428461,0.5529783934761536,0.03698789026004,0.737129096162426,9.38061129348914,0.1903056467445696
3048,8.326950849359728,0.5594171385331824,13.390501868396711,0.086778192977047,6077.135695262829,0.3408112109020207,0.8400456212026521,0.9668187373421738,0.0414891744388786,0.8280641300783559,10.267867872079863,0.6339339360399315
3056,8.252452422915532,0.5180291238419623,13.944458127144474,0.209879583809883,5671.909782111447,0.0513641300796046,0.5878144005913446,0.1260480019711484,0.0431450264103154,0.8615156850568771,10.190194733500949,0.5950973667504734
3062,8.547757707807769,0.6820876154487607,14.944001430868868,0.4320003179708596,5837.418228541694,0.1695844489583527,0.8244157499377106,0.9147191664590354,0.0288105830395915,0.5719309704967986,9.599619732584546,0.2998098662922734
3073,8.338629528374048,0.5659052935411378,14.657749012708615,0.3683886694908036,5944.051377441103,0.2457509838865019,0.7995528057121868,0.8318426857072891,0.0315639318702485,0.6275541791969411,9.96507772912721,0.4825388645636046
3080,9.05158085302234,0.9619893627901888,14.902123929278384,0.4226942065063074,5920.974733241434,0.2292676666010242,0.7736005723307041,0.745335241102347,0.0285060878389174,0.5657795523013623,10.530931530060434,0.7654657650302171
3098,8.077248829664656,0.4206937942581419,15.375010350746226,0.5277800779436057,5611.282260562432,0.0080587575445948,0.595641112048741,0.1521370401624699,0.029651138506059,0.5889118890112934,10.22647917910864,0.6132395895543206
3100,8.723510960219917,0.7797283112332872,15.69195618626214,0.5982124858360308,5762.990039850293,0.1164214570359237,0.7194649438810934,0.5648831462703112,0.0252090070565513,0.49917185972831,10.626448633898692,0.8132243169493469
3102,8.283038551172101,0.5350214173178343,14.18146229024912,0.2625471756109152,5813.154641457486,0.1522533153267756,0.5778589184030174,0.0928630613433912,0.0327377349232756,0.6512673721873876,10.585513321449715,0.7927566607248582
3107,8.31570934488575,0.5531718582698611,13.165194154791644,0.0367098121759207,5881.831639274783,0.2013083137677019,0.7410545973996852,0.6368486579989505,0.0296359112091553,0.5886042668516225,9.285987946846026,0.1429939734230129
3109,8.165247120997623,0.4695817338875691,13.271116139725782,0.0602480310501738,5996.596757964504,0.2832833985460743,0.5620142728141796,0.0400475760472652,0.0291173980541744,0.5781292536196848,10.227045162258218,0.6135225811291085
3113,8.018584987446998,0.3881027708038872,13.74785054983272,0.1661890110739379,5728.315998249536,0.0916542844639547,0.6342515276575069,0.2808384255250231,0.0462961304558385,0.9251743526432032,10.698907883609689,0.8494539418048448
3114,8.807057195472042,0.8261428863733576,14.060749229235604,0.2357220509412454,5879.1115586692695,0.1993653990494783,0.7014263026719798,0.5047543422399327,0.0445217415649029,0.8893281124222812,10.117869453399493,0.5589347266997455
3126,7.965427842930249,0.3585710238501384,14.227464346891724,0.2727698548648274,5883.749627011899,0.2026783050084992,0.7829343691793635,0.7764478972645453,0.0374149024261868,0.7457556045694306,9.758970494028231,0.379485247014117
3133,8.138784803624382,0.4548804464579902,16.665784140973898,0.8146186979941997,6846.224235566786,0.89016016826199,0.6156932296210216,0.2189774320700718,0.0300598260760876,0.5971682035573271,10.87591200915479,0.9379560045773954
3144,8.18778424956118,0.482102360867322,13.474089904022229,0.1053533120049398,6152.417026772459,0.3945835905517567,0.7369909711470132,0.6233032371567107,0.0356817314042237,0.7107420485701773,10.536977122735124,0.7684885613675627
3146,8.360818584404996,0.5782325468916645,16.151536162661564,0.7003413694803474,6066.04319823962,0.3328879987425862,0.8156578151260254,0.8855260504200849,0.0156506719470013,0.3060741807475012,9.447114186042349,0.2235570930211732
3147,9.04527429180596,0.9584857176699786,14.121534191764429,0.2492298203920949,6756.577820458575,0.8261270146132674,0.7422170774612216,0.6407235915374052,0.031925594785402,0.6348605007151935,9.882716923446196,0.4413584617230979
3164,8.468574873595768,0.6380971519976496,15.776979270185148,0.6171065044855885,5668.0352736087225,0.0485966240062303,0.840187280730387,0.9672909357679564,0.0403540197991228,0.805131713113593,9.884954938748082,0.4424774693740414
3167,8.225882970461825,0.5032683169232363,15.738944322294682,0.6086542938432625,6050.259770916166,0.3216141220829761,0.6296694119584837,0.2655647065282788,0.0076708784662783,0.1448662316419867,10.236492858484034,0.618246429242017
3169,8.156850530160847,0.4649169612004705,13.303520995451626,0.0674491101003611,5616.226070601959,0.0115900504299708,0.7150184620135984,0.5500615400453279,0.0284497458093743,0.5646413294823102,9.389912136723249,0.1949560683616243
3179,8.659491127254247,0.7441617373634709,15.963695578528457,0.6585990174507682,5800.023532225138,0.1428739515893844,0.6392145076766675,0.2973816922555583,0.0417693891775342,0.8337250338895815,10.984881270117684,0.9924406350588424
3184,8.297768247471307,0.5432045819285044,13.820723088287004,0.1823829085082229,5653.772818937901,0.038409156384215,0.6697456381286054,0.3991521270953515,0.0026510928923643,0.0434564220679672,10.550354763454331,0.775177381727166
3186,8.298166753053511,0.5434259739186177,13.098293196319798,0.0218429325155107,5722.613752398877,0.0875812517134836,0.7067361031599331,0.522453677199777,0.0434522809908752,0.8677228483005093,10.96143911559112,0.9807195577955596
3193,8.963697734145528,0.9131654078586274,13.920159260021244,0.2044798355602763,5956.210455812468,0.2544360398660489,0.6825045937932858,0.4416819793109525,0.038403417811674,0.7657256123570506,9.978054895157252,0.489027447578627
3200,8.422240999663911,0.6123561109243957,13.24997062340365,0.0555490274230333,6926.635710391351,0.9475969359938218,0.5889410382892336,0.129803460964112,0.0322234756899846,0.6408782967673662,9.5629873229321,0.28149366146605
3205,8.869961749701606,0.8610898609453369,13.118254127890571,0.026278695086794,6248.014549504553,0.4628675353603948,0.6260690705661638,0.253563568553879,0.0433977699822751,0.8666216158035391,9.732122942889491,0.366061471444746
3224,8.920277550372267,0.8890430835401485,15.47737749206238,0.5505283315694179,5883.543518575483,0.2025310846967739,0.6860741521519177,0.453580507173059,0.0166658274861932,0.3265823734584485,9.937009031604353,0.4685045158021751
3234,7.417421206539816,0.0541228925221202,14.523417703562572,0.3385372674583491,6803.507375307951,0.8596481252199643,0.6077352341395063,0.1924507804650208,0.0117370423320145,0.2270109562023139,9.928749264587838,0.4643746322939192
3235,8.434028826304225,0.6189049035023473,13.50214698766761,0.1115882194816909,5736.66087169254,0.0976149083518147,0.8238220090654846,0.912740030218282,0.0181206844676704,0.3559734235893022,9.609470757687362,0.3047353788436805
3236,7.792184401548835,0.2623246675271307,14.615573902037667,0.3590164226750376,6187.804895718121,0.4198606397986577,0.6742311617364846,0.4141038724549484,0.0319364886911405,0.6350805796190011,10.760317978732402,0.8801589893662015
3241,7.992357791593019,0.3735321064405661,14.435744710138298,0.3190543800307329,5637.711557352025,0.0269368266800179,0.5855108145635011,0.1183693818783366,0.0195841389620414,0.3855381608493213,9.13827018525562,0.06913509262781
3244,8.977314137058256,0.9207300761434764,15.708225967907596,0.6018279928683546,5858.636716435917,0.1847405117399407,0.7654669738257547,0.7182232460858489,0.0138419887279811,0.2695351258178019,9.72491896699643,0.3624594834982155
3250,8.869718106006273,0.8609545033368187,13.947848633836898,0.210633029741533,6096.147336535604,0.3543909546682884,0.6199326177567521,0.2331087258558402,0.0347060595182486,0.6910315054191636,9.758275237583218,0.3791376187916092
3251,8.64845398111448,0.7380299895080451,17.062667031384503,0.902814895863223,5667.399482705895,0.0481424876470681,0.6258113690363013,0.2527045634543376,0.0478250818191369,0.956062258972464,10.744508084152894,0.8722540420764474
3259,8.438534203047311,0.6214078905818393,16.27845320418031,0.7285451564845135,5941.849025288784,0.2441778752062742,0.7725234187240253,0.7417447290800842,0.0301054223731395,0.5980893408715064,10.532228226651142,0.7661141133255709
3260,8.192862162247419,0.484923423470788,16.296469830907423,0.7325488513127607,5769.858414995113,0.1213274392822234,0.7873711327820576,0.7912371092735254,0.0483832606937425,0.9673385998735866,10.07948471272536,0.5397423563626791
3262,8.176391573383613,0.4757730963242296,14.14326728571364,0.254059396825253,5760.319849249688,0.1145141780354913,0.7712257458218149,0.737419152739383,0.0106132018270868,0.2043071076179153,10.952814621973884,0.9764073109869418
3272,8.553773313991853,0.6854296188843624,14.070342642686324,0.2378539205969607,6085.972732253602,0.3471233801811441,0.8194500683991266,0.8981668946637553,0.0433141352576242,0.8649320254065496,10.376777218175912,0.6883886090879567
3277,9.101691759095736,0.9898287550531876,17.288210116127367,0.9529355813616376,6311.281463987039,0.5080581885621712,0.6484652040459483,0.3282173468198275,0.021505063096013,0.4243447090103637,10.85478468937291,0.9273923446864548
3280,8.070597353814028,0.4169985298966823,16.954001063038834,0.8786669028975187,5709.6103372175285,0.0782930980125204,0.8447225056045813,0.9824083520152712,0.0323370778361479,0.6431732896191509,10.906011138397794,0.9530055691988968
3299,8.840217055495048,0.8445650308305824,13.650332900222214,0.1445184222716032,5884.225982627791,0.2030185590198507,0.807924434361371,0.8597481145379035,0.0388752051677412,0.7752566700553778,10.539300869433148,0.7696504347165735
3305,8.225462305593776,0.5030346142187645,15.653458127829644,0.5896573617399211,5642.015487089672,0.0300110622069085,0.6542430356469529,0.3474767854898427,0.0312394864470151,0.620999726202326,10.257251580825992,0.6286257904129958
3313,8.608063112697584,0.7155906181653245,13.595101623302682,0.1322448051783736,5767.300198666113,0.1195001419043664,0.7679325778944371,0.7264419263147905,0.0389615283419323,0.7770005725642907,9.055446536787027,0.0277232683935146
3317,9.002225323566199,0.934569624203444,16.567443666235107,0.7927652591633573,5799.3197949344485,0.1423712820960347,0.7695696826250724,0.7318989420835749,0.0056645544425984,0.1043344331838076,10.700315465026565,0.850157732513281
3331,7.555194242570264,0.130663468094591,15.124908865744986,0.4722019701655525,5643.113621574753,0.0307954439819663,0.7760581532544415,0.7535271775148048,0.0201606005306744,0.3971838491045353,9.241983624930564,0.120991812465283
3332,8.31153494666972,0.5508527481498449,15.512678084975244,0.5583729077722765,6218.960578506622,0.4421146989333017,0.765392894821882,0.71797631607294,0.0114058991593312,0.2203211951380057,10.699307948077651,0.8496539740388255
3333,7.559090093779862,0.1328278298777011,13.945727851558374,0.2101617447907499,6708.376920198806,0.7916978001420042,0.8274431186328999,0.924810395443,0.0134604221243482,0.2618267095827938,9.573668975224464,0.286834487612231
3340,8.372788293778159,0.5848823854323109,13.921493404193946,0.2047763120430988,5695.45122069549,0.0681794433539212,0.6525116466498759,0.3417054888329198,0.0200992476303827,0.3959443965733882,9.748132026934048,0.3740660134670244
3344,9.118046187296866,0.9989145484982596,17.49519023362234,0.9989311630271864,5612.677864366813,0.0090556174048663,0.5504902961830115,0.001634320610038,0.0439362546017341,0.8775000929643255,9.191479221603505,0.0957396108017524
3366,8.526874092900295,0.6704856071668305,16.963269952253818,0.8807266560564043,6770.600036498393,0.8361428832131377,0.7239826028826372,0.5799420096087905,0.0063039389231046,0.1172512913758515,9.437825697768764,0.2189128488843821
3375,8.558786851193602,0.688214917329779,14.189161380915186,0.2642580846478189,6915.130624110896,0.9393790172220688,0.7113085377155668,0.537695125718556,0.0106389809740714,0.2048278984660888,10.998893627271018,0.9994468136355092
3376,7.985511441935295,0.3697285788529417,13.37101614312255,0.0824480318050109,5849.619226907389,0.1782994477909918,0.7137162714652906,0.5457209048843019,0.0428422244474594,0.8553984736860502,9.109241294172218,0.0546206470861091
3379,9.03064339747764,0.9503574430431336,16.69007541088879,0.820016757975287,5744.064703226714,0.1029033594476528,0.8393311220773135,0.9644370735910452,0.0249327123128892,0.4935901477351353,10.250315462721812,0.6251577313609067
3381,9.000864381279577,0.9338135451553212,13.481484780414204,0.1069966178698229,5691.273910741246,0.0651956505294615,0.7377078248668657,0.6256927495562189,0.0117971812875268,0.2282258845965026,9.713045472397248,0.3565227361986243
3387,7.96216607637157,0.3567589313175389,15.272373481381504,0.504971884751445,5710.042340735468,0.0786016719539057,0.7277003144045181,0.5923343813483936,0.0440551437716706,0.8799018943771838,9.572526389511475,0.2862631947557373
3391,8.842501882024152,0.8458343789023068,16.130766326336445,0.6957258502969881,6219.774801356402,0.4426962866831446,0.7679915271318509,0.7266384237728364,0.0353406439776392,0.7038513934876618,10.22782863463948,0.6139143173197407
3395,8.120998647318727,0.4449992485104037,14.01727375266344,0.2260608339252084,6155.852533261621,0.3970375237583006,0.80372246429872,0.8457415476624001,0.0334863574858145,0.6663910603194856,10.389953721947318,0.694976860973659
3396,8.19534508929013,0.4863028273834057,16.993803249311064,0.8875118331802366,5812.409668887879,0.1517211920627708,0.6613191692462046,0.3710638974873487,0.0472519230844496,0.9444832946353472,10.46623088240522,0.73311544120261
3398,7.449976319912087,0.0722090666178264,14.839465383470277,0.4087700852156166,5965.671657351131,0.2611940409650934,0.5899706161839949,0.1332353872799829,0.0493980527936852,0.98783945037748,9.45907188774516,0.2295359438725802
3399,7.786441431073328,0.2591341283740712,13.19631139053887,0.0436247534530823,5761.891049649893,0.1156364640356379,0.5698017164074192,0.0660057213580637,0.0315802699835544,0.6278842420920085,10.37969408063562,0.6898470403178095
3407,8.426495092372353,0.6147194957624178,15.054050685130498,0.4564557078067772,5891.360318215688,0.2081145130112057,0.6578751011999789,0.3595836706665964,0.0196362777902565,0.3865914705102327,10.86406706093756,0.9320335304687796
3408,9.04248234401276,0.9569346355626448,14.34404118959676,0.2986758199103912,5622.523669133377,0.0160883350952688,0.5950716114435828,0.1502387048119423,0.0466460139058459,0.9322427051686056,10.25703700316254,0.62851850158127
3413,8.765725273310153,0.8031807073945302,13.73161301999557,0.1625806711101267,5772.237741190509,0.123026957993221,0.70844778235131,0.5281592745043667,0.048850823214486,0.9767843073633544,10.002321033542792,0.5011605167713962
3416,8.768235011002377,0.804575006112432,16.67801659560265,0.8173370212450335,5719.085230973339,0.085060879266671,0.6993065040505084,0.4976883468350279,0.0317961763464137,0.6322459867962376,10.622346710223267,0.8111733551116349
3426,8.412265655913748,0.6068142532854154,16.848369270509153,0.8551931712242562,5660.615760789123,0.0432969719922302,0.6086772535773751,0.195590845257917,0.02304084551055,0.4553706163747494,10.01130039601931,0.5056501980096552
3443,8.418706389020736,0.6103924383448532,15.608950355997456,0.5797667457772128,5821.980093989981,0.1585572099928432,0.6831940478637032,0.4439801595456772,0.0387843029450827,0.7734202615168239,10.152815867800054,0.576407933900027
3453,8.863136520310272,0.8572980668390401,13.468643655991032,0.104143034664674,5995.3695661393285,0.2824068329566634,0.7569514798575457,0.6898382661918191,0.0331543162258325,0.659683156077426,9.24572652280003,0.1228632614000151
3460,8.962690235819714,0.912605686566508,14.334077992649124,0.29646177614425,5607.826325139563,0.0055902322425446,0.8083082464438607,0.8610274881462026,0.0421697829382011,0.8418137967313362,9.65627376485678,0.3281368824283903
3470,8.92269550827127,0.8903863934840386,13.848997753409895,0.1886661674244215,6724.037410952384,0.8028838649659883,0.7140137494043513,0.546712498014504,0.0116700467392668,0.2256575098841796,9.109600972263852,0.0548004861319257
3474,8.603714213217437,0.713174562898576,16.12432963848119,0.6942954752180418,6693.741698625679,0.7812440704469142,0.5928125856891024,0.1427086189636746,0.0426397317393633,0.8513077119063308,10.719337713648668,0.8596688568243337
3485,9.057518194345452,0.9652878857474748,14.41133804055433,0.3136306756787399,5923.344024680807,0.2309600176291474,0.7061628780975835,0.5205429269919452,0.0480010868387469,0.9596179159342824,10.557274691675746,0.7786373458378731
3495,8.587151600020743,0.7039731111226352,13.916505970946428,0.2036679935436506,6134.083516113441,0.3814882257953151,0.7745247127883325,0.7484157092944415,0.0362452591084071,0.722126446634488,10.88038830325206,0.94019415162603
3498,8.997615778863166,0.9320087660350924,16.71064023531049,0.8245867189578862,6740.896166499015,0.8149258332135823,0.8383983720609808,0.961327906869936,0.0279686635328371,0.5549224956128707,9.38584913363217,0.1929245668160853
3502,8.615971176168287,0.7199839867601598,15.757635051325146,0.6128077891833656,5790.757807369372,0.1362555766924084,0.84562353260793,0.9854117753597668,0.0222508797949095,0.4394117130284762,9.722093209523052,0.3610466047615266
3506,9.033722930335156,0.952068294630642,13.914080842070211,0.2031290760156028,6995.05493495771,0.9964678106840787,0.5548608936628512,0.0162029788761706,0.0475953907954666,0.9514220362720528,10.542633630179967,0.7713168150899837
3509,8.0830882058596,0.4239378921442218,16.16906213787069,0.7042360306379308,5711.560214047846,0.0796858671770328,0.8124768862540813,0.8749229541802711,0.0078354898631082,0.1481917144062274,9.150614672912038,0.0753073364560191
3513,9.080982460312104,0.9783235890622806,13.914364018951284,0.2031920042113963,5935.583517646078,0.2397025126043414,0.6541239477903719,0.3470798259679062,0.0299236354873446,0.5944168785322159,9.1349013342385,0.0674506671192498
3525,8.949915213864656,0.9055084521470322,15.175135404364813,0.4833634231921805,6801.5475809531945,0.8582482721094244,0.7344031307010976,0.6146771023369922,0.0179706804011764,0.3529430384076043,9.161508520603268,0.0807542603016334
3527,8.83154894283747,0.8397494126874837,14.747654884721564,0.3883677521603476,5818.980159662731,0.1564143997590937,0.6765241337204984,0.4217471124016609,0.0352055935011713,0.7011231010337645,9.126937661008618,0.0634688305043095
3541,8.242904956024388,0.5127249755691048,14.6318435868519,0.3626319081893113,5804.418765974177,0.1460134042672694,0.5645843935737371,0.0486146452457902,0.0238564150691923,0.4718467690745939,10.17918912763229,0.5895945638161448
3552,8.850884566292818,0.8504914257182322,16.811257289101057,0.8469460642446796,5769.807165826479,0.1212908327331991,0.8081216394112262,0.8604054647040873,0.0347329564970099,0.6915748787274735,9.818122921166212,0.409061460583106
3558,8.39289798619474,0.5960544367748558,15.285394949978544,0.5078655444396764,5843.976961898072,0.1742692584986225,0.6583382629571127,0.3611275431903755,0.0080422705648556,0.1523691023203155,10.883728560203616,0.9418642801018084
3559,7.956241675259115,0.3534675973661749,14.08192103996684,0.2404268977704088,5806.154975350745,0.1472535538219608,0.826746522110519,0.9224884070350632,0.0218000151734483,0.4303033368373394,10.32586524746346,0.6629326237317299
3580,8.994801488722006,0.9304452715122262,15.167830367231886,0.4817400816070856,6641.344702895773,0.7438176449255518,0.714541380389603,0.5484712679653435,0.0049074335271388,0.0890390611543195,10.563443453879092,0.7817217269395461
3582,8.731307731387274,0.7840598507707077,13.942250145512034,0.2093889212248963,6708.526172856318,0.7918044091830844,0.7519652755197468,0.6732175850658225,0.0074210250435816,0.1398186877491245,9.429115395941048,0.2145576979705231
3583,7.425348907914037,0.0585271710633539,17.44302593915892,0.987339097590871,6455.143074780184,0.6108164819858455,0.7731906501072359,0.743968833690786,0.0077349041553959,0.1461596799069898,9.57842815059236,0.2892140752961794
3592,8.363648998397212,0.5798049991095617,13.19228858072831,0.0427307957174021,6934.821450203605,0.9534438930025751,0.6223221352006679,0.2410737840022262,0.026624978244911,0.5277773382810315,9.319275434985006,0.1596377174925026
3595,8.819158623328137,0.8328659018489654,15.62239734671276,0.5827549659361689,5735.631461742448,0.0968796155303196,0.7258160416230309,0.5860534720767696,0.0356220918242966,0.7095372085716494,10.846830214714124,0.9234151073570612
3600,7.977713261809299,0.365396256560722,14.516650754120564,0.3370335009156814,5658.250773364327,0.0416076952602332,0.5752366529427906,0.0841221764759684,0.0405539818088027,0.8091713496727819,9.07955339540183,0.0397766977009143
3603,8.275099644122728,0.5306109134015157,15.36776577872418,0.5261701730498178,5717.260717784703,0.083757655560502,0.7308351565075796,0.6027838550252653,0.018213689982487,0.3578523228785256,10.843160986736365,0.9215804933681812
3607,8.28246637936132,0.5347035440896226,13.088483517958627,0.0196630039908061,5998.258484799591,0.2844703462854226,0.5788826230821755,0.0962754102739181,0.0291634797727175,0.5790601974286368,10.896640635957707,0.948320317978854
3609,8.991353436095721,0.9285296867198456,13.85869650455304,0.1908214454562316,5915.74108281983,0.2255293448713071,0.8178647292322521,0.8928824307741734,0.0237559781398143,0.4698177401982695,9.073636852461274,0.0368184262306366
3624,8.90595591999714,0.8810866222206344,13.95937164002894,0.2131936977842087,5921.458634357167,0.2296133102551196,0.7578968793977056,0.6929895979923519,0.0289791060063391,0.5753354748755386,10.200277602711193,0.6001388013555967
3628,7.803279178497309,0.2684884324985052,17.344038604639774,0.9653419121421718,6447.0750677973865,0.6050536198552764,0.788512517687572,0.7950417256252401,0.0182823588441182,0.3592395726084493,9.63612327379381,0.3180616368969049
3632,8.971394941491525,0.9174416341619586,14.680006959057756,0.3733348797906124,6095.8583831388005,0.3541845593848574,0.7829792203693694,0.7765974012312312,0.0479352677815696,0.9582882380115084,9.844569527857166,0.4222847639285827
3640,8.892877151684049,0.873820639824472,17.455460116063797,0.9901022480141768,5758.797599285724,0.1134268566326599,0.8478400231661856,0.9928000772206188,0.0358600106803585,0.7143436501082536,10.663522985737842,0.8317614928689214
3647,8.769922357909666,0.8055124210609255,13.306059301210071,0.0680131780466826,6290.502236031678,0.4932158828797702,0.8030242714055421,0.8434142380184737,0.0133873648625117,0.2603508053032676,9.088824307081325,0.0444121535406623
3648,8.700182288976482,0.7667679383202675,13.83746370007149,0.186103044460331,5786.590213299896,0.1332787237856401,0.8110648105888587,0.8702160352961958,0.0222502670910978,0.4393993351736933,9.31633174443398,0.1581658722169894
3649,9.100695007561114,0.9892750042006192,15.432845785947537,0.5406323968772304,6926.823412865598,0.9477310091897124,0.6898675167929527,0.4662250559765086,0.0014950268226669,0.0201015519730698,9.78866679874101,0.3943333993705054
3657,8.062689791759581,0.4126054398664346,16.01143352365871,0.6692074497019351,5666.64624716422,0.0476044622601573,0.6495383910441918,0.3317946368139723,0.0018029147497317,0.0263215100955906,10.078674419581176,0.5393372097905874
3666,7.840326842763796,0.2890704682021089,13.261419498427868,0.0580932218728595,5811.348051229434,0.1509628937353094,0.7839689937933798,0.7798966459779328,0.0437078659004565,0.8728861798072023,10.579659160952463,0.7898295804762324
3667,8.487775365774256,0.6487640920968094,15.454354864588812,0.5454121921308472,5918.416420514934,0.2274403003678098,0.703323515787621,0.5110783859587364,0.0421951470862592,0.8423262037628133,10.192681179202394,0.5963405896011967
3668,8.32064922437201,0.555916235762228,14.10169211817984,0.2448204707066311,6552.038156837587,0.6800272548839904,0.7372315530849478,0.624105176949826,0.0324155920109369,0.6447594345643831,10.332430685956172,0.6662153429780858
3671,8.860533934262904,0.8558521857016138,16.701922921840804,0.8226495381868455,6794.424671516905,0.8531604796549319,0.8079001596845832,0.8596671989486105,0.0292388763713633,0.5805833610376433,10.80628061665456,0.9031403083272804
3675,8.033176911917352,0.3962093955096402,15.29148173159783,0.5092181625772958,5797.053053638441,0.1407521811703149,0.6848504828078325,0.4495016093594415,0.0375884234344184,0.7492610794832012,10.563908459015195,0.7819542295075973
3678,8.02027875656144,0.3890437536452451,15.907730172537518,0.6461622605638927,5650.745032323981,0.0362464516599866,0.6648243712054792,0.3827479040182638,0.0183846474567986,0.3613060092282557,9.739297537482363,0.3696487687411818
3688,8.44117984053713,0.6228776891872947,16.63988627399244,0.8088636164427636,5709.664417158181,0.0783317265415576,0.6834802809416457,0.4449342698054856,0.0388259707420129,0.7742620351921803,10.812962335583428,0.906481167791713
3692,8.538032841634523,0.6766849120191797,17.390644442118255,0.9756987649151676,5801.155201271041,0.1436822866221717,0.8247820979494618,0.915940326498206,0.0456583292908539,0.912289480623312,10.087347195514912,0.5436735977574557
3693,8.344572068685176,0.569206704825098,14.462758471691288,0.3250574381536196,5662.556921935148,0.0446835156679632,0.5967949301249993,0.1559831004166642,0.0141925959929148,0.276618100866966,10.66794381606312,0.8339719080315598
3694,7.997621596492719,0.3764564424959551,14.384590468026795,0.3076867706726213,5912.365474785284,0.2231181962752032,0.7786163341858569,0.7620544472861895,0.0360393760523997,0.717967192977773,9.63285635685145,0.3164281784257248
3719,8.185766080172806,0.4809811556515588,15.245226367765312,0.498939192836736,5757.457458942095,0.1124696135300676,0.6315687972722764,0.2718959909075881,0.0317014992877578,0.6303333189446032,10.761258401051654,0.8806292005258266
3724,8.584100530529714,0.7022780725165082,16.91410035216116,0.8698000782580355,5623.543564825411,0.0168168320181502,0.8288074144818263,0.9293580482727544,0.0155594226240417,0.3042307600816506,10.07878532844881,0.5393926642244047
3725,9.005621158359205,0.9364561990884472,13.737451674881536,0.163878149973675,6093.0805439767255,0.3522003885548037,0.7226911893371969,0.5756372977906564,0.0292442601719734,0.5806921246863319,10.661020953929327,0.8305104769646648
3726,8.089231344644496,0.4273507470247205,16.50829629784883,0.7796213995219617,6057.556983264634,0.3268264166175958,0.5596422816462002,0.0321409388206673,0.0469424557938379,0.9382314301785444,10.759025263571326,0.8795126317856626
3727,8.04857528465595,0.4047640470310834,13.538905459937435,0.1197567688749857,6807.019166597783,0.8621565475698448,0.5825652584283806,0.1085508614279351,0.0309768747817574,0.6156944400355032,9.033987932532357,0.0169939662661782
3738,8.012334308023071,0.3846301711239279,14.679858727838596,0.3733019395196879,5872.016230958806,0.1942973078277182,0.5882724764655103,0.1275749215517007,0.0418222154438943,0.8347922311897851,10.78709628172279,0.8935481408613942
3746,9.039996038885388,0.9555533549363268,16.052758549772705,0.6783907888383789,6034.450933454356,0.31032209532454,0.8229424029510299,0.9098080098367664,0.0358929636721289,0.7150093671137165,10.925055819699374,0.9625279098496868
3748,8.9045991864593,0.8803328813662787,14.169378327702637,0.2598618506005857,5882.831136745104,0.2020222405322174,0.6670729565507958,0.3902431885026524,0.0393526443811535,0.7849019066899703,9.656828084458116,0.3284140422290575
3753,8.726958003180185,0.7816433351001031,17.468255888931136,0.9929457530958082,5667.128903198351,0.0479492165702506,0.7523861036073616,0.6746203453578721,0.0163049415928487,0.3192917493504791,10.659706867117658,0.8298534335588286
3754,9.04310550327268,0.9572808351514892,13.448805392938564,0.0997345317641251,6174.314438939375,0.4102245992424106,0.7600360505297018,0.7001201684323393,0.0496856933713274,0.9936503711379272,9.968856419355852,0.4844282096779264
3766,8.857356869526273,0.8540871497368187,13.899100349015375,0.1998000775589723,5773.3878949016935,0.1238484963583522,0.6503600629420552,0.3345335431401837,0.0477827079771735,0.9552062217610816,10.312375806335488,0.6561879031677444
3767,8.688590171645043,0.760327873136135,13.221625834039218,0.0492501853420485,5769.724589436994,0.1212318495978529,0.5643918451208084,0.0479728170693614,0.0183446256251189,0.36049748737614,9.330782456240602,0.165391228120301
3788,8.786749183274331,0.814860657374629,13.407727703567993,0.0906061563484422,6044.754244442774,0.3176816031734095,0.707756014024696,0.52585338008232,0.0119925202885309,0.2321721270410296,10.087229560689938,0.5436147803449689
3799,7.674371486277936,0.1968730479321865,15.347042208515017,0.5215649352255591,6359.052700268487,0.5421805001917765,0.6661441760538432,0.3871472535128107,0.0130484593931719,0.2535042301650893,10.430749697665336,0.7153748488326679
3801,8.297864440313376,0.5432580223963204,15.553130866837789,0.5673624148528418,5740.090350949351,0.1000645363923938,0.5715652659393539,0.0718842197978461,0.0096449600152326,0.1847466669743973,9.248186977632573,0.1240934888162865
3807,8.70174565994541,0.7676364777474494,13.304606008709046,0.0676902241575658,5868.776215453449,0.1919830110381781,0.8450774068762336,0.983591356254112,0.0409519681089329,0.8172114769481401,9.783743309691548,0.3918716548457743
3808,7.995121096549201,0.3750672758606672,13.447280241613957,0.099395609247546,5624.012364086694,0.0171516886333527,0.6266505081297574,0.2555016937658581,0.0057945180159438,0.1069599599180566,9.779651424962562,0.3898257124812816
3809,8.626185496320073,0.7256586090667072,14.39741346306834,0.3105363251262981,5618.273651071749,0.0130526079083921,0.8360933481056465,0.9536444936854884,0.0137920749213054,0.2685267660869791,10.13934555204584,0.5696727760229201
3810,9.06221672221046,0.967898179005812,14.164046382986506,0.2586769739970013,5660.786719658119,0.0434190854700848,0.7639758626998785,0.7132528756662618,0.048454577236267,0.9687793381064052,9.183512918320488,0.0917564591602433
3814,8.337670343150162,0.5653724128612015,14.942299874428857,0.4316221943175237,5704.187927036895,0.0744199478834966,0.7124802124202396,0.5416007080674653,0.0455536635451734,0.9101750211146152,9.158329123112464,0.0791645615562314
3821,8.748042498965866,0.7933569438699253,16.45532266577765,0.7678494812839219,5800.432856806971,0.143166326290694,0.6840679866136019,0.4468932887120064,0.0364091679211298,0.7254377357804018,9.939516537141442,0.469758268570721
3823,7.782608402063363,0.2570046678129795,14.395095633751446,0.3100212519447655,6498.599440950793,0.6418567435362805,0.8142664144616696,0.8808880482055655,0.041381894159405,0.8258968517051534,10.398950755856124,0.6994753779280627
3824,7.367393620178845,0.0263297889882473,16.326167735743994,0.7391483857208871,6349.645906034061,0.5354613614529011,0.6751912566202005,0.4173041887340015,0.0396926303699563,0.7917703105041692,9.490989267071027,0.2454946335355137
3825,8.47169922592305,0.6398329032905836,13.932869191150443,0.2073042647000984,5600.948288452892,0.0006773488949227,0.5646551734687202,0.0488505782290671,0.0248937096422078,0.4928022149940988,9.74255347251986,0.3712767362599306
3826,7.711907631387181,0.2177264618817671,15.892439065841913,0.6427642368537586,6575.359271174038,0.696685193695742,0.7980518850132757,0.8268396167109192,0.0093230874728473,0.178244191370654,9.164206342261082,0.0821031711305407
3827,8.131209348706602,0.4506718603925568,14.15837010184092,0.2574155781868709,6147.814470209988,0.3912960501499916,0.7807795949869863,0.7692653166232879,0.0085113414802173,0.1618452824286331,9.724606452597524,0.3623032262987613
3828,8.410947218583676,0.606081788102042,16.45244978400266,0.7672110631117025,6914.700386710253,0.9390717047930378,0.8182530818258147,0.8941769394193821,0.040064215233261,0.7992770754194143,10.708502698540125,0.8542513492700614
3829,8.836845905421896,0.8426921696788315,13.763491443760795,0.1696647652801769,6763.125669670755,0.8308040497648251,0.7161393216182101,0.5537977387273673,0.0114513053511569,0.2212384919425646,9.097357748324049,0.0486788741620235
3832,8.915101770956456,0.8861676505313648,14.87049710054266,0.415666022342813,5765.083130911047,0.1179165220793191,0.656136777551335,0.3537892585044501,0.003647379074565,0.0635834156477794,10.652117339179515,0.8260586695897585
3833,8.739928981522862,0.7888494341793686,16.345822810167505,0.7435161800372235,5999.740430803162,0.2855288791451155,0.6498755837419885,0.332918612473295,0.0244416419137343,0.483669533610794,10.828407428604056,0.9142037143020276
3834,7.78228873805231,0.2568270766957277,16.7550125972247,0.8344472438277111,6657.553876760567,0.755395626257548,0.7719886406008836,0.7399621353362787,0.0135215632264947,0.2630618833635312,10.549096503448242,0.7745482517241206
3835,8.37967120864815,0.5887062270267501,14.078883649373177,0.2397519220829277,5763.179580808664,0.1165568434347599,0.6563056413058618,0.3543521376862059,0.0451090892783751,0.9011937227954566,9.551931228873777,0.2759656144368881
3836,7.645070045721865,0.1805944698454803,17.44451276113429,0.9876695024742874,6576.213376330583,0.6972952688075594,0.7374024791457419,0.6246749304858064,0.0347203729953765,0.6913206665732626,10.78037602708815,0.8901880135440752
3837,8.719697455449902,0.7776096974721676,14.751249769677504,0.3891666154838902,6315.967903176905,0.5114056451263601,0.5779023598270208,0.0930078660900691,0.0493369698020123,0.986605450545703,10.354927989647866,0.6774639948239327
3838,8.303697740333721,0.546498744629845,16.97968809062064,0.8843751312490313,6936.863779375245,0.9549026995537464,0.7642470964649015,0.7141569882163383,0.0265727424041592,0.5267220687708941,10.577503003769875,0.7887515018849383
3839,8.1908942673713,0.4838301485396118,16.78174896720906,0.8403886593797917,6927.682500742279,0.948344643387342,0.7940520242322566,0.8135067474408554,0.023321981842899,0.4610501382403849,10.395398940146954,0.697699470073477
3845,8.725253034979758,0.7806961305443103,13.425108944567189,0.0944686543482639,5899.8262487880365,0.214161606277169,0.6401887562678857,0.300629187559619,0.0464962110130722,0.9292163841024697,9.891473737101231,0.4457368685506162
3851,8.181298904630168,0.4784993914612042,13.51547867370747,0.1145508163794377,5748.570772174544,0.106121980124674,0.5836824489140876,0.1122748297136252,0.0068427691789106,0.1281367510891032,9.38097607928234,0.1904880396411693
3854,8.180220011992628,0.4779000066625711,16.262954342775956,0.7251009650613239,5630.900738483307,0.0220719560595047,0.7443981652840693,0.6479938842802311,0.0044712519067267,0.0802273112470045,10.105405353051182,0.5527026765255916
3859,8.830058624182,0.8389214578788893,14.327074011542914,0.2949053358984254,6362.192694071514,0.5444233529082244,0.8316547133717366,0.9388490445724552,0.0412974073105839,0.8241900466784634,9.44018027644116,0.2200901382205806
3860,7.884074166634523,0.3133745370191793,13.269025938498796,0.0597835418886213,5720.279373765559,0.085913838403971,0.7501907699298225,0.6673025664327418,0.0205686305339638,0.4054268794740162,10.14160092136143,0.5708004606807149
3864,8.493336950498273,0.6518538613879301,13.661222844718628,0.1469384099374728,6558.068909126778,0.6843349350905555,0.6907488977011367,0.4691629923371222,0.0200496343025283,0.3949421071217853,9.693248304005952,0.3466241520029769
3870,7.992043618990917,0.3733575661060649,13.209263906930133,0.0465030904289178,5789.618594696549,0.1354418533546775,0.5795020966812036,0.0983403222706785,0.0475937566861564,0.9513890239627558,10.778731035664796,0.8893655178323978
3874,8.82826012786023,0.8379222932556836,15.858412583540032,0.6352027963422292,6037.154058244197,0.3122528987458547,0.846146806186056,0.9871560206201866,0.0353830754086484,0.70470859411411,10.781686267234386,0.8908431336171931
3879,8.985553310198458,0.925307394554699,13.233984978349042,0.0519966618553426,5607.941027168844,0.0056721622634597,0.747186831807026,0.6572894393567537,0.0120322310546872,0.2329743647411575,10.094753655592674,0.5473768277963368
3884,9.02016340325414,0.944535224030079,13.68723948491946,0.1527198855376581,5891.335969716355,0.2080971212259679,0.7341637363400093,0.6138791211333644,0.0224696231685298,0.4438307710814108,10.657952731526647,0.8289763657633242
3889,8.89915229698775,0.8773068316598618,13.105799544792776,0.0235110099539501,6229.100761728712,0.4493576869490799,0.789059521555486,0.7968650718516199,0.0178134254769324,0.3497661712511606,10.052666075103746,0.5263330375518729
3895,8.655628623331939,0.7420159018510779,13.954172801763876,0.212038400391972,5709.319147559397,0.0780851053995692,0.7400250963937951,0.6334169879793168,0.0303404881474043,0.6028381443920068,9.452559527686011,0.2262797638430069
3896,8.652891025240262,0.740495014022368,13.593104189961116,0.1318009311024706,6117.834374313353,0.369881695938109,0.7956931976030277,0.8189773253434256,0.0447999201575138,0.8949478819699772,10.811274541367704,0.9056372706838516
3898,8.188620325599704,0.4825668475553915,16.682107998919506,0.8182462219821123,5600.215598885525,0.0001539992039462,0.7528130490192126,0.6760434967307088,0.0353351295675002,0.7037399912626313,10.531227476975252,0.7656137384876261
3901,9.087279203491336,0.981821779717408,14.277881317970389,0.2839736262156414,5958.303059600692,0.2559307568576372,0.7283573046369413,0.5945243487898043,0.0311264313478312,0.6187157848046709,10.719422000665418,0.8597110003327089
3902,8.611179381513306,0.7173218786185039,15.680384250122088,0.5956409444715751,5623.897557222207,0.017069683730148,0.6068328592085568,0.1894428640285226,0.0300779406830708,0.5975341552135529,9.874324062845986,0.4371620314229926
3903,8.355042741100752,0.5750237450559735,14.716073275151828,0.3813496167004061,5888.292806278114,0.2059234330557954,0.7009922570643009,0.5033075235476696,0.0029212535981022,0.0489142141030759,10.847295129374512,0.9236475646872556
3904,8.659244366665106,0.7440246481472811,14.215675365904392,0.270150081312087,5982.642549578266,0.2733161068416188,0.8343325870310461,0.9477752901034872,0.0174568335666025,0.3425622942747999,9.778268180866904,0.3891340904334518
3908,8.452782699496574,0.6293237219425409,13.71299440231499,0.1584432005144423,5754.895720080377,0.1106398000574122,0.780931008948483,0.7697700298282768,0.038609702747548,0.7698929847989502,10.450013701206686,0.725006850603343
3917,8.112176515952589,0.440098064418105,16.50691220849769,0.7793138241105977,5631.774782810855,0.022696273436325,0.6965869465843381,0.4886231552811267,0.0279671661914421,0.5548922462917605,10.952647946241406,0.976323973120703
3922,8.792855859090766,0.8182532550504257,14.519311020106652,0.3376246711348118,6151.399427982068,0.3938567342729058,0.7481586173654764,0.660528724551588,0.0459303804655,0.9177854639494956,9.06322358389358,0.0316117919467903
3923,7.932155978048511,0.3400866544713951,15.728459219017118,0.606324270892693,6508.319552478787,0.6487996803419906,0.6380948168120989,0.2936493893736629,0.0204704217758593,0.4034428641587756,9.490059610608306,0.2450298053041525
3925,8.775890813010262,0.8088282294501461,15.662314305846127,0.5916254012991397,6756.65438895479,0.8261817063962786,0.6588436473740303,0.3628121579134344,0.0173639379827853,0.3406856158138449,10.2617651446095,0.6308825723047503
3931,8.149302378055035,0.4607235433639085,14.257919862114049,0.2795377471364549,5784.770752906117,0.1319791092186549,0.7063379522199923,0.5211265073999743,0.0287690203516272,0.5710913202348931,9.25113436344687,0.1255671817234342
3934,8.08299680034873,0.42388711130485,13.521438084946602,0.1158751299881337,5843.296109750911,0.1737829355363644,0.7917187135053493,0.8057290450178309,0.023105005754752,0.4566667829242828,10.731592445831309,0.8657962229156535
3937,8.344832622014426,0.5693514566746811,13.900761071423458,0.2001691269829908,5659.8202935859135,0.0427287811327952,0.7396310458179463,0.6321034860598207,0.0497361086002635,0.994668860611385,10.382722666463142,0.6913613332315706
3942,8.811970518703584,0.8288725103908804,16.845118831880384,0.8544708515289744,5728.504861762345,0.0917891869731035,0.6102023423523371,0.2006744745077899,0.0363515937699652,0.7242746216154592,10.95487584644543,0.9774379232227152
3944,8.708121908172195,0.7711788378734422,14.165152576848447,0.2589227948552105,5891.683220071372,0.2083451571938369,0.7384428170846864,0.6281427236156213,0.0075875680129283,0.1431831921803703,9.774037776972342,0.387018888486171
3945,8.816490308569852,0.8313835047610293,13.727243510851284,0.1616096690780628,5827.592219287095,0.1625658709193534,0.5689309101657349,0.063103033885783,0.0326818918105879,0.6501392284967259,9.76239091508062,0.3811954575403103
3948,7.984250926156073,0.3690282923089296,13.9602031398904,0.2133784755312002,6119.324479549981,0.3709460568214152,0.6413043534475878,0.3043478448252926,0.0411835788169339,0.8218904811501815,10.605495890933485,0.8027479454667416
3951,8.972016122508467,0.9177867347269264,15.16373110457581,0.48082913435018,5804.723527831975,0.1462310913085532,0.7482818460481784,0.6609394868272611,0.0407454032385097,0.8130384492628231,10.495574628781782,0.7477873143908905
3964,8.087429957999817,0.4263499766665647,15.753938537598705,0.6119863416886008,5857.420326924092,0.1838716620886368,0.742805153432892,0.6426838447763066,0.0337685778170089,0.6720924811516948,9.001335727307318,0.0006678636536584
3965,8.938277596358096,0.8990431090878319,15.32367037036299,0.5163711934139976,5784.992436112432,0.1321374543660232,0.7268354589917749,0.5894515299725832,0.0127754055098895,0.2479879900987797,10.92809000242128,0.96404500121064
3970,8.025523993607427,0.3919577742263482,13.975118419552285,0.2166929821227295,5915.328465585576,0.2252346182754112,0.705704482107515,0.5190149403583832,0.0480017429359088,0.9596311704224018,10.040497792562409,0.5202488962812034
3975,9.010274426002889,0.939041347779382,15.826450146444763,0.6281000325432806,5974.83196311632,0.2677371165116565,0.6703141955355039,0.4010473184516794,0.0452560127778259,0.9041618742995132,10.382778630513082,0.6913893152565407
3993,8.765405065083977,0.8030028139355432,17.113906234486784,0.9142013854415076,5756.231160521342,0.1115936860866728,0.6993077183232682,0.4976923944108941,0.0094347414627484,0.1804998275302709,10.704296254385396,0.8521481271926987
4004,8.526679615624163,0.670377564235646,13.445751555872263,0.0990559013049479,6991.759869681883,0.9941141926299164,0.5824000415863856,0.1080001386212852,0.0235850982971621,0.4663656221648911,9.036038918603834,0.0180194593019171
4005,9.03273076041178,0.951517089117655,14.269670769156308,0.282149059812513,6594.054285035965,0.7100387750256897,0.5611235740712456,0.0370785802374852,0.0044730191253243,0.0802630126328148,10.040798576158442,0.5203992880792214
4013,8.619934606766062,0.722185892647812,14.60637286532396,0.3569717478497686,5646.510059554882,0.0332214711106296,0.6106873624007115,0.2022912080023716,0.0007716042362107,0.0054869542668846,10.408625453997235,0.7043127269986178
4016,8.674415699042886,0.7524531661349372,14.952365242636663,0.4338589428081475,5633.115981245141,0.0236542723179572,0.7059553557757279,0.5198511859190927,0.016898127441893,0.3312753018564256,9.403383985087965,0.201691992543982
4020,8.486202909163538,0.647890505090855,13.487085447046338,0.1082412104547416,5764.058526751752,0.1171846619655369,0.58052464738907,0.1017488246302329,0.0233522590893588,0.4616617997850272,10.461154202890285,0.730577101445142
4027,8.395332017582628,0.597406676434794,15.655612887368168,0.5901361971929262,5736.01889347057,0.0971563524789788,0.8456881340033255,0.9856271133444184,0.0208079842898404,0.4102623088856646,9.189009744757367,0.0945048723786845
4031,8.131943079931533,0.4510794888508522,16.092000261292863,0.687111169176192,5693.78997920159,0.0669928422868495,0.6890656457079913,0.4635521523599709,0.0475514461230616,0.950534265112357,10.602307458441103,0.8011537292205516
4033,8.668049110773635,0.7489161726520197,14.122523146072837,0.2494495880161857,6090.608194992374,0.3504344249945524,0.7176553538743626,0.5588511795812086,0.0495771339985469,0.9914572524958976,10.996832170549718,0.9984160852748586
4036,8.332013529432006,0.562229738573337,16.87081205936078,0.860180457635729,6668.395213496539,0.7631394382118136,0.6122134884870164,0.2073782949567211,0.0087274186958816,0.1662104787046791,9.634511507095208,0.3172557535476045
4038,8.937242207209419,0.8984678928941217,16.701189684906748,0.8224865966459436,5754.838522988421,0.110598944991729,0.8017814906844977,0.8392716356149922,0.0352734866365338,0.7024946795259359,10.037675862822232,0.5188379314111156
4045,8.917246238291495,0.8873590212730533,17.139232031637924,0.9198293403639834,5815.58746231604,0.1539910445114567,0.7973964797132365,0.8246549323774547,0.0426349835247879,0.8512117883795544,10.735834231837565,0.8679171159187817
4046,8.7485843014401,0.7936579452445003,13.739933634529272,0.1644296965620605,6875.89992387235,0.9113570884802498,0.8262265286936854,0.920755095645618,0.0059253438254875,0.1096029055654059,9.333196977505386,0.1665984887526927
4049,8.31223465835836,0.551241476865756,16.969766652552973,0.8821703672339941,5822.180095681246,0.158700068343747,0.705536470007821,0.5184549000260701,0.0395489614807285,0.7888679087015862,10.743577882368106,0.8717889411840528
4056,8.71783487983327,0.7765749332407059,14.92987698078081,0.4288615512846243,5670.432562252048,0.0503089730371776,0.5610921022529572,0.0369736741765241,0.0475577922940965,0.9506624705878098,10.159537460315487,0.5797687301577436
4057,8.015763176321878,0.3865350979565988,13.334576063469097,0.0743502363264655,5785.483658221014,0.1324883273007238,0.7317203371841015,0.6057344572803381,0.0466066580676973,0.93144763773126,9.83081630535677,0.4154081526783845
4058,8.34096527366645,0.5672029298146951,13.450561737283897,0.1001248305075327,5975.392811351423,0.2681377223938735,0.6580591368630808,0.3601971228769358,0.046085898501991,0.9209272424644646,9.920831149387007,0.4604155746935033
4059,8.9422642243864,0.90125790243689,16.058091314391323,0.679575847642516,6357.683654266729,0.5412026101905204,0.6646469649071849,0.3821565496906161,0.0314716884165606,0.6256906750820325,10.218765636856178,0.609382818428089
4071,8.01175611678725,0.3843089537706942,16.41007315489436,0.7577940344209687,5643.975268305038,0.0314109059321701,0.7240751962173962,0.5802506540579875,0.0356348360311578,0.7097946672961188,9.805852744712716,0.4029263723563577
4085,9.115885408910916,0.9977141160616204,13.613598387882568,0.1363551973072372,5806.023894949552,0.147159924963966,0.6561603643970434,0.3538678813234779,0.013508809994861,0.262804242320425,9.325550262412236,0.1627751312061182
4094,8.50368760276624,0.6576042237590223,16.353007538981366,0.7451127864403038,5767.895646062848,0.1199254614734628,0.8066792231946291,0.855597410648764,0.046655070607788,0.932425668844203,10.86319816675963,0.9315990833798152
4095,8.046011740912371,0.403339856062429,14.524660144388434,0.3388133654196519,6225.296006596503,0.4466400047117874,0.693555477530354,0.4785182584345132,0.0177052910157887,0.3475816366826002,9.65355671097641,0.3267783554882046
4106,8.556323517148783,0.6868463984159909,15.464033879282496,0.5475630842849992,5836.005687645038,0.1685754911750271,0.8418179828400143,0.9727266094667142,0.0154943069735955,0.3029152923958693,10.770385066752777,0.8851925333763887
4107,8.871407078953485,0.8618928216408255,15.46228776306458,0.5471750584587955,5758.514051103202,0.113224322216573,0.6522411308828217,0.3408037696094055,0.0440154275273414,0.8790995460068975,10.53352739789363,0.7667636989468155
4109,8.044028425214153,0.4022380140078626,13.19034278680128,0.0422983970669509,5964.639255969343,0.2604566114066736,0.5968943512519321,0.156314504173107,0.0337290278174387,0.6712934912613878,10.905118547050916,0.9525592735254576
4111,7.489290138438478,0.0940500769102653,13.80570253470406,0.1790450077120129,6104.355370043028,0.3602538357450201,0.6814684173717797,0.4382280579059321,0.0209810696489457,0.4137589828069855,10.209860644246108,0.6049303221230536
4113,8.47765425490488,0.643141252724934,13.241043074028626,0.0535651275619167,5913.054876813772,0.2236106262955517,0.592439216398766,0.1414640546625529,0.0194493256965925,0.3828146605372241,10.106714127396693,0.5533570636983463
4114,9.10422753301484,0.991237518341578,16.307795879818727,0.7350657510708285,6086.895693918097,0.3477826385129267,0.6007825248575089,0.169275082858363,0.004287754225188,0.0765202873775353,10.35796000358592,0.6789800017929608
4124,8.989941367739252,0.9277452042995856,13.853876559234171,0.189750346496483,6014.4326314114205,0.2960233081510145,0.8178571456295254,0.8928571520984179,0.0484396408838405,0.9684775936129396,10.004291241298075,0.5021456206490377
4128,8.012044680693895,0.3844692670521644,14.54976378634676,0.344391952521502,5945.514599033313,0.2467961421666522,0.7277679053637067,0.592559684545689,0.0119437287868835,0.2311864401390606,9.754535816536126,0.3772679082680635
4134,8.86175399314835,0.856529996193528,13.056344735417923,0.012521052315094,5944.922400932338,0.2463731435230987,0.7997760130625139,0.8325867102083797,0.0286144098732507,0.5679678762272877,9.580830829008647,0.2904154145043232
4138,8.441980197419,0.6233223318994447,13.670620640158852,0.1490268089241896,5666.633837303424,0.0475955980738745,0.6707279331331063,0.4024264437770211,0.0064346856491096,0.1198926393759525,10.05895338519963,0.5294766925998151
4147,8.390396735328041,0.594664852960023,16.130291138285326,0.6956202529522946,5655.575268673342,0.0396966204809584,0.8110490964886833,0.8701636549622777,0.0176584191674831,0.3466347306562246,9.12681828010824,0.0634091400541205
4151,8.590969250871463,0.7060940282619248,14.663412754071924,0.3696472786826497,5833.492597639664,0.1667804268854741,0.7364555637133908,0.6215185457113028,0.0046239741669496,0.0833126094333261,10.700019989413168,0.850009994706584
4152,7.837601680954796,0.287556489419331,13.492092419328795,0.1093538709619549,5645.949429415629,0.032821021011164,0.7022245659642207,0.5074152198807356,0.0192622453118042,0.3790352588243275,9.657624016626068,0.3288120083130338
4154,8.031532773980045,0.3952959855444695,15.33990746078838,0.5199794357307511,5876.994269107417,0.1978530493624406,0.6924613630745365,0.474871210248455,0.0191148805280914,0.3760581924866965,9.933586652398612,0.4667933261993071
4157,8.76001210179137,0.8000067232174278,15.83688261232512,0.6304183582944712,5602.213962301261,0.0015814016437577,0.7229623533267301,0.576541177755767,0.0222472760007057,0.4393389091051674,9.131198883644242,0.0655994418221209
4159,9.006779226519052,0.9370995702883628,17.2724283109881,0.9494285135529114,5614.694109216439,0.0104957922974562,0.722063534214551,0.5735451140485034,0.0327624025000451,0.6517657070716184,9.863589301202396,0.4317946506011977
4164,8.149567568164786,0.4608708712026584,14.121848208899925,0.2492996019777604,5710.917787664892,0.0792269911892082,0.7550926912737895,0.6836423042459652,0.0299848635351196,0.5956538087902965,10.60142197297961,0.8007109864898051
4170,8.11073694759048,0.4392983042169334,13.904717391225256,0.2010483091611681,5640.278257429786,0.0287701838784188,0.654794881089293,0.3493162702976432,0.0462190509460361,0.9236171908290136,10.360007176829123,0.6800035884145625
4179,7.971583769556279,0.3619909830868218,14.540392938578158,0.3423095419062574,6006.587083325,0.2904193452321428,0.8156552893656389,0.8855176312187963,0.0370961027969267,0.7393152080187212,10.264133623195098,0.6320668115975495
4180,8.568359044708858,0.6935328026160321,14.404071976121523,0.3120159946936721,6423.974474335164,0.5885531959536887,0.7546330485602228,0.6821101618674097,0.0071783826333989,0.1349168208767466,9.854386757757457,0.4271933788787282
4185,8.843877383875606,0.8465985465975592,13.309996299969988,0.0688880666599975,5684.340612026311,0.0602432943045074,0.5633846163358145,0.044615387786048,0.0358726295691365,0.7145985771542737,10.265997903487158,0.6329989517435788
4191,8.939272461298291,0.8995958118323845,15.62509423785736,0.5833542750794131,5767.014883169782,0.1192963451212728,0.7918784765801254,0.806261588600418,0.0195024517082414,0.3838879132978079,10.409193910445104,0.7045969552225523
4215,8.633193412494144,0.7295518958300807,17.221153530803786,0.938034117956397,6685.328449378582,0.7752346066989871,0.6279601752777502,0.2598672509258338,0.0460586672500423,0.9203771161624724,9.286802139508415,0.1434010697542087
4216,8.572553104520265,0.6958628358445919,15.27827970721061,0.5062843793801354,5626.4573123565015,0.0188980802546436,0.7470327865907229,0.6567759553024095,0.0133341998919711,0.2592767654943658,9.944146186169482,0.4720730930847405
4218,8.909370921724909,0.8829838454027272,13.473703023481612,0.1052673385514694,5978.535745347024,0.2703826752478746,0.7041548481513866,0.5138494938379552,0.0494286730126972,0.9884580406605497,10.887004855373936,0.9435024276869682
4220,8.983558467168276,0.9241991484268208,14.065414516531945,0.2367587814515429,5793.996296986929,0.1385687835620922,0.7565866520471148,0.6886221734903828,0.0297260875491395,0.5904260110937292,10.434069634780792,0.7170348173903963
4233,8.648760125732544,0.7382000698514132,14.302220177920612,0.2893822617601358,6405.007849083599,0.575005606488285,0.7970855297196867,0.8236184323989557,0.0441395852824364,0.8816077834835653,10.89204530944944,0.9460226547247196
4236,8.918140536572785,0.8878558536515482,15.237627876125218,0.4972506391389373,5757.888105363372,0.1127772181166947,0.7572996410082808,0.6909988033609361,0.0452022678681355,0.903076118548192,9.036744734126954,0.0183723670634765
4237,8.898621574751589,0.8770119859731054,14.758012909441891,0.3906695354315312,5784.302137127694,0.1316443836626382,0.8307140409997313,0.9357134699991048,0.0183315014038301,0.3602323515925273,9.24115275188106,0.1205763759405302
4238,8.883570931217136,0.8686505173428537,14.705980009718928,0.3791066688264285,6100.62915780123,0.357592255572307,0.838373683712522,0.9612456123750732,0.0392077565185479,0.7819748791625853,9.307555643998333,0.1537778219991656
4243,8.58501756443787,0.7027875357988164,14.089265684501235,0.2420590410002746,5958.554048774055,0.2561100348386107,0.7817811933113665,0.7726039777045552,0.0043672042341985,0.0781253380646165,9.86483772793719,0.4324188639685942
4254,8.484006598621285,0.6466703325673803,16.39379359354501,0.7541763541211128,6918.066432013074,0.941476022866481,0.8107079424581245,0.8690264748604151,0.0059351922375051,0.1098018633839417,9.01323554238153,0.006617771190765
4266,8.790991780989975,0.8172176561055422,13.523106692313762,0.1162459316252805,5617.444904648561,0.0124606461775433,0.6654130437234314,0.3847101457447709,0.0353441075015472,0.7039213636676221,10.548540318574716,0.7742701592873575
4269,8.607305277500508,0.7151695986113933,15.567513233787984,0.57055849639733,5805.18594307839,0.1465613879131357,0.6748420253129324,0.416140084376441,0.020658992671098,0.4072523771939007,9.580598525560594,0.2902992627802969
4274,8.384644362160214,0.5914690900890085,13.881987734336372,0.1959972742969714,5669.545017034877,0.0496750121677692,0.7978479441390459,0.8261598137968197,0.0291204624185065,0.5781911599698293,9.741802988968008,0.3709014944840038
4275,8.210825254016303,0.4949029188979459,14.447071275992483,0.3215713946649962,5606.972565946294,0.004980404247353,0.6592495524686474,0.364165174895491,0.0487858255134048,0.9754712224930264,10.213438843079633,0.6067194215398152
4277,8.999590034568776,0.9331055747604312,16.997228932468154,0.8882730961040343,5696.553620489685,0.0689668717783468,0.6829252746036523,0.4430842486788409,0.0076700111615808,0.144848710334967,9.864730431125396,0.4323652155626972
4279,8.973538437961015,0.9186324655338972,13.932312841935708,0.2071806315412685,5928.244377682272,0.2344602697730512,0.6534941763563104,0.3449805878543677,0.0237022827015331,0.4687329838693558,10.267319750746552,0.6336598753732755
4280,8.800669784737849,0.8225943248543613,14.047812554774003,0.2328472343942231,6580.18577144032,0.7001326938859426,0.6424737034200355,0.308245678066785,0.0429445824878181,0.8574663128852147,9.380407033127234,0.1902035165636167
4282,8.480929744463063,0.6449609691461465,17.233415233883683,0.9407589408630408,6495.48106596552,0.6396293328325137,0.6426870361966064,0.3089567873220212,0.0085150327447821,0.1619198534299419,10.03509637507291,0.5175481875364556
4285,8.880649995495371,0.8670277752752064,14.293236697040523,0.2873859326756723,5632.435441889413,0.0231681727781519,0.5740337455486709,0.0801124851622362,0.0052080710613605,0.0951125466941517,9.450448443130638,0.2252242215653187
4286,9.013124443463706,0.9406246908131708,16.687774637361112,0.8195054749691361,5718.886088815148,0.0849186348679623,0.7708277395813823,0.7360924652712744,0.042542475481231,0.8493429390147679,9.172795525426851,0.0863977627134257
4290,8.098431422321672,0.4324619012898182,16.72838933883616,0.8285309641858131,6152.314389180524,0.3945102779860883,0.7773100265800379,0.7577000886001265,0.0034798696622003,0.0601993871151587,9.253446665739114,0.1267233328695571
4293,8.542193489374972,0.6789963829860955,15.721270660138256,0.6047268133640566,5630.269577990198,0.0216211271358554,0.6429859483004539,0.3099531610015126,0.0381672428118848,0.7609544002400982,10.762514548498448,0.8812572742492236
4295,8.797056973702373,0.8205872076124296,15.798623233346904,0.6219162740770897,5806.229858917365,0.1473070420838322,0.8022457516313716,0.840819172104572,0.0361924585588663,0.7210597688659861,10.680760715243531,0.8403803576217657
4300,8.56052996917061,0.6891833162058949,14.039962850196272,0.2311028555991718,5978.154240350667,0.2701101716790481,0.5546022694842838,0.0153408982809457,0.0217788616131146,0.4298759921841346,10.652580327770012,0.8262901638850059
4305,8.856905545303436,0.8538364140574649,13.40797083166843,0.0906601848152067,5793.158489639623,0.1379703497425873,0.8288767803904515,0.9295892679681717,0.0016753875022221,0.0237452020650932,10.55422780368366,0.7771139018418293
4312,8.864521467320976,0.8580674818449877,13.423743192218874,0.0941651538264165,6175.40046056965,0.4110003289783213,0.8213519742316499,0.9045065807721664,0.0388253290259592,0.7742490712315,10.067487560451472,0.5337437802257362
4313,8.643413140052942,0.7352295222516353,17.072563824468677,0.9050141832152616,5686.22204898232,0.0615871778445145,0.8053128833427041,0.8510429444756804,0.0060239010275741,0.1115939601530126,10.959251581683858,0.9796257908419296
4322,8.222919634466178,0.5016220191478771,16.199524747265624,0.7110054993923609,5610.313992632163,0.0073671375944017,0.7174079132621842,0.5580263775406139,0.0231016811206702,0.4565996185993991,9.08011381852952,0.0400569092647593
4324,7.906770144259278,0.325983413477377,13.53812145380483,0.1195825452899623,5627.040757311687,0.019314826651205,0.8339775030936429,0.94659167697881,0.0495343153588414,0.9905922294715448,9.357785922465627,0.1788929612328137
4339,8.915914285390343,0.88661904743908,16.22850507989029,0.7174455733089534,5714.228450739035,0.0815917505278823,0.8114442377474774,0.8714807924915914,0.013442266747514,0.2614599342932125,9.298541938263408,0.1492709691317031
4344,8.157198139717119,0.4651100776206215,14.102166731904395,0.244925940423199,5645.423998875172,0.0324457134822653,0.8269047823403879,0.9230159411346264,0.0397387704826683,0.7927024339933008,9.905906152377192,0.452953076188597
4346,8.204438650024809,0.4913548055693379,13.254008205925665,0.0564462679834807,6113.953249990971,0.367109464279265,0.8430962912944537,0.976987637648179,0.015872913600624,0.310563911123718,10.075986903548491,0.5379934517742463
4350,8.338948306513194,0.5660823925073298,13.061345881825176,0.0136324181833722,5899.469896895731,0.2139070692112364,0.7345712635030888,0.6152375450102957,0.0315424607831825,0.6271204198622735,10.129982434227063,0.5649912171135321
4352,8.19518284028108,0.4862126890450446,15.458368068545036,0.5463040152322297,5718.177131922106,0.0844122370872186,0.6277239709755754,0.2590799032519179,0.0269319224549286,0.5339782314127007,9.080795899677842,0.040397949838921
4367,8.907552194333412,0.8819734412963406,15.222483935695312,0.4938853190434026,5607.716961149886,0.0055121151070612,0.6586121037039598,0.362040345679866,0.0152702792648224,0.2983894800974225,9.059712967311803,0.0298564836559028
4371,8.336992899133591,0.5649960550742169,16.338557015505028,0.7419015590011171,6350.164222142811,0.535831587244865,0.70403736930227,0.5134578976742334,0.0465526984029258,0.9303575434934516,9.182390141401177,0.0911950707005874
4373,8.9409396621967,0.9005220345537222,13.90002057692898,0.2000045726508845,5928.832548147377,0.2348803915338402,0.5920070288547965,0.1400234295159881,0.0406166315109077,0.8104370002203586,9.45275244601869,0.2263762230093452
4381,8.471725331837579,0.6398474065764329,13.339500068936776,0.0754444597637278,6809.27116807721,0.8637651200551498,0.7739910091249415,0.7466366970831383,0.0032456111023133,0.0554668909558261,10.702829725189572,0.8514148625947859
4390,8.49958375573948,0.6553243087441556,14.852556110760943,0.4116791357246543,5965.982019775375,0.2614157284109825,0.8182607660801422,0.8942025536004742,0.040234333757386,0.8027138132805255,10.91916003972091,0.9595800198604556
4391,8.993549075903315,0.9297494866129536,14.963651662731438,0.4363670361625418,6010.852254561621,0.293465896115443,0.8276320129229104,0.9254400430763684,0.0300522935766469,0.5970160318514529,10.299931999827132,0.6499659999135659
4392,8.206863892080209,0.492702162266783,16.060073452532446,0.6800163227849881,5785.23562140087,0.1323111581434783,0.844680829903647,0.9822694330121566,0.0028118772664405,0.0467045912412238,10.525887727908213,0.7629438639541063
4403,8.643842433213255,0.7354680184518081,13.33367738925758,0.0741505309461284,6664.706249632332,0.760504464023094,0.5753763949961134,0.0845879833203777,0.011365160874225,0.219498199479294,9.723034062235444,0.3615170311177221
4416,8.169209949779,0.471783305432778,15.176760400050975,0.4837245333446617,5670.038907032155,0.050027790737254,0.6651835727436008,0.3839452424786694,0.0187259603206325,0.3682012185986367,10.238162882788224,0.6190814413941119
4423,8.98250844495653,0.9236158027536284,13.106768130502225,0.0237262512227163,5986.530002098372,0.2760928586416947,0.8035139824129409,0.8450466080431367,0.0234007605468267,0.4626416272086202,9.134704982483788,0.0673524912418938
4438,9.06464974456521,0.9692498580917835,13.022364230928089,0.0049698290951307,5754.379271831334,0.1102709084509531,0.642797497137236,0.3093249904574532,0.0073917969499014,0.139228221210131,10.577481696416983,0.7887408482084913
4485,9.000559088608505,0.9336439381158366,16.78978433038858,0.8421742956419073,5820.283154727858,0.1573451105198988,0.7421712510202407,0.6405708367341357,0.0145129198901056,0.2830892907092051,10.28254121658599,0.6412706082929952
4492,8.540477220091702,0.678042900050946,13.990497005871362,0.2201104457491914,5804.870891320499,0.1463363509432135,0.8065070011133988,0.8550233370446627,0.0197702987891695,0.3892989654377684,9.46997811084971,0.2349890554248547
4495,8.770951418346513,0.8060841213036188,13.459373466478285,0.10208299255073,6265.394227032386,0.4752815907374182,0.7402553627065177,0.6341845423550589,0.0466143989692265,0.9316040195803342,9.680795468017786,0.3403977340088931
4498,8.533906573303677,0.6743925407242647,13.88095512458843,0.1957678054640955,5861.690574799659,0.1869218391426137,0.6101371603701257,0.2004572012337521,0.048461042890341,0.968909957380628,9.568180040619998,0.2840900203099993
4509,8.570430775174184,0.6946837639856578,14.908022456358427,0.4240049903018728,5631.088693027567,0.0222062093054047,0.6300626428479225,0.2668754761597414,0.0396732841667861,0.7913794781168917,9.713241141187666,0.3566205705938334
4512,7.983522609718245,0.3686236720656913,14.240162226563758,0.2755916059030574,5975.83758551698,0.2684554182264138,0.7120573585113175,0.5401911950377251,0.0026964548206294,0.0443728246591804,10.96173067903766,0.9808653395188294
4517,8.259424094795966,0.5219022748866479,14.354307535633971,0.3009572301408829,6132.048916499461,0.3800349403567574,0.6890444871740227,0.4634816239134086,0.0174260737340522,0.3419408835162079,10.341092338209553,0.6705461691047767
4521,8.00754939989981,0.3819718888332276,13.347936729029122,0.0773192731175826,5765.4205822258045,0.1181575587327176,0.8277896122470579,0.92596537415686,0.0233543929820638,0.4617049087285623,10.174514732073542,0.5872573660367708
4524,9.050496821474429,0.9613871230413488,13.701885521364188,0.1559745603031528,6919.646955483003,0.9426049682021448,0.7987620600322963,0.8292068667743212,0.0157180655776525,0.307435668235405,9.42409477132009,0.2120473856600452
4527,8.033967086199306,0.3966483812218369,16.5672119299313,0.7927137622069558,5822.026929682808,0.1585906640591485,0.770369148130962,0.7345638271032067,0.0416464812382442,0.8312420452170551,10.585323573033357,0.7926617865166785
4528,8.342029234930353,0.5677940194057518,16.33682688929809,0.741517086510687,5714.987417214628,0.0821338694390203,0.6790267743628148,0.4300892478760492,0.0200401810840174,0.3947511330104544,10.493481413465243,0.7467407067326218
4533,8.228680175152359,0.5048223195290883,13.888068307106373,0.1973485126903045,5969.128996412092,0.2636635688657806,0.7180665610118643,0.5602218700395476,0.0238036314197065,0.4707804327213445,10.589589927600208,0.7947949638001044
4543,9.05564316071054,0.9642462003947452,13.463715751064257,0.103047944680946,6067.749869904866,0.3341070499320467,0.7566741629174794,0.688913876391598,0.0406578808680656,0.8112703205669826,9.87416530164745,0.4370826508237252
4545,8.916708242773675,0.8870601348742644,16.041429726414673,0.6758732725365938,5674.014442738047,0.052867459098605,0.6691878198524412,0.3972927328414708,0.0258859603949474,0.5128476847464138,9.958625273008296,0.4793126365041484
4547,8.174291761106566,0.474606533948093,14.854382044177315,0.4120848987060707,5909.57647706465,0.2211260550461786,0.6076057343271318,0.1920191144237727,0.0248560767479694,0.4920419545044336,10.821099010133272,0.9105495050666365
4548,8.63448057640098,0.7302669868894336,14.580374967523426,0.3511944372274281,6151.152478095214,0.3936803414965817,0.842421242203869,0.9747374740128972,0.0262067451984438,0.5193281858271483,10.836667960508048,0.9183339802540234
4571,8.152547508855594,0.4625263938086639,14.91599694816253,0.4257770995916732,6870.744628199192,0.9076747344279944,0.6920792044291062,0.4735973480970207,0.005683467808493,0.1047165213836988,10.618182711237418,0.8090913556187093
4597,8.675555329876365,0.7530862943757587,14.999106822314232,0.4442459605142738,5978.824517821712,0.2705889413012231,0.637122969947287,0.2904098998242899,0.0124069011238113,0.240543457046693,10.955568244014792,0.9777841220073964
4604,8.674504591538097,0.7525025508544987,13.695680386571428,0.154595641460317,5696.425924927543,0.0688756606625307,0.5714956268970046,0.0716520896566819,0.003679567605545,0.0642336890009094,9.650431045142724,0.3252155225713617
4606,8.684628543132053,0.7581269684066964,15.015579824191418,0.4479066275980929,5806.829420012483,0.1477353000089162,0.5964161017023786,0.1547203390079284,0.0145856781255376,0.2845591540512656,10.19637982085674,0.5981899104283703
4608,8.839899633706064,0.8443886853922589,14.311950086223456,0.2915444636052121,6908.315650297574,0.9345111787839816,0.7250426360250953,0.5834754534169845,0.0131556841794793,0.2556703874642289,10.167924908799929,0.5839624543999636
4613,8.89433379704612,0.8746298872478441,15.836215764518863,0.630270169893081,6651.515286301612,0.7510823473582944,0.754901838315514,0.6830061277183801,0.0361619398817099,0.7204432299335336,9.544119797493764,0.2720598987468824
4618,8.943504947894084,0.901947193274491,14.669891405962108,0.3710869791026905,5993.538702420204,0.2810990731572885,0.7606704828037005,0.702234942679002,0.0232861584987339,0.4603264343178577,9.41550722588733,0.207753612943665
4621,8.958211931680848,0.9101177398226936,16.554516408193255,0.7898925351540569,5662.161056586862,0.0444007547049017,0.746836869954118,0.65612289984706,0.0150590730383701,0.2941226876438416,9.75121200290455,0.3756060014522747
4623,7.969664291107595,0.3609246061708858,13.21407120161158,0.0475713781359065,6116.489543492713,0.3689211024947947,0.7282333285493653,0.5941110951645511,0.0211730631944406,0.4176376402917306,10.786848896047626,0.8934244480238133
4625,8.118010126171914,0.4433389589843967,14.704789041906016,0.3788420093124477,5626.380762654528,0.0188434018960913,0.7312746442906368,0.6042488143021225,0.011342862113558,0.2190477194658187,10.99452084864701,0.9972604243235048
4634,7.353387161871028,0.018548423261682,16.07366384164336,0.6830364092540798,5898.595434724942,0.2132824533749581,0.5963624534447581,0.154541511482527,0.0358607202511018,0.714357984870745,10.855335870345982,0.9276679351729912
4639,7.817987434981364,0.2766596861007577,15.254626557151528,0.5010281238114508,5964.228419589583,0.2601631568497021,0.8188288897303343,0.8960962991011143,0.0374735828546357,0.7469410677704195,9.738328475771889,0.3691642378859446
4644,8.991459596868177,0.9285886649267652,14.498795213112782,0.3330656029139517,5896.804520446622,0.2120032288904441,0.5979432432929113,0.1598108109763709,0.0149687434641721,0.2922978477610525,10.306156216839078,0.6530781084195386
4646,8.264916578987961,0.5249536549933118,13.738249914442882,0.1640555365428627,5947.03220406512,0.2478801457608,0.7452737845139548,0.6509126150465157,0.0406074259034396,0.8102510283523162,9.004240385623447,0.0021201928117239
4665,8.635768777812133,0.7309826543400747,15.218818515446907,0.493070781210424,6504.310404967013,0.645936003547866,0.797397031134579,0.8246567704485966,0.0089710252674864,0.1711318235855857,9.256930640795709,0.1284653203978532
4666,7.594472743682137,0.1524848576011872,16.27999737943577,0.7288883065412818,5874.375380884628,0.1959824149175911,0.7796972724020675,0.7656575746735584,0.0291983642735341,0.5797649348188711,10.75369342047262,0.8768467102363102
4668,8.62704960577781,0.7261386698765607,17.194696075028318,0.9321546833396264,5646.982272294428,0.0335587659245918,0.8241188460593946,0.9137294868646486,0.041562428329985,0.8295440066663639,10.151515656802893,0.5757578284014463
4682,9.017546541517536,0.9430814119541876,13.416578880830896,0.0925730846290884,6118.670896214872,0.3704792115820515,0.8093010664555496,0.8643368881851653,0.0221372235406195,0.4371156270832232,9.138354989040792,0.0691774945203961
4683,7.800775045089808,0.2670972472721155,14.214059857174949,0.2697910793722107,6118.54464455782,0.370389031827014,0.6030921167268846,0.1769737224229483,0.0439875052712356,0.8785354600249625,10.864615577759526,0.9323077888797628
4686,8.101077485447494,0.4339319363597194,13.142565180962604,0.0316811513250226,6690.661305497608,0.7790437896411482,0.7363038764767036,0.6210129215890119,0.0161731952170703,0.3166302064054622,9.431675617734577,0.2158378088672884
4695,7.58330241360793,0.1462791186710719,14.853209759862164,0.4118243910804811,6382.729204054522,0.559092288610373,0.8381355546694184,0.9604518488980612,0.0201099345109316,0.3961602931501338,9.653416308326412,0.3267081541632054
4700,8.21661864240123,0.4981214680006828,14.530500324965816,0.3401111833257367,5734.833772480294,0.0963098374859244,0.6374782863160066,0.2915942877200217,0.0413071210569312,0.8243862839784099,10.101230892267756,0.5506154461338776
4704,8.190419482813581,0.4835663793408785,16.838093070835924,0.852909571296872,5789.827190485239,0.135590850346599,0.651857945488676,0.3395264849622534,0.0261793555798433,0.5187748601988554,10.891320088451296,0.9456600442256472
4710,8.755023754092154,0.7972354189400859,14.497802723837845,0.3328450497417434,6199.666869174916,0.4283334779820831,0.6965802365809776,0.4886007886032585,0.0485613206339682,0.970935770383196,10.856294912952698,0.9281474564763492
4711,9.0840994036933,0.9800552242740568,14.584108826507729,0.3520241836683838,5725.256487474338,0.0894689196245274,0.8385150342792833,0.9617167809309448,0.0411009290739441,0.8202207893726092,9.163053132366812,0.0815265661834059
4714,8.143598512593561,0.4575547292186449,13.635678230037986,0.1412618288973299,5718.207069330758,0.084433620950541,0.7497628546159087,0.6658761820530292,0.0315583389595518,0.6274411911020572,10.406665261400718,0.703332630700359
4715,7.862486111905374,0.3013811732807634,14.914281888578724,0.4253959752397163,5917.224666275386,0.2265890473395616,0.8069410215556239,0.8564700718520795,0.0374413347417218,0.7462895907418551,10.829490998101871,0.9147454990509356
4723,8.545835184767917,0.6810195470932869,15.951909764659272,0.6559799477020604,5970.377371172707,0.264555265123362,0.6014598959698092,0.1715329865660306,0.0209392727941923,0.4129146019028764,9.520431271822636,0.2602156359113177
4724,7.839798396185969,0.2887768867699831,13.067329435945576,0.0149620968767943,5640.592097427005,0.0289943553050032,0.561337247055378,0.0377908235179265,0.0280601891509717,0.5567714979994283,9.785688838502336,0.3928444192511682
4734,8.794217949462924,0.819009971923847,14.556895984240334,0.3459768853867411,6078.478985447669,0.3417707038911924,0.6860954421354022,0.4536514737846741,0.0432822428618352,0.8642877345825295,10.79364444939614,0.8968222246980702
4739,8.382326633325073,0.5901814629583744,15.535506094346944,0.5634457987437651,6860.622045916718,0.9004443185119412,0.7826739744413374,0.7755799148044576,0.0023790767871426,0.0379611472150028,10.234067214970125,0.617033607485062
4742,8.49355256703763,0.6519736483542393,14.426659292032443,0.3170353982294318,6137.422409447036,0.3838731496050256,0.6742350919417397,0.4141169731391321,0.0257880452510795,0.5108696010319108,10.06005898466124,0.5300294923306209
4744,8.095105938914418,0.4306144105080101,15.489510453514196,0.5532245452253768,5670.689623003499,0.0504925878596419,0.6170743954585238,0.2235813181950794,0.0492646555764037,0.985144557099066,9.796525766262391,0.3982628831311968
4747,8.79186202188956,0.8177011232719787,13.695369417168113,0.1545265371484692,5957.234038790594,0.2551671705647103,0.555639432344564,0.0187981078152132,0.0276187899645946,0.5478543427190841,10.654174526031568,0.8270872630157836
4752,7.964287104971625,0.3579372805397918,13.786939382140895,0.1748754182535324,5977.856143027824,0.2698972450198745,0.6653985409281192,0.3846618030937305,0.0169665644876479,0.3326578684373327,10.217939452158294,0.6089697260791469
4759,8.84485314441038,0.8471406357835443,16.15355399110093,0.7007897758002071,5671.835481199556,0.0513110579996829,0.6827858747751431,0.4426195825838103,0.0139582263627869,0.2718833608643828,9.004526821381342,0.0022634106906709
4766,8.68841872124761,0.7602326229153386,14.087030040944752,0.2415622313210559,5997.480018561219,0.2839142989722995,0.808438580178193,0.8614619339273101,0.0357649256386655,0.7124227401750609,10.751681837669937,0.875840918834968
4772,8.932647156029207,0.8959150866828931,13.31405636249958,0.0697903027776843,5924.809627293989,0.2320068766385637,0.5673442527978104,0.0578141759927014,0.0429733524465421,0.8580475241725691,10.4874431474534,0.7437215737267
4776,9.0827178625126,0.9792877013958884,14.233414679803282,0.274092151067396,6970.5502535752585,0.9789644668394706,0.6316769696605762,0.2722565655352539,0.0376792297564374,0.7510955506351001,10.357132618870311,0.6785663094351561
4781,8.630993271140472,0.72832959507804,17.310786432191648,0.9579525404870328,5862.475363291554,0.1874824023511094,0.8077349224347805,0.859116408115935,0.040320503978018,0.804454625818546,10.460625260274789,0.7303126301373948
4786,8.545192856906946,0.6806626982816366,14.272890322543294,0.282864516120732,5785.222292496136,0.1323016374972399,0.8191524296645736,0.8971747655485789,0.0056787439871272,0.1046210906490358,10.047017725041435,0.5235088625207177
4793,8.126180924549216,0.4478782914162312,13.785268569553224,0.1745041265673828,5988.493239703343,0.2774951712166734,0.7153157954550944,0.5510526515169811,0.0345139875595073,0.6871512638284303,9.640053073788494,0.3200265368942468
4794,9.021902110998484,0.9455011727769356,17.476387484046594,0.9947527742325764,6865.611422351937,0.9040081588228122,0.6062403063385888,0.1874676877952961,0.0028335723046006,0.0471428748404173,10.086641609320464,0.5433208046602311
4799,8.346360814144756,0.5702004523026424,13.35248047978184,0.0783289955070754,5971.296458814398,0.2652117562959981,0.5860457555659166,0.1201525185530553,0.0452533164575199,0.9041074031822208,10.162436079427362,0.5812180397136814
4801,8.172240951116395,0.4734671950646641,13.070256145889246,0.0156124768642768,5946.6384982841855,0.2475989273458466,0.5645718357017223,0.0485727856724075,0.0226898680182529,0.4482801619849073,10.109694691493102,0.5548473457465507
4802,9.106418002615786,0.9924544458976592,14.432752943639445,0.3183895430309876,6124.292918247766,0.3744949416055471,0.7436565058309116,0.6455216861030386,0.0250098602873292,0.4951486926733177,10.880792126658063,0.9403960633290318
4814,8.56113338038535,0.6895185446585275,15.455387919209478,0.5456417598243284,5683.26467100616,0.0594747650044,0.5857668546072157,0.1192228486907188,0.0213223462422151,0.4206534594386896,10.473123051401814,0.7365615257009072
4820,8.271447848334374,0.528582137963541,13.891301195734211,0.1980669323853807,5752.00433944219,0.1085745281729927,0.5562915348048191,0.02097178268273,0.0107363856217214,0.2067956691256868,9.311544433741137,0.1557722168705685
4824,8.323709414039909,0.5576163411332832,17.353035087777887,0.967341130617308,5698.867630272814,0.0706197359091524,0.6145732012626816,0.2152440042089384,0.0488188426751953,0.9761382358625312,10.714538551798444,0.8572692758992214
4825,8.845603671493263,0.8475575952740354,15.206650590721928,0.490366797938206,6521.557562774113,0.6582554019815089,0.6787120535591497,0.4290401785304988,0.0169116307105918,0.3315480951634725,9.955099481378705,0.4775497406893525
4839,8.246403165333902,0.5146684251855008,13.388586815589804,0.086352625686623,5741.173566586574,0.100838261847553,0.6469726243307339,0.3232420811024463,0.0085927342010288,0.1634895798187641,10.72495829451659,0.8624791472582952
4847,8.319591878376196,0.5553288213201092,17.23618710983304,0.9413749132962312,5604.670541529259,0.0033361010923276,0.7957398953798079,0.8191329845993599,0.0483267230253336,0.9661964247542156,10.744183485604845,0.8720917428024211
4851,8.498660810700308,0.6548115615001715,15.947246336402817,0.6549436303117369,5831.521906206059,0.1653727901471846,0.6230364551831132,0.2434548506103773,0.031217179734371,0.6205490855428494,10.38699564170338,0.6934978208516892
4855,8.527252573765587,0.6706958743142152,13.11396160370882,0.0253248008241825,5966.139701279447,0.2615283580567479,0.7535599651003979,0.6785332170013264,0.0422937976144129,0.8443191437255135,9.27312206948514,0.1365610347425704
4864,8.79532395987151,0.8196244221508396,15.959606017961397,0.6576902262136435,5863.547700731423,0.188248357665302,0.7879932856539117,0.7933109521797057,0.0219998162346767,0.4343397219126622,9.166998689410963,0.0834993447054812
4871,8.183802525910098,0.4798902921722762,13.806027126751944,0.1791171392782098,5779.247409541668,0.1280338639583342,0.5935910221588813,0.1453034071962707,0.012970872901618,0.2519368262953136,10.425400817620002,0.712700408810001
4874,7.980628426908565,0.3670157927269802,13.651544627481677,0.144787694995928,6976.894683474261,0.9834962024816148,0.5990779200368099,0.1635930667893664,0.0470112925252237,0.9396220712166412,10.40724247071129,0.7036212353556452
4875,8.41725568911638,0.6095864939535448,15.124519187000736,0.4721153748890524,6689.984999042506,0.7785607136017902,0.7554188898910591,0.684729632970197,0.0368901095066194,0.735153727406453,9.75993800485537,0.379969002427685
4881,8.851997494489108,0.8511097191606164,13.647698772977508,0.1439330606616684,5950.3288540723615,0.2502348957659724,0.6999456601118883,0.4998188670396278,0.0456643485154337,0.912411081119874,10.766992534217584,0.8834962671087918
4883,8.72244949943547,0.7791386107974835,14.001518089895184,0.2225595755322633,6184.708426178486,0.4176488758417757,0.7205475597792528,0.5684918659308428,0.0425280747315438,0.8490520147786634,9.426812549683294,0.2134062748416475
4889,8.906839006985912,0.8815772261032845,14.335559804816237,0.2967910677369416,5778.387186773243,0.1274194191237452,0.6410104399310562,0.3033681331035206,0.0054951706932105,0.1009125392567783,10.419164537184624,0.709582268592312
4896,8.511261755277697,0.6618120862653875,15.491506486477851,0.5536681081061896,5764.895180148877,0.1177822715349121,0.6468581272312058,0.3228604241040195,0.0198058828082824,0.3900178345107573,9.34404182199189,0.1720209109959449
4904,8.911920041837545,0.8844000232430809,13.81194087240623,0.1804313049791622,5668.224513278241,0.0487317951987437,0.5695248547019114,0.0650828490063712,0.0167541738834932,0.3283671491614792,10.523833975087104,0.7619169875435519
4905,7.9596636211318,0.3553686784065558,13.33237738832537,0.0738616418500821,5704.524400572829,0.0746602861234493,0.8267637800291445,0.9225459334304816,0.0314317321035191,0.6248834768387698,10.00492434915386,0.5024621745769293
4927,8.82593498754323,0.8366305486351278,14.900845418041945,0.4224100928982097,5931.068266722829,0.2364773333734493,0.7927906530482784,0.8093021768275951,0.0049571164749049,0.0900427570687871,10.13980399032814,0.5699019951640697
4929,8.179893690801574,0.4777187171119852,16.329351797186487,0.7398559549303306,6414.209167656414,0.5815779768974385,0.7789330079587055,0.7631100265290183,0.0254958600394326,0.5049668694834877,9.697385219128954,0.3486926095644764
4936,9.1192685415168,0.9995936341760012,16.863814610423574,0.858625468983017,5812.04708602875,0.1514622043062495,0.8465189683149316,0.988396561049772,0.0350753705207525,0.6984923337525776,10.565318998257748,0.7826594991288736
4950,8.726153694906257,0.7811964971701433,16.21526502707269,0.714503339349487,5952.849179130785,0.252035127950561,0.8422543788737993,0.9741812629126644,0.0246129804377473,0.4871309179342901,10.30990405841025,0.6549520292051254
4952,8.036955959390404,0.3983088663280025,15.686543831840025,0.5970097404088939,5848.117967073666,0.1772271193383326,0.7791506152344139,0.7638353841147129,0.0303224102119188,0.602472933574118,10.697900256259253,0.8489501281296252
4954,8.351307921139842,0.5729488450776905,14.083241323431777,0.24072029409595,5642.017194748685,0.0300122819633464,0.8343924646494929,0.9479748821649766,0.0301475987362661,0.5989413886114366,9.37267496232357,0.1863374811617852
4960,8.083674821873611,0.4242637899297844,15.191312834434124,0.4869584076520279,6134.117959240311,0.3815128280287939,0.7343020937355385,0.6143403124517948,0.0452014799944828,0.9030602019087436,10.646955473415025,0.823477736707512
4961,9.104827119933097,0.9915706221850544,14.517863107226376,0.3373029127169723,5778.791657308415,0.127708326648868,0.8238782330564729,0.9129274435215766,0.0437814955515756,0.8743736475065795,9.624312891808822,0.3121564459044107
4966,7.880156044524122,0.3111978025134015,14.238657928671117,0.2752573174824699,5632.215090064414,0.0230107786174382,0.7104923426225006,0.5349744754083352,0.0455240083542453,0.9095759263483916,10.06244245025595,0.5312212251279749
4967,8.476486545602368,0.6424925253346488,13.692307174075804,0.1538460386835122,6953.643661042288,0.96688832931592,0.8248331112691212,0.9161103708970708,0.0442744691912564,0.8843327109344745,10.427099243196563,0.7135496215982822
4976,8.40421367896604,0.6023409327589113,15.508291888866037,0.5573981975257855,6305.859720035916,0.5041855143113686,0.6543357498080404,0.3477858326934682,0.0235232297952797,0.465115753439994,9.27369553437401,0.1368477671870051
4978,8.353954056315139,0.5744189201750778,14.602349120373535,0.3560775823052305,5601.406269538754,0.001004478241967,0.573640658126103,0.0788021937536763,0.0468654239012305,0.93667523032789,9.839437144816428,0.4197185724082134
4981,8.79281147564401,0.8182285975800059,13.626887770625189,0.1393083934722642,5970.447590999569,0.2646054221425495,0.589414944115362,0.1313831470512066,0.0147347777051024,0.2875712667697474,9.216961942288291,0.1084809711441466
4986,8.470300034868771,0.6390555749270949,14.65567782786455,0.3679284061921221,6376.939606527785,0.5549568618055608,0.5580822655054811,0.0269408850182701,0.0217223981927511,0.428735317025275,9.46836575151619,0.2341828757580951
4990,8.515653760966801,0.6642520894260012,16.46929603614075,0.7709546746979443,5651.710301524754,0.0369359296605387,0.8178777815766802,0.892925938588934,0.0445129470504225,0.8891504454630813,10.565762140218778,0.7828810701093891
4996,8.42548865990643,0.614160366614683,17.00171320205051,0.8892696004556688,6380.34201069467,0.5573871504961926,0.8329656297774081,0.9432187659246936,0.0471905897518437,0.9432442374109852,9.75664833388724,0.3783241669436197
5007,8.241436890563767,0.5119093836465369,13.307802847632466,0.0684006328072146,5784.7521214021335,0.1319658010015242,0.8002459442766341,0.8341531475887802,0.0245751162524927,0.4863659848988441,9.649934270534136,0.3249671352670681
5008,8.169162928775032,0.4717571826527961,14.711032242981778,0.3802293873292839,5962.654448519656,0.2590388917997541,0.7191396386810243,0.5637987956034142,0.0470610093225263,0.9406264509601284,10.62523277655584,0.8126163882779197
5010,8.256819525090346,0.5204552917168592,16.718588155732867,0.8263529234961924,5605.627717939052,0.0040197985278942,0.6459326822396744,0.3197756074655812,0.0049207450668468,0.0893079811484222,10.215464658460029,0.6077323292300141
5013,8.227267047185096,0.5040372484361648,13.172817733270731,0.0384039407268294,5799.122741622597,0.1422305297304258,0.8458865012894375,0.9862883376314584,0.0314397765210848,0.6250459903249472,10.60710031947592,0.8035501597379602
5019,8.596740273718046,0.7093001520655818,16.91990748823363,0.8710905529408068,6818.007382439563,0.8700052731711164,0.590822683707466,0.13607561235822,0.0406551339349692,0.8112148269690765,9.631518269662376,0.3157591348311878
5023,9.083655604235158,0.9798086690195326,14.18740172078548,0.2638670490634403,5758.907016582927,0.1135050118449481,0.6594290741241902,0.3647635804139671,0.0380597499360286,0.7587828269904782,9.54189113426812,0.2709455671340595
5027,8.612132253722715,0.7178512520681752,15.741058801154018,0.6091241780342265,5841.027899216153,0.1721627851543948,0.6714661110290651,0.4048870367635501,0.0447346121805569,0.8936285289001393,9.311929235366708,0.1559646176833546
5042,8.782970977304771,0.8127616540582068,16.823269912907506,0.8496155362016683,5637.033657241854,0.0264526123156096,0.6456682140452352,0.3188940468174508,0.0302809619976481,0.6016355959120833,10.41154030813458,0.7057701540672902
5053,8.846762599962354,0.8482014444235298,13.907777434186466,0.2017283187081036,6331.613831439869,0.5225813081713345,0.6725393984038841,0.4084646613462801,0.0292119037696414,0.5800384599927565,10.864949297414666,0.9324746487073337
5055,8.4408262216268,0.6226812342371116,16.23301376711789,0.7184475038039755,5618.858588738704,0.0134704205276459,0.7788780172624675,0.7629267242082252,0.0072739396001818,0.1368472646501386,9.354067311358092,0.1770336556790456
5056,8.830654144094394,0.8392523022746637,13.3678669048119,0.0817482010693112,5945.24291002757,0.2466020785911217,0.589893189061432,0.1329772968714399,0.039803429788468,0.7940086825953134,9.844354188452169,0.4221770942260844
5058,8.80472050534488,0.8248447251916007,16.79235582339659,0.8427457385325757,6694.34568836673,0.7816754916905215,0.7772098787930218,0.7573662626434061,0.0434905856929508,0.8684966806656731,10.196522986345904,0.598261493172952
5061,8.094962498736612,0.4305347215203396,14.419258609796868,0.3153908021770817,6478.945035274128,0.6278178823386629,0.7610899868865121,0.7036332896217069,0.0047161689003523,0.0851751293000482,10.778502462511725,0.8892512312558627
5067,8.192401861794755,0.4846677009970865,14.28200602964534,0.2848902288100758,5921.141735955799,0.2293869542541423,0.6414646729253943,0.3048822430846477,0.0074168474687284,0.1397342922975442,10.909210530277065,0.9546052651385328
5077,8.828322767802018,0.8379570932233433,14.5078623702218,0.3350805267159554,5831.831679760192,0.1655940569715654,0.7817297150427073,0.7724323834756909,0.0029577142857362,0.0496507936512377,9.359903940327715,0.1799519701638574
5082,9.07952725399682,0.9775151411093452,16.092739351862175,0.6872754115249274,6560.203328588463,0.6858595204203302,0.7315998201306199,0.605332733768733,0.013422461327484,0.2610598247976583,10.0514472894094,0.5257236447046999
5086,8.15672739996133,0.4648485555340726,13.059672922617509,0.0132606494705571,5636.466588817109,0.0260475634407921,0.6549821954866747,0.3499406516222488,0.0437495103430347,0.8737274816774688,9.933998886221891,0.4669994431109466
5089,7.339798998163324,0.0109994434240685,17.078079079677057,0.9062397954837904,6232.716230710811,0.4519401647934362,0.5565382806489749,0.0217942688299161,0.0403450861060399,0.8049512344654537,10.856592965507357,0.9282964827536778
5093,8.769275327859818,0.8051529599221213,14.924760013871447,0.4277244475269881,6970.758616057226,0.979113297183733,0.8205962089384109,0.9019873631280364,0.0075555744138759,0.1425368568459796,10.688192257981717,0.8440961289908571
5095,8.6148730702763,0.7193739279312777,13.098901343088714,0.0219780762419364,6004.047686398715,0.2886054902847963,0.6622346525681129,0.3741155085603761,0.030590068921595,0.6078801802342432,9.266476851700247,0.1332384258501242
5106,8.590230720097102,0.7056837333872787,16.35884089427701,0.7464090876171131,5635.048900234688,0.0250349287390627,0.7470002427922479,0.6566674759741594,0.0077470166158795,0.1464043760783744,9.980648987323631,0.4903244936618153
5111,8.151712907327028,0.4620627262927932,13.524119516294572,0.1164710036210159,5897.610638245281,0.2125790273180575,0.7545761542561364,0.6819205141871216,0.0191008925780007,0.3757756076363793,10.378762499273709,0.6893812496368542
5114,8.447133178067494,0.6261850989263862,14.15881664591983,0.2575148102044067,5662.098582322121,0.044356130230086,0.5528581908840782,0.009527302946927,0.0063147482460261,0.1174696615358825,10.280484310456345,0.6402421552281721
5123,8.956819433594701,0.909344129774834,13.111929195644418,0.0248731545876483,5754.883450220633,0.1106310358718808,0.6948348781874327,0.4827829272914422,0.0382571871375583,0.7627714573244105,10.703568437245323,0.8517842186226615
5128,8.731511609719552,0.7841731165108626,13.62972061023746,0.1399379133861019,5846.984678380878,0.1764176274149128,0.7593968870638781,0.6979896235462605,0.0267415356091976,0.5301320325090425,10.712004296238431,0.8560021481192164
5140,7.427114091608705,0.0595078286715025,16.93973573253827,0.8754968294529487,5973.47777269538,0.2667698376395573,0.565362205567901,0.051207351893003,0.0132842764591171,0.2582682112952954,10.144120756616571,0.5720603783082868
5153,8.432056612371554,0.617809229095308,16.886688458432833,0.8637085463184075,5827.191456964237,0.162279612117312,0.816001271451265,0.88667090483755,0.0492639518777874,0.985130340965404,9.387581688041214,0.1937908440206068
5154,7.8348861935419585,0.2860478853010881,13.77979608160476,0.173288018134391,5786.321692595532,0.1330869232825229,0.8011444385827178,0.8371481286090595,0.0379380945278183,0.7563251419761283,10.685644217320764,0.8428221086603817
5156,9.06704851414428,0.9705825078579342,15.13236221583793,0.4738582701862064,5613.867349785302,0.0099052498466447,0.6444077423477442,0.3146924744924806,0.0396056298283394,0.7900127238048378,9.906010291215782,0.4530051456078909
5172,8.044019589130258,0.4022331050723656,14.979025221696594,0.4397833825992431,5647.556588020768,0.0339689914434057,0.580962348947876,0.1032078298262531,0.0156603536717194,0.3062697711458471,9.250897125675042,0.1254485628375213
5173,9.043238889601923,0.9573549386677364,13.40237369695595,0.089416377101322,6222.299247443163,0.4444994624594021,0.7677076970211227,0.7256923234037423,0.0389054047889188,0.7758667634125019,9.96309252669825,0.481546263349125
5175,8.083692580982962,0.424273656101646,13.99685651853552,0.221523670785671,5729.6352807561325,0.0925966291115232,0.843420377826615,0.9780679260887168,0.0449313760360538,0.8976035562839163,10.551643850977989,0.7758219254889946
5189,8.183668734967329,0.4798159638707381,17.155005991440444,0.923334664764543,5639.180893934049,0.0279863528100352,0.7400863104715789,0.6336210349052632,0.030547343066977,0.6070170316561018,9.216047666225643,0.1080238331128221
5190,7.96991824626748,0.3610656923708221,14.985227256116769,0.441161612470393,5759.128894519624,0.1136634960854455,0.7853971300574853,0.784657100191618,0.0125985829017719,0.2444158161974136,10.775637327196067,0.8878186635980347
5199,8.934686097657156,0.8970478320317539,14.322376219848518,0.2938613821885595,5832.475376374151,0.1660538402672507,0.6870644332346073,0.4568814441153576,0.0064233867258227,0.1196643782994493,9.498420286631127,0.2492101433155639
5209,7.824233295799464,0.2801296087774804,15.41287056928146,0.5361934598403246,6926.855678097171,0.9477540557836938,0.8026202211706028,0.8420674039020096,0.0308671535667883,0.6134778498341081,9.033427146257592,0.0167135731287962
5239,8.207227807106205,0.4929043372812254,13.065793345179634,0.0146207433732519,6855.187565054192,0.8965625464672802,0.5754529107485435,0.0848430358284784,0.0126845845755163,0.2461532237478053,10.225089323828431,0.6125446619142164
5241,8.860504455147229,0.8558358084151281,14.187039754761445,0.2637866121692096,5939.073256999048,0.2421951835707482,0.7252284657679561,0.5840948858931868,0.0443965035744301,0.8867980520086908,10.391895930921809,0.6959479654609032
5244,9.010565913709993,0.93920328539444,17.26460408200588,0.9476897960013068,5895.468591851392,0.2110489941795653,0.8476347797718186,0.9921159325727286,0.0470968549219847,0.94135060448454,9.875425889672536,0.437712944836267
5250,8.264698528276751,0.5248325157093063,15.626410968942828,0.5836468819872951,5983.509817849481,0.2739355841782007,0.6183164810481943,0.2277216034939808,0.0241585899057525,0.4779513112273242,9.896581350359709,0.4482906751798536
5260,8.280295348581124,0.5334974158784023,16.608542965071354,0.8018984366825231,5752.723513033513,0.1090882235953666,0.6058398267659244,0.1861327558864147,0.0101146176250619,0.1942346994962008,9.632949942084622,0.3164749710423113
5267,9.007613266368791,0.9375629257604396,13.304461035465572,0.0676580078812382,5972.668785135129,0.2661919893822347,0.8276053588834031,0.9253511962780108,0.0012748572216549,0.0156536812455544,10.609141676099636,0.8045708380498179
5277,8.994732920698029,0.9304071781655724,13.57955433469264,0.1287898521539199,5939.547968569848,0.2425342632641776,0.774025317966444,0.7467510598881468,0.0035598699934809,0.0618155554238571,10.879183232466817,0.9395916162334076
5284,7.628103697419013,0.1711687207883404,15.113309894285273,0.4696244209522826,5682.107314378709,0.058648081699078,0.7595355759644874,0.6984519198816247,0.0212237835787758,0.4186622945207244,9.363447429592595,0.1817237147962985
5286,8.733110104955378,0.7850611694196548,16.076323021949047,0.6836273382108993,5891.949156417262,0.2085351117266157,0.7432687695563271,0.6442292318544239,0.0299121043916675,0.5941839271043958,10.574827892218376,0.7874139461091885
5292,8.524632637025647,0.6692403539031379,14.658999100054588,0.368666466678797,5924.756734475764,0.2319690960541166,0.6303729586157762,0.2679098620525876,0.0251458052076057,0.4978950546991052,10.034765976835676,0.5173829884178376
5293,9.07082133751691,0.9726785208427282,14.643783410983408,0.3652852024407574,5673.5722832427655,0.0525516308876893,0.7174278036411497,0.5580926788038323,0.0093730459335921,0.1792534532038826,10.375599381717404,0.6877996908587015
5295,8.901795151474202,0.8787750841523346,13.83314489845435,0.1851433107676331,6037.245568315258,0.3123182630823272,0.7688642302018147,0.7295474340060493,0.0490008343043073,0.9798148344304516,9.847315919337904,0.4236579596689515
5300,8.929529091662454,0.8941828287013639,14.84368712876996,0.4097082508377688,5823.75374645164,0.1598241046083144,0.810819699007667,0.8693989966922233,0.0218635943045369,0.431587763728019,10.588551298501988,0.7942756492509939
5304,8.215188275089941,0.4973268194944116,13.77136500274888,0.1714144450553065,5699.5892755541445,0.071135196824389,0.7270654451290433,0.5902181504301443,0.0133035234472585,0.2586570393385556,9.5779189862412,0.2889594931206002
5305,8.979739041122974,0.9220772450683196,16.380065876371777,0.7511257503048395,5917.562266944497,0.2268301906746411,0.7008426195903373,0.5028087319677911,0.0458929076518324,0.917028437410756,9.726139765078525,0.3630698825392613
5310,9.032144987802566,0.9511916598903146,13.97091916190758,0.2157598137572397,5846.22451450273,0.1758746532162354,0.6374199340525553,0.2913997801751842,0.0159031644166262,0.3111750387197213,10.775292840993416,0.8876464204967078
5312,8.650648226318825,0.7392490146215699,13.43624083347255,0.0969424074383444,5658.595012115318,0.0418535800823703,0.6279092649995235,0.2596975499984115,0.0298843708385754,0.5936236533045544,9.892753247405764,0.446376623702882
5318,8.686247902309194,0.759026612393997,16.188521900932503,0.7085604224294453,5756.2497278332685,0.1116069484523348,0.6700089437167267,0.4000298123890887,0.0180661831447322,0.3548723867622675,9.976437581645213,0.4882187908226061
5322,7.995531687225094,0.3752953817917192,13.714038284858338,0.1586751744129642,6048.518321260816,0.3203702294720114,0.7953672979191614,0.8178909930638713,0.0184784343431871,0.3632006938017605,9.458583253421956,0.2292916267109782
5323,8.085670365775076,0.4253724254305976,14.813171933725672,0.4029270963834829,5906.295028122438,0.2187821629445989,0.7420926491237605,0.6403088304125352,0.0489136455429852,0.9780534453128334,10.961801514676177,0.9809007573380888
5329,8.937244114898764,0.8984689527215357,14.64000235280601,0.3644449672902241,5729.518679214347,0.0925133422959617,0.5738283731648459,0.0794279105494863,0.0183609902896051,0.36082808665869,10.644750914939491,0.8223754574697462
5339,8.761953094028566,0.8010850522380929,13.68252070763157,0.1516712683625711,5829.831335126416,0.1641652393760113,0.5873376530779444,0.1244588435931479,0.0426291320890629,0.8510935775568271,10.435475759788908,0.7177378798944534
5345,9.016479771905855,0.94248876216992,14.00630881542872,0.2236241812063824,6085.140822589861,0.3465291589927578,0.8206487586437854,0.9021625288126182,0.0110434986039288,0.2129999717965425,10.550200356685565,0.7751001783427821
5348,9.108279838129148,0.993488798960638,16.557125020950057,0.7904722268777904,6393.482990981063,0.5667735649864738,0.7483172781550435,0.6610575938501447,0.0124346857190697,0.2411047620014096,9.684450700587734,0.342225350293867
5365,7.972469704916774,0.362483169398208,13.73826209471925,0.1640582432709446,5797.979780707318,0.1414141290766559,0.7289200403788582,0.5964001345961938,0.0151711552168437,0.2963869740776507,10.621706791563136,0.8108533957815675
5378,7.812613187399704,0.2736739929998358,13.905154399318468,0.2011454220707706,5611.694462761468,0.0083531876867628,0.7777284543683923,0.7590948478946412,0.0411199174152131,0.8206043922265283,10.735349805380926,0.8676749026904629
5381,8.367207150264228,0.5817817501467936,14.01447152767047,0.2254381172601042,5780.964093706052,0.1292600669328945,0.7890610292544284,0.7968700975147613,0.0015303425474126,0.0208150009578316,9.153222506696569,0.0766112533482841
5385,8.288357945246563,0.5379766362480904,13.719339687308626,0.1598532638463612,6043.233535544242,0.3165953825316013,0.6840116244000137,0.4467054146667123,0.0320089445985101,0.6365443353234375,10.047783375316982,0.5238916876584906
5388,8.001049042756954,0.3783605793094192,16.10351914628753,0.6896709213972283,5894.139850103003,0.2100998929307163,0.621610108715828,0.2387003623860931,0.0464937089916085,0.929165838214313,10.503645658052726,0.751822829026363
5393,9.039009794858275,0.9550054415879308,14.184380461648072,0.2631956581440159,5853.60519091154,0.1811465649368143,0.7774141130662714,0.758047043554238,0.0479921793935122,0.9594379675457024,9.91385244775016,0.4569262238750792
5395,9.002423755163148,0.9346798639795276,15.22982548954034,0.4955167754534084,5905.787107813025,0.2184193627235893,0.7791326298479466,0.7637754328264887,0.0130831352748352,0.2542047530269752,10.687442027357214,0.8437210136786071
5396,8.744997513598248,0.7916652853323606,17.12347402108168,0.9163275602403734,5628.432865912554,0.0203091899375383,0.7551078343197444,0.6836927810658147,0.0022640043564605,0.0356364516456686,10.391114759956656,0.6955573799783282
5402,8.494959080190846,0.6527550445504704,13.62022252984039,0.13782722885342,5737.221170109941,0.0980151215071011,0.8414055075957381,0.971351691985794,0.0044847696986228,0.0805003979519765,10.838648930879083,0.9193244654395424
5409,8.02647931548583,0.392488508603239,13.232469006125692,0.0516597791390428,5982.32237704317,0.2730874121736926,0.6516867500566674,0.3389558335222246,0.0114089854631634,0.2203835447103729,10.354122207169096,0.6770611035845474
5411,8.047894117213971,0.4043856206744289,15.528483004061394,0.5618851120136431,5727.406128376287,0.091004377411633,0.6923489219434347,0.4744964064781154,0.0299130071487335,0.594202164620879,10.704640575226192,0.8523202876130962
5412,8.997094554651834,0.9317191970287976,15.78783417443908,0.6195187054309067,6067.746919533251,0.3341049425237501,0.7255773483145855,0.5852578277152851,0.0381120077221996,0.7598385398424176,10.5581745138613,0.7790872569306498
5422,8.073050534408926,0.4183614080049592,17.04348488715868,0.8985521971463734,5607.394635717354,0.0052818826552528,0.649492836533564,0.3316427884452135,0.022411243467822,0.4426513831883241,9.59607193244891,0.2980359662244548
5427,8.241730865771558,0.5120727032064211,14.577636375846982,0.3505858612993291,5658.825664384765,0.0420183317034037,0.7097195081199162,0.5323983603997208,0.0379795306137838,0.7571622346218949,9.32833135819441,0.164165679097205
5428,8.233271277885363,0.5073729321585351,15.33921723216188,0.5198260515915286,5862.201090696273,0.1872864933544807,0.651735326409919,0.33911775469973,0.0126787053814093,0.2460344521496839,10.66912600250464,0.8345630012523201
5437,8.007996821647891,0.3822204564710513,14.003407748621676,0.2229794996937057,5769.03091695699,0.1207363692549932,0.6940234509302992,0.4800781697676638,0.0274160985412585,0.5437595664900707,10.492845262253828,0.7464226311269144
5448,8.81296839031162,0.8294268835064551,14.256216838451994,0.2791592974337764,5786.695815320541,0.1333541538003869,0.7317309959128893,0.6057699863762975,0.0467069806115797,0.9334743557894896,9.258636310398892,0.1293181551994469
5454,8.157747786743352,0.4654154370796398,13.631110707045114,0.1402468237878028,5924.151895864068,0.2315370684743344,0.7547425451416061,0.6824751504720201,0.0448599933554533,0.8961614819283507,9.684350241251147,0.342175120625575
5455,8.379098553951003,0.5883880855283352,13.42564730655432,0.0945882903454047,5827.0126921125575,0.1621519229375413,0.8366740140005134,0.9555800466683784,0.0425846147316817,0.8501942370036725,10.10331253807912,0.5516562690395599
5460,8.940737098711153,0.9004094992839741,15.523630014819023,0.5608066699597827,5837.35175219938,0.1695369658567002,0.5653033177078849,0.051011059026283,0.0343206217359456,0.6832448835544583,9.42312787466728,0.2115639373336403
5462,8.04292619507399,0.4016256639299943,13.250471861744002,0.0556604137208892,6019.192232059047,0.2994230228993189,0.6580480671110481,0.3601602237034937,0.0336003541439016,0.6686940231091251,9.47098289328921,0.2354914466446057
5464,8.564360604024793,0.6913114466804411,13.808054177854798,0.179567595078844,5778.2141165393705,0.127295797528122,0.6871070664863915,0.4570235549546383,0.0076457037509333,0.1443576515340073,10.621395052437917,0.8106975262189576
5472,8.515281920022675,0.6640455111237087,13.06003075385286,0.0133401675228574,5722.459092350139,0.0874707802500994,0.7036755704133197,0.5122519013777322,0.0295009505094036,0.5858777880687599,10.636446084945026,0.818223042472513
5473,8.87712149375684,0.8650674965315787,14.920825911024798,0.426850202449955,6737.405432406411,0.8124324517188647,0.6341885951495474,0.2806286504984914,0.0216060004338558,0.4263838471486029,9.312294736318108,0.156147368159053
5482,7.996493832755672,0.3758299070864841,13.682873662940494,0.1517497028756654,6068.831936264759,0.3348799544748276,0.6980857804587343,0.4936192681957807,0.0057520960215298,0.1061029499298965,10.899667661709838,0.9498338308549196
5494,8.29053474773513,0.5391859709639613,14.143110399785176,0.2540245332855948,6002.006000537883,0.2871471432413446,0.6449255212426082,0.316418404142027,0.0451002005024675,0.9010141515650016,10.81745003380414,0.9087250169020706
5496,8.683632558487156,0.7575736436039756,13.576071686925903,0.1280159304279784,5742.922725152507,0.1020876608232196,0.602485099389723,0.1749503312990764,0.0315841425846578,0.6279624764577334,9.956493693812687,0.4782468469063438
5504,8.237236078364766,0.5095755990915369,17.05100531911829,0.900223404248509,6095.504841960994,0.3539320299721388,0.7419072731061584,0.6396909103538616,0.0116817270807665,0.2258934763791222,10.415357343970012,0.7076786719850061
5510,8.853348328186202,0.8518601823256686,15.992996428150192,0.6651103173667096,5791.778453980083,0.136984609985774,0.6805645967217863,0.435215322405954,0.0498998134968843,0.9979760302400872,10.862602632255578,0.931301316127789
5511,8.023704282881253,0.3909468238229181,14.555424475709687,0.3456498834910421,5663.74168718634,0.0455297765616712,0.7226610641145922,0.575536880381974,0.0020710127213369,0.0317376307340804,9.50163256713085,0.2508162835654249
5512,8.016089081068351,0.3867161561490845,14.151789871176598,0.2559533047059107,5968.253797308225,0.2630384266487326,0.6378551326289253,0.2928504420964178,0.0342503981759793,0.6818262257773611,10.743179219975394,0.8715896099876969
5520,8.40196738826072,0.6010929934781785,13.174552291774503,0.0387893981721116,6824.207854113762,0.8744341815098294,0.7535227104520758,0.6784090348402526,0.0169607143135425,0.3325396831018689,9.9287339369485,0.4643669684742502
5525,8.402892264400332,0.6016068135557406,13.50691765546602,0.1126483678813377,5982.371699289164,0.273122642349403,0.6319159207702694,0.273053069234231,0.0196130479258634,0.3861221803204732,9.967172706417234,0.4835863532086171
5526,9.0707366184459,0.9726314546921672,15.474904107426488,0.5499786905392194,5735.44539732014,0.0967467123715282,0.7343235861828945,0.6144119539429818,0.0086482624501825,0.1646113626299514,10.262297145360645,0.6311485726803211
5531,8.71158866485801,0.7731048138100051,13.573195529253637,0.1273767842785856,6002.849346487994,0.2877495332057096,0.7011774674091047,0.5039248913636821,0.048687997612507,0.9734949012627688,9.561385475172967,0.2806927375864834
5533,8.40037321117036,0.6002073395390891,13.944012573668171,0.2097805719262604,6693.130899719528,0.7808077855139485,0.6752902995628065,0.4176343318760216,0.0168596525111394,0.3304980305280697,9.916767544412092,0.4583837722060462
5535,8.98034267160825,0.9224125953379172,17.331273245559636,0.9625051656799188,5668.155229278602,0.0486823066275727,0.7230600024132536,0.5768666747108455,0.0213125782950261,0.4204561271722462,10.908930550148716,0.9544652750743592
5539,8.145430940642363,0.4585727448013129,13.204717560241315,0.0454927911647365,5831.531815227809,0.1653798680198633,0.7320998213686115,0.6069994045620385,0.0005892412277664,0.0018028530861914,10.248325100122326,0.624162550061163
5544,8.028356983776497,0.3935316576536097,15.925502599768231,0.6501116888373851,5658.470277241229,0.0417644837437349,0.5524046957714521,0.0080156525715068,0.0332699631926359,0.6620194584370893,10.3988314853087,0.6994157426543497
5552,8.323280099051125,0.5573778328061813,17.307771464727544,0.9572825477172318,5861.770729660111,0.1869790926143647,0.7106828854419632,0.5356096181398775,0.0263184542871017,0.5215849350929644,10.98067295082284,0.99033647541142
5557,8.112808846865333,0.4404493593696296,16.46963276998934,0.7710295044420751,5604.832957309237,0.0034521123637406,0.5710684442121395,0.0702281473737984,0.0455638257888475,0.9103803189666172,10.141714000564164,0.5708570002820819
5566,7.89646940427704,0.320260780153911,14.877658337330027,0.4172574082955617,6537.258364492515,0.6694702603517968,0.6405357572071979,0.3017858573573262,0.0014476994211274,0.0191454428510587,10.772166963877051,0.8860834819385255
5568,8.895714065842878,0.8753967032460436,13.000058630028786,1.3028895285871478e-05,5954.087869725246,0.2529199069466039,0.5776558881059214,0.0921862936864045,0.0033817022943644,0.0582162079669585,10.395735157181694,0.697867578590847
5578,8.817499930448271,0.8319444058045952,13.427019287843322,0.0948931750762938,6016.1735730785,0.2972668379132144,0.63271503310844,0.2757167770281333,0.0032156312124816,0.0548612366157905,10.705532682305751,0.8527663411528764
5580,8.941835070674154,0.9010194837078632,14.092788040030078,0.2428417866733505,5961.909238541614,0.2585065989582958,0.7895418989165961,0.7984729963886535,0.0367801119239581,0.7329315540193555,10.18366970701426,0.5918348535071295
5591,8.762453548376836,0.8013630824315756,13.984837336538268,0.2188527414529486,5996.862603251485,0.2834732880367752,0.5967483864839933,0.1558279549466442,0.0484583122412162,0.9688547927518432,9.506140279525708,0.253070139762854
5601,8.743210078974606,0.790672266097004,13.619912031678592,0.1377582292619091,6156.230173854474,0.3973072670389096,0.72011744117769,0.5670581372589668,0.0462883152572834,0.9250164698441106,9.439511089748002,0.2197555448740008
5604,8.370063781563132,0.5833687675350735,15.374071820675365,0.5275715157056362,5740.918208500672,0.1006558632147659,0.572464379144383,0.0748812638146098,0.0057828817721338,0.1067248842855314,10.342662902280871,0.6713314511404367
5608,8.98258547581982,0.923658597677678,13.202818596656622,0.045070799257027,5957.156428650655,0.2551117347504678,0.8362325037303645,0.9541083457678818,0.0405405157187328,0.8088993074491492,10.099263673390752,0.549631836695376
5617,8.05907564233694,0.4105975790760773,16.405626846183658,0.7568059658185909,6963.673033072501,0.9740521664803584,0.8147038469994944,0.8823461566649813,0.0169467609836088,0.3322577976486631,10.623152556428686,0.811576278214343
5620,8.737464036213662,0.7874800201187014,15.964374928277865,0.6587499840617478,5632.772133240459,0.0234086666003278,0.7253738534941857,0.5845795116472856,0.0334647809556224,0.6659551708206545,10.702276347300552,0.8511381736502758
5629,8.726049332358196,0.781138517976776,13.409748514968962,0.0910552255486581,5834.151721958295,0.1672512299702103,0.5773925953710592,0.0913086512368639,0.0115305186666657,0.2228387609427433,9.10406715115708,0.0520335755785398
5636,8.960826258666183,0.9115701437034348,13.4271299708516,0.0949177713003555,5743.521964149128,0.1025156886779484,0.8378337604986434,0.9594458683288112,0.0150057331279251,0.293045113695457,10.253297762364785,0.6266488811823916
5640,8.090819918690839,0.4282332881615771,17.334293677850436,0.9631763728556528,5623.434551504136,0.0167389653600971,0.7201237578747385,0.5670791929157949,0.0428937151600645,0.8564386901023133,10.335960411270884,0.6679802056354424
5641,8.708311488907965,0.771284160504425,14.288558595402588,0.2863463545339082,5737.513435683912,0.0982238826313656,0.6434722176272787,0.3115740587575957,0.0213021041239973,0.4202445277575227,10.930868261322123,0.965434130661062
5646,8.367801855855081,0.5821121421417119,13.66859219572435,0.1485760434943003,5909.80647446902,0.2212903389064429,0.739924122585168,0.6330804086172269,0.0284684663716091,0.5650195226587699,9.438450990515491,0.2192254952577463
5648,8.685608763598129,0.7586715353322938,14.338458917134927,0.297435314918873,5718.434316240187,0.0845959401715623,0.5832228630587087,0.1107428768623622,0.0078043986389485,0.1475636088676466,10.21183984181967,0.6059199209098348
5650,8.072820637583485,0.4182336875463804,16.616060244966608,0.8035689433259126,5798.296177473732,0.1416401267669517,0.6533579250885964,0.3445264169619879,0.0425988331474618,0.8504814777265023,10.665831355221796,0.8329156776108982
5665,8.031345941650361,0.395192189805756,13.841365649977188,0.1869701444393752,5876.934819411451,0.1978105852938935,0.6126918702375919,0.2089729007919729,0.0284515658196956,0.5646780973675888,9.777918550679203,0.3889592753396018
5666,8.518967883197345,0.6660932684429699,13.185351066531798,0.0411891258959549,6125.882427535172,0.3756303053822657,0.8331587743040907,0.9438625810136356,0.0280072556365708,0.5557021340721389,9.830768069788633,0.4153840348943158
5678,8.151029645056058,0.4616831361422541,13.87067516863528,0.1934833708078401,6667.897159785698,0.762783685561213,0.7453771418700988,0.6512571395669963,0.0364226703270721,0.7257105116580227,9.69664130640049,0.3483206532002448
5683,7.92986329465456,0.3388129414747557,13.291712201572931,0.0648249336828736,5663.288071213355,0.0452057651523963,0.5520492061158875,0.0068306870529583,0.0391279359652861,0.7803623427330527,9.242306085642175,0.1211530428210881
5686,8.576864651070839,0.6982581394837992,16.151658086572983,0.7003684636828847,5642.091360819852,0.0300652577284653,0.7233273927543241,0.577757975847747,0.0476394919103545,0.9523129678859504,10.006271967877074,0.5031359839385369
5688,8.512918433056367,0.6627324628090927,14.5854504377285,0.3523223194952219,5607.553193216843,0.0053951380120309,0.7786075532330532,0.7620251774435108,0.0041807993084842,0.0743595819895811,10.290594260767444,0.6452971303837222
5702,8.272785620884108,0.5293253449356159,14.215084020165069,0.2700186711477926,5631.513886755413,0.0225099191110097,0.5646041068286114,0.048680356095371,0.0196441658944612,0.3867508261507313,10.878138026951822,0.9390690134759108
5708,8.225234072095624,0.5029078178309028,16.48938481776168,0.7754188483914852,5670.254245485765,0.0501816039184035,0.5912130795185686,0.1373769317285618,0.0294758889360373,0.5853714936573203,9.582163500489592,0.2910817502447961
5709,8.85192772405906,0.8510709578105892,13.295899709237524,0.0657554909416722,5641.6007893917085,0.0297148495655058,0.6588920108713245,0.3629733695710816,0.0081700495052687,0.1549504950559334,10.609484582616345,0.804742291308171
5716,8.241190245388276,0.5117723585490426,14.468687315262276,0.3263749589471726,5736.377592145433,0.0974125658181662,0.6988973100655176,0.4963243668850585,0.0392879374943123,0.7835946968547955,9.801347706636212,0.400673853318106
5732,8.883174275585743,0.8684301531031908,13.753413737235814,0.1674252749412917,5705.337503007862,0.0752410735770444,0.5725474634396239,0.0751582114654129,0.0120325508806167,0.2329808258710458,9.124639866491163,0.0623199332455818
5741,8.309431369584388,0.5496840942135488,14.505293853144623,0.3345097451432495,5837.810149798282,0.1698643927130581,0.5970265368386273,0.156755122795424,0.0174182287179058,0.341782398341532,10.213934035413931,0.6069670177069666
5742,8.22216084867212,0.5012004714845113,16.60025448402951,0.8000565520065579,6296.907468821822,0.4977910491584442,0.7880346563012621,0.7934488543375406,0.0163679017207078,0.3205636711254104,9.253861676647562,0.1269308383237805
5744,8.247455927409263,0.5152532930051464,17.44523200019315,0.9878293333762552,5819.274166999358,0.1566244049995419,0.6278605424950378,0.2595351416501258,0.0466683051861218,0.9326930340630668,10.896558131363992,0.948279065681996
5746,8.873025445948784,0.8627919144159919,13.807369329804512,0.1794154066232249,5990.092857235355,0.278637755168111,0.5676023981690399,0.0586746605634663,0.0187234738319526,0.3681509865040936,10.811513365377069,0.9057566826885338
5755,8.048173411792318,0.4045407843290659,15.306409317739448,0.5125354039420996,5766.189869705507,0.1187070497896478,0.8116605644134018,0.872201881378006,0.0487487930638256,0.9747230921984982,10.433283549096895,0.7166417745484485
5757,8.157668503154007,0.4653713906411146,14.488805022192413,0.3308455604872027,6856.283418038462,0.8973452985989008,0.7482578762180404,0.660859587393468,0.0224706241213296,0.4438509923500939,9.071163291319673,0.0355816456598362
5762,8.102343703560454,0.4346353908669184,13.846565057019037,0.1881255682264526,5811.09707601645,0.1507836257260358,0.8122801688298622,0.8742672294328742,0.0026620449254665,0.0436776752619499,9.682879828513803,0.3414399142569017
5769,8.956936804937799,0.9094093360765556,15.287707160875357,0.5083793690834124,5820.682322017859,0.1576302300127564,0.6801746723939209,0.433915574646403,0.0368035584260466,0.7334052207282158,10.296798033386109,0.6483990166930534
5774,8.564176068540254,0.6912089269668077,13.025002936030033,0.0055562080066738,6124.656423687178,0.3747545883479842,0.8416958871958579,0.9723196239861928,0.0286392866687491,0.5684704377525079,9.71987680537648,0.3599384026882395
5775,8.290701430804713,0.539278572669285,14.202738912251434,0.2672753138336521,6006.753614312235,0.2905382959373106,0.742399735808641,0.6413324526954701,0.0440373234858353,0.8795418886027352,9.422814912579309,0.2114074562896545
5781,8.091993577138565,0.4288853206325363,13.001989222822695,0.0004420495161547,6156.849322735177,0.3977495162394121,0.8338326860793951,0.9461089535979836,0.0073596954455802,0.1385797059713189,10.56559767256009,0.782798836280045
5786,8.309247691995113,0.5495820511083964,14.255017356011336,0.2788927457802966,6651.016948826882,0.7507263920192018,0.6608282035555583,0.3694273451851942,0.0138782610880999,0.2702679007696968,10.102018976645033,0.551009488322516
5796,8.790226778599859,0.8167926547776994,16.91025190718582,0.8689448682635154,5718.813094111093,0.084866495793638,0.8190636234699264,0.8968787448997549,0.010951586789582,0.2111431674663045,10.29555860864892,0.6477793043244606
5797,9.036441675073672,0.9535787083742636,16.79115955466549,0.8424799010367758,5814.204195900857,0.1530029970720405,0.8498716167570064,0.9995720558566882,0.0277087508160596,0.549671733657771,9.576899949684522,0.2884499748422614
5800,9.103927964333115,0.9910710912961752,14.932540048142604,0.4294533440316898,5829.5281039074325,0.163948645648166,0.5990095663014607,0.1633652210048688,0.0410501808167701,0.819195572055963,10.067032507197396,0.5335162535986985
5811,8.349536140143341,0.5719645223018559,13.942520720365,0.2094490489699998,6075.411807898531,0.3395798627846652,0.8151711703125117,0.883903901041706,0.0290912017136806,0.5776000346198108,9.471909912393617,0.2359549561968088
5812,8.784318645669563,0.8135103587053127,13.468656493518324,0.1041458874485163,5637.246526397577,0.0266046617125549,0.7653464380722275,0.7178214602407582,0.0310128339919946,0.6164208887271644,10.728906221426543,0.8644531107132716
5818,7.605049796853295,0.1583609982518306,17.43785880054169,0.98619084456482,6352.054940632717,0.5371821004519407,0.5591607520209578,0.0305358400698592,0.0119741255443451,0.2318005160473769,10.832694847380232,0.9163474236901162
5821,8.119039686646099,0.443910937025611,16.498056739464396,0.7773459421031986,5653.451625259134,0.038179732327953,0.8134156185529567,0.8780520618431892,0.0312932323283019,0.6220855015818578,10.864233048308543,0.9321165241542716
5829,8.966346949444315,0.9146371941357312,16.30517601282969,0.734483558406598,5630.824004654315,0.0220171461816534,0.8195020307365185,0.8983401024550618,0.0017879798931214,0.0260197958206358,9.180420027535192,0.0902100137675958
5830,8.82628919816619,0.8368273323145501,14.25997484537632,0.2799944100836267,5954.910195236225,0.2535072823115891,0.5636819228045196,0.0456064093483985,0.0066753912251204,0.1247553782852609,10.422537260628648,0.7112686303143241
5834,8.885123252171645,0.8695129178731369,13.841969569112315,0.1871043486916254,5724.2209723385895,0.0887292659561351,0.7238458032523447,0.579486010841149,0.0368159085302444,0.7336547177827164,10.758889022004912,0.8794445110024569
5849,7.896319600953201,0.3201775560851118,14.013082487492582,0.225129441665018,5631.55410306719,0.0225386450479929,0.6541149870349049,0.3470499567830163,0.0247307038054604,0.4895091677870797,9.556965956957391,0.2784829784786957
5851,8.33436528328733,0.5635362684929607,15.106453152039515,0.468100700453226,5795.343121753544,0.1395308012525308,0.8435374753518297,0.9784582511727656,0.0091956205444747,0.1756691019085806,10.080201820708496,0.5401009103542476
5864,8.74285266837157,0.7904737046508727,16.574223247485172,0.7942718327744825,5807.3573631281615,0.1481124022344011,0.6858470437640598,0.4528234792135326,0.0135320397341731,0.2632735299832951,10.63021778396277,0.8151088919813854
5881,8.513736736576986,0.6631870758761031,13.329474512849067,0.0732165584109039,5676.8240518096745,0.054874322721196,0.7965911027681054,0.8219703425603515,0.0284646590692449,0.5649426074594947,10.43571377841104,0.7178568892055193
5883,8.47755555530828,0.6430864196157113,14.155190627519406,0.2567090283376458,5881.137137009181,0.2008122407208437,0.7617635939161104,0.7058786463870345,0.0022085437324388,0.0345160349987644,9.465136011515622,0.232568005757811
5884,9.095537234709232,0.9864095748384628,14.917344812761918,0.4260766250582042,6234.665739359051,0.4533326709707508,0.7067089589987482,0.5223631966624939,0.0264976326008115,0.5252046990062932,10.743147398710564,0.8715736993552832
5886,8.99387351415019,0.9299297300834392,13.974757599028525,0.2166127997841164,6639.517069263578,0.7425121923311272,0.7689488579488932,0.7298295264963109,0.0460370205911059,0.9199398099213324,9.831358988499792,0.4156794942498959
5893,8.454360540577264,0.6302003003207027,15.402778948561776,0.5339508774581722,5886.551899742389,0.2046799283874203,0.6959577659063845,0.4865258863546147,0.0228166339471254,0.4508410898409175,10.49716001726319,0.7485800086315949
5895,8.760390077910042,0.8002167099500243,15.999470136720898,0.6665489192713108,5600.498863726618,0.0003563312332985,0.6524929153221445,0.3416430510738149,0.0075194566183004,0.1418072044101097,10.181501352338248,0.5907506761691242
5911,8.171736403506204,0.4731868908367799,16.2119174633063,0.7137594362902886,5982.261734818692,0.2730440962990657,0.636039007163034,0.2867966905434463,0.0206783011257348,0.4076424469845433,10.138762795343965,0.5693813976719824
5912,8.035469513973425,0.3974830633185695,15.455128086477767,0.5455840192172818,5930.113129861973,0.2357950927585519,0.7965486727639256,0.8218289092130855,0.0165379309659929,0.3239986053735956,10.830729191100184,0.9153645955500912
5918,8.179659836998686,0.4775887983326038,16.234934998326892,0.7188744440726424,5642.089552830708,0.0300639663076486,0.8496863861443391,0.9989546204811306,0.0495724416936142,0.9913624584568528,10.658023096260624,0.8290115481303125
5929,9.007269764418483,0.9373720913436026,16.254975181276325,0.7233278180614057,5787.301281932655,0.1337866299518962,0.8237597303219367,0.9125324344064558,0.015441667545929,0.3018518696147275,10.935762360310042,0.9678811801550206
5931,8.19959225331079,0.4886623629504386,13.294863413481126,0.0655252029958058,5849.908950489818,0.178506393207013,0.7501551023421127,0.667183674473709,0.0183661110279141,0.3609315359174565,10.170381163169951,0.5851905815849767
5932,8.754280773358108,0.7968226518656163,14.45207661530403,0.3226836922897843,6718.712634213463,0.7990804530096167,0.6091962998144365,0.1973209993814546,0.0472256705222676,0.9439529398437906,9.895318366844762,0.4476591834223812
5936,8.711959136952945,0.773310631640525,15.825320162667277,0.6278489250371723,6233.847340320963,0.4527481002292591,0.6131008426846744,0.2103361422822478,0.0091817628141458,0.1753891477605214,10.342141751698207,0.6710708758491037
5939,7.48598520709777,0.0922140039432058,15.249383522383166,0.4998630049740371,6450.951612230667,0.6078225801647616,0.5717743904748093,0.0725813015826973,0.0146125786477266,0.2851025989439733,10.779562725540083,0.8897813627700415
5942,7.963948339770167,0.3577490776500927,13.841360499761713,0.1869689999470467,5974.049500957788,0.2671782149698485,0.6021353217745445,0.1737844059151484,0.0411375144781064,0.820959888446594,10.247587484195414,0.6237937420977064
5947,8.113207624437154,0.440670902465085,14.746400341346856,0.3880889647437456,5824.193843521788,0.1601384596584197,0.7714530399593097,0.7381767998643658,0.0035734560432073,0.0620900210748956,10.776466721695977,0.8882333608479885
5950,8.621979357181067,0.7233218651005932,13.103241657113264,0.0229425904696142,6391.19851792232,0.565141798515943,0.5792015318450017,0.0973384394833388,0.0487484194358538,0.974715544158664,9.05563306814678,0.02781653407339
5954,8.662407738036386,0.7457820766868811,15.032704398022933,0.4517120884495403,6545.906640908535,0.6756476006489536,0.6711109650784288,0.4037032169280958,0.0218774515525046,0.4318677081314067,9.496762210425338,0.2483811052126686
5959,8.467995061480291,0.6377750341557177,14.967256403562017,0.437168089680448,5866.5799834866575,0.1904142739190414,0.5644028119573405,0.0480093731911349,0.0412620568929136,0.8234758968265388,10.478218832357564,0.7391094161787825
5971,9.084906476552918,0.9805035980849548,15.500654749718633,0.5557010554930291,5709.217419504449,0.0780124425031779,0.6532357191701103,0.3441190639003673,0.0371554732204586,0.7405146105143157,10.284167339818982,0.6420836699094914
5974,8.505931657743078,0.658850920968377,14.271971985971549,0.2826604413270102,6559.704089994687,0.6855029214247762,0.6951632305744074,0.4838774352480248,0.0232197652465392,0.4589851564957431,10.91504248413026,0.95752124206513
5976,8.813590395715948,0.8297724420644167,15.16204252485533,0.4804538944122958,5880.9132929448615,0.2006523521034727,0.7658091793960531,0.7193639313201768,0.045583690058981,0.9107816173531522,9.896709822937389,0.4483549114686932
5977,8.489533522572804,0.6497408458737804,14.74464283050794,0.3876984067795423,6508.434712353509,0.6488819373953638,0.8349003379283868,0.949667793094623,0.0135050495080298,0.2627282728894921,10.676613875966352,0.838306937983177
5978,8.492486053344205,0.6513811407467804,15.178598739209024,0.4841330531575607,6285.980682757615,0.4899862019697247,0.770347400163198,0.7344913338773266,0.0406000714663515,0.8101024538656884,10.962348738677417,0.9811743693387076
5979,8.484596969367452,0.6469983163152515,13.996527628711783,0.2214505841581744,6396.916629529876,0.5692261639499113,0.6566854607193018,0.3556182023976726,0.0200251459531965,0.3944473929938691,9.804326817738596,0.4021634088692969
5994,8.164981197606565,0.4694339986703137,15.336980353347029,0.5193289674104505,5704.259255750709,0.0744708969647918,0.5711508941115786,0.0705029803719283,0.0398198154446904,0.7943397059533416,9.64857262037373,0.324286310186865
6026,8.546972322191264,0.6816512901062584,15.619499075612396,0.5821109056916438,6470.786841819106,0.621990601299361,0.5830059089042202,0.1100196963474007,0.0294061774354804,0.5839631805147559,9.904858424054272,0.4524292120271361
6028,8.563034931563285,0.690574961979603,16.565276212952455,0.7922836028783234,5721.941189164417,0.0871008494031548,0.7889216917257934,0.7964056390859782,0.0190275132256459,0.3742931964776957,9.822365963726249,0.4111829818631239
6030,8.991391892242614,0.9285510512458968,15.308474700981751,0.5129943779959447,5752.232760896301,0.1087376863545013,0.6324232931316377,0.2747443104387922,0.0117485393280829,0.2272432187491507,9.491316632385452,0.2456583161927256
6034,8.991472309882317,0.9285957277123986,14.830153733086435,0.4067008295747639,5864.262177382656,0.1887586981304687,0.7102958959414454,0.5343196531381514,0.0354856155318932,0.7067801117554197,9.42700489360554,0.2135024468027697
6038,8.254061977599033,0.5189233208883517,16.675355087156436,0.8167455749236527,5726.969990249872,0.0906928501784803,0.6020434694760982,0.173478231586994,0.0325515981369407,0.6475070330695094,10.16515800570339,0.5825790028516951
6040,8.901703451173391,0.8787241395407737,16.169543937183676,0.7043430971519283,5912.712503950205,0.2233660742501466,0.6841354582634614,0.4471181942115382,0.0172295259608932,0.3379702214321862,10.636734300577997,0.8183671502889985
6048,8.739397534210964,0.7885541856727581,14.66735957933589,0.3705243509635313,6366.664454094389,0.5476174672102778,0.6527573362283083,0.342524454094361,0.030945368255551,0.6150579445565868,9.32235462258901,0.1611773112945048
6059,8.77588270175488,0.8088237231971559,14.57201928375851,0.3493376186130019,6040.01647852905,0.3142974846636073,0.8009947803451972,0.8366492678173242,0.0293864552597054,0.5835647527213226,10.507722983102957,0.753861491551478
6060,8.883263304490752,0.868479613605974,13.25266255111262,0.056147233580582,5984.44052756287,0.2746003768306213,0.6186832279518965,0.228944093172988,0.0489254804799605,0.9782925349486972,10.461578587646867,0.7307892938234339
6066,7.363874350968491,0.0243746394269394,13.759554232829966,0.1687898295177703,6425.158741356966,0.5893991009692615,0.6205979536099504,0.2353265120331678,0.0275790338778416,0.5470511894513456,10.572345539028378,0.7861727695141887
6069,8.545517621117762,0.6808431228432015,13.74185966121997,0.1648577024933264,5921.846614338583,0.2298904388132738,0.7262405051418963,0.5874683504729877,0.0045929956713442,0.0826867812392778,10.842721593274394,0.921360796637197
6075,7.890949635730429,0.3171942420724608,15.032387682715772,0.4516417072701715,5877.056934591177,0.1978978104222696,0.5718597951959934,0.0728659839866444,0.0336960592808788,0.6706274602197755,10.46336646607964,0.7316832330398203
6088,8.825469852679579,0.8363721403775441,15.874592115646909,0.6387982479215351,5906.693036298786,0.2190664544991326,0.6747421362233814,0.4158071207446046,0.028666492694306,0.5690200544304249,9.93492099024289,0.4674604951214453
6100,8.104229509288418,0.4356830607157876,15.953308617995642,0.6562908039990314,5768.356761603144,0.1202548297165312,0.8250218199018651,0.9167393996728834,0.023101101430705,0.4565879076910105,9.062039374664424,0.031019687332211
6102,8.092307382330512,0.429059656850285,13.234961483876774,0.0522136630837275,6127.590527442963,0.3768503767449737,0.7166603777292472,0.555534592430824,0.044941566077053,0.897809415698042,9.225336466353657,0.1126682331768276
6105,9.061045774264697,0.9672476523692766,14.84922959359131,0.4109399096869578,5969.626211365662,0.2640187224040443,0.6081039052945609,0.193679684315203,0.0448554007920127,0.8960687028689434,10.06771499928644,0.5338574996432205
6109,8.389400928174833,0.5941116267637969,13.99340275695181,0.2207561682115131,5976.746368244108,0.2691045487457909,0.8003327986738804,0.8344426622462681,0.0194714514274195,0.3832616449983745,9.906649249383094,0.4533246246915464
6115,8.132688086726805,0.4514933815148914,16.90333204994881,0.8674071222108467,5746.812260011581,0.1048659000082725,0.574800588410656,0.0826686280355198,0.0251529686516226,0.4980397707398506,9.647892786327152,0.3239463931635759
6125,8.89841218157497,0.8768956564305395,14.82693315977747,0.4059851466172155,5969.321891087747,0.2638013507769617,0.7168974274286091,0.5563247580953635,0.0437415853028381,0.8735673798553163,10.913476112275214,0.9567380561376072
6131,8.56529205515161,0.6918289195286731,14.52174863215766,0.3381663627017021,5708.529019756187,0.0775207283972766,0.6521111954354613,0.3403706514515373,0.0231097515192378,0.4567626569543004,10.727185759512116,0.8635928797560577
6139,8.775888608390666,0.808827004661481,13.516992177124605,0.1148871504721343,6085.319631747456,0.3466568798196114,0.7748028524791012,0.7493428415970039,0.0383125165947867,0.7638892241371065,9.104753856990223,0.0523769284951116
6153,8.35755552155629,0.5764197341979382,14.2601647383851,0.2800366085300222,5631.172251726851,0.0222658940906077,0.7468664860419987,0.6562216201399954,0.0324913566440865,0.64629003321387,10.404318996837116,0.7021594984185584
6157,7.382095124363929,0.0344972913132933,13.500068332369848,0.1111262960821883,6733.271695265235,0.8094797823323107,0.5974464919053607,0.1581549730178689,0.0221384824290259,0.4371410591722406,10.686323885652238,0.8431619428261186
6160,8.344458380756997,0.5691435448649984,13.93209065846844,0.2071312574374313,5919.599888350144,0.2282856345358174,0.7471767879952875,0.6572559599842918,0.0463041049360627,0.925335453253792,9.152900973623856,0.076450486811928
6192,8.191145288854692,0.4839696049192739,13.827627890132176,0.1839173089182613,5724.760042389945,0.0891143159928178,0.585754143373682,0.1191804779122733,0.0351364629445296,0.6997265241319118,9.37870946090139,0.1893547304506951
6193,8.008907568139813,0.3827264267443411,15.204549369356858,0.4898998598570794,5951.275293204726,0.2509109237176615,0.7610159848931723,0.7033866163105743,0.0348221417807218,0.6933766016307439,10.355343644554347,0.6776718222771746
6196,8.349033998982504,0.5716855549902803,15.559290570225285,0.5687312378278404,5817.124055998508,0.1550886114275057,0.8425461080738852,0.9751536935796172,0.0416647331891804,0.8316107714985944,10.475293829770251,0.7376469148851252
6199,8.516446983557376,0.664692768642987,16.27019963011834,0.7267110289151866,5628.529139214796,0.020377956581997,0.8279378250381088,0.926459416793696,0.0212996336072379,0.4201946183280403,10.840895672930792,0.9204478364653964
6203,8.214438118408477,0.4969100657824877,17.357766714537213,0.9683926032304916,6203.086274989493,0.4307759107067811,0.560261280808076,0.0342042693602534,0.0419016967493195,0.836397914127668,10.185738925090504,0.5928694625452511
6215,7.626157405263526,0.1700874473686254,14.734848853240068,0.3855219673866815,6219.781431805825,0.4427010227184468,0.6179559906054282,0.2265199686847604,0.0353731862948324,0.7045088140370191,10.735553538741776,0.8677767693708884
6223,7.745779537508853,0.2365441875049182,13.769580910296428,0.1710179800658728,6543.9268984174505,0.6742334988696076,0.7815552550999052,0.7718508503330173,0.0456458819666509,0.9120380195283012,10.812700517755358,0.9063502588776792
6231,8.166623128194075,0.4703461823300423,17.371633346489944,0.971474076997765,5601.419848108763,0.0010141772205455,0.8126252131945835,0.8754173773152785,0.0063980805673114,0.1191531427739677,9.245437613789925,0.1227188068949626
6233,8.677582862456859,0.7542127013649218,13.497885175369928,0.1106411500822058,5743.182394476318,0.1022731389116561,0.8442828631759984,0.9809428772533284,0.0051117744480827,0.0931671605673276,9.285856108757484,0.142928054378742
6254,9.035364087277776,0.9529800484876536,16.207745861969904,0.7128324137710901,5908.582406754099,0.2204160048243565,0.6858770002522931,0.4529233341743105,0.0456770585599757,0.9126678496964792,9.980107570047377,0.4900537850236878
6255,8.238074567903368,0.510041426612982,13.95305942339064,0.2117909829756975,5743.580515558351,0.1025575111131081,0.6194011403030468,0.2313371343434893,0.0230345877803136,0.4552441975820938,9.494231925675804,0.2471159628379025
6269,9.08562263729471,0.980901465163728,14.415300108166972,0.3145111351482162,5794.576828154119,0.1389834486815131,0.7491022577807948,0.6636741926026493,0.0147465071884074,0.2878082260284331,9.912951032690437,0.4564755163452173
6275,8.602248712619485,0.7123603958997139,15.066749481283816,0.4592776625075147,5696.18501686838,0.0687035834774142,0.6114874112855577,0.2049580376185257,0.0246160155226789,0.4871922327813923,10.984461791793464,0.9922308958967322
6281,8.141415843204221,0.4563421351134565,14.170209878646826,0.2600466396992946,5784.381407978033,0.1317010056985953,0.7811268938751549,0.7704229795838498,0.0039076371011872,0.0688411535593378,10.064249944782526,0.5321249723912632
6282,8.49045822595276,0.6502545699737564,17.021955477079644,0.8937678837954759,5660.669112094871,0.0433350800677646,0.7666924824348346,0.7223082747827818,0.0175545752627433,0.3445368739948159,10.060601829326774,0.5303009146633876
6284,9.013029473324224,0.9405719296245688,13.64692142226001,0.1437603160577801,5858.183738238245,0.1844169558844604,0.8025829640678348,0.8419432135594496,0.0150941443005945,0.2948311979918097,9.422978735919616,0.2114893679598088
6285,8.398911314814997,0.5993951748972207,16.883255602913426,0.8629456895363169,5896.193030731602,0.2115664505225729,0.7438587756732652,0.646195918910884,0.038655812996522,0.7708245049802426,10.538145840970312,0.7690729204851564
6288,9.025934355956892,0.9477413088649408,15.21996470323236,0.4933254896071909,6118.401286243514,0.3702866330310814,0.8107535539702411,0.8691785132341369,0.0421120737856317,0.8406479552652876,9.170851732898011,0.0854258664490056
6292,8.165965262932918,0.4699807016293994,15.70665199895594,0.6014782219902091,6889.030011554732,0.9207357225390942,0.6258174525207874,0.2527248417359575,0.0057505907901722,0.1060725412156015,9.249015911702854,0.124507955851427
6295,8.024412831948673,0.3913404621937072,14.442752116417308,0.3206115814260684,5620.18353409791,0.0144168100699356,0.5667249118158304,0.0557497060527677,0.0041233923721473,0.073199845901967,10.574039180619428,0.7870195903097142
6302,9.09386344644384,0.9854796924688012,13.918019222388992,0.2040042716419982,5646.599867630503,0.0332856197360732,0.7662542234539146,0.7208474115130488,0.0391169447893509,0.7801402987747671,10.247840018143716,0.623920009071858
6307,8.93502573563887,0.8972365197993731,15.82136450575074,0.626969890166831,5911.320278782749,0.2223716277019631,0.6340675096910348,0.2802250323034491,0.0489227217820988,0.9782368036787648,9.338361388951627,0.1691806944758137
6314,8.271696981008596,0.5287205450047754,14.03405054721994,0.2297890104933203,5612.537913941858,0.008955652815613,0.6418838006867319,0.3062793356224397,0.021382097685058,0.421860559294101,9.240253934490552,0.1201269672452768
6315,8.877892769810144,0.8654959832278576,15.037466452094684,0.452770322687708,5919.259728055371,0.2280426628966937,0.7524959402370981,0.6749864674569935,0.0327526450249533,0.6515685863626945,10.79522145993784,0.8976107299689197
6316,8.287003421875296,0.5372241232640532,15.084966837814456,0.4633259639587678,6346.279796084968,0.5330569972035487,0.7712781973563313,0.7375939911877711,0.0408972781488903,0.816106629270513,10.98900378030412,0.9945018901520604
6319,7.964701105036395,0.3581672805757755,13.263006774879482,0.0584459499732181,6043.969743447289,0.317121245319492,0.6605750781003721,0.3685835936679069,0.0103857220052011,0.1997115556606296,10.79799518989835,0.8989975949491745
6323,8.041433257269679,0.4007962540387106,15.775342816026091,0.6167428480057981,5847.722802114807,0.176944858653433,0.6565341199929144,0.3551137333097148,0.0249190732651395,0.4933146114169602,10.973926706898188,0.986963353449094
6331,8.279341157079976,0.5329673094888756,13.227052351046323,0.0504560780102945,5827.903853768208,0.1627884669772916,0.6780691717148263,0.4268972390494208,0.0446483664918167,0.8918861917538734,9.793335971774995,0.3966679858874981
6335,8.381371352067214,0.5896507511484527,16.17735770775545,0.7060794906123223,5616.935198749892,0.0120965705356372,0.7880090311380739,0.7933634371269127,0.0220509271268704,0.4353722651893014,9.007868142722154,0.0039340713610774
6338,8.2425080089035,0.5125044493908327,13.941662246804023,0.2092582770675612,5649.360280294346,0.0352573430673899,0.7019881587738931,0.506627195912977,0.0214192492718934,0.422611096401888,10.647105409665013,0.8235527048325068
6340,8.326591924034151,0.5592177355745289,13.196553862037163,0.0436786360082589,5882.366333797912,0.2016902384270796,0.5985733506297349,0.161911168765783,0.0133328962027482,0.2592504283383476,9.322314686870342,0.1611573434351714
6344,8.018158493165513,0.3878658295363968,15.438634743280993,0.5419188318402208,5673.659345117151,0.0526138179408225,0.6543580641303329,0.3478602137677764,0.0390110616582238,0.7780012456206835,10.03786485603457,0.5189324280172853
6355,8.248043740140666,0.5155798556337033,13.527636419117776,0.1172525375817279,6653.224398982646,0.7523031421304613,0.822341250495916,0.9078041683197202,0.0251767637378978,0.4985204795534923,10.690521605228843,0.8452608026144226
6363,8.729011592402482,0.7827842180013795,14.601722449008202,0.3559383220018226,5943.731470690939,0.2455224790649564,0.8370118389803702,0.9567061299345674,0.0011757483697638,0.0136514822174523,10.91384799564366,0.9569239978218302
6388,8.908172986474355,0.8823183258190862,14.69838530673271,0.3774189570517132,5720.438335665081,0.0860273826179145,0.7308377917579183,0.6027926391930608,0.0133726211874089,0.2600529532809883,9.850178319792825,0.4250891598964119
6395,8.972168877962496,0.9178715988680538,15.827499605778414,0.6283332457285365,5622.872956173686,0.0163378258383475,0.5724118291666965,0.0747060972223214,0.021529823965996,0.4248449286059814,10.966135671211068,0.9830678356055336
6397,8.098814915018815,0.4326749527882311,15.61659108207392,0.5814646849053158,5955.797725628167,0.2541412325915476,0.6650240386931315,0.3834134623104385,0.036235526283862,0.7219298239164043,10.614619966292798,0.8073099831463993
6410,8.30283199788545,0.5460177766030281,13.212442747267016,0.0472094993926702,5764.615783327828,0.1175827023770195,0.5730736078086637,0.0769120260288789,0.0478041368058288,0.9556391273904818,10.048701878552713,0.524350939276356
6412,7.983927686695895,0.3688487148310529,13.361360772424554,0.0803023938721231,6019.600077314552,0.2997143409389651,0.7607945141829472,0.7026483806098239,0.0311826382108207,0.6198512769862778,9.166106810901834,0.0830534054509173
6415,8.353551968456138,0.5741955380311884,13.694124714969536,0.1542499366598965,6643.512275689882,0.7453659112070585,0.8292638149818103,0.9308793832727013,0.0143590710466839,0.2799812332663431,10.620011881454356,0.8100059407271787
6416,7.890097035817535,0.3167205754541857,13.034418696483684,0.0076485992185969,5642.397970394581,0.0302842645675572,0.5514010938275092,0.0046703127583638,0.0280809394858558,0.5571906966839572,9.13979409893986,0.0698970494699295
6420,7.882363122574069,0.3124239569855939,13.051115472213937,0.011358993825319,5879.869314705819,0.1999066533612996,0.7515026052861964,0.6716753509539878,0.0469004136939584,0.9373820948274426,9.997670710388,0.4988353551940001
6428,8.225941885258946,0.5033010473660807,16.907277321152268,0.8682838491449482,6337.368837282681,0.5266920266304866,0.6830297059806766,0.4434323532689219,0.0142718974198184,0.2782201498953223,9.040017182252868,0.0200085911264333
6429,8.270183323333953,0.5278796240744188,14.683161602163048,0.3740359115917886,6935.817273784771,0.9541551955605508,0.6756835539852843,0.4189451799509478,0.0098097226825736,0.1880752057085576,9.648496476295612,0.3242482381478067
6431,8.18694835443542,0.4816379746863453,17.005444336321492,0.8900987414047762,5618.537267912408,0.0132409056517198,0.7335484256845521,0.6118280856151739,0.0343538223481843,0.6839156029936233,9.384508435933496,0.1922542179667478
6435,8.164021011119777,0.4689005617332096,14.67972428581757,0.3732720635150158,5865.114482286752,0.1893674873476797,0.7055069614857044,0.5183565382856813,0.015477173056217,0.3025691526508496,9.951010854653196,0.4755054273265984
6436,8.716357482826997,0.7757541571261092,15.597049102464974,0.577122022769994,5908.715759241946,0.2205112566013903,0.7849372747642662,0.7831242492142206,0.0491088374548397,0.9819967162593892,9.665826739251685,0.3329133696258425
6441,8.085153850740292,0.425085472633496,13.490651583917774,0.1090336853150609,5697.431740373119,0.0695941002665135,0.565431690907137,0.0514389696904563,0.0446790897390867,0.8925068634158944,10.687307095982163,0.8436535479910823
6442,7.811739579127979,0.2731886550710992,13.672651755756617,0.1494781679459144,6713.678929998536,0.7954849499989538,0.7789993900482196,0.7633313001607321,0.0312852125447694,0.6219234857529182,10.312452668825197,0.6562263344125976
6445,8.512942214908614,0.6627456749492306,15.487476959345482,0.5527726576323295,5691.220516956218,0.0651575121115841,0.552288967874167,0.0076298929138899,0.048882159449457,0.977417362615293,10.895174968957594,0.9475874844787968
6448,7.995953272237928,0.3755295956877379,13.953658578829316,0.2119241286287366,5760.678066931953,0.1147700478085379,0.8377002715664308,0.959000905221436,0.0295748774639145,0.5873712618972636,10.646852724293742,0.8234263621468713
6463,8.823494919941059,0.8352749555228111,14.106854667145017,0.2459677038100034,6012.508607862886,0.294649005616347,0.7479248949905247,0.6597496499684158,0.0079873087080986,0.1512587617797705,9.879666683798511,0.4398333418992569
6464,7.9397042495418,0.3442801386343335,13.675963554160004,0.1502141231466673,5638.310153628151,0.0273643954486793,0.7843933727522895,0.7813112425076316,0.0291125809484778,0.5780319383530875,10.340499448378315,0.6702497241891577
6468,8.283075320202276,0.5350418445568202,15.524028278544517,0.5608951730098924,5703.688825624853,0.0740634468748953,0.6758684166140009,0.4195613887133361,0.0269389500877273,0.5341202037924724,10.96424668704842,0.9821233435242108
6471,8.290117741520126,0.5389543008445146,13.348468728477156,0.077437495217146,6105.950526715462,0.3613932333681867,0.7585249008520605,0.6950830028402014,0.035908293678514,0.7153190642124042,9.900907648991854,0.4504538244959272
6472,8.24798671918735,0.5155481773263061,14.036544369228206,0.2303431931618238,6302.361445580447,0.5016867468431763,0.8197931089639848,0.8993103632132828,0.0494545059605722,0.9889799183953998,10.372080098210024,0.6860400491050124
6473,8.000514955422823,0.3780638641237901,14.54242256825275,0.3427605707228335,6814.989669656794,0.8678497640405674,0.6680468942953837,0.3934896476512789,0.0232979291342586,0.460564224934519,10.13353840815064,0.5667692040753203
6486,8.043109956420293,0.40172775356683,13.590848363984117,0.1312996364409147,5899.095527120957,0.213639662229255,0.7650047363034843,0.7166824543449476,0.0128828393250983,0.2501583702040063,9.977813320060632,0.4889066600303168
6489,9.081326667069623,0.9785148150386804,15.168873570859926,0.4819719046355389,5847.654675136077,0.1768961965257687,0.7111957909179163,0.5373193030597209,0.0292581735557716,0.5809732031469012,9.17133389774022,0.0856669488701094
6493,7.740452273591834,0.2335845964399077,16.02198293252897,0.6715517627842156,6411.982952024779,0.5799878228748417,0.6640411887037873,0.3801372956792906,0.0471563179702564,0.9425518781869991,10.38473382125174,0.6923669106258702
6494,8.305252834178127,0.5473626856545147,15.938223853794716,0.6529386341766038,5703.147039785041,0.073676456989315,0.65722104363199,0.3574034787732998,0.0246496089934157,0.4878708887558743,9.56315655022244,0.2815782751112198
6496,8.179745679080954,0.4776364883783077,15.21394092896164,0.4919868731025868,6739.953951504551,0.8142528225032503,0.7342423842624031,0.6141412808746767,0.0270030248745314,0.5354146439299277,9.181500337672714,0.090750168836357
6497,8.52646867147829,0.6702603730434945,13.220901505310602,0.0490892234023557,5955.792215258228,0.2541372966130197,0.645653523067902,0.3188450768930067,0.0355836750224211,0.7087611115640639,9.470979241262604,0.2354896206313022
6504,9.027809905052802,0.9487832805848908,16.43601597026187,0.763559104502638,5763.631088594141,0.1168793489958148,0.641746613695911,0.3058220456530365,0.0395070072736961,0.7880203489635582,9.399044312597528,0.1995221562987641
6508,8.92201589471421,0.8900088303967838,15.11381547424098,0.4697367720535512,5982.1125970407375,0.2729375693148124,0.5537157566285424,0.0123858554284748,0.0265503572128508,0.5262698426838555,10.995265155695824,0.997632577847912
6523,8.192900325772431,0.4849446254291285,13.48389361404119,0.1075319142313753,5673.127472323389,0.052233908802421,0.678960128552876,0.4298670951762534,0.0280370042309419,0.5563031157766046,10.321564088740844,0.6607820443704212
6527,8.125277794643463,0.4473765525797019,14.354247850809722,0.3009439668466048,5616.287677831326,0.011634055593804,0.6220824886339521,0.2402749621131736,0.036773621422699,0.7328004327817983,10.910316189914264,0.955158094957132
6529,8.7901938296902,0.8167743498278891,13.55551325830768,0.1234473907350396,6797.297751341591,0.8552126795297076,0.8216047447873727,0.905349149291242,0.0016055170663362,0.022333678107802,9.625212441133762,0.3126062205668807
6539,9.009947152198407,0.938859528999116,13.8130160324041,0.1806702294231333,5950.318126976232,0.2502272335544511,0.71885848425005,0.562861614166833,0.0382449172734181,0.762523581281175,9.1364600117217,0.0682300058608504
6547,8.098331276031988,0.4324062644622163,15.0594734550954,0.4576607677989776,5804.212160362931,0.1458658288306649,0.7434681658182534,0.6448938860608444,0.0155589015082841,0.3042202324905879,9.05098978594078,0.0254948929703892
6552,8.835402108627095,0.8418900603483861,13.776856476286426,0.1726347725080946,6144.660437362193,0.3890431695444234,0.6022631652612119,0.1742105508707064,0.0299377052516824,0.594701116195605,10.563704670308894,0.7818523351544466
6553,8.647540966111537,0.7375227589508536,13.280560720756704,0.062346826834823,5941.427831759938,0.24387702268567,0.5617846510148808,0.0392821700496025,0.0426056748463124,0.8506196938648986,9.225830386047466,0.1129151930237335
6554,8.401426594055428,0.6007925522530154,15.109443785051273,0.4687652855669494,5652.664470917315,0.0376174792266538,0.7815610540740054,0.771870180246685,0.0108247711786659,0.2085812359326464,10.821183886296112,0.910591943148056
6558,9.02328281427472,0.9462682301526224,14.723324978147756,0.3829611062550569,5678.05513504798,0.0557536678914144,0.6874401184892045,0.4581337282973484,0.0312671329336322,0.6215582410834798,10.016866648177125,0.5084333240885619
6561,8.729082965324416,0.7828238696246757,13.42406493238386,0.0942366516408574,6647.378672690478,0.7481276233503418,0.5518824843771852,0.0062749479239506,0.006092319249521,0.1129761464549709,9.029930219581336,0.0149651097906675
6563,8.44798703400086,0.6266594633338111,16.145133303722208,0.6989185119382684,5607.201723306558,0.0051440880761131,0.6590721646166332,0.3635738820554438,0.0394858727596763,0.7875933890843715,10.68941545509186,0.8447077275459307
6564,8.857681027067388,0.8542672372596604,15.473566472104642,0.5496814382454758,6898.836079497174,0.927740056783696,0.7733455473748692,0.7444851579162307,0.0250634934666885,0.4962321912462332,10.161633486027194,0.5808167430135968
6567,8.610796802661502,0.7171093348119462,15.638360916144007,0.5863024258097793,6006.782339264006,0.2905588137600043,0.814705237757417,0.8823507925247234,0.0431885319095787,0.8623945840318934,10.93832764107758,0.9691638205387908
6568,8.116646161585125,0.4425812008806252,15.519675469145398,0.5599278820323104,5697.859998248114,0.0698999987486528,0.7349385496885549,0.6164618322951828,0.0208903089019566,0.4119254323627597,9.369604036677549,0.1848020183387737
6570,8.71737978822155,0.7763221045675283,13.62573965205844,0.1390532560129866,5756.752063792057,0.1119657598514691,0.8021305717013233,0.840435239004411,0.0393066610204052,0.7839729499071767,9.890324961537203,0.4451624807686012
6573,8.151139061355211,0.4617439229751172,15.129369579421022,0.4731932398713381,5815.165407117314,0.1536895765123677,0.8050361940956194,0.8501206469853979,0.0068566815564003,0.1284178092202083,10.435823796313285,0.7179118981566418
6576,7.672597635011138,0.1958875750061876,13.369343402866674,0.0820763117481496,6821.635574158336,0.8725968386845256,0.6264492568225496,0.2548308560751651,0.0187406481522912,0.3684979424705297,9.12096759432469,0.0604837971623445
6578,8.58494326304905,0.7027462572494729,14.727747037484368,0.3839437861076373,6198.534250918851,0.4275244649420369,0.6079198397678148,0.1930661325593825,0.0102483225231457,0.1969358085483992,10.339231215162387,0.6696156075811943
6580,8.70783693650964,0.7710205202831337,14.461335263417858,0.3247411696484129,6084.003078949877,0.3457164849641975,0.7637480477176906,0.712493492392302,0.0366397025026751,0.730095000054044,10.094087473692248,0.5470437368461242
6581,8.596372952815736,0.7090960848976311,13.812783753969606,0.1806186119932458,6032.125669416908,0.3086611924406486,0.7684714814081445,0.7282382713604817,0.0268743387788104,0.5328149248244527,10.662033951116651,0.8310169755583269
6583,9.02516980785598,0.9473165599199896,14.85344536993233,0.411876748873851,5928.906559349175,0.2349332566779821,0.6813033269655934,0.4376777565519777,0.0433957761525345,0.8665813364148399,9.95621734667164,0.4781086733358197
6587,8.58610365518627,0.7033909195479279,16.303243484517814,0.7340541076706255,6308.854756703997,0.5063248262171404,0.8342030603023685,0.9473435343412284,0.0083323608327918,0.1582295117735717,10.342832422847811,0.6714162114239067
6589,8.208991974805013,0.4938844304472299,15.105264897819312,0.467836643959847,5605.382875990628,0.0038449114218771,0.7627502179679335,0.709167393226445,0.013875242760779,0.2702069244601832,10.345045359602745,0.6725226798013724
6595,9.105918543816143,0.9921769687867472,13.641074896258663,0.1424610880574812,5810.481712499697,0.1503440803569268,0.7506918775391525,0.6689729251305081,0.0056499032183652,0.1040384488558636,9.225331750447904,0.1126658752239524
6601,8.438425295571776,0.6213473864287639,16.16751212653126,0.7038915836736135,6089.422508434966,0.349587506024976,0.5877692666351266,0.1258975554504218,0.0284849974561612,0.5653534839628526,9.259498169645145,0.1297490848225722
6602,9.066398737416463,0.9702215207869244,15.772546670959786,0.6161214824355079,5921.540279031082,0.229671627879344,0.7206928849595088,0.5689762831983626,0.0286123724015033,0.5679267151818861,10.3086809072191,0.6543404536095492
6616,8.406046864058805,0.6033593689215586,13.707312524382177,0.1571805609738165,6814.89205124209,0.867780036601493,0.7133484523080063,0.5444948410266874,0.016201419651061,0.3172003969911313,10.94171509828635,0.9708575491431748
6624,8.17159522660742,0.4731084592263447,14.39551417181374,0.310114260403053,6015.109639872371,0.2965068856231224,0.8265273808053992,0.9217579360179972,0.0233460918137144,0.4615372083578668,9.671671083046144,0.335835541523072
6625,8.94093064829324,0.9005170268295779,13.008551182926816,0.0019002628726256,5883.219398554664,0.202299570396188,0.6879929095513486,0.4599763651711619,0.0381062017935186,0.7597212483539122,9.762101403237772,0.3810507016188859
6626,8.628076646092396,0.7267092478291087,15.43476817007662,0.5410595933503602,5629.094010299281,0.0207814359280575,0.820183970771337,0.9006132359044564,0.0302454086681312,0.600917346830935,9.694044620382243,0.3470223101911212
6628,8.339487971661853,0.5663822064788073,13.943623018840022,0.2096940041866716,6087.344721833904,0.3481033727385031,0.6308889453533227,0.269629817844409,0.0331414506707387,0.6594232458735105,10.964980357056843,0.9824901785284226
6629,8.963024657818458,0.9127914765658104,15.466130127314187,0.5480289171809307,6148.955362822806,0.392110973444861,0.8434976806137267,0.9783256020457554,0.0423428914533092,0.8453109384506925,10.259264503094784,0.6296322515473929
6630,8.213586552623525,0.4964369736797362,13.195059520525508,0.0433465601167796,5914.959301272575,0.2249709294804103,0.5811579723908769,0.1038599079695895,0.0142954865338103,0.2786966976527334,9.691851966782965,0.3459259833914824
6634,8.010755826438832,0.3837532369104616,16.09245634736421,0.6872125216364907,5663.267532155664,0.0451910943969025,0.8457936664977892,0.9859788883259644,0.0190239406653426,0.3742210235422748,9.570273365574923,0.2851366827874614
6637,8.646510495871272,0.7369502754840399,15.983651111330843,0.6630335802957432,6519.823521399977,0.6570168009999834,0.777622320903332,0.7587410696777735,0.0171850623502888,0.3370719666725026,10.373175141669382,0.6865875708346906
6638,8.9458720169089,0.903262231616056,15.07170333022632,0.4603785178280709,6777.54586184231,0.8411041870302216,0.7805497165742331,0.7684990552474437,0.0399296062547803,0.7965577021167752,10.891547579085692,0.9457737895428456
6640,8.42811782110411,0.615621011724505,15.822815851745332,0.6272924114989629,5656.352843326041,0.0402520309471717,0.576645300074251,0.0888176669141697,0.0282812756916987,0.5612378927615899,10.927076849544834,0.9635384247724172
6641,8.52083485697163,0.6671304760953507,13.078710324777974,0.0174911832839943,6087.311845308578,0.3480798895061272,0.5831543397355926,0.1105144657853084,0.0276315713823996,0.5481125531797912,9.798191325016193,0.399095662508096
6642,8.196699783306958,0.4870554351705326,13.986441720506352,0.2192092712236338,5924.32720872034,0.2316622919430994,0.6496759726158667,0.332253242052889,0.0318805189513407,0.6339498778048631,9.890766124774473,0.4453830623872364
6643,8.534618743559822,0.6747881908665684,13.426255055380826,0.0947233456401835,5808.912160407227,0.1492229717194477,0.7163948689490113,0.5546495631633708,0.019004169277265,0.3738216015609099,9.983921663051216,0.4919608315256084
6646,9.109132475572824,0.9939624864293464,16.902970672364486,0.867326816080997,5624.691549648141,0.0176368211772433,0.5789017505303493,0.0963391684344976,0.0167634372666971,0.3285542882161035,9.998997932245228,0.4994989661226134
6647,8.685808614087732,0.7587825633820732,17.30091864951562,0.9557596998923596,6599.037403949578,0.7135981456782704,0.6889740263941853,0.4632467546472839,0.020005493183783,0.3940503673491525,10.228745926416282,0.6143729632081409
6655,8.97660678468049,0.9203371026002723,16.385390231118674,0.7523089402485943,5752.334895525187,0.1088106396608479,0.6541385114222221,0.3471283714074069,0.0283299729840786,0.562221676446033,9.55964846594632,0.2798242329731603
6658,8.313989659663568,0.5522164775908707,14.15075588423536,0.2557235298300797,5709.025319653419,0.0778752283238707,0.6373914624582335,0.2913048748607783,0.0447047223508395,0.8930246939563546,9.888180965681942,0.4440904828409705
6660,8.413112889291698,0.6072849384953877,14.329513735920266,0.2954474968711701,5752.721627744198,0.1090868769601413,0.8420240355572579,0.9734134518575264,0.0393440958478978,0.7847292090484412,10.7268404623293,0.8634202311646502
6664,8.260220149595655,0.5223445275531419,13.534535862152095,0.1187857471449101,5903.530539644215,0.2168075283172968,0.6069553588211994,0.1898511960706647,0.0394473718778765,0.7868155934924558,9.552039513385182,0.2760197566925911
6666,8.81738152389506,0.8318786243861451,14.237981773533813,0.2751070607852915,5878.572107476374,0.1989800767688385,0.6629079253305411,0.3763597511018037,0.0480033055697111,0.9596627387820436,9.317222099287918,0.1586110496439591
6673,8.653842328874727,0.7410235160415155,16.440429980932517,0.7645399957627816,5608.926858943021,0.0063763278164435,0.5656147568847477,0.0520491896158256,0.0480099500107442,0.9597969699140252,10.929418209483876,0.9647091047419384
6705,7.916439961134257,0.3313555339634761,13.47357070610925,0.1052379346909443,6900.84384711998,0.9291741765142714,0.6054546729029613,0.1848489096765375,0.0439016842298817,0.8768017016137719,9.422588373568606,0.2112941867843034
6709,8.655552108174982,0.741973393430546,14.717076977750954,0.3815726617224342,5722.511025968211,0.0875078756915792,0.805480501078333,0.8516016702611101,0.0212875313178043,0.419950127632412,10.204383345637902,0.6021916728189508
6714,7.889022574450992,0.3161236524727736,13.761882056011974,0.1693071235582165,5687.106952336836,0.0622192516691684,0.5969691467345196,0.1565638224483987,0.0165712566596987,0.324671851711085,10.15869801365734,0.5793490068286702
6715,8.758984243700594,0.7994356909447751,13.338847065674768,0.0752993479277263,5883.845502176351,0.2027467872688221,0.8448962203851325,0.982987401283775,0.0027446550252023,0.045346566165703,9.664400740512647,0.3322003702563246
6725,8.617529700883924,0.7208498338244027,15.67503929605963,0.59445317690214,5728.440426613514,0.0917431618667958,0.8354512222965615,0.9515040743218718,0.017640247296629,0.3462676221541223,9.333146348609104,0.1665731743045519
6745,8.470471908971724,0.6391510605398466,14.670003306518629,0.371111845893028,6004.412356261631,0.2888659687583077,0.6936272615338247,0.4787575384460822,0.0134195267757917,0.2610005409250867,10.840241385133908,0.9201206925669538
6746,8.208454377261056,0.4935857651450316,17.17274671328252,0.9272770473961154,6257.092249746398,0.4693516069617129,0.7142524602818437,0.5475082009394793,0.0341131722344116,0.6790539845335682,9.37421189341303,0.1871059467065147
6747,8.32178754778871,0.5565486376603953,15.838702636950948,0.6308228082113219,5779.658394552288,0.1283274246802058,0.7435873178540301,0.6452910595134336,0.0376358940316737,0.750220081447955,10.946952603948963,0.9734763019744828
6751,8.756950099512753,0.798305610840419,14.00680316476357,0.2237340366141265,5693.877302294792,0.0670552159248514,0.8253741440548441,0.9179138135161472,0.0353470032183076,0.7039798629961146,9.327087555782864,0.1635437778914318
6752,9.022757788057085,0.9459765489206018,15.68694284267648,0.5970984094836623,5709.556878082956,0.0782549129163973,0.6872425976023171,0.4574753253410567,0.0391221890205841,0.7802462428400836,10.47625246995855,0.7381262349792751
6753,8.349878366725598,0.5721546481808883,14.819292412984556,0.4042872028854567,5619.4258626146,0.013875616153286,0.7650010379428079,0.7166701264760265,0.045924374922173,0.9176641398418792,10.429622260589769,0.7148111302948841
6757,8.239900926732346,0.5110560704068597,14.935327283833407,0.4300727297407571,5822.789221844921,0.1591351584606577,0.8389819090746309,0.9632730302487698,0.0052263070502391,0.0954809505098815,10.422753857883931,0.711376928941966
6759,7.725409169050246,0.2252273161390253,13.51473086763869,0.114384637253042,6317.972889380802,0.5128377781291448,0.6992574141650943,0.4975247138836478,0.0036170211798679,0.0629701248458163,10.09587761455514,0.5479388072775704
6760,8.275729936781559,0.5309610759897551,16.005486443269298,0.6678858762820666,5931.549619075885,0.2368211564827747,0.8419339900981866,0.9731133003272884,0.0426187813665107,0.8508844720507216,10.034225066542575,0.5171125332712881
6763,8.463443836449796,0.635246575805443,13.86162581192819,0.1914724026507089,5683.260446730544,0.0594717476646738,0.6226053287942446,0.2420177626474817,0.0271417862223045,0.5382179034808993,10.138679427691946,0.5693397138459729
6765,8.808913439800477,0.8271741332224872,13.482142668483435,0.1071428152185411,5715.65990344319,0.0826142167451357,0.5781805409112921,0.0939351363709736,0.0190628036517208,0.3750061343781995,10.545453584939745,0.7727267924698719
6767,8.03371178903318,0.3965065494628776,13.833233578237955,0.1851630173862121,5946.625604158969,0.2475897172564061,0.5762542580958688,0.0875141936528959,0.0124042502755533,0.2404899045566335,10.67861693791536,0.8393084689576799
6769,8.894905712090134,0.8749476178278529,14.460341447972622,0.324520321771694,5919.437452291812,0.2281696087798661,0.7014682152526879,0.504894050842293,0.0225921036616032,0.4463051244768341,9.290382840146176,0.1451914200730881
6785,8.912716051194561,0.8848422506636459,16.54259505905613,0.7872433464569175,5697.848961735486,0.0698921155253474,0.6836333098157588,0.445444366052529,0.0373100046036495,0.7436364566393856,10.70747524350332,0.8537376217516608
6800,8.289772345096798,0.5387624139426657,16.218587275502873,0.715241616778416,5634.223809100029,0.0244455779285919,0.7107045947694961,0.5356819825649869,0.0314818097039995,0.6258951455353446,9.760735914363703,0.3803679571818512
6824,9.036982239019746,0.953879021677637,14.882152617132885,0.4182561371406406,6771.101481763184,0.8365010584022743,0.6422320234924348,0.3074400783081158,0.0228120549652832,0.4507485851572365,10.618497893713004,0.8092489468565026
6826,8.454203564107216,0.630113091170676,13.809706351607865,0.1799347448017473,5825.534586021258,0.1610961328723276,0.6092452985146738,0.1974843283822458,0.001061716110008,0.0113478002021828,9.827338244975678,0.413669122487839
6828,7.482921397121751,0.0905118872898615,16.07099847974124,0.682444106609165,6535.33491162905,0.6680963654493214,0.6118220238596438,0.2060734128654792,0.0452298680104038,0.9036336971798764,9.431256900506916,0.2156284502534582
6829,8.481360024828192,0.6452000137934396,14.260173980003792,0.2800386622230649,6118.520048806963,0.3703714634335453,0.5688729364398871,0.062909788132957,0.0226392993111009,0.4472585719414327,10.800023517656738,0.9000117588283688
6833,8.95378618575148,0.9076589920841568,13.898112302915044,0.1995805117588991,5659.109724408346,0.0422212317202467,0.5679215588151731,0.0597385293839103,0.0228462475587365,0.4514393446209411,9.985443361441368,0.4927216807206841
6835,8.557377990255313,0.6874322168085073,13.414551695082642,0.0921225989072537,6697.593955946313,0.7839956828187953,0.6487193025873078,0.3290643419576927,0.0419911318498867,0.8382046838360967,10.019013814638331,0.509506907319166
6843,8.343397467596752,0.5685541486648625,14.873678437607412,0.4163729861349806,5636.84093263252,0.0263149518803714,0.6892383499031521,0.4641278330105071,0.0230927393865409,0.4564189775058783,10.493327690304488,0.746663845152244
6847,8.82115051039427,0.8339725057745951,16.165213861102036,0.7033808580226747,5702.333668862945,0.0730954777592465,0.837087887354286,0.9569596245142864,0.0413175862887508,0.8245977028030471,9.22362552357736,0.11181276178868
6850,8.66550104865835,0.7475005825879726,14.826967852933723,0.4059928562074945,5746.386953993115,0.1045621099950822,0.831231943663884,0.9374398122129468,0.0318839010098892,0.6340182022199837,9.772022066729598,0.3860110333647985
6851,8.023348215715682,0.3907490087309342,15.43494471611942,0.5410988258043153,5912.856743100189,0.223469102214421,0.8103362738467931,0.8677875794893103,0.0329449901629349,0.6554543467259576,10.216439466758382,0.6082197333791909
6861,8.04890146746793,0.4049452597044057,15.673972073396731,0.5942160163103849,5787.681440719843,0.1340581719427448,0.6503452555261569,0.3344841850871893,0.0016082078580232,0.0223880375358235,10.737497397616297,0.8687486988081484
6864,8.934550607320624,0.8969725596225694,13.594677372846828,0.132150527299295,6117.752554135132,0.369823252953665,0.5722955134617235,0.0743183782057449,0.0299962118713653,0.5958830681083916,10.612733829712184,0.806366914856092
6874,9.060172510290933,0.9667625057171852,15.674018719931684,0.5942263822070412,5817.431671949022,0.1553083371064441,0.8212030441142906,0.9040101470476354,0.0033626823023109,0.0578319657032514,9.971984312418558,0.4859921562092791
6877,8.450311342711966,0.6279507459510932,14.27697742003298,0.2837727600073289,5699.780559952387,0.0712718285374193,0.7851545023812709,0.783848341270903,0.0476972755984179,0.9534803151195552,9.264332315304378,0.1321661576521891
6880,7.984430302702606,0.3691279459458922,13.123621200567102,0.0274713779038007,5926.385064371608,0.2331321888368629,0.8307200521894196,0.9357335072980654,0.0263904753982671,0.5230399070356994,10.19652633665093,0.5982631683254646
6885,8.097191235954382,0.4317729088635452,14.108752396409622,0.2463894214243603,6245.830456167737,0.4613074686912408,0.6982075644036085,0.4940252146786951,0.0465355820384263,0.9300117583520476,9.270750130313786,0.135375065156893
6897,8.385833239869143,0.5921295777050793,14.849878270835436,0.4110840601856527,5903.872292630822,0.2170516375934441,0.7216228819314134,0.5720762731047113,0.0434450544451808,0.8675768574784012,10.09841315166322,0.549206575831611
6904,7.920502575105644,0.3336125417253576,13.37521700619373,0.0833815569319398,5861.494305589178,0.1867816468494129,0.5730581194314677,0.0768603981048919,0.0367481070604678,0.7322849911205617,10.490433842818318,0.745216921409159
6907,9.1112010452556,0.9951116918086682,17.050904309393793,0.9002009576430652,6962.081281259952,0.972915200899966,0.6666063845148832,0.3886879483829437,0.0399751608338237,0.7974779966429045,9.084845364020191,0.0424226820100964
6914,8.62494144860126,0.724967471445145,13.234870303746463,0.0521934008325476,5903.583003102389,0.2168450022159919,0.6339951096858445,0.279983698952815,0.0216391149599661,0.4270528274740641,9.43502213300768,0.2175110665038407
6922,8.16501463928197,0.4694525773788727,16.922359418405854,0.871635426312412,6137.048337729872,0.3836059555213371,0.7709920073402434,0.7366400244674781,0.0133618486481091,0.2598353262244264,9.39258155690188,0.1962907784509407
6923,7.735293131572444,0.2307184064291354,13.975607876734466,0.2168017503854369,5882.68156479651,0.2019154034260791,0.8090721412309508,0.8635738041031694,0.0052163930674334,0.0952806680289592,10.574884398263482,0.7874421991317406
6924,8.233685460001125,0.5076030333339578,13.084352357571364,0.0187449683491923,5654.677808027897,0.0390555771627838,0.6963204100014155,0.4877347000047182,0.0127194928875107,0.2468584421719341,10.153745049591237,0.5768725247956177
6927,8.348021233825078,0.5711229076805991,15.144818677602675,0.4766263728005945,5948.43966517571,0.248885475125507,0.8273028194325865,0.9243427314419552,0.0213459933094539,0.4211311779687657,9.712740927025155,0.3563704635125775
6929,8.794404350194212,0.8191135278856737,14.85052851442718,0.4112285587615958,5795.901206163845,0.1399294329741747,0.5542504533486601,0.0141681778288669,0.0471492470075804,0.9424090304561714,10.348769419586928,0.6743847097934641
6933,8.978826331849875,0.921570184361042,15.936518795640998,0.6525597323646661,5687.686382083749,0.0626331300598206,0.6008926787060054,0.1696422623533512,0.0452107834470566,0.9032481504455894,10.913678893699862,0.9568394468499304
6947,8.69263821990611,0.7625767888367283,15.38396457188892,0.5297699048642043,6357.652104960338,0.5411800749716702,0.6832194589478641,0.4440648631595469,0.0251892100824374,0.4987719208573219,9.294528219739814,0.147264109869907
6949,8.024549906017732,0.3914166144542954,15.68839543159682,0.5974212070215156,5768.481967408342,0.1203442624345302,0.8480990082699122,0.9936633608997072,0.0043641176416185,0.0780629826589609,10.679607109637171,0.8398035548185865
6954,8.651120533526015,0.7395114075144534,14.236163515823502,0.2747030035163337,5732.073723743622,0.0943383741025871,0.7474910237840566,0.658303412613522,0.0446674818561807,0.8922723607309248,10.210872869562316,0.6054364347811582
6960,8.270257220468277,0.5279206780379315,13.07351486378068,0.0163366363957067,6161.525371388489,0.4010895509917772,0.6847873940133488,0.4492913133778292,0.0037028396366708,0.0647038310438559,9.766421452969016,0.3832107264845074
6963,8.220188836669397,0.5001049092607759,13.307845327019278,0.0684100726709506,6096.568416904858,0.3546917263606129,0.8449272869588689,0.9830909565295628,0.0149567469102724,0.2920554931368178,10.110381074123174,0.5551905370615872
6964,8.675942320049733,0.7533012889165192,13.149452328568128,0.0332116285706951,5972.730482392723,0.2662360588519454,0.6155621159327649,0.2185403864425494,0.0412067950062426,0.8223594950756095,10.728210835442448,0.8641054177212228
6972,8.052253501210409,0.4068075006724496,13.78771831217703,0.1750485138171181,6873.919153462229,0.9099422524730204,0.608324795776058,0.1944159859201931,0.0287642405849001,0.5709947592909129,10.854742899287004,0.9273714496435016
6973,8.611912053803929,0.7177289187799609,13.517028339082696,0.1148951864628211,6767.102493826764,0.8336446384476883,0.7382210513552181,0.6274035045173938,0.0319850284003977,0.6360611798060146,10.642098844896442,0.8210494224482209
6981,8.770152902753221,0.8056405015295676,16.19811871087672,0.7106930468614938,5968.512152921512,0.2632229663725086,0.7751374693651045,0.7504582312170152,0.0467786172697738,0.9349215610055328,10.043441743133307,0.5217208715666535
6996,8.781147834682567,0.8117487970458711,13.549364814508358,0.122081069890746,5615.730382534977,0.0112359875249837,0.7923672966280154,0.8078909887600515,0.0088212067984696,0.1681051878478726,10.526241740619415,0.7631208703097074
7013,8.830557242263394,0.8391984679241078,15.053210427786974,0.4562689839526609,6007.557685278842,0.29111263234203,0.8024717936248397,0.8415726454161323,0.0430529428170682,0.8596554104458239,10.780959005021618,0.8904795025108091
7019,8.389529987582955,0.5941833264349752,13.740555113126444,0.1645678029169875,6001.0175381108365,0.2864410986505973,0.8141525973361594,0.8805086577871981,0.0366067038866707,0.7294283613468845,9.351111006586686,0.1755555032933429
7023,8.73654299631654,0.7869683312869674,13.981747756831378,0.2181661681847506,5724.179259213901,0.0886994708670717,0.6507586417018203,0.3358621390060676,0.0459109418705428,0.9173927650614708,9.727065436850992,0.3635327184254964
7029,7.9820036177617375,0.3677797876454098,13.110075295329986,0.0244611767399969,6121.620641520536,0.3725861725146687,0.6419435993436551,0.3064786644788501,0.0248397054449123,0.4917112211093406,10.430725289597412,0.7153626447987063
7035,8.952259684304714,0.906810935724842,16.24306891662516,0.7206819814722574,6053.314397597492,0.3237959982839228,0.7861560724871346,0.7871869082904486,0.0284826283545614,0.5653056233244746,10.629964726619615,0.8149823633098076
7050,8.851982346495728,0.8511013036087377,14.117497362107136,0.2483327471349192,5883.288536755142,0.2023489548251014,0.7201017113504722,0.5670057045015737,0.0366653377346636,0.7306128835285585,9.915920005645363,0.457960002822682
7051,7.553936254944949,0.1299645860805269,16.196051083862514,0.7102335741916694,6623.730102505752,0.7312357875041089,0.6680308938044459,0.3934363126814865,0.0035172938325989,0.0609554309615943,10.352652373478188,0.6763261867390936
7058,8.991932942749955,0.928851634861086,14.291654760357826,0.2870343911906279,5866.208363284552,0.1901488309175367,0.663450572168791,0.3781685738959699,0.0430405530739448,0.8594051126049469,10.911118777261883,0.9555593886309424
7059,8.743894654298058,0.7910525857211439,15.1433837940881,0.4763075097973555,5668.863793493111,0.0491884239236506,0.6392475055334688,0.2974916851115623,0.0440863561790208,0.8805324480610266,9.639211410138008,0.3196057050690029
7065,8.607011737118285,0.7150065206212696,14.061189229111177,0.2358198286913723,6070.811183916114,0.336293702797224,0.5966325439149689,0.155441813049896,0.0094991947121697,0.1818019133771659,10.1422332296453,0.5711166148226503
7069,8.559112554103985,0.6883958633911027,13.74135459864763,0.1647454663661399,6385.89351816424,0.5613525129744571,0.7893311364577839,0.7977704548592794,0.0157631494888217,0.3083464543196303,10.903919337554266,0.9519596687771328
7071,8.679854975412823,0.7554749863404577,16.215320533682586,0.7145156741516863,6517.157942734097,0.6551128162386406,0.6547446400409908,0.3491488001366356,0.0216371293318401,0.4270127137745488,10.27722968321164,0.638614841605819
7079,9.05904757405477,0.9661375411415392,16.519286686116207,0.7820637080258238,5787.938764186987,0.1342419744192765,0.6572407673450499,0.3574692244834996,0.0307597095177598,0.6113072629850479,9.146969762041712,0.0734848810208561
7090,8.814636802985707,0.8303537794365039,15.546338211656956,0.5658529359237684,5707.3251888449095,0.0766608491749354,0.5600335864246975,0.0334452880823248,0.0053973154096754,0.0989356648419285,9.857474082849071,0.4287370414245359
7093,7.96903471751153,0.3605748430619608,13.075795602251844,0.0168434671670765,6107.536787029132,0.3625262764493797,0.84120125251152,0.9706708417050668,0.0298833224354506,0.5936024734434465,9.004866863049699,0.0024334315248495
7095,7.927150622877768,0.3373059015987601,14.557595650762975,0.346132366836217,5662.75912843867,0.0448279488847641,0.6649878203378025,0.3832927344593413,0.0241721341786137,0.4782249329012876,9.520786362666854,0.260393181333427
7096,8.024052537487846,0.3911402986043583,14.904868304274558,0.4233040676165683,5949.5077979688585,0.2496484271206129,0.7729233527988881,0.7430778426629606,0.0426342546268833,0.8511970631693608,10.38198982926044,0.6909949146302194
7099,8.166785499428295,0.4704363885712749,17.200208662484194,0.9333797027742649,5708.871019817831,0.0777650141555934,0.770101362379812,0.7336712079327067,0.0177730207653657,0.3489499144518329,10.264318078456771,0.6321590392283857
7106,8.667461120406246,0.7485895113368041,15.101002249592604,0.4668893887983562,6009.356780316697,0.2923977002262121,0.680731581896041,0.4357719396534699,0.0375403125620911,0.7482891426685078,10.225894042387434,0.6129470211937172
7107,9.097744431403436,0.9876357952241316,16.110423695438723,0.6912052656530494,5607.639934023504,0.0054570957310743,0.8497362577180252,0.999120859060084,0.0347441335865116,0.6918006785153858,10.436409987655706,0.7182049938278527
7109,8.693827439716088,0.7632374665089383,16.372518816926675,0.7494486259837059,6210.541101084582,0.4361007864889868,0.6136372527616141,0.2121241758720468,0.0067147594909273,0.1255506967864104,9.612523782869678,0.3062618914348386
7118,8.718922262065526,0.7771790344808484,14.75443448964437,0.389874331032082,5950.845309108519,0.2506037922203706,0.5906749259642765,0.1355830865475881,0.0381375511490245,0.7603545686671631,9.973423463080316,0.4867117315401578
7129,8.78423947892544,0.8134663771808001,13.027849552455768,0.006188789434615,5629.635055769051,0.0211678969778938,0.7510783906900824,0.6702613023002746,0.0430558486938802,0.8597141150278838,10.5049648427468,0.7524824213734005
7132,8.832949246480533,0.840527359155852,13.5332295605026,0.1184954578894671,6098.886683994736,0.3563476314248111,0.7206334810240249,0.5687782700800832,0.0498943423096144,0.9978655012043324,9.237406905733184,0.1187034528665925
7151,7.954686036016669,0.3526033533425943,13.654643948387791,0.1454764329750653,5977.2511671800485,0.26946511941432,0.8293164985979848,0.9310549953266164,0.0305711771567747,0.6074985284196911,9.458962159837265,0.2294810799186325
7152,8.979425479884465,0.9219030443802588,13.17084467808463,0.037965484018807,6381.429814883104,0.5581641534879317,0.8364444904684118,0.9548149682280398,0.0288206576497087,0.572134497973915,10.636919415432878,0.8184597077164387
7160,7.9978570707626595,0.376587261534811,13.247398035276149,0.0549773411724773,5614.456243138319,0.0103258879559423,0.5909395235025002,0.1364650783416674,0.0458760219289983,0.9166873116969362,9.674327801522685,0.3371639007613422
7176,8.72332700034279,0.7796261113015507,13.69325193640008,0.1540559858666842,6047.702105553153,0.3197872182522525,0.6039855362148079,0.1799517873826926,0.0352590922803134,0.7022038844507767,10.660670198483396,0.8303350992416975
7177,7.988698823954776,0.3714993466415422,13.572430937342924,0.1272068749650942,5604.159934466958,0.0029713817621127,0.7112355409294348,0.5374518030981157,0.0348213904638376,0.6933614235118715,10.38047355228228,0.6902367761411402
7181,8.188135060325845,0.482297255736581,14.17806304112156,0.261791786915902,6459.34920184102,0.613820858457871,0.7081775766516127,0.5272585888387089,0.0450876524203681,0.9007606549569318,9.957371950001749,0.478685975000874
7187,8.137469415802988,0.4541496754461044,13.914692602335167,0.2032650227411481,5772.810583189932,0.1234361308499517,0.6477513261016619,0.3258377536722062,0.0062773897380967,0.1167149442039743,9.702917175609256,0.3514585878046281
7193,9.040677318853056,0.9559318438072528,13.355858351700393,0.0790796337111983,5906.909311027684,0.2192209364483459,0.554990942375985,0.0166364745866166,0.0472758970665748,0.9449676175065622,10.081248497504058,0.5406242487520291
7201,9.011342094632358,0.9396344970179769,13.410861322925408,0.0913025162056463,5939.65697644173,0.2426121260298073,0.700585571699508,0.5019519056650266,0.0180775417915475,0.355101854374698,9.885495116242751,0.442747558121376
7203,9.045880118354146,0.9588222879745264,13.323580827278883,0.0719068505064185,5661.671923963905,0.0440513742599323,0.8107805687219731,0.8692685624065772,0.0356049180307661,0.7091902632478008,10.100474259214886,0.550237129607443
7204,8.872967417108908,0.8627596761716158,13.137237583585174,0.0304972407967052,6235.069332895128,0.4536209520679489,0.6651432435611894,0.3838108118706312,0.044766449503842,0.8942717071483246,9.692207568745546,0.346103784372773
7208,8.935879384157186,0.8977107689762153,14.509892455561465,0.3355316567914364,5773.241620543724,0.1237440146740883,0.5765657613525644,0.0885525378418814,0.0157126879806528,0.3073270299121793,10.673591380244757,0.8367956901223786
7215,8.280333061783363,0.5335183676574239,14.774782657237202,0.3943961460527115,5822.59106733437,0.1589936195245496,0.7072606988732082,0.5242023295773605,0.0381093992438772,0.7597858433106514,9.518261475524756,0.2591307377623779
7216,8.871594649854245,0.8619970276968029,13.407303956021146,0.0905119902269213,5970.905620732584,0.2649325862375596,0.616081954418888,0.2202731813962931,0.0361129754013373,0.719454048511866,10.407425507718695,0.7037127538593488
7229,9.089374892124932,0.9829860511805184,15.082826149830234,0.4628502555178299,5886.492542706033,0.2046375305043097,0.575841555809726,0.0861385193657532,0.0237797339992724,0.4702976565509582,10.957165552937251,0.978582776468626
7231,8.139253280249992,0.4551407112499959,14.83214512169646,0.4071433603769911,5663.378790103048,0.0452705643593199,0.6062330014716053,0.1874433382386842,0.0366795131671653,0.7308992559023311,10.929801440933913,0.9649007204669556
7237,8.950025947430749,0.9055699707948612,14.541958029781744,0.3426573399514987,5632.337289204111,0.0230980637172218,0.5818416169311093,0.1061387231036975,0.0275058099725981,0.545571918638346,10.731206460407533,0.8656032302037653
7247,8.810027521068472,0.8277930672602621,13.61439611849574,0.1365324707768312,6050.084457681216,0.3214888983437256,0.8213469016598811,0.904489672199604,0.0379321426333621,0.7562049016840846,10.348378519840622,0.6741892599203116
7249,8.455482339291994,0.630823521828886,13.163759559037848,0.0363910131195216,5689.262159536021,0.063758685382872,0.8074536211014889,0.8581787370049628,0.0164242227862773,0.321701470429845,10.355328770611338,0.6776643853056695
7259,8.59327099836765,0.7073727768709172,14.972400233033408,0.4383111628963128,5734.431617017321,0.0960225835838003,0.6483035963445614,0.327678654481871,0.0239501655932219,0.4737407190549892,9.93019911535579,0.465099557677895
7266,7.959257144571769,0.3551428580954271,14.58433861709522,0.3520752482433821,5674.182878622095,0.0529877704443537,0.7140604961691441,0.5468683205638136,0.0169820014088153,0.332969725430613,10.969376934843943,0.9846884674219724
7277,8.303429431130775,0.5463496839615423,15.76262341942199,0.613916315427109,5664.548269322975,0.0461059066592681,0.7595732942785272,0.6985776475950907,0.0472821324666198,0.9450935851842394,9.010942322168209,0.0054711610841045
7284,8.50248933682354,0.6569385204575229,15.241340411775738,0.4980756470612753,5674.8931382603305,0.0534950987573787,0.7502011661731581,0.6673372205771938,0.0119465433940268,0.2312433008894309,10.409060913555075,0.7045304567775386
7286,8.077915184919338,0.4210639916218548,14.277526226675157,0.2838947170389235,5954.29588113816,0.2530684865272566,0.7202915544288673,0.5676385147628911,0.0198446478159632,0.3908009659790561,10.170972590571932,0.5854862952859665
7287,8.33239635820132,0.5624424212229556,16.450177641872273,0.7667061426382824,5707.892370450912,0.077065978893508,0.7012314606551986,0.5041048688506619,0.0445776214027387,0.8904569980351268,10.959142331745314,0.9795711658726572
7293,8.942060698026332,0.9011448322368508,14.133118582934513,0.2518041295410027,5754.978562774033,0.1106989734100233,0.5988153544844363,0.1627178482814543,0.0053037118632623,0.0970446841063092,10.157158292357863,0.5785791461789319
7297,8.061303307417484,0.4118351707874909,13.287584724016858,0.0639077164481908,6179.627859894555,0.4140198999246821,0.7000280665016253,0.5000935550054176,0.022848355377331,0.4514819268147682,10.659838628441436,0.8299193142207177
7302,8.869823420553109,0.8610130114183939,16.445250238972648,0.7656111642161437,5881.456199839247,0.2010401427423197,0.825432797200687,0.9181093240022902,0.0442314244479044,0.8834631201596849,10.033258137196144,0.5166290685980718
7311,7.85565877021304,0.2975882056739113,13.269495324309585,0.0598878498465741,5982.469773068264,0.2731926950487598,0.8425034506709768,0.9750115022365892,0.0442100438957797,0.8830311898137312,9.302103513892565,0.1510517569462821
7312,8.137404272588919,0.4541134847716216,16.78082349208814,0.8401829982418084,5671.472131196721,0.0510515222833725,0.7294530142652779,0.5981767142175928,0.0379603432713205,0.7567746115418282,9.019639148771008,0.0098195743855035
7317,8.59455537918842,0.7080863217713448,13.99227242032958,0.2205049822954622,5812.716487874961,0.151940348482115,0.5910832921439743,0.1369443071465806,0.0221825334518082,0.4380309788244091,10.553682020664317,0.7768410103321586
7319,8.59129647801973,0.7062758211220724,14.629239545630668,0.3620532323623706,5885.727525417472,0.2040910895839085,0.6955869282959871,0.4852897609866236,0.0167052402663799,0.3273785912399997,9.149570181307144,0.0747850906535716
7324,8.720820611507506,0.7782336730597261,16.860203212745237,0.857822936165608,5678.234175242367,0.0558815537445482,0.6418146510539858,0.3060488368466192,0.0191368073176074,0.3765011579314644,9.68663841031666,0.3433192051583295
7347,9.008751548057736,0.9381953044765208,13.435247701850283,0.0967217115222851,6656.806253766599,0.754861609833285,0.6577839317361176,0.3592797724537252,0.0487450973673745,0.9746484316641316,10.481096041535563,0.7405480207677818
7350,8.14771821134454,0.4598434507469663,14.323111514192574,0.2940247809316829,6118.567860389207,0.3704056145637188,0.7042082244145356,0.5140274147151185,0.0461716980323343,0.922660566309784,10.59507564491312,0.7975378224565604
7353,8.497998506685828,0.6544436148254603,14.374056064939488,0.3053457922087749,5757.919329668494,0.1127995211917816,0.70839655449004,0.5279885149668001,0.0112628071446812,0.2174304473672988,9.658490416239635,0.3292452081198176
7361,8.816270796603277,0.8312615536684875,14.266716047484294,0.2814924549965099,6076.380587296002,0.3402718480685731,0.8151475466989677,0.8838251556632257,0.0489399411383391,0.9785846694613962,9.717826174986174,0.3589130874930866
7362,8.328178875228064,0.5600993751267019,13.994609453086326,0.2210243229080724,5744.061441816334,0.1029010298688097,0.7065490080552643,0.5218300268508811,0.031779955449335,0.6319182919057575,9.142195748544426,0.0710978742722128
7368,8.140945255173914,0.4560806973188417,15.162968203082285,0.4806596006849521,5915.551865075615,0.2253941893397251,0.8171957881114953,0.8906526270383175,0.0474334049389095,0.948149594725446,9.816955094086138,0.4084775470430694
7381,8.273404914562168,0.5296693969789826,17.059907105879425,0.9022015790843164,5794.485933933174,0.1389185242379816,0.7095107271974845,0.5317024239916153,0.0326956113992033,0.6504163919030973,10.778167880294266,0.8890839401471333
7383,8.4464108810188,0.6257838227882224,14.109997198747044,0.2466660441660096,5709.816549468889,0.0784403924777781,0.7931734942371865,0.8105783141239551,0.0232385307944744,0.4593642584742304,9.491423515632242,0.2457117578161209
7401,9.031405991881243,0.9507811066006906,15.000610812730258,0.444580180606724,5718.496465601278,0.0846403325723412,0.8129159376511674,0.8763864588372248,0.0117058451211307,0.226380709517793,9.543838363511412,0.2719191817557057
7408,8.092110764924563,0.4289504249580904,17.410428788067474,0.9800952862372162,5710.040417547008,0.0786002982478625,0.6720457877579389,0.4068192925264629,0.0459519204185539,0.9182206145162412,9.99804941707238,0.4990247085361896
7410,9.043350498061534,0.9574169433675188,13.300687419178155,0.0668194264840347,5813.988661977132,0.15284904426938,0.6835979132295142,0.4453263774317139,0.0165544278676522,0.3243318761141861,10.836013796746204,0.918006898373102
7413,9.105237701347807,0.991798722971005,16.236815487593766,0.7192923305763926,6205.453317636888,0.43246665545492,0.6486746040362525,0.3289153467875082,0.0060749367761622,0.1126249853770151,9.834719412347525,0.4173597061737616
7414,8.820497918103063,0.8336099545017022,15.341045860590375,0.5202324134645282,5934.166057884381,0.2386900413459868,0.8233675533069805,0.911225177689935,0.0255435291978585,0.5059298827850206,9.02904423109445,0.0145221155472244
7421,8.488952108173,0.6494178378738896,13.978199897964716,0.21737775510327,5956.260602417747,0.2544718588698191,0.6173420890583319,0.2244736301944393,0.0071695098356109,0.1347375724365853,10.8675838951871,0.9337919475935494
7429,8.586036337106261,0.7033535206145898,17.21630894289216,0.936957542864924,5635.975407726142,0.0256967198043871,0.5963846519686039,0.1546155065620128,0.0335749869034168,0.6681815536043807,9.474628388113349,0.2373141940566732
7433,8.579606713825768,0.6997815076809824,13.193229765201409,0.0429399478225349,5607.400894919066,0.005286353513618,0.636826352800488,0.2894211760016267,0.0343446762295817,0.6837308329208444,9.90989792741188,0.4549489637059399
7443,8.663313924786415,0.7462855137702311,14.203561312729674,0.2674580694954831,5610.744216722411,0.0076744405160077,0.8137458288089428,0.8791527626964757,0.0306721096903965,0.6095375695029612,10.128589701023662,0.5642948505118309
7449,7.895140784885061,0.3195226582694784,13.324070821716164,0.0720157381591475,5638.842901966922,0.0277449299763727,0.7175460216013821,0.5584867386712737,0.0226152178840582,0.4467720784658229,10.25155132060176,0.6257756603008806
7453,8.89598889524514,0.8755493862473003,15.425860962491305,0.5390802138869559,5846.30552648391,0.1759325189170789,0.5683893926275158,0.0612979754250522,0.0486787384846883,0.9733078481755228,10.418490028000688,0.7092450140003442
7458,8.985379444474363,0.9252108024857574,13.573293714364722,0.1273986031921604,6041.373689940873,0.3152669213863377,0.8056528113704443,0.852176037901481,0.0311805816800648,0.6198097309104006,9.664935832665254,0.3324679163326266
7470,8.67123017543881,0.7506834307993392,14.538501386417115,0.3418891969815815,5945.09475471323,0.2464962533665927,0.8112429271360223,0.8708097571200744,0.0386314430549671,0.7703321829286296,10.672444178366478,0.8362220891832389
7474,8.268278611410825,0.5268214507837913,17.125975888936296,0.9168835308747328,6136.345859838432,0.3831041855988804,0.5994530796735082,0.1648435989116941,0.0010705790424503,0.0115268493424312,10.86049979003933,0.9302498950196658
7478,8.028027423675606,0.3933485687086701,14.96179943056678,0.4359554290148399,5632.8782263935045,0.0234844474239317,0.7655534468309546,0.7185114894365153,0.0223127580726985,0.4406617792464343,10.366495807027665,0.6832479035138317
7488,8.613223890713911,0.7184577170632844,13.244777516586282,0.0543950036858404,5860.692945404873,0.1862092467177666,0.618240060890533,0.2274668696351098,0.0101386105341415,0.1947194047301329,9.389217757945906,0.1946088789729527
7490,8.218824320373445,0.4993468446519136,15.397705218324386,0.5328233818498638,5632.583554185496,0.0232739672753542,0.8456354451518135,0.9854514838393784,0.0368241422106841,0.7338210547612952,9.775217855690034,0.3876089278450172
7496,8.905888321736912,0.8810490676316182,15.553762554473206,0.5675027898829346,5618.843433914474,0.0134595956531956,0.5981579985308484,0.1605266617694943,0.0047340447891273,0.0855362583662099,9.224601595639724,0.1123007978198618
7497,9.03643095985976,0.9535727554776446,16.961742755486895,0.8803872789970881,5613.951089461122,0.0099650639008017,0.6647927063867776,0.382642354622592,0.0077807784122924,0.1470864325715655,10.905663134055343,0.9528315670276728
7505,8.13132794184209,0.4507377454678278,14.384057818694515,0.3075684041543365,5709.115539277481,0.0779396709124859,0.7334634044781516,0.6115446815938386,0.0037132365126406,0.0649138689422343,9.53901513476588,0.2695075673829407
7514,8.160757719918433,0.4670876221769071,16.467966237835878,0.7706591639635281,6531.22663817027,0.6651618844073361,0.8199739435364803,0.8999131451216014,0.0300466470359499,0.5969019603222218,9.35967373113034,0.1798368655651695
7515,8.213438457073739,0.4963546983742999,14.133767006920362,0.2519482237600803,5824.008864451537,0.1600063317510976,0.8355067134086911,0.9516890446956372,0.0467174008991468,0.9336848666494304,10.337632042760712,0.6688160213803566
7524,8.05463557080078,0.4081308726670998,13.74769275363058,0.1661539452512404,5665.870720182712,0.0470505144162225,0.7039536276824938,0.5131787589416459,0.017180057219423,0.3369708529176377,10.256105918022747,0.6280529590113733
7527,8.827152626526837,0.8373070147371325,14.480134637679951,0.3289188083733224,5721.566645631634,0.08683331830831,0.593665411952979,0.1455513731765965,0.0327783050246684,0.6520869701953215,10.92314837328875,0.9615741866443748
7545,9.088843795794409,0.9826909976635594,16.058461525965846,0.679658116881299,5937.399405976536,0.240999575697526,0.744177630476109,0.6472587682536967,0.039974400713652,0.7974626406798384,10.300474725388208,0.6502373626941038
7555,8.306700512727872,0.5481669515154848,17.307554076656633,0.9572342392570298,6559.558698558083,0.6853990703986308,0.8076366554524478,0.8587888515081593,0.0466494214812081,0.9323115450749117,9.036472766891857,0.0182363834459274
7560,8.924172158072638,0.891206754484799,16.97835089596326,0.8840779768807242,5804.782918750229,0.1462735133930206,0.7244426626794894,0.5814755422649648,0.036197821781967,0.7211681168074158,10.369564115724309,0.6847820578621535
7564,8.919025361813862,0.888347423229924,14.597742252591306,0.355053833909179,5835.771033244288,0.1684078808887776,0.6878998662834097,0.4596662209446988,0.0426497460546908,0.8515100213068864,10.535488788535654,0.7677443942678266
7566,8.895720326621825,0.87540018145657,17.37146526926145,0.9714367265025442,5605.600235771266,0.0040001684080472,0.8129473684323142,0.8764912281077141,0.0279857114148662,0.5552668972700243,9.506545930659584,0.2532729653297922
7572,8.945566637550332,0.9030925764168516,14.867058451988983,0.4149018782197745,5773.539881978468,0.1239570585560486,0.5756109583576972,0.0853698611923238,0.0423942223117987,0.8463479254908836,9.9874116439171,0.4937058219585497
7575,8.618233381398078,0.7212407674433765,15.531895497068144,0.5626434437929212,6662.432334940217,0.7588802392430115,0.603880143339728,0.1796004777990931,0.0187595636205732,0.3688800731428937,10.949814766745744,0.974907383372872
7578,8.888854763011004,0.8715859794505585,14.68978053165908,0.3755067848131289,5717.635933442872,0.0840256667449085,0.8447104919706692,0.9823683065688972,0.048854002911799,0.9768485436727076,10.637847518556455,0.8189237592782289
7579,8.458405973560764,0.6324477630893129,15.613297910610408,0.5807328690245349,5844.306013566851,0.1745042954048936,0.6412677328024408,0.3042257760081357,0.0432812494043628,0.8642676647346024,9.604858663902274,0.3024293319511373
7587,8.932912506428138,0.896062503571188,16.19207167486406,0.7093492610809019,5692.831525019757,0.0663082321569689,0.5844448998055862,0.1148163326852872,0.0288474021089417,0.572674790079631,9.457001553521357,0.2285007767606772
7588,8.059492518926438,0.4108291771813545,13.661073065356309,0.1469051256347351,5609.898726976046,0.0070705192686044,0.6717428594934682,0.405809531644894,0.0051043868622593,0.0930179164092803,10.549815631079174,0.7749078155395872
7589,8.820549179657231,0.8336384331429068,15.889929252556316,0.64220650056807,5681.581818613067,0.0582727275807626,0.846975105385378,0.98991701795126,0.0029320023418181,0.0491313604407707,10.791070294470206,0.8955351472351025
7597,8.560365006709793,0.6890916703943296,13.26268115649545,0.0583735903323221,6089.828896103765,0.349877782931261,0.6651302376576134,0.3837674588587112,0.0476853382639339,0.9532391568471508,9.844699801812816,0.422349900906408
7608,8.043190688628814,0.4017726047937857,14.411951325281724,0.3137669611737167,5947.992059355604,0.2485657566825747,0.8486378898505684,0.995459632835228,0.0367464450311681,0.7322514147710735,9.528194233321884,0.2640971166609426
7613,8.474420508100508,0.6413447267225042,13.508415182780888,0.1129811517290864,5920.916013160251,0.2292257236858936,0.8007887095474762,0.8359623651582542,0.0273960586642314,0.5433547204895239,9.533046203699408,0.2665231018497038
7614,8.330715754183482,0.5615087523241564,13.740662995338036,0.1645917767417858,5704.912631741255,0.0749375941008959,0.5951455514475752,0.1504851714919171,0.0026588920352675,0.0436139805104554,9.271475446401292,0.1357377232006468
7616,7.729402495742781,0.227445830968212,14.449894215425848,0.322198714539077,6031.587573645928,0.30827683831852,0.8137146846971777,0.879048948990592,0.0285205973148981,0.5660726730282455,10.890532750035234,0.945266375017617
7617,9.058825154922108,0.9660139749567276,15.615339950688208,0.5811866557084907,5656.84105135025,0.0406007509644642,0.7779241976592889,0.7597473255309629,0.0030557705407126,0.0516317280952043,9.815262921427736,0.4076314607138671
7624,8.017736298393094,0.3876312768850526,15.756400256749496,0.6125333903887769,5654.767877174939,0.0391199122678134,0.7614829183572851,0.7049430611909502,0.0301822396382488,0.5996412048131076,10.11800999825295,0.5590049991264746
7643,8.640828989696553,0.7337938831647517,13.943851534667695,0.2097447854817099,5714.526203595355,0.0818044311395391,0.8207403667725295,0.9024678892417648,0.0480137515717901,0.9598737691270732,10.925728915408724,0.9628644577043622
7645,7.905681559161071,0.3253786439783729,14.022373902376112,0.2271942005280247,5777.37963654503,0.1266997403893067,0.601762465943826,0.1725415531460866,0.0346539843457489,0.6899794817323022,9.05218859023644,0.0260942951182205
7649,8.977568177984457,0.9208712099913656,14.27197772587932,0.2826617168620713,6064.010351052195,0.3314359650372819,0.782436415808816,0.774788052696053,0.0285578726666909,0.5668257104382002,10.641106235483726,0.8205531177418623
7657,8.986549447311027,0.925860804061682,16.019904019698295,0.6710897821551768,6004.545861686843,0.2889613297763159,0.7873273221048219,0.7910910736827398,0.0400511679782574,0.7990134945102513,9.753489755215684,0.3767448776078422
7664,8.671626927095614,0.7509038483864526,15.134107857717105,0.4742461906038009,5672.232173782334,0.0515944098445243,0.772807557225621,0.7426918574187367,0.0259759898371119,0.5146664613557963,10.254604819401784,0.6273024097008923
7670,8.334210186880641,0.5634501038225791,17.427875420587856,0.98397231568619,5757.396269493697,0.1124259067812124,0.7178831003659897,0.5596103345532988,0.0234267633304158,0.4631669359679966,10.836147130451948,0.9180735652259736
7674,8.39802074511288,0.5989004139516,15.348704827141772,0.5219344060315048,5619.367542176007,0.013833958697148,0.812183338282678,0.8739444609422597,0.0154290310255115,0.3015965863739701,10.428696171030246,0.7143480855151235
7682,8.268471843188856,0.5269288017715864,17.345414796176385,0.9656477324836408,5604.740993108526,0.0033864236489472,0.8165122333212054,0.8883741110706846,0.0275651221036538,0.5467701435081578,9.831505259611175,0.4157526298055874
7692,9.023586869126593,0.9464371495147732,13.0687487488618,0.0152774997470662,5834.014741935154,0.1671533870965387,0.6634513874345638,0.3781712914485458,0.0199673207188905,0.3932792064422334,9.26214174745528,0.1310708737276408
7693,8.314251158279188,0.552361754599549,17.300210104762026,0.9556022455026728,6180.782219818852,0.4148444427277519,0.5840007884864743,0.1133359616215807,0.019401501254602,0.3818485101939814,9.26634069442632,0.1331703472131595
7695,8.249923935651235,0.5166244086951312,16.52105114082914,0.7824558090731423,5735.267525251683,0.0966196608940589,0.8422134226691984,0.9740447422306616,0.0408864597311578,0.8158880753769268,9.808908436889444,0.4044542184447209
7696,8.504369271342373,0.6579829285235408,16.9118549771506,0.8693011060334668,5729.612823260615,0.0925805880432967,0.6498168333870679,0.3327227779568926,0.0270794362923167,0.5369583089356924,10.13266356374848,0.5663317818742396
7703,8.78487838925632,0.8138213273646223,15.693876864309988,0.5986393031799976,5768.71916155536,0.1205136868252574,0.7549455294784166,0.6831517649280556,0.0436913094132022,0.872551705317216,9.960943413597407,0.4804717067987043
7705,8.915556797080395,0.8864204428224421,13.583881680381229,0.1297514845291615,5648.121089042229,0.0343722064587349,0.5790257376511055,0.0967524588370184,0.0371417898852788,0.7402381795005823,9.143010217485791,0.0715051087428952
7707,8.550586652447361,0.6836592513596449,14.008840251885053,0.2241867226411227,5738.118683447297,0.0986562024623551,0.7595931021979287,0.6986436739930958,0.0293836141022763,0.5835073556015429,10.21630474910652,0.6081523745532597
7711,8.675310114884626,0.7529500638247925,14.32170013300238,0.2937111406671957,5845.543061101155,0.1753879007865396,0.6970769242584736,0.4902564141949117,0.0449684840182702,0.898353212490308,9.121531240735068,0.0607656203675341
7725,8.271176218228419,0.5284312323491223,15.11616362746274,0.470258583880609,5834.59974835385,0.1675712488241788,0.7665784104767435,0.7219280349224784,0.0051083778775473,0.0930985429807554,10.755665324738349,0.877832662369174
7740,8.674260337192804,0.7523668539960021,13.527528270812985,0.1172285046251078,6003.125130290541,0.2879465216361009,0.5595578569787618,0.0318595232625391,0.0343076620094151,0.6829830708972757,9.157323291932869,0.0786616459664334
7741,8.388960211988522,0.5938667844380684,14.358173923818402,0.3018164275152006,6065.781482866521,0.3327010591903724,0.7687229687153435,0.7290765623844785,0.0443059000233157,0.8849676772387026,10.313772798516794,0.6568863992583968
7745,8.090269637023962,0.4279275761244234,15.32574154520899,0.5168314544908867,5794.691267856148,0.1390651913258206,0.6255987913189553,0.2519959710631845,0.0302178394417566,0.6003603927627614,10.740033699539024,0.8700168497695109
7754,8.960611892817914,0.9114510515655084,14.483851763971533,0.3297448364381181,5730.742409435357,0.0933874353109697,0.5958864430615655,0.1529548102052179,0.0435156046907786,0.8690021149652257,9.120878273672307,0.0604391368361538
7767,8.897057471876145,0.8761430399311926,16.14604922486951,0.6991220499710024,6423.151414771516,0.5879652962653689,0.8274763788950894,0.9249212629836312,0.0285789062670416,0.5672506316574079,10.113553758181723,0.5567768790908626
7770,9.100255800964696,0.989031000535943,17.435109186152758,0.9855798191450568,5672.0619509214885,0.0514728220867776,0.7582191452197093,0.6940638173990312,0.0398022304452112,0.7939844534386101,9.991353992161752,0.4956769960808762
7771,8.031186344385787,0.3951035246587705,15.260939468338456,0.502430992964101,6999.532719660512,0.9996662283289371,0.6152850225217132,0.2176167417390441,0.0013146815735958,0.0164582136079964,10.37766323769004,0.6888316188450205
7774,8.905434981380315,0.8807972118779532,13.459305133295178,0.1020678073989284,5738.613849175832,0.0990098922684515,0.6172056174938735,0.2240187249795781,0.0023552051507422,0.0374788919341867,10.453695020460314,0.7268475102301573
7778,8.686259822584157,0.759033234768976,15.002049104609783,0.4448998010243967,6952.793989824399,0.9662814213031424,0.8060477411982305,0.8534924706607687,0.0404800411525096,0.807677599040598,10.46512193351412,0.7325609667570603
7783,8.764571556237062,0.8025397534650349,14.180388980229868,0.262308662273304,6093.128619484833,0.3522347282034516,0.7172929033027005,0.5576430110090016,0.0183816318588428,0.3612450880574317,10.488104809659236,0.7440524048296184
7788,8.240438315648932,0.5113546198049624,15.076410640010124,0.4614245866689164,5758.51888761896,0.1132277768706858,0.609742892444835,0.1991429748161165,0.0439201956430953,0.8771756695574814,10.726001895466949,0.8630009477334737
7789,9.106747674091435,0.9926375967174644,17.13828117946623,0.9196180398813844,5618.779488362548,0.013413920258963,0.6194843762639225,0.2316145875464081,0.018347572721073,0.3605570246681424,10.244005043104906,0.6220025215524531
7818,8.604844973239992,0.7138027629111064,15.16726690681555,0.4816148681812333,5649.909229752552,0.0356494498232515,0.5856246023268185,0.118748674422728,0.0449011887661387,0.8969937124472475,10.508082000404428,0.7540410002022142
7821,8.57881873701073,0.6993437427837392,14.293732534886876,0.28749611886375,6139.999583774435,0.3857139884103107,0.8479896521999721,0.9932988406665736,0.0308668905783807,0.6134725369369839,10.86520864468038,0.9326043223401906
7822,8.757351801406392,0.7985287785591071,14.734908416976776,0.3855352037726173,5697.61302295229,0.069723587823064,0.707033799450294,0.5234459981676468,0.0247434708182533,0.4897670872374416,10.884456985199934,0.9422284925999668
7826,9.038432182720737,0.9546845459559652,15.327498974815892,0.5172219944035317,5763.024684844302,0.1164462034602157,0.71099628621866,0.5366542873955331,0.0245172758559702,0.4851974920398029,10.617678382047792,0.8088391910238966
7829,8.064712055328206,0.4137289196267816,15.427823568851126,0.5395163486335836,5805.66950197858,0.1469067871275571,0.7276055260154763,0.592018420051588,0.0060662803247211,0.1124501075701249,9.196542544131043,0.098271272065523
7833,8.798692992667466,0.8214961070374812,17.169288489299454,0.9265085531776566,5811.195861625134,0.1508541868750958,0.7893097781972106,0.7976992606573686,0.035329001539287,0.7036161927128688,10.160864712662736,0.5804323563313681
7843,9.081936564154637,0.9788536467525764,13.0116138463595,0.0025808547465557,5952.17532337905,0.2515538024136066,0.5722865888424203,0.0742886294747343,0.0460995468771533,0.9212029672152182,10.035206834616426,0.5176034173082132
7850,8.950887579598632,0.9060486553325742,14.27686263835162,0.2837472529670267,5615.525326378528,0.0110895188418056,0.5681255925547538,0.0604186418491792,0.0462741482773116,0.9247302682285174,9.591306819366237,0.2956534096831176
7877,7.932440954215198,0.3402449745639989,13.492332784436838,0.1094072854304085,5653.647207462,0.0383194339014281,0.8283144813981351,0.9277149379937836,0.010547696973516,0.2029837772427487,10.865824375451597,0.9329121877257976
7881,8.03782247609333,0.3987902644962949,13.03938476029186,0.0087521689537466,5677.113746864263,0.0550812477601879,0.6328989378269525,0.2763297927565084,0.0137526683414585,0.2677306735648184,9.96058031535967,0.4802901576798345
7883,8.358363242851183,0.5768684682506571,13.937878334419718,0.2084174076488263,5793.484080296685,0.1382029144976319,0.8096386181071143,0.8654620603570479,0.0091511127339672,0.1747699542215599,9.767756710120205,0.3838783550601015
7889,8.89346604431508,0.8741478023972665,16.95688955880139,0.8793087908447534,5753.45200169743,0.1096085726410218,0.5967889412144688,0.1559631373815625,0.0492626809998634,0.9851046666639078,9.013103632498064,0.0065518162490315
7895,8.086579553600268,0.4258775297779268,15.461488197107425,0.5469973771349831,5668.083744638456,0.0486312461703257,0.6965793708102277,0.4885979027007587,0.044463258571323,0.888146637804506,9.456161001335603,0.2280805006678027
7901,8.764267365331696,0.8023707585176088,13.759804436972718,0.1688454304383817,6071.696105558692,0.3369257896847798,0.7766891869157732,0.7556306230525773,0.0253763398877578,0.5025523209648056,9.872224117381382,0.4361120586906906
7904,8.100695727941364,0.4337198488563136,14.68883550423216,0.3752967787182576,5899.483040098176,0.2139164572129832,0.7958181675371024,0.8193938917903416,0.0479365770214226,0.9583146873014666,9.917256046888204,0.4586280234441019
7905,8.151083629008093,0.4617131272267187,14.01480079300687,0.2255112873348601,5781.131150805764,0.129379393432689,0.5519918573115806,0.0066395243719351,0.010751267534902,0.2070963138364049,9.960698373141824,0.4803491865709123
7915,8.885373368947391,0.86965187163744,14.99564792201878,0.4434773160041737,5834.131612771052,0.1672368662650367,0.7717188237170161,0.7390627457233868,0.0103219580659999,0.1984233952727268,9.421782348579738,0.210891174289869
7922,8.427151311716706,0.6150840620648375,13.397026574039742,0.0882281275643872,5866.626141261685,0.1904472437583463,0.7435567337620682,0.6451891125402275,0.0158824237447267,0.3107560352470054,10.85101298588016,0.9255064929400794
7926,8.55247451347853,0.6847080630436281,13.4589626174624,0.101991692769422,6077.382922581066,0.3409878018436186,0.8405621403848642,0.9685404679495476,0.0432205854166873,0.8630421296300478,10.93011651235456,0.9650582561772796
7931,9.098808975505992,0.9882272086144408,17.17276707311209,0.9272815718026864,5771.917600671459,0.1227982861938991,0.6422777736523723,0.3075925788412407,0.013037822102897,0.2532893354120615,10.426078600257808,0.7130393001289045
7932,8.174281878822562,0.4746010437903124,16.80874854812063,0.8463885662490288,6284.778268582158,0.489127334701541,0.587960088142837,0.1265336271427898,0.0284683843909176,0.5650178664831839,9.540444200078229,0.2702221000391139
7938,8.663502846115954,0.7463904700644185,15.506195543603129,0.5569323430229174,5645.877090354127,0.0327693502529478,0.7750811271193172,0.7502704237310576,0.040058287960252,0.799157332530345,10.93670276063252,0.96835138031626
7942,9.0786858988736,0.9770477215964448,13.849206038750909,0.1887124530557576,6121.868657650288,0.3727633268930623,0.8110099285184015,0.8700330950613383,0.0086134674716411,0.163908433770528,10.716811324417774,0.8584056622088869
7943,8.950510822510896,0.9058393458393876,17.009239877013073,0.8909421948917936,5975.474429599447,0.268196021142462,0.8446974830759655,0.9823249435865514,0.0009284171637715,0.0086548921974045,10.75740256133912,0.8787012806695603
7951,8.455461419667543,0.6308118998153023,13.481564653290665,0.1070143673979256,5722.24336719459,0.0873166908532784,0.7467838183142022,0.6559460610473407,0.0218476938515977,0.4312665424565203,9.651066488875449,0.3255332444377241
7961,8.299130897819715,0.5439616098998421,16.498025818990367,0.7773390708867483,5905.438447036401,0.2181703193117153,0.6763956178703694,0.4213187262345648,0.0027752703695963,0.0459650579716425,10.907917380974585,0.9539586904872916
7965,8.963183923590911,0.9128799575505064,13.818126603571464,0.1818059119047699,5760.168665960046,0.1144061899714614,0.5747908916732408,0.0826363055774691,0.0288793120010233,0.5733194343641085,9.644526793785191,0.3222633968925958
7967,9.020276282533636,0.9445979347409084,13.49443130921469,0.1098736242699309,5969.937097235857,0.264240783739898,0.7268771153574679,0.5895903845248931,0.0344729617091516,0.6863224587707399,9.810100222687987,0.4050501113439937
7969,8.312837481411991,0.5515763785622176,14.12460266947892,0.2499117043286489,5794.163062849495,0.1386879020353538,0.7716223476273759,0.7387411587579198,0.0287943567463156,0.5716031665922358,9.811325262435917,0.4056626312179583
7973,8.162675751992467,0.4681531955513702,14.391216730927122,0.3091592735393603,5889.029016951287,0.2064492978223481,0.7872001460601377,0.790667153533792,0.0487786216096881,0.975325689084608,9.360320548784358,0.1801602743921789
7980,8.732107518019761,0.7845041766776459,16.003946452773818,0.6675436561719599,5716.452809066834,0.0831805779048813,0.6946246867928947,0.4820822893096487,0.0398773950900853,0.7955029311128348,9.553748723481585,0.276874361740791
7981,9.019757360412996,0.9443096446738865,13.839127021962652,0.1864726715472561,5878.681120222737,0.1990579430162407,0.7048597529639631,0.5161991765465436,0.0454069907378216,0.907211934097406,10.39561790697377,0.6978089534868855
7985,8.435852242347254,0.6199179124151416,16.180269743963905,0.7067266097697565,5871.542733102563,0.1939590950732592,0.6866047028287514,0.4553490094291712,0.0478353734125659,0.9562701699508273,10.616087676111771,0.8080438380558863
7988,7.8922437679098625,0.317913204394368,13.070760150090514,0.0157244777978919,6005.254719084743,0.2894676564891018,0.7763476562624201,0.7544921875414002,0.0383579107968665,0.7648062787245765,9.14974479519506,0.0748723975975301
7993,8.46328054729645,0.6351558596091382,15.187631206872345,0.4861402681938538,5961.761901878109,0.2584013584843632,0.6891670581644944,0.4638901938816481,0.0419414295129035,0.8372005962202739,10.378214292195793,0.6891071460978953
7995,8.423133452976709,0.6128519183203942,14.475920566906376,0.3279823482014169,5735.578504504564,0.0968417889318317,0.7899738067987907,0.7999126893293023,0.0267763962474187,0.5308362878266423,10.601667566994692,0.8008337834973456
7996,8.85451643787154,0.8525091321508561,14.479668951277082,0.3288153225060183,6311.247854943895,0.508034182102782,0.7845864813350144,0.7819549377833814,0.0441854099706704,0.8825335347610191,10.533013588258738,0.7665067941293687
8005,9.07150313887253,0.9730572993736274,15.888258854694904,0.6418353010433118,6719.622994888494,0.7997307106346381,0.8274095723831973,0.924698574610658,0.0406120530986341,0.8103445070431131,9.686546996125411,0.3432734980627067
8011,8.441212526277617,0.6228958479320095,17.151125226759543,0.9224722726132316,6338.768946510878,0.5276921046506273,0.6904307459464631,0.4681024864882103,0.0344768014337231,0.6864000289641047,9.480726080567733,0.240363040283866
8013,8.888976555863572,0.8716536421464288,13.639108339258527,0.142024075390784,5756.100117623954,0.1115000840171103,0.6646616339889706,0.3822054466299019,0.0353532166600866,0.704105387072457,10.7187021868936,0.8593510934468006
8020,8.927996030915548,0.8933311282864153,16.613132182855214,0.8029182628567145,5759.52886253513,0.1139491875250932,0.6262107476898784,0.2540358256329278,0.0440150424814199,0.8790917673014125,9.980069147516495,0.4900345737582473
8024,9.021699764349078,0.9453887579717102,13.64338659712024,0.1429747993600533,6133.460761439765,0.3810434010284036,0.5773434641034227,0.0911448803447423,0.0407576050076771,0.8132849496500426,10.656017800920615,0.8280089004603082
8038,8.999366087379308,0.9329811596551713,15.373592684563768,0.5274650410141705,6076.627550952308,0.3404482506802203,0.7411657556722013,0.6372191855740043,0.0434736440021358,0.868154424285573,10.015306300388811,0.5076531501944064
8044,8.950447433876226,0.9058041299312376,14.1283386069641,0.2507419126586886,5893.901404247943,0.2099295744628161,0.8460330743486714,0.9867769144955711,0.038124384500933,0.7600885757764246,10.47338170912074,0.7366908545603693
8048,8.356139836868913,0.575633242704952,15.1680905768705,0.4817979059712224,6626.188826547092,0.7329920189622084,0.6414245221306043,0.3047484071020144,0.0459064876555328,0.917302780919856,9.935627647340697,0.4678138236703482
8051,8.549291586828804,0.6829397704604472,16.080445930373184,0.6845435400829298,5773.550536066316,0.1239646686187967,0.7945162067965477,0.8150540226551591,0.0335299162271357,0.6672710348916314,10.718972204743324,0.8594861023716616
8052,8.163166473817574,0.4684258187875412,16.03116402314587,0.673592005143527,5661.7098946542055,0.0440784961815755,0.8461492082944084,0.9871640276480284,0.0451507751499556,0.9020358616152658,9.184570841754606,0.0922854208773034
8057,8.226818773258103,0.5037882073656127,14.82368688980533,0.4052637532900732,5730.272972300976,0.0930521230721258,0.5689572553090732,0.0631908510302438,0.0166741907395353,0.3267513280714208,10.395956954366037,0.6979784771830182
8073,8.235672833728012,0.5087071298488959,14.336981024986676,0.2971068944414837,5851.332446649119,0.1795231761779422,0.6613236211865748,0.3710787372885828,0.0380148679477515,0.757876120156597,9.8167081913566,0.4083540956783003
8081,8.062213086886294,0.4123406038257191,15.37087174860585,0.526860388579078,5757.343658349872,0.1123883273927659,0.8488142850215912,0.9960476167386374,0.0043668049050507,0.0781172708091065,10.95417775805226,0.9770888790261306
8093,8.943152381525387,0.9017513230696592,14.861139763264887,0.4135866140588636,5738.959536192292,0.0992568115659231,0.675526585199067,0.4184219506635568,0.0087565101781637,0.1667981854174492,9.126660303089528,0.063330151544764
8108,8.58129153632795,0.7007175201821944,13.200355806937129,0.044523512652695,5774.952613330644,0.1249661523790318,0.6571147591149648,0.3570491970498824,0.0331925640908692,0.6604558402195813,10.857233848785931,0.928616924392966
8111,8.817210555200276,0.8317836417779318,15.67400310813182,0.5942229129181825,6065.2648601356,0.3323320429539995,0.8241198566419795,0.913732855473265,0.0122121697881397,0.2366094906694903,10.222116693431056,0.6110583467155273
8112,8.284630447636536,0.5359058042425202,15.688154620762958,0.5973676935028795,5726.884171541194,0.0906315511008526,0.8082984241231423,0.8609947470771412,0.0352442197994564,0.7019034302920495,9.137883132498793,0.0689415662493958
8113,8.693736054550516,0.7631866969725094,17.08878906979242,0.9086197932872042,5643.964069788599,0.0314029069918561,0.5565795923975768,0.0219319746585892,0.0150759413509531,0.2944634616354177,10.141076629965877,0.5705383149829375
8118,8.748212391959509,0.7934513288663939,14.155050820898223,0.2566779601996056,6169.908094654935,0.4070772104678105,0.8466911114592612,0.9889703715308712,0.0346145855269164,0.689183545998312,10.04342347399756,0.5217117369987804
8122,8.749535521675565,0.7941864009308696,14.788406950278786,0.3974237667286189,5627.244954648949,0.0194606818921065,0.8329642392473562,0.9432141308245204,0.0183149692598287,0.3598983688854292,10.777844414544678,0.8889222072723384
8124,8.964656344090086,0.9136979689389372,14.226968363864376,0.272659636414306,5819.168031727602,0.1565485940911443,0.8475970304133877,0.991990101377959,0.0367801044881862,0.7329314038017416,9.07552813495142,0.0377640674757104
8125,9.00058616902305,0.9336589827905836,16.916306869868365,0.8702904155263028,5706.7671432929565,0.0762622452092546,0.5671706006624119,0.0572353355413726,0.0287073299413374,0.569845049319948,10.291778747018022,0.6458893735090104
8126,8.139918872592816,0.4555104847737867,13.853541831029126,0.1896759624509169,5904.436597536916,0.2174547125263688,0.7297842327288061,0.5992807757626871,0.0053711631431936,0.0984073362261339,9.703241620238844,0.351620810119422
8135,8.21128645188001,0.4951591399333395,14.40077477171017,0.3112832826022599,5773.240364824135,0.1237431177315253,0.7883794322104222,0.7945981073680739,0.0174473737752477,0.3423711873787415,10.94855001275425,0.9742750063771252
8137,8.46118691373264,0.6339927298514666,14.617122256106914,0.3593605013570921,5656.248593046809,0.0401775664620067,0.6250585758421753,0.2501952528072507,0.0138444135325955,0.2695841117696069,9.294765060440788,0.1473825302203937
8138,8.407413791453763,0.6041187730298688,13.12856036170872,0.0285689692686044,5635.1047449089965,0.02507481779214,0.8186552220374331,0.8955174067914439,0.0260652462232478,0.5164696206716733,10.11384692826508,0.5569234641325408
8144,9.020454619944834,0.9446970110804638,13.598881365921844,0.1330847479826322,5745.19763354504,0.1037125953893144,0.6153937183993178,0.2179790613310591,0.0418383657208703,0.835118499411522,9.9247058883724,0.4623529441862003
8147,8.929445009147255,0.8941361161929192,14.078924543181282,0.2397610095958404,5932.9955600786325,0.2378539714847372,0.8138192266345766,0.8793974221152555,0.0305038625801005,0.6061386379818301,9.25895542755887,0.129477713779435
8152,7.975703959724568,0.3642799776247598,13.577380373405294,0.1283067496456209,6031.096835361128,0.307926310972234,0.8442971212410899,0.9809904041369666,0.0455022838304635,0.909137047080072,9.788569696477326,0.3942848482386634
8155,8.415382384827204,0.608545769348447,15.56760598396894,0.5705791075486533,5690.224262444199,0.0644459017458563,0.5795106995538356,0.0983689985127853,0.0228322598015871,0.451156763668428,9.816427487523177,0.408213743761588
8157,8.934220902866105,0.8967893904811698,14.220157686873788,0.2711461526386197,6098.936929658375,0.3563835211845536,0.6303473611657442,0.2678245372191471,0.0132047004358527,0.2566606148657112,10.82724785174844,0.913623925874219
8158,8.55276433731958,0.684869076288656,15.398414511673831,0.5329810025941847,5611.209411233175,0.008006722309411,0.7976971505832526,0.825657168610842,0.0287198087464006,0.5700971463919317,9.116954195283643,0.0584770976418212
8163,8.518635015798168,0.6659083421100935,13.798718489527216,0.1774929976727146,6043.300278804521,0.3166430562889442,0.6905835880888356,0.4686119602961185,0.0368908578325643,0.7351688451023101,10.78046420502805,0.8902321025140253
8185,8.145944408135827,0.4588580045199042,17.37291021813006,0.9717578262511242,5704.433957662887,0.0745956840449195,0.5641267186318757,0.047089062106252,0.0389766330322355,0.7773057178229396,10.739254717432209,0.869627358716104
8186,7.973260211617826,0.3629223397876812,14.212396130964784,0.2694213624366187,5856.63575462987,0.1833112533070497,0.6615251258606644,0.3717504195355479,0.0106901799106556,0.2058622204172864,9.533137406139252,0.2665687030696256
8193,9.08295046416115,0.9794169245339728,16.214642147689382,0.7143649217087514,6438.894459618446,0.5992103282988896,0.6515532953981928,0.3385109846606428,0.0107286747363804,0.2066398936642509,10.99360430083819,0.9968021504190948
8197,8.054357370924937,0.4079763171805202,14.971989369799893,0.4382198599555317,5934.249383518311,0.2387495596559368,0.6374455311214553,0.2914851037381841,0.041209713475334,0.8224184540471519,10.790494605986767,0.8952473029933836
8216,8.906511187753225,0.8813951043073475,16.326277396934834,0.7391727548744078,5667.059658367164,0.047899755976546,0.7857638039457944,0.7858793464859815,0.0074420594945417,0.1402436261523583,10.0501696558832,0.5250848279415996
8228,8.938083088075956,0.8989350489310871,13.293299446756317,0.0651776548347365,5646.114843146204,0.03293917367586,0.7965606645249124,0.8218688817497078,0.0075244167452161,0.1419074089942656,10.355829672757272,0.6779148363786358
8230,8.23021473699884,0.5056748538882446,15.18566337293666,0.4857029717637026,5694.213628270513,0.0672954487646524,0.5855525394835813,0.1185084649452711,0.0222852744639889,0.4401065548280586,10.314322027815678,0.6571610139078385
8234,8.552959188335644,0.6849773268531358,15.781393639837685,0.6180874755194854,5612.666011557025,0.0090471511121607,0.715044186663671,0.5501472888789034,0.0371526481387471,0.7404575381565085,9.141275719429723,0.0706378597148618
8239,8.994913909357868,0.9305077274210376,17.471115976795076,0.993581328176684,5743.298563795054,0.1023561169964671,0.6828207540606224,0.4427358468687411,0.0304200155791732,0.6044447591752165,10.850260546018117,0.9251302730090588
8242,8.87437598877059,0.8635422159836611,15.003664868047666,0.4452588595661479,5847.616855673165,0.1768691826236893,0.7242761820761304,0.5809206069204347,0.0422475289052556,0.8433844223283974,10.39709665294375,0.6985483264718748
8246,8.228022093839371,0.5044567187996504,14.11336682703364,0.2474148504519199,5621.65220452561,0.0154658603754357,0.7121454111761364,0.5404847039204546,0.0423767183970233,0.8459943110509761,9.014823181119128,0.0074115905595638
8250,9.069715304444864,0.9720640580249248,13.9714114722761,0.2158692160613553,5768.597183725215,0.1204265598037249,0.6296387938122481,0.265462646040827,0.0082672554194435,0.1569142508978497,10.920579663273648,0.960289831636824
8257,9.09169953970903,0.984277522060572,14.265708695093,0.2812685989095557,5812.031906170911,0.1514513615506506,0.6318878598947105,0.2729595329823682,0.0222585812052084,0.4395672970749188,10.27844970506988,0.6392248525349401
8272,8.090348675048823,0.4279714861382349,14.671552650387676,0.3714561445305941,5806.192196524109,0.1472801403743638,0.6803245740225781,0.4344152467419266,0.022185457809465,0.4380900567568698,9.719808764331198,0.3599043821655987
8277,9.092449453678531,0.9846941409325192,14.627565357320451,0.3616811905156559,5898.667256037251,0.2133337543123222,0.7881312198650313,0.7937707328834377,0.0049004139351938,0.0888972512160375,10.3088280294991,0.6544140147495501
8289,7.995466775512709,0.3752593197292826,13.66963102701626,0.1488068948925024,6568.446274655659,0.6917473390397566,0.7730148713719622,0.7433829045732074,0.0220930161735306,0.436222548960216,10.82664350881505,0.913321754407525
8308,8.37657268622418,0.5869848256800994,16.64805414065262,0.8106786979228043,6982.225109083498,0.987303649345356,0.6638382323124575,0.3794607743748585,0.0055699381219481,0.1024229923625885,10.577665845001793,0.7888329225008965
8314,9.076251505783404,0.9756952809907796,15.527653123749626,0.5617006941665835,5704.765934787402,0.07483281056243,0.7732302488995803,0.7441008296652676,0.0140947014787472,0.2746404339140862,9.24773209015847,0.1238660450792352
8337,8.376114796494265,0.586730442496814,13.77966782057848,0.1732595156841069,5649.053636373676,0.0350383116954828,0.6198237283966375,0.2327457613221246,0.0005331924708807,0.0006705549672887,10.74659065655806,0.8732953282790296
8342,8.709468180063407,0.7719267667018931,14.981844492375547,0.4404098871945665,6013.630863117578,0.2954506165125558,0.7587462709349496,0.6958209031164987,0.0151617565243299,0.2961971015016141,10.519586347790192,0.7597931738950954
8345,9.029664137092036,0.949813409495576,14.22615474075161,0.2724788312781355,5698.163427719136,0.0701167340850974,0.6945450214460218,0.4818167381534061,0.0094231605364212,0.1802658694226524,10.42586940383724,0.7129347019186204
8348,8.355010610239836,0.5750058945776865,13.101585619176026,0.0225745820391169,6002.473833257091,0.2874813094693509,0.8443664130891706,0.981221376963902,0.0450161423383726,0.8993160068358118,10.239148446188334,0.6195742230941674
8352,8.314270901672549,0.5523727231514158,15.4423844695549,0.5427521043455331,5921.091094399607,0.229350781714005,0.6149561625665998,0.2165205418886657,0.0062490332900896,0.1161420866684782,10.992556698363616,0.9962783491818084
8355,8.98405997568371,0.9244777642687289,16.174049064925683,0.7053442366501519,5907.837470973503,0.2198839078382162,0.7044206516764422,0.5147355055881405,0.0324729693456502,0.645918572639398,9.86517611915961,0.4325880595798054
8356,8.119121511867158,0.4439563954817545,13.53172932432298,0.1181620720717734,6348.876645700387,0.5349118897859902,0.8480852816122085,0.9936176053740284,0.0044482520514299,0.0797626677056548,10.779608729177973,0.8898043645889865
8364,8.552114221429054,0.6845079007939189,13.34165526178965,0.0759233915088114,6051.143373901103,0.3222452670722159,0.8127380679696137,0.8757935598987123,0.0072945380152639,0.1372633942477563,9.640376059262092,0.3201880296310458
8365,7.866087589612667,0.3033819942292597,13.700879951350762,0.1557511003001693,5690.005160077269,0.0642894000551916,0.5863386507842978,0.1211288359476593,0.0273301204378637,0.5420226351083594,10.490342743793072,0.7451713718965363
8368,8.616191980783958,0.7201066559910878,13.70674872566053,0.1570552723690066,5688.993906319515,0.0635670759425105,0.8478969828991294,0.992989942997098,0.0453647535265925,0.9063586571028804,10.575077730866155,0.7875388654330773
8374,8.22958247142704,0.5053235952372447,15.640103883872811,0.5866897519717362,5602.575081350367,0.0018393438216912,0.7789151714340363,0.7630505714467878,0.037781627427448,0.7531641904534965,10.10065697886012,0.5503284894300602
8384,8.877178427934375,0.865099126630208,13.978154906931344,0.2173677570958542,5818.747517313858,0.1562482266527559,0.7498460851134212,0.6661536170447372,0.0393464081420193,0.7847759220609976,10.173489759704376,0.5867448798521878
8386,8.276570710782863,0.531428172657146,14.383833104504893,0.3075184676677536,6138.417888794989,0.3845842062821355,0.7982783963031247,0.8275946543437489,0.0391430877366031,0.780668439123295,10.591310048564557,0.7956550242822785
8388,8.833974218861332,0.8410967882562957,16.848299731348355,0.8551777180774119,5737.382297710461,0.0981302126503294,0.7098592652289111,0.5328642174297035,0.0410879432492297,0.8199584494793892,10.529522334181284,0.7647611670906422
8390,8.88017902562458,0.8667661253469893,16.180492826604333,0.7067761836898514,5855.793734696997,0.1827098104978547,0.7998449577814626,0.8328165259382088,0.0104483091953342,0.2009759433400858,9.8410097857175,0.4205048928587502
8394,8.876998294579192,0.864999052543996,14.608004110703304,0.3573342468229564,6075.808055946188,0.3398628971044196,0.7818673461148752,0.7728911537162505,0.0420814336707904,0.8400289630462707,9.309259947934388,0.1546299739671937
8399,8.881870166011838,0.8677056477843548,13.025949921898452,0.0057666493107673,6120.178879458959,0.3715563424706849,0.6850991096032805,0.4503303653442682,0.0095678897892273,0.1831896927116637,10.221716561876354,0.6108582809381773
8405,8.877734727536108,0.865408181964505,14.013954834618868,0.2253232965819709,6587.369337361442,0.7052638124010305,0.6977697526721441,0.4925658422404804,0.0425915487531719,0.8503343182458973,10.93689581504747,0.9684479075237344
8413,8.97191383122254,0.9177299062347448,14.224235554964238,0.2720523455476084,5842.665220035419,0.1733323000252993,0.7860497239331639,0.7868324131105464,0.0402879601145319,0.8037971740309487,10.586658689142112,0.7933293445710562
8414,8.447151199552264,0.6261951108623689,13.63910442840739,0.1420232063127532,5610.630573326295,0.0075932666616396,0.6037653088759378,0.1792176962531257,0.0319444032070233,0.6352404688287553,10.15059173047523,0.5752958652376146
8415,7.814849886856477,0.2749166038091536,13.467307486757432,0.1038461081683183,5885.477566743035,0.2039125476735961,0.7728104739826532,0.7427015799421774,0.014847527689478,0.2898490442318805,10.45882119148948,0.7294105957447395
8418,8.523999815603272,0.6688887864462625,13.278678945868256,0.0619286546373902,5738.840528766412,0.0991718062617224,0.6941218981421218,0.480406327140406,0.0459209402882657,0.9175947532982988,9.502049436960329,0.2510247184801638
8427,8.1930868270605,0.4850482372558333,13.162290486587093,0.0360645525749092,5605.518529860095,0.0039418070429247,0.8152923066079873,0.8843076886932911,0.0362694786359932,0.7226157300200658,10.058244462504572,0.5291222312522862
8429,8.286810529450507,0.5371169608058376,15.904222591624416,0.6453827981387592,5833.864694299932,0.1670462102142371,0.6369797965682543,0.2899326552275142,0.0440039686747891,0.8788680540361438,10.17668412660581,0.5883420633029054
8436,8.134337845153832,0.4524099139743507,13.214002451713142,0.0475561003806982,5735.9811076105225,0.0971293625789445,0.6923927610301177,0.4746425367670588,0.0291013000671322,0.5778040417602465,10.745733061987476,0.8728665309937379
8437,8.776265386438958,0.8090363257994211,13.604955000145432,0.1344344444767627,5973.886599135015,0.2670618565250106,0.6741129793982434,0.4137099313274779,0.0409498203126874,0.8171680871249986,9.18655999950555,0.093279999752775
8444,7.813829667842809,0.2743498154682272,17.326659952924647,0.9614799895388106,6604.561368416222,0.7175438345830158,0.668200737028761,0.3940024567625368,0.0414031267170304,0.8263257922632412,10.330715734107796,0.6653578670538984
8445,7.995929781050801,0.375516545028223,13.4722211354903,0.1049380301089558,5689.765990985192,0.0641185649894224,0.8184818971026303,0.8949396570087678,0.0414528316413957,0.827329932149409,10.543221371105911,0.7716106855529556
8450,8.094005886546023,0.4300032703033463,13.909014253863443,0.2020031675252097,5686.408927065485,0.0617206621896322,0.6984906444118604,0.4949688147062013,0.0208723669400519,0.411562968485897,10.449279769456332,0.7246398847281662
8454,9.113567672987424,0.996426484993014,16.886703120806587,0.8637118046236862,6996.186152923661,0.9972758235169006,0.6266263320164014,0.2554211067213376,0.0227012457620966,0.4485100153958911,9.15155258601975,0.0757762930098751
8456,8.896252276514872,0.8756957091749293,14.109446022573769,0.2465435605719482,6010.915161186127,0.2935108294186622,0.7709390688165785,0.7364635627219283,0.0111779463033012,0.2157160869353797,10.503717773656922,0.751858886828461
8459,9.025258762023162,0.9473659789017568,14.217668286090731,0.2705929524646068,6665.957080313946,0.7613979145099614,0.5685673095883498,0.0618910319611658,0.026783583332685,0.5309814814683849,10.00947276569286,0.5047363828464295
8460,7.905375753617818,0.325208752009899,14.319110773982343,0.2931357275516324,5736.294187013829,0.0973529907241637,0.6155537388766746,0.2185124629222486,0.0229358696269527,0.4532498914535914,10.323369528269414,0.661684764134707
8475,9.06676747121736,0.970426372898534,17.219177079530617,0.9375949065623592,5639.605956796453,0.0282899691403235,0.5548890913640748,0.0162969712135826,0.0489560239664351,0.9789095750794972,10.21045319735432,0.6052265986771602
8478,8.71180319682253,0.7732239982347385,14.64074918904191,0.3646109308982025,5888.307580303348,0.2059339859309631,0.7704971917128909,0.7349906390429696,0.049400819579119,0.987895345032708,10.404106738590368,0.7020533692951839
8481,7.901677605637621,0.3231542253542339,13.937232850089451,0.2082739666865449,5629.381804408537,0.020987003148955,0.7200459589823496,0.5668198632744985,0.0078726538199128,0.1489425014123815,10.084755278095535,0.542377639047768
8487,8.512905872254208,0.6627254845856713,15.89663149109028,0.6436958869089511,5905.848774040085,0.218463410028632,0.6035087455159213,0.1783624850530707,0.0425800044920131,0.85010110084875,10.58491884573456,0.7924594228672799
8489,8.99251632548907,0.9291757363828176,13.60009818506957,0.1333551522376822,5826.968908706151,0.1621206490758219,0.6597864998806164,0.3659549996020547,0.0218569427694816,0.4314533892824581,9.232875820651348,0.1164379103256738
8491,8.073672080155317,0.4187067111973982,13.034720290621989,0.0077156201382195,5945.234029209679,0.2465957351497704,0.7287146872556697,0.5957156241855657,0.0483145381036944,0.9659502647211003,10.55395873910121,0.7769793695506049
8492,8.032824281926384,0.3960134899591023,15.676782910598362,0.5948406467996359,5772.8193538564,0.1234423956117141,0.8007746142487115,0.8359153808290383,0.019498008559689,0.3837981527209916,9.044475921379158,0.022237960689579
8493,8.39467689600041,0.5970427200002285,13.048978943539964,0.0108842096755471,5895.038303492505,0.2107416453517897,0.5937997870272158,0.1459992900907191,0.0218014244093974,0.4303318062504541,9.155691214907195,0.0778456074535988
8502,8.084032892493122,0.4244627180517342,16.291291448512563,0.7313980996694585,5808.178137489821,0.1486986696355866,0.580157842063634,0.100526140212113,0.0237061687554601,0.4688114900092951,10.88574577528235,0.9428728876411752
8509,7.943383439495982,0.3463241330533234,13.27318751604661,0.0607083368992464,5992.434196479901,0.2803101403427865,0.7334439308560268,0.6114797695200891,0.0240210933996827,0.4751736040339958,10.445863375790186,0.7229316878950931
8517,9.088720064245708,0.9826222579142826,15.04913141138112,0.4553625358624706,5839.442165338828,0.1710301180991629,0.6562931447186939,0.3543104823956465,0.0461723894471011,0.9226745342848716,10.898165928501138,0.9490829642505691
8525,8.725532913768516,0.7808516187602869,15.973823375734009,0.6608496390520016,6445.278851766917,0.6037706084049405,0.6596565278363794,0.3655217594545978,0.0389149155653977,0.7760589003110646,10.843959812020378,0.9219799060101892
8527,8.360352525262334,0.5779736251457409,15.570126833693635,0.5711392963763634,5719.049945094349,0.0850356750673922,0.8495433601525808,0.9984778671752697,0.0133904082509281,0.2604122878975374,9.568650140238274,0.2843250701191373
8528,8.160294096504046,0.4668300536133589,13.278623054062072,0.061916234236016,5616.592531009392,0.0118518078638512,0.7017337695197088,0.5057792317323624,0.0271335089082437,0.5380506850150258,9.415514670718563,0.2077573353592822
8533,8.68661027044649,0.7592279280258284,15.696103847621618,0.5991341883603596,5767.851207808398,0.1198937198631414,0.6282100520677325,0.2607001735591083,0.0404636042954802,0.8073455413228339,10.56793802863448,0.78396901431724
8535,8.390642115948845,0.5948011755271364,13.656991528954348,0.1459981175454106,5838.178682639997,0.1701276304571402,0.7228993816249988,0.5763312720833291,0.0497647240454773,0.9952469504136844,9.33815091764632,0.1690754588231595
8542,8.006120707172842,0.3811781706515791,15.771808105142131,0.6159573566982518,5748.530696210636,0.1060933544361687,0.6831138923596676,0.4437129745322253,0.0314604736304503,0.6254641137464718,9.649488167214557,0.3247440836072771
8550,8.868010502671112,0.860005834817285,13.293385515606628,0.0651967812459175,5932.3630900583385,0.2374022071845274,0.8354310468872557,0.951436822957519,0.0029626718008242,0.0497509454711971,10.216715402022803,0.6083577010114012
8552,8.920101590812884,0.8889453282293807,14.173058317720344,0.2606796261600768,5813.253375966145,0.1523238399758179,0.7343801397025329,0.6146004656751097,0.0120672963148961,0.2336827538362863,10.24610504415197,0.6230525220759847
8565,8.028181747012859,0.3934343038960325,16.385947309179816,0.7524327353732922,6753.757256696842,0.82411232621203,0.8477775511413375,0.9925918371377916,0.0349336878716106,0.6956300580123361,10.723481277832605,0.8617406389163016
8573,8.660592374076735,0.7447735411537425,15.709797751345052,0.6021772780766783,5881.570990080844,0.2011221357720314,0.743483921618674,0.6449464053955801,0.0150541309547182,0.2940228475700656,10.634673924623025,0.8173369623115123
8575,7.978374313632567,0.3657635075736488,14.26503105760247,0.2811180128005492,5895.731479831982,0.2112367713085589,0.6614358481000203,0.3714528270000676,0.0310978129233958,0.618137634816078,10.551770801180428,0.7758854005902143
8579,8.109436562903547,0.4385758682797477,17.169458254173186,0.9265462787051522,5744.191258808928,0.1029937562920912,0.8156294459340073,0.8854314864466911,0.0482504356188579,0.9646552650274336,9.876554495836071,0.4382772479180363
8582,8.243118975795607,0.5128438754420038,16.18787643955392,0.7084169865675379,5777.711159521271,0.1269365425151938,0.6501739611360815,0.3339132037869383,0.0340089490615987,0.6769484658908829,10.394561623587476,0.697280811793738
8583,8.442172475577687,0.6234291530987154,14.06446037470047,0.2365467499334379,5899.295289935048,0.2137823499536055,0.8249957611136793,0.9166525370455976,0.0138523752943956,0.2697449554423354,9.771614837193995,0.3858074185969988
8586,8.033687893507503,0.3964932741708349,15.829784846476256,0.6288410769947232,5682.655603402487,0.059039716716062,0.5945296420859593,0.1484321402865308,0.0204741603059428,0.4035183900190482,10.923933486013238,0.9619667430066192
8615,8.47256544918034,0.640314138433523,13.147198964024613,0.0327108808943582,5907.345207066726,0.2195322907619474,0.6971528024758693,0.4905093415862309,0.0473289216968678,0.9460388221589462,9.379213444630246,0.1896067223151224
8616,8.209232602176384,0.4940181123202134,14.801990511767771,0.400442335948394,5754.80263632451,0.1105733116603644,0.7921924414050698,0.8073081380168996,0.0182419448137762,0.3584231275510346,10.582653237993627,0.7913266189968137
8618,7.563911423207367,0.135506346226315,14.32252294535144,0.2938939878558757,6395.04517942866,0.5678894138776143,0.5602414769803158,0.0341382566010524,0.0424560671459008,0.847597316078805,10.74946287413739,0.8747314370686946
8623,9.052988518319886,0.9627713990666036,13.840478803982688,0.1867730675517084,6085.724359226567,0.3469459708761193,0.7580336282008264,0.6934454273360879,0.025094363731453,0.4968558329586477,10.762588030598211,0.8812940152991069
8637,8.878048079661797,0.8655822664787761,15.14949500159403,0.4776655559097845,5665.052289911479,0.0464659213653418,0.6347813730669376,0.282604576889792,0.0142465983643,0.2777090578646465,10.1394498951164,0.5697249475581996
8669,8.818967739566954,0.8327598553149753,15.754073607039214,0.612016357119825,5726.430897999747,0.0903077842855334,0.692390390330572,0.4746346344352401,0.0318871769813591,0.6340843834618,10.097751510539618,0.5488757552698089
8677,8.78150345214759,0.8119463623042162,17.433029484929456,0.9851176633176568,5655.347747971301,0.0395341056937865,0.6719073224990695,0.4063577416635651,0.0288864496529154,0.5734636293518273,10.967215576910244,0.983607788455122
8681,8.394663405272809,0.5970352251515609,13.20976431374626,0.0466142919436135,5759.656863245411,0.114040616603865,0.7190679532173619,0.5635598440578731,0.0104310275404561,0.200626818999114,10.066962507296898,0.5334812536484488
8688,7.425358667730207,0.0585325931834481,17.141355226690788,0.9203011614868416,6395.262276400147,0.5680444831429621,0.6483545697219858,0.3278485657399527,0.0450697405617857,0.9003987992279958,9.488188145260295,0.2440940726301474
8697,8.58016464914866,0.7000914717492556,14.339591179437353,0.2976869287638561,5777.73441474948,0.1269531533924854,0.7256470818703111,0.5854902729010371,0.0186394896948287,0.3664543372692679,9.562823545191405,0.2814117725957027
8698,8.50776472633482,0.6598692924082334,13.455236813337976,0.1011637362973278,5939.7997662371135,0.2427141187407955,0.5530227309680008,0.0100757698933358,0.045054777109917,0.9000965072710507,9.002397562101237,0.0011987810506186
8711,8.081077086968445,0.4228206038713582,13.531730012364491,0.1181622249698873,5705.920163935911,0.0756572599542219,0.6329567930859636,0.2765226436198787,0.0032787505417043,0.0561363745798865,10.98577675141453,0.9928883757072654
8714,8.407319538583724,0.6040664103242912,14.23316983390111,0.2740377408669133,5939.580078247952,0.2425571987485368,0.7555845444050674,0.685281814683558,0.0219841093096049,0.4340224102950488,10.905876911640332,0.9529384558201665
8718,8.510340612179085,0.6613003400994918,13.760089373927292,0.1689087497616206,5945.257793482173,0.2466127096301235,0.6765903426235845,0.4219678087452816,0.0439706331256503,0.8781946085989978,9.200594477360582,0.1002972386802908
8719,8.117088134828142,0.4428267415711905,14.24358765981888,0.2763528132930846,6661.341431906791,0.7581010227905645,0.5678389421158005,0.0594631403860017,0.0203135409884851,0.4002735553229332,10.456610761378538,0.7283053806892696
8724,8.438001173976314,0.6211117633201743,13.339854438072916,0.0755232084606477,6081.383238114436,0.34384517008174,0.612763759807177,0.2092125326905898,0.0355976170546795,0.709042768781405,10.466988860042136,0.7334944300210675
8736,8.449042352741799,0.6272457515232216,15.120241394720082,0.4711647543822406,5938.362165721366,0.2416872612295473,0.7680918234278569,0.7269727447595228,0.0425800375375058,0.8501017684344616,10.412407314939806,0.7062036574699031
8741,7.959580051157356,0.3553222506429755,13.774211875501392,0.172047083444754,5887.702157308604,0.2055015409347169,0.6879093345399653,0.4596977817998842,0.0311700757360381,0.6195974896169332,9.823592159237398,0.4117960796186992
8748,8.009991561838884,0.3833286454660473,15.044042983865616,0.4542317741923589,5797.817352612254,0.1412981090087529,0.6936605230987818,0.4788684103292724,0.046176118346593,0.9227498655877387,10.841758827375555,0.9208794136877774
8749,8.537436300217815,0.6763535001210084,14.649329647284906,0.3665176993966459,5821.762321134734,0.1584016579533813,0.8406049326531146,0.9686831088437156,0.0266461917382281,0.5282058937015779,9.983742375780109,0.4918711878900547
8755,8.898189594174832,0.8767719967637958,13.094279354044236,0.0209509675653856,6085.759780288342,0.34697127163453,0.8416005766743322,0.9720019222477744,0.0440079907682673,0.8789493084498459,10.247543223371643,0.6237716116858221
8758,8.376740245144473,0.587077913969152,17.362418725089768,0.9694263833532818,6314.020939950279,0.5100149571073425,0.5562595324854687,0.0208651082848952,0.0104043631021279,0.2000881434773326,9.953588944130525,0.4767944720652617
8759,8.053040115618664,0.4072445086770357,14.718383074612271,0.3818629054693938,5662.059245978325,0.0443280328416605,0.8442500380548936,0.9808334601829786,0.0380606507786612,0.7588010258315395,9.550841073513292,0.2754205367566454
8768,8.655451295485058,0.7419173863805881,13.501139576530605,0.1113643503401342,6090.188999928109,0.3501349999486497,0.6100414585511386,0.2001381951704616,0.0407874148485373,0.813887168657321,10.058778484506508,0.5293892422532545
8773,8.742427307345897,0.7902373929699434,16.766582061339815,0.837018235853292,6828.776478147927,0.8776974843913765,0.5513126846357804,0.0043756154526011,0.038019860845096,0.7579769867696174,9.512000789256827,0.2560003946284139
8776,8.477527127981618,0.6430706266564548,13.163772177651122,0.036393817255805,5837.290580753072,0.1694932719664801,0.6793602267449179,0.4312007558163928,0.0400267223503826,0.7985196434420746,10.98831250907335,0.9941562545366752
8778,8.112030555124763,0.4400169750693131,13.652073687937849,0.1449052639861883,5882.683867724246,0.2019170483744614,0.8076940476928971,0.8589801589763236,0.0026772626012732,0.0439851030560254,10.905966600585272,0.9529833002926364
8787,8.968549802194719,0.9158610012192882,13.32904768292163,0.0731217073159175,6008.968303853777,0.2921202170384118,0.6224396771633647,0.2414655905445487,0.0255705941524541,0.5064766495445275,9.282499109936824,0.1412495549684116
8791,8.854136655078957,0.8522981417105321,16.09646002993365,0.6881022288741441,5851.817360277514,0.1798695430553674,0.7556806897771718,0.6856022992572396,0.0258283913332917,0.5116846733998325,10.26262486642154,0.6313124332107699
8795,8.04907927260007,0.4050440403333724,13.128629665846775,0.0285843701881721,5632.453079388069,0.0231807709914781,0.5589910944709964,0.0299703149033212,0.0404345507209449,0.8067586004231306,9.912170242512277,0.4560851212561385
8801,8.05519478014394,0.4084415445244119,13.480513568491856,0.1067807929981898,5617.987241435424,0.0128480295967317,0.7881018942099431,0.7936729806998105,0.032787727393062,0.6522773210719611,10.560326593819072,0.7801632969095359
8803,8.863438713232235,0.8574659517956867,14.484820354689006,0.329960078819779,5648.093592604067,0.0343525661457626,0.78758572683747,0.7919524227915665,0.0027384483422888,0.0452211786320982,9.973776596414016,0.4868882982070082
8805,8.460858273982268,0.6338101522123718,16.611873047836177,0.8026384550747061,5674.523949661289,0.0532313926152064,0.6796482220903671,0.4321607403012237,0.04517909100448,0.9026078990804056,9.01240759607086,0.0062037980354299
8808,9.047242885592537,0.9595793808847418,14.22877501870184,0.2730611152670757,6113.53978310048,0.3668141307860574,0.574128112628422,0.08042704209474,0.0455223545203625,0.90954251556288,10.892301049876467,0.9461505249382334
8809,9.031317565348663,0.9507319807492584,13.764882049921692,0.1699737888714871,6026.766060158727,0.3048329001133761,0.8466063373437431,0.9886877911458104,0.0226569244082359,0.4476146345098167,9.537573975522225,0.2687869877611124
8810,8.932373990052854,0.8957633278071417,13.019709826554468,0.0043799614565486,5736.6630779999405,0.0976164842856719,0.7559690729146249,0.6865635763820832,0.0240919066573394,0.4766041748957468,9.451287262064362,0.2256436310321807
8812,8.420042016455834,0.6111344535865751,13.261594533888978,0.058132118641995,5967.005423193841,0.2621467308527438,0.7700395063744039,0.7334650212480132,0.0104617157658807,0.201246783149106,9.732905305593404,0.3664526527967022
8813,8.63467844332377,0.7303769129576503,13.170870452077862,0.0379712115728581,5859.902466978875,0.1856446192706251,0.6486956605915147,0.328985535305049,0.0136730713708767,0.266122653957107,10.679069475897156,0.839534737948578
8815,8.609162654749083,0.7162014748606018,15.36829341273583,0.526287425052407,5809.369760010818,0.1495498285791557,0.6358642848200314,0.2862142827334381,0.0170903243903574,0.3351580684920705,10.414383709821209,0.7071918549106044
8816,8.943749348720523,0.9020829715114016,14.65430226591457,0.3676227257587933,5687.86596136693,0.0627614009763785,0.6272692772968115,0.2575642576560382,0.033671274974679,0.6701267671652323,9.429569697064489,0.214784848532243
8821,9.117645469706556,0.9986919276147532,15.754781176388258,0.6121735947529463,5682.582014303472,0.058987153073908,0.708190307965493,0.5273010265516432,0.0120074661368263,0.2324740633702293,9.044412021260229,0.022206010630113
8823,8.973784206426574,0.918769003570319,15.00164255864856,0.4448094574774575,5909.520772604438,0.2210862661460272,0.7623089528412412,0.707696509470804,0.0173472775199031,0.3403490408061239,9.048161610209885,0.0240808051049421
8828,8.20698125249838,0.4927673624991003,17.246466533736715,0.9436592297192696,6039.754699457651,0.3141104996126084,0.584539160525756,0.1151305350858533,0.0441154482147858,0.8811201659552688,10.528678388361833,0.7643391941809154
8830,8.252638773343998,0.5181326518577768,16.253451557079636,0.722989234906586,5926.221931563594,0.233015665402567,0.8314791565847527,0.938263855282509,0.0158861465772803,0.3108312439854617,10.400840483370464,0.7004202416852319
8833,8.258393277449228,0.5213295985829047,13.94342756973504,0.2096505710522309,6116.0954371909,0.3686395979935001,0.5663661702532381,0.0545539008441267,0.0071342510493799,0.1340252737248481,9.844008136071317,0.4220040680356584
8836,8.376469181172352,0.5869273228735289,13.4242976865693,0.0942883747931779,5720.268263686733,0.0859059026333809,0.6847430210547768,0.4491434035159225,0.0265464538164736,0.526190986191387,9.93418845935464,0.4670942296773205
8844,8.263071598009102,0.523928665560612,14.243673926158074,0.2763719835906829,6169.2002330936575,0.4065715950668981,0.8469071928282854,0.9896906427609512,0.0179183687381214,0.3518862371337665,9.108174534702435,0.0540872673512172
8846,9.089230741073482,0.9829059672630456,13.46810620264698,0.1040236005882176,5697.557755072975,0.0696841107664106,0.7636853300708084,0.7122844335693612,0.0284731427981501,0.5651139959222246,10.035078882777167,0.5175394413885833
8863,9.018593483130989,0.9436630461838824,15.987566028702114,0.663903561933803,5701.94335247797,0.072816680341407,0.6699037386621898,0.3996791288739657,0.0441422493691545,0.8816616034172634,9.061934020824864,0.0309670104124313
8864,9.08146925403432,0.9785940300190668,14.179698326973336,0.2621551837718529,6240.122338791622,0.4572302419940155,0.7239881223006833,0.5799604076689443,0.0164890134688994,0.323010373109079,10.566574955948871,0.7832874779744363
8872,8.692696258340332,0.7626090324112956,13.035640665392608,0.0079201478650239,5883.464674632955,0.2024747675949684,0.7310378308638459,0.6034594362128194,0.0461886911826966,0.9230038622766992,10.740914553494022,0.8704572767470108
8875,8.988975966107155,0.9272088700595306,14.9948826554116,0.4433072567581336,5814.397981743497,0.1531414155310693,0.6877867863403447,0.4592892878011492,0.0275033546250067,0.5455223156567015,10.012035080955387,0.5060175404776948
8877,8.573347735689383,0.6963042976052128,13.847819198884684,0.1884042664188188,5688.415102130919,0.0631536443792277,0.7134371874498614,0.5447906248328713,0.0259006147885307,0.5131437331016305,10.53559832543186,0.7677991627159302
8885,8.875566155793512,0.8642034198852853,14.801692366422442,0.4003760814272091,6002.9563728349085,0.2878259805963632,0.6132622183077563,0.2108740610258541,0.0370006619134909,0.7373871093634542,10.32428819528764,0.662144097643821
8886,8.404547071604899,0.6025261508916102,14.721648365011726,0.3825885255581612,6038.1145583951575,0.3129389702822555,0.7899442094103885,0.7998140313679615,0.0431714447928779,0.8620493897551107,10.352143735658071,0.6760718678290365
8888,8.214807471188715,0.4971152617715081,14.281305596436736,0.2847345769859414,5770.674332099582,0.121910237213987,0.6260569224393862,0.2535230747979538,0.0276059116665226,0.5475941750812648,9.437931332711097,0.2189656663555471
8890,8.939481530402768,0.8997119613348712,14.421097196950084,0.3157993771000184,6282.8208833655735,0.4877292024039811,0.6109011656222576,0.2030038854075253,0.0147678750254202,0.2882398995034386,9.226320107892713,0.1131600539463567
8895,8.428741566819285,0.6159675371218251,14.754952349576968,0.3899894110171039,5921.831400362234,0.2298795716873095,0.8379205518258526,0.959735172752842,0.0034340431053483,0.0592735980878463,10.35397563426326,0.6769878171316295
8897,9.020961915870842,0.944978842150468,14.515396200040156,0.3367547111200346,5930.744807889691,0.2362462913497793,0.6476064193634652,0.3253547312115507,0.0368848553575733,0.7350475829812801,10.917216910326989,0.9586084551634932
8903,7.737784656418483,0.2321025868991568,16.082144676227404,0.6849210391616452,5889.356008520615,0.2066828632290103,0.7924736137148899,0.808245379049633,0.0429755379997844,0.8580916767633223,9.30552694270308,0.15276347135154
8907,8.69348973368087,0.7630498520449281,13.170006385079963,0.0377791966844367,6049.032695257575,0.3207376394696963,0.7021988797235433,0.5073295990784777,0.0079925409971217,0.1513644645883187,10.75713611831776,0.8785680591588796
8911,8.351618542364543,0.573121412424746,16.531330017007768,0.7847400037795045,5763.177601695638,0.1165554297825987,0.7587790717908376,0.695930239302792,0.039650597981753,0.7909211713485457,9.253431687052192,0.1267158435260962
8912,8.83721100140069,0.8428950007781607,13.642913330604108,0.142869629023135,5879.669347634344,0.1997638197388168,0.7923226951292499,0.8077423170974999,0.0016257189924446,0.0227417978271647,9.68718453916062,0.3435922695803098
8918,8.768807163514632,0.8048928686192404,14.049806304826657,0.2332902899614793,5825.386860719408,0.1609906147995774,0.72236851521167,0.5745617173722334,0.0039143608324234,0.0689769865136051,9.450184580083508,0.225092290041754
8930,8.146109587143313,0.4589497706351736,15.73873388743504,0.6086075305411199,5891.398506768504,0.2081417905489313,0.8171904757734862,0.8906349192449543,0.0283109604948408,0.5618375857543603,10.763041353969994,0.881520676984997
8933,8.071516909235054,0.4175093940194743,13.226786656624132,0.0503970348053628,5620.523357740397,0.0146595412431408,0.6898550577491713,0.4661835258305711,0.0212457696765361,0.4191064581118422,10.43728038110697,0.7186401905534845
8936,8.93995389637036,0.8999743868724227,15.21467527178687,0.4921500603970823,6182.275064087233,0.4159107600623093,0.5533606228494989,0.0112020761649963,0.04638474265293,0.9269644980389914,10.50645122243902,0.7532256112195101
8940,8.155092332657926,0.4639401848099593,15.720009316075815,0.6044465146835144,5726.519117555644,0.0903707982540312,0.7962611966785933,0.8208706555953108,0.0253320225424346,0.5016570210592868,10.191430566247387,0.5957152831236933
8949,8.594426560516588,0.7080147558425494,14.210278481795468,0.2689507737323261,5796.206852253653,0.1401477516097522,0.7952698820555576,0.8175662735185254,0.0218453808667422,0.4312198154897431,9.9658733220924,0.4829366610462
8953,8.645900862351585,0.7366115901953252,13.768991319436694,0.1708869598748207,5877.831407355865,0.198451005254189,0.7726336502683938,0.7421121675613127,0.0249552270637137,0.4940449911861359,9.38265209128036,0.1913260456401807
8962,8.070907373918644,0.4171707632881355,15.867809132951828,0.6372909184337393,5685.151453328386,0.0608224666631331,0.5808957209257767,0.1029857364192555,0.0185431571460169,0.3645082251720596,9.914015720519297,0.4570078602596473
8964,7.51963903435291,0.1109105746405053,15.400493791063852,0.5334430646808559,6158.649656003584,0.3990354685739883,0.8463246379485296,0.9877487931617652,0.0040522727839938,0.0717630865453305,9.36300064864253,0.1815003243212647
8965,8.860942051018931,0.8560789172327395,13.957308002596395,0.2127351116880876,6515.657039246046,0.6540407423186044,0.8323897198139033,0.9412990660463444,0.0182902018123795,0.359398016411708,10.66398797088897,0.8319939854444848
8968,8.55702115739684,0.6872339763315772,13.195643040675852,0.0434762312613004,5714.220219093868,0.0815858707813345,0.5576746395654819,0.0255821318849395,0.0061975168376119,0.1151013502547863,10.14402344096826,0.5720117204841302
8974,8.945121181213725,0.9028451006742924,14.63297463471657,0.3628832521592379,5655.359577780065,0.0395425555571887,0.7237699546964914,0.5792331823216379,0.0242722403444307,0.4802472796854693,9.462865886541271,0.2314329432706363
8975,8.340928103787533,0.5671822798819636,14.66178975489439,0.3692866121987531,5672.398928800086,0.05171352057149,0.8354004296350046,0.9513347654500156,0.0348833319238742,0.6946127661388741,9.26220373919266,0.1311018695963304
8980,7.49065364041877,0.0948075780104278,14.336883711152463,0.2970852691449919,6302.993149422953,0.5021379638735377,0.7272047428837922,0.5906824762793074,0.0495437376457313,0.9907825787016428,10.10932846399333,0.5546642319966651
8981,8.950033508595496,0.9055741714419424,17.33930385864941,0.9642897463665356,5967.844632518276,0.2627461660844824,0.777460407187373,0.7582013572912432,0.0339187260234921,0.6751257782523664,9.436962209701862,0.2184811048509314
8989,8.025737503479334,0.3920763908218527,14.65869231766903,0.3685982928153399,5838.694011974848,0.1704957228391769,0.7200137053086599,0.5667123510288663,0.0284548010539979,0.5647434556363223,9.180354130406805,0.0901770652034027
8992,8.267981620429977,0.526656455794432,14.95929615418306,0.4353991453740135,5659.9579358675965,0.0428270970482832,0.8181125736464198,0.8937085788213992,0.0081108155042238,0.153753848570179,10.345618299839686,0.6728091499198425
8995,8.94768561935818,0.9042697885323224,16.03719617029554,0.6749324822878977,6069.591626861596,0.3354225906154254,0.8178999286352717,0.8929997621175725,0.047730410994549,0.9541497170615968,10.979539518104382,0.9897697590521908
8996,8.761810461875779,0.801005812153211,15.73842896757014,0.6085397705711425,5741.058162852406,0.1007558306088614,0.6273331558634404,0.2577771862114678,0.0123219650921594,0.238827577619383,9.974626492471511,0.4873132462357552
8999,9.003513154747155,0.9352850859706424,15.464656507358656,0.5477014460797014,5781.872228693261,0.1299087347809008,0.666316397091238,0.3877213236374598,0.0419070536603903,0.8365061345533402,9.579687319730184,0.2898436598650925
9008,8.355799735254845,0.5754442973638033,15.39662590115699,0.5325835335904421,6064.58830233706,0.3318487873836141,0.8076182856106693,0.8587276187022312,0.0471126909893966,0.9416705250383168,10.392001862964198,0.6960009314820995
9018,8.988152271347412,0.9267512618596732,14.847102319749478,0.4104671821665505,5823.210668487488,0.159436191776777,0.6510510272904212,0.3368367576347373,0.0156466486955582,0.3059929029405701,10.697792525793728,0.8488962628968629
9019,8.777637639266796,0.8097986884815542,14.648670121697494,0.3663711381549986,5674.771713941642,0.0534083671011724,0.6044740948861295,0.1815803162870981,0.0442128873199255,0.8830886327257687,10.980377916948347,0.9901889584741732
9022,7.768618520750629,0.2492325115281275,15.11614177574101,0.4702537279424464,5768.171981052259,0.1201228436087566,0.8116628251867541,0.8722094172891808,0.026798966730716,0.5312922571861837,10.5167664015152,0.7583832007576004
9024,8.167262155348347,0.4707011974157478,14.799807471294908,0.3999572158433124,6237.180039003756,0.4551285992883974,0.5708603120548732,0.0695343735162437,0.0450592819239759,0.9001875136156748,9.18854436811166,0.0942721840558292
9031,7.598382202621631,0.1546567792342396,13.103638172163492,0.0230307049252205,6041.526932967472,0.3153763806910516,0.8286754638590672,0.9289182128635576,0.0425419322257552,0.8493319641566724,9.197171366676963,0.0985856833384829
9044,8.480557859178646,0.6447543662103589,16.161734092373624,0.7026075760830276,6898.799260910678,0.9277137577933412,0.7067529608979324,0.5225098696597748,0.0006975974556385,0.003991867790678,10.051953649263588,0.5259768246317937
9045,8.018320364186746,0.387955757881525,13.236771119462086,0.0526158043249078,6204.247620954911,0.4316054435392227,0.7626881177161631,0.7089603923872104,0.0346497879593393,0.6898947062492796,10.774018467137711,0.8870092335688555
9048,8.354448328042327,0.5746935155790706,13.768280130273522,0.1707289178385606,5652.385045202222,0.0374178894301582,0.7971252363904979,0.8237507879683265,0.0295379485298066,0.5866252228243762,10.897809291957053,0.948904645978526
9051,8.581630285868059,0.7009057143711442,13.083296881037056,0.0185104180082349,6031.121853804911,0.3079441812892221,0.5543784557040965,0.0145948523469883,0.0157939606850466,0.3089689027282152,10.106680058521617,0.5533400292608074
9054,8.141562713355716,0.4564237296420651,14.082362867697167,0.2405250817104816,6539.524699805221,0.6710890712894433,0.7882862634386869,0.794287544795623,0.0285273822309929,0.5662097420402608,10.87554718880946,0.9377735944047298
9061,9.006765867462267,0.9370921485901488,13.667303479157928,0.1482896620350949,6182.4193599453865,0.4160138285324193,0.7111934026037277,0.5373113420124257,0.0493080936305776,0.986022093547024,10.341441341813704,0.6707206709068521
9064,8.935727172940437,0.8976262071891323,16.36522719112012,0.7478282646933595,5786.725997515006,0.1333757125107187,0.7068915589248146,0.5229718630827155,0.0224856907671813,0.4441553690339673,10.572748351792653,0.786374175896326
9072,9.005522284346997,0.9364012690816652,13.668701936208349,0.1486004302685213,5872.531622511869,0.1946654446513349,0.7429435654070371,0.6431452180234568,0.0273112496474666,0.541641407019528,9.109263021826797,0.0546315109133975
9078,8.624510750508264,0.7247281947268133,16.484015423532057,0.7742256496737906,5685.342988045351,0.0609592771752511,0.6106596173360161,0.2021987244533871,0.0250536129931072,0.4960325857193383,10.433431022926378,0.7167155114631885
9081,8.755514383431088,0.7975079907950487,14.630874581224305,0.3624165736054007,5926.665833423478,0.2333327381596269,0.5933957120685515,0.1446523735618381,0.0432045649867984,0.8627184845817859,9.911657906279006,0.4558289531395031
9086,8.972830609847511,0.918239227693062,15.55749772121438,0.5683328269365286,5752.35686512172,0.1088263322297998,0.6745712807036536,0.4152376023455119,0.0168945023562284,0.3312020678025942,10.946259070693149,0.973129535346574
9093,7.767752070076813,0.2487511500426741,14.644712221244564,0.3654916047210144,6445.933504084884,0.604238217203488,0.8162339390730713,0.8874464635769045,0.0379687553926064,0.7569445533859895,10.753042003154803,0.8765210015774019
9101,8.22412559704221,0.5022919983567838,15.37656763175154,0.5281261403892313,6298.857894546713,0.4991842103905094,0.8222154575561611,0.9073848585205372,0.0151564571988999,0.2960900444222212,10.380469593337711,0.6902347966688559
9120,8.414483215348264,0.6080462307490363,14.070830421058606,0.2379623157908014,5696.178857380956,0.0686991838435399,0.5749088702488911,0.0830295674963037,0.0079532129592599,0.1505699587729284,10.767613490161937,0.8838067450809675
9122,8.565920524988657,0.6921780694381434,16.110446779145985,0.6912103953657742,5761.02488487127,0.1150177749080499,0.7425574184348613,0.6418580614495379,0.0268448008936985,0.5322181998726978,9.855780780196485,0.4278903900982417
9127,8.574553220384471,0.6969740113247068,14.332688021076743,0.29615289357261,5814.795915091198,0.1534256536365705,0.6544697966582383,0.3482326555274609,0.0212936587813344,0.4200739147744325,10.824579967283938,0.9122899836419688
9133,8.713782594042152,0.774323663356752,15.86613719268879,0.6369193761530645,5718.000402083158,0.0842860014879705,0.737936716399531,0.6264557213317697,0.0240820919067408,0.476405897105876,10.578142448796006,0.7890712243980029
9136,8.373282987680337,0.5851572153779657,16.01603957616933,0.6702310169265181,5839.466406562768,0.1710474332591199,0.8416176092252308,0.972058697417436,0.0047925665611413,0.0867185163866938,10.19476336689535,0.5973816834476745
9143,8.469119035201848,0.6383994640010263,13.195558528547414,0.0434574507883142,6033.020211799159,0.3093001512851135,0.7604147484930339,0.7013824949767797,0.0480459517789639,0.9605242783629075,9.976645712110374,0.4883228560551867
9155,9.057829566552138,0.965460870306744,13.314342465210224,0.0698538811578276,5722.827918223103,0.0877342273022161,0.8491431449783406,0.997143816594469,0.0092455773619233,0.1766783305439065,9.710937912431849,0.3554689562159238
9156,8.303063536607043,0.5461464092261352,13.781106438472342,0.1735792085494095,6319.449214142346,0.5138922958159617,0.6614412254858687,0.3714707516195621,0.0057933612249727,0.1069365904034903,9.92517073103522,0.4625853655176106
9160,8.453319136064627,0.6296217422581264,13.955322805716005,0.2122939568257784,5615.379959632101,0.0109856854515011,0.8311721304027238,0.937240434675746,0.0436885950284014,0.8724968692606355,10.137145757380583,0.5685728786902913
9167,8.048332445333367,0.4046291362963149,15.433805550805296,0.5408456779567324,5723.763874442569,0.0884027674589781,0.5918847910146107,0.1396159700487022,0.0091720891487472,0.1751937201767118,10.790317365558268,0.8951586827791338
9170,8.55074745743118,0.6837485874617675,13.408127373823886,0.0906949719608634,5850.105841078165,0.1786470293415464,0.5793859787660187,0.0979532625533956,0.0366189779475713,0.7296763221731576,9.056092901115674,0.0280464505578373
9171,8.967569480315406,0.915316377953004,15.345835752481795,0.5212968338848435,5817.305640904724,0.1552183149319455,0.8213526364367467,0.9045087881224892,0.0369667793730337,0.7367026135966422,10.813544839220686,0.9067724196103432
9175,8.516000130385548,0.6644445168808605,13.799246328802582,0.1776102952894626,6166.04045258382,0.4043146089884429,0.7411559460852591,0.6371864869508638,0.0351813845168948,0.7006340306443395,10.61005652595306,0.8050282629765292
9177,8.990975052199667,0.9283194734442596,13.069810724760396,0.015513494391199,6208.118495137207,0.4343703536694336,0.7672631310522674,0.7242104368408914,0.0283798118238627,0.5632285216941963,10.53513147912699,0.7675657395634954
9179,7.511636216207426,0.1064645645596812,14.715252513383732,0.3811672251963851,6553.040628882181,0.680743306344415,0.7384396000471888,0.6281320001572959,0.0477423579288801,0.954391069270306,10.474352004367423,0.7371760021837118
9182,7.993734511796899,0.3742969509982771,14.047911148710964,0.2328691441579917,5960.62804038835,0.2575914574202503,0.7857549518132878,0.7858498393776259,0.0296305016613105,0.5884949830567787,9.59121150933495,0.2956057546674748
9189,8.605350390306928,0.7140835501705157,15.011166581914196,0.4469259070920437,6490.3173243379815,0.635940945955701,0.5835007066737092,0.1116690222456973,0.0461455384124029,0.922132089139454,9.307629638435287,0.1538148192176444
9199,7.836155986570898,0.2867533258727207,13.36506699703284,0.0811259993406314,5782.166721019751,0.1301190864426793,0.811895462215184,0.8729848740506135,0.0164709578168057,0.3226456124607213,10.367760375528624,0.683880187764312
9205,8.973197097283618,0.9184428318242333,13.388341919881574,0.0862982044181274,5847.351231433991,0.1766794510242795,0.6023981453881241,0.17466048462708,0.0312540433473344,0.621293804996656,9.29302310127323,0.1465115506366148
9208,8.21446740609054,0.4969263367169668,13.27955657659617,0.0621236836880377,5939.248216764817,0.2423201548320122,0.6726363940440787,0.4087879801469289,0.0175088707120661,0.3436135497387095,10.032150603927118,0.5160753019635592
9234,8.157298103723635,0.4651656131797972,14.226792389687969,0.2726205310417708,5910.867880925866,0.2220484863756189,0.632677618023511,0.2755920600783696,0.0033301266570333,0.0571742758996645,10.77739859966572,0.8886992998328604
9254,8.505600020637145,0.6586666781317473,13.570556317163826,0.1267902927030723,5892.526356737418,0.2089473976695838,0.7704496817278461,0.7348322724261539,0.0397455245697908,0.7928388801977944,10.5768582124334,0.7884291062167006
9265,8.93125098783131,0.8951394376840618,16.516563411676657,0.7814585359281464,5845.725889171639,0.1755184922654568,0.6859940573583173,0.4533135245277243,0.0346276132272815,0.6894467318642731,9.385731669521295,0.1928658347606473
9268,8.610708334699837,0.7170601859443544,15.755056007725456,0.6122346683834352,6043.779175737953,0.3169851255271088,0.8424358846133244,0.9747862820444146,0.047374349782776,0.9469565612682038,10.949660171390615,0.9748300856953086
9269,8.640350093212955,0.7335278295627534,13.597782075594088,0.1328404612431305,6475.046396552549,0.6250331403946774,0.8438992553220639,0.9796641844068796,0.0287223651952833,0.570148791823907,9.247374624684095,0.1236873123420482
9276,8.613694846686798,0.7187193592704432,17.21190582155436,0.9359790714565244,5614.907187905454,0.0106479913610385,0.8499288125020247,0.9997627083400824,0.022799711551391,0.4504992232604252,10.76305556527445,0.8815277826372252
9285,8.695395917947314,0.7641088433040639,13.605927033217942,0.1346504518262092,6001.983980330257,0.2871314145216116,0.6258832793503566,0.2529442645011885,0.0354223466570106,0.7055019526668824,10.290759110549663,0.645379555274832
9293,8.896031279341166,0.8755729329673145,15.050085605566816,0.455574579014848,5917.65969456261,0.2268997818304354,0.6571150804856632,0.3570502682855442,0.0495516744135263,0.9909429174449774,9.039306396576706,0.0196531982883532
9313,8.359640174239532,0.5775778745775183,13.854924704282608,0.1899832676183571,5638.226557341217,0.027304683815155,0.704772830766913,0.5159094358897098,0.0444591381608868,0.8880633971896327,9.999583752904403,0.4997918764522017
9318,8.977330691744337,0.9207392731912988,17.407523631899625,0.9794496959776944,5645.739703818119,0.0326712170129422,0.6869806115855526,0.4566020386185083,0.0175192173138494,0.3438225719969581,9.74636738012575,0.3731836900628749
9322,8.812524650135806,0.8291803611865598,13.870566426509429,0.1934592058909842,6040.949152566504,0.3149636804046459,0.8258700711429932,0.9195669038099774,0.0052461789057259,0.0958824021358769,9.89120353126401,0.4456017656320048
9323,8.652169809831653,0.7400943387953635,13.971579862646866,0.215906636143748,5846.619173986232,0.1761565528473087,0.6719672463640864,0.4065574878802882,0.0100622581538292,0.193176932400591,9.343890000815115,0.1719450004075571
9324,7.968823096365238,0.3604572757584656,14.37588825445927,0.3057529454353932,5740.011925675525,0.1000085183396607,0.6173466316201096,0.2244887720670318,0.0039930098411093,0.0705658553759467,9.606450141100437,0.3032250705502185
9326,8.517342875375668,0.6651904863198161,14.151630540014349,0.2559178977809661,5846.1273545814,0.1758052532724286,0.5926981739252196,0.1423272464173985,0.0163683684177417,0.3205730993483172,9.97248201027921,0.4862410051396049
9338,8.610863589167613,0.7171464384264516,14.38683548401323,0.3081856631140512,6040.023500351229,0.314302500250878,0.7491122458105693,0.6637074860352311,0.0107963758271837,0.2080075924683594,10.577558539703787,0.7887792698518942
9341,8.619164459250245,0.7217580329168025,16.444667789284377,0.7654817309520839,5618.482775119481,0.0132019822282003,0.6232201445691783,0.2440671485639274,0.0096825299803732,0.1855056561691569,10.551707342187374,0.7758536710936867
9343,9.044377615223718,0.9579875640131772,13.289825324395412,0.064405627643425,5947.030261286543,0.2478787580618159,0.568537978049975,0.0617932601665831,0.038831265607559,0.7743690021729102,10.581236983045176,0.7906184915225877
9344,8.780739073049942,0.8115217072499676,14.825251632725388,0.4056114739389752,5753.794471544042,0.1098531939600299,0.6055181721604198,0.185060573868066,0.0279729790484673,0.5550096777468152,9.990563628336108,0.4952818141680546
9346,8.33515543455431,0.5639752414190614,14.613763575491095,0.3586141278869104,5718.420647271792,0.0845861766227091,0.7838522059620339,0.7795073532067798,0.0026351692873074,0.0431347330769184,9.06061935762281,0.0303096788114054
9353,7.974863496323483,0.3638130535130458,15.203222527620497,0.489605006137888,5789.792127598764,0.1355658054276881,0.7601463493717427,0.7004878312391425,0.016710791765433,0.3274907427360207,10.37256944664256,0.6862847233212798
9358,8.00855671931162,0.3825315107286785,13.248975090910449,0.0553277979800995,5911.252447654673,0.222323176896195,0.6309162114208353,0.2697207047361177,0.0355139465547616,0.7073524556517511,10.385301721842971,0.6926508609214866
9366,8.389324969584115,0.5940694275467302,15.018798128592788,0.4486218063539529,5604.37516563818,0.003125118312986,0.6447982290179789,0.3159940967265963,0.0493901775390532,0.9876803543243072,9.525686544571442,0.2628432722857212
9372,8.220715543461433,0.5003975241452401,16.088965269089975,0.6864367264644388,5813.425967366648,0.1524471195476056,0.8190036916813423,0.8966789722711411,0.0345271482310648,0.6874171359811073,9.582186462871594,0.2910932314357964
9381,8.444032508437456,0.6244625046874761,15.903198814174818,0.6451552920388482,6005.69275999022,0.289780542850157,0.8490932689209564,0.9969775630698549,0.0373706870031271,0.7448623636995384,9.282281298375894,0.1411406491879466
9382,8.77967808781715,0.8109322710095275,15.881553620483164,0.6403452489962586,6458.392207919092,0.6131372913707798,0.8230077179946682,0.910025726648894,0.0203917397318386,0.4018533279159325,9.85301225409728,0.4265061270486394
9393,7.900917622967438,0.3227320127596877,13.205202416154425,0.0456005369232056,5702.24807754654,0.0730343411046717,0.7237400936603637,0.5791336455345457,0.0364943709639752,0.7271590093732372,9.1828269624699,0.0914134812349506
9394,8.231571145652406,0.5064284142513373,16.541206515198823,0.7869347811552937,6037.479108228522,0.3124850773060873,0.8447749406145058,0.9825831353816856,0.0406459298400323,0.8110288856572188,10.668054960147291,0.8340274800736451
9416,8.077853638449701,0.4210297991387232,13.183653170602156,0.040811815689368,5805.9305101343225,0.1470932215245158,0.693690686804767,0.4789689560158898,0.0360519905380644,0.7182220310720084,9.101558782973406,0.0507793914867025
9417,8.061753124999946,0.4120850694444143,13.203067131605245,0.0451260292456098,6993.470731541036,0.9953362368150256,0.7379592241387394,0.6265307471291311,0.0034714635042243,0.0600295657419054,9.139103284851466,0.0695516424257328
9418,9.060605738678666,0.9670031881548148,16.368497374816258,0.748554972181391,5708.367415825045,0.0774052970178896,0.6463932241056399,0.3213107470187996,0.0033273325484975,0.0571178292625761,10.580948472907956,0.7904742364539774
9420,8.224913873742421,0.5027299298569009,13.055127008406718,0.0122504463126039,6018.2109995055325,0.2987221425039518,0.7235961402001063,0.5786538006670212,0.0311074418313676,0.6183321582094478,10.831968436425496,0.915984218212748
9422,8.492436947260884,0.6513538595893806,13.420717548310316,0.0934927885134034,5670.73058657426,0.050521847553043,0.8108942055626205,0.8696473518754015,0.0102401768015111,0.1967712485153758,9.322504969991831,0.1612524849959153
9425,8.058644058115862,0.4103578100643676,15.986076110846408,0.6635724690769798,5796.666926396707,0.140476375997648,0.8396814741370138,0.965604913790046,0.015343004256498,0.2998586718484458,10.915606544306636,0.9578032721533188
9432,8.094982329511586,0.4305457386175474,15.678353076353064,0.5951895725229032,5908.27924116762,0.2201994579768715,0.6743018398553059,0.4143394661843529,0.0344093615745249,0.6850376075661613,9.873191181464216,0.4365955907321083
9448,8.540202012549516,0.6778900069719533,14.68829642011665,0.3751769822481446,5739.5325285198105,0.0996660917998644,0.6632103925482512,0.3773679751608373,0.0056161139047252,0.1033558364590957,10.706952028872642,0.8534760144363215
9462,8.566651260537366,0.69258403363187,17.409900886106463,0.9799779746903248,5612.617539921909,0.0090125285156491,0.7044487033506721,0.5148290111689071,0.034383007735506,0.6845052067778995,9.950344168491329,0.4751720842456645
9472,8.879911544481526,0.8666175247119591,14.907515937334091,0.4238924305186874,5806.566012546354,0.1475471518188243,0.5701876546008626,0.0672921820028751,0.0446142273498918,0.8911965121190281,9.94329041335231,0.4716452066761547
9477,9.03567418737758,0.9531523263208772,15.957323829364109,0.657183073192024,5839.221596595978,0.1708725689971268,0.6624171359824215,0.3747237866080715,0.0473859701717783,0.9471913166015828,9.597928283537868,0.2989641417689344
9479,7.87075573626185,0.3059754090343616,14.4038904596208,0.3119756576935114,6892.6384868289015,0.9233132048777866,0.8061941224008252,0.8539804080027508,0.0117980988683915,0.2282444215836676,9.993266344814913,0.4966331724074557
9481,8.630590432080437,0.7281057956002428,13.236418860779995,0.0525375246177771,6122.301971683051,0.3730728369164651,0.8281145677005959,0.9270485590019866,0.041056143377484,0.8193160278279598,10.730162651337178,0.865081325668589
9491,9.041401398431406,0.95633411023967,16.724645202932276,0.8276989339849501,5686.2043062271205,0.0615745044479431,0.7828938427246733,0.7763128090822445,0.0372081624178381,0.7415790387442056,9.27753647278447,0.1387682363922355
9498,8.222140529910444,0.5011891832835805,16.701114571033003,0.8224699046740009,5606.917460868202,0.0049410434772872,0.8344829187933398,0.9482763959777996,0.0273268066093127,0.5419556890770244,9.888947199256716,0.4444735996283582
9504,8.979572206447678,0.9219845591375988,16.685722946121587,0.8190495435825749,5602.8732464921095,0.0020523189229355,0.6856677092259834,0.4522256974199446,0.0479679530721152,0.9589485469114186,9.886734264509704,0.4433671322548517
9505,8.88380566221544,0.8687809234530232,14.613551909533406,0.3585670910074238,6023.10750559303,0.3022196468521637,0.7123727053720126,0.5412423512400417,0.048471305599204,0.969117284832405,9.55775643786173,0.2788782189308656
9506,8.831478950361047,0.8397105279783597,13.582959969263449,0.1295466598363218,5648.436808149729,0.0345977201069489,0.6288733401275199,0.2629111337583997,0.0493294322480375,0.9864531767280302,10.914997141397617,0.9574985706988088
9510,8.905446795025018,0.8808037750138988,15.001443772319387,0.4447652827376419,5899.7211174530285,0.2140865124664489,0.8351846214531709,0.9506154048439028,0.0318424849823715,0.6331815147953843,9.779525546560556,0.3897627732802778
9518,8.696857143192807,0.7649206351071149,13.769153476284009,0.1709229947297799,6186.1893454623705,0.4187066753302644,0.8084377882080299,0.8614592940267664,0.0452572702834515,0.904187278453566,10.190530994107796,0.595265497053898
9530,7.817684491885594,0.2764913843808856,13.52384212326182,0.1164093607248484,5688.539354586255,0.0632423961330395,0.8372933488300038,0.9576444961000128,0.030415413338587,0.6043517846179192,10.614338896885734,0.8071694484428669
9532,8.81560393595576,0.8308910755309781,13.21045725567068,0.0467682790379289,5977.451798020559,0.2696084271575421,0.6822500752502656,0.4408335841675518,0.0332571019465778,0.6617596352844001,9.726726292852456,0.3633631464262278
9533,8.36252570544431,0.5791809474690615,13.940958073843737,0.2091017941874966,5626.515619250325,0.0189397280359462,0.7873328004964718,0.7911093349882394,0.021491997307034,0.4240807536774554,10.519015044454155,0.7595075222270783
9535,9.035308574521151,0.9529492080673068,14.800906786385948,0.4002015080857664,5644.344206423368,0.0316744331595484,0.7224135982808576,0.5747119942695254,0.0212356465804364,0.4189019511199285,10.145253821273489,0.5726269106367445
9541,8.45593583675075,0.6310754648615289,14.974434775297892,0.4387632833995317,5601.08920222709,0.0007780015907788,0.6908238811512639,0.4694129371708795,0.0153094663143624,0.2991811376638871,9.166068573770051,0.0830342868850266
9546,8.497064206000083,0.6539245588889346,13.547789590805513,0.1217310201790027,5725.48307866195,0.0896307704728214,0.7398461741272981,0.6328205804243271,0.0160214623389248,0.3135648957358548,9.876004723714964,0.4380023618574818
9547,8.782018230088557,0.8122323500491991,16.503973387635916,0.7786607528079814,5604.440916082934,0.0031720829163814,0.7677570320404575,0.7258567734681919,0.0196338477481111,0.3865423787497208,10.424048539881694,0.7120242699408472
9549,8.474633939412284,0.6414632996734915,13.576961383642452,0.1282136408094335,5970.542898078685,0.2646734986276319,0.7906151700919695,0.8020505669732314,0.0443513226124539,0.8858853053021006,9.15674896573363,0.0783744828668151
9551,7.514629817302463,0.1081276762791463,13.83875359306982,0.1863896873488486,6910.238686184515,0.9358847758460824,0.8036849839472422,0.8456166131574742,0.0341647538305216,0.6800960369802361,9.122690120135056,0.0613450600675277
9567,8.251621321220867,0.5175674006782595,15.99649718755481,0.665888263901069,5765.58204631753,0.118272890226807,0.8382414707433568,0.9608049024778558,0.0406679179670883,0.8114730902442094,10.031278808162028,0.515639404081014
9568,8.52902520974226,0.6716806720790338,14.502913659698011,0.3339808132662252,5971.526253332057,0.2653758952371836,0.7130716713231536,0.5435722377438453,0.0226196384350302,0.4468613825258631,10.96666289230139,0.9833314461506952
9579,8.760703385400966,0.8003907696672038,13.82992295496936,0.1844273233265242,6830.784017329836,0.8791314409498822,0.6753176477312173,0.4177254924373907,0.0387506663151034,0.7727407336384532,10.809212201974065,0.9046061009870312
9597,9.00137470160077,0.934097056444873,15.704216361595822,0.6009369692435161,5653.754904669505,0.0383963604782179,0.700210065466216,0.5007002182207198,0.0426268770491537,0.851048021195026,9.039479404113871,0.0197397020569358
9602,7.965564474020996,0.3586469300116645,14.01344134252786,0.225209187228413,5885.188004099035,0.2037057172135967,0.814814322707191,0.8827144090239701,0.0217288198568151,0.4288650476124271,9.742615015072705,0.3713075075363518
9604,8.418515217195106,0.6102862317750591,13.501131821362218,0.1113626269693819,5871.308401422962,0.1937917153021157,0.6748721531401504,0.4162405104671679,0.0243153578079584,0.481118339554717,10.77108956659428,0.8855447832971393
9610,8.351698769313385,0.5731659829518807,13.940081992671116,0.2089071094824702,5755.364608050169,0.1109747200358352,0.6803745374257815,0.4345817914192715,0.0428828650122564,0.8562194951971004,9.06516512595069,0.0325825629753454
9611,8.558495291869585,0.6880529399275473,16.37102074054644,0.7491157201214312,5842.139945202796,0.1729571037162828,0.804570128356484,0.8485670945216134,0.019249966659803,0.3787872052485471,10.94965557685556,0.9748277884277804
9620,8.624351077215064,0.7246394873417017,14.774357068295323,0.3943015707322943,5870.146423609332,0.1929617311495224,0.6749794812873181,0.4165982709577268,0.0438022217770196,0.8747923591317104,10.77489356135982,0.887446780679911
9628,9.037200150536128,0.9540000836311828,13.756980711333965,0.168217935851992,5867.629163763652,0.1911636884026086,0.5688855691946152,0.0629518973153837,0.0231425546326499,0.4574253461141404,10.240753567638272,0.6203767838191356
9632,7.990444183267161,0.3724689907039783,15.22040799205369,0.4934239982341536,6748.410613981068,0.820293295700763,0.5622930299497828,0.040976766499276,0.0340997827461064,0.6787834898203318,9.506103161882418,0.2530515809412087
9637,8.625194484777989,0.7251080470988832,16.311293971770873,0.7358431048379718,5825.212223281844,0.1608658737727454,0.7693110193844215,0.731036731281405,0.0276727568597304,0.5489445830248579,10.295224580839692,0.6476122904198462
9641,8.92649546627549,0.8924974812641615,17.497164569717977,0.9993699043817726,5617.204350909206,0.0122888220780047,0.745659586196731,0.6521986206557702,0.018804344442603,0.3697847362142034,9.126609244159374,0.0633046220796866
9647,8.054341441158622,0.4079674673103451,13.910437844956624,0.202319521101472,5884.971238832903,0.2035508848806444,0.7788403013948352,0.7628010046494506,0.0194332737025241,0.3824903778287706,10.066272345142906,0.5331361725714526
9650,9.079756433341473,0.9776424629674854,14.688846819774913,0.3752992932833139,6013.298817909811,0.2952134413641507,0.7877156817893828,0.7923856059646094,0.0315093683997128,0.626451886862886,10.97401941816507,0.9870097090825352
9662,8.589789513786743,0.7054386187704129,16.840961896200163,0.853547088044481,5762.765837928337,0.1162613128059545,0.6300804877848778,0.266934959282926,0.0292349531018767,0.5805041030682178,10.938017207765986,0.969008603882993
9663,8.458229205815844,0.6323495587865796,13.012304747484404,0.0027343883298676,5778.8704222186725,0.1277645872990519,0.7886643439640294,0.7955478132134315,0.0332200919264555,0.6610119581102131,9.567412391556063,0.2837061957780312
9665,8.300640197227597,0.5448001095708873,15.704426586011564,0.6009836857803474,5735.129676265321,0.0965211973323721,0.6612146933568428,0.3707156445228093,0.0422251214222334,0.8429317459037051,9.439685094561098,0.219842547280549
9669,8.870627628630741,0.8614597936837455,14.329698972639177,0.2954886605864834,6682.130267065317,0.7729501907609403,0.5703959498085793,0.0679864993619308,0.0188845148622273,0.3714043406510571,9.694524923510354,0.3472624617551765
9671,8.995388052187272,0.9307711401040404,15.78014190894194,0.6178093130982091,5760.40894905704,0.1145778207550282,0.7525811033651302,0.6752703445504341,0.0163428885882363,0.3200583553179064,10.639817770236627,0.8199088851183143
9677,9.097023030489172,0.9872350169384292,13.635157491734082,0.1411461092742406,6236.525296737473,0.4546609262410516,0.8155059510648834,0.885019836882945,0.0453273798417092,0.9056036331658432,10.2250852077346,0.6125426038672994
9680,8.408793361676622,0.6048852009314573,17.41298966454583,0.9806643698990734,5603.998343179035,0.0028559594135968,0.8308196533084784,0.9360655110282616,0.0248107819642415,0.491126908368516,9.375353595243624,0.1876767976218117
9681,8.379298884631165,0.5884993803506477,13.652457883689324,0.1449906408198494,6298.310959614098,0.498793542581498,0.6794600191511273,0.4315333971704241,0.0013566529406047,0.017306120012217,9.247517095924598,0.1237585479622994
9688,8.47821046476551,0.643450258203062,13.75328144388623,0.1673958764191622,5702.359854462329,0.0731141817588064,0.8038327055512255,0.8461090185040854,0.0243201693312265,0.4812155420449813,9.71758497581205,0.3587924879060248
9696,8.929319250845296,0.894066250469609,15.248375105220273,0.4996389122711715,5721.962230797318,0.0871158791409409,0.7033077281706241,0.511025760568747,0.0135720767772961,0.2640823591372965,10.614793014168605,0.8073965070843026
9707,8.98815657232479,0.9267536512915509,15.758069951864467,0.6129044337476596,6474.564887740447,0.6246892055288908,0.5780252978947943,0.093417659649314,0.014659131986645,0.2860430704372732,10.1404058739075,0.5702029369537494
9709,8.531017681469608,0.672787600816449,16.375326456951598,0.750072545989244,6295.984436252594,0.4971317401804238,0.827116463865846,0.9237215462194868,0.0043243941349122,0.0772604875739855,9.623353149515353,0.3116765747576759
9710,9.057465817895269,0.9652587877195924,15.15661056153681,0.4792467914526245,5762.045484077494,0.115746774341067,0.6671939689231637,0.3906465630772123,0.0435992271174384,0.8706914569179478,9.441751126058376,0.2208755630291878
9715,8.146871377035838,0.4593729872421328,14.048257651492143,0.232946144776032,5902.135628474485,0.215811163196061,0.7969928893027979,0.8233096310093264,0.0297278964176,0.5904625538909098,9.623121166906532,0.3115605834532661
9720,8.8692300623951,0.8606833679972786,13.200971677324874,0.044660372738861,6048.331487719363,0.3202367769424021,0.6703670866634168,0.4012236222113892,0.0340962239237064,0.6787115944183129,9.372752600864349,0.1863763004321736
9729,7.595619417621982,0.1531218986788783,17.342870905518964,0.9650824234486588,6310.527596402231,0.5075197117158792,0.6890470888522431,0.4634902961741436,0.0103485319194871,0.1989602407977211,9.222571597277993,0.1112857986389959
9732,8.320783887615095,0.5559910486750532,13.467160991891149,0.1038135537535885,5960.8564514328655,0.2577546081663323,0.7507273396236174,0.6690911320787245,0.0491935375591573,0.9837078294779272,10.61910156325034,0.8095507816251698
9734,8.786436526746426,0.8146869593035706,14.303752226024946,0.2897227168944325,6054.05426240051,0.3243244731432216,0.6194155756047415,0.2313852520158048,0.028970232444992,0.5751562110099407,10.8170906828039,0.9085453414019492
9736,8.021474777411202,0.3897082096728894,15.996770563329786,0.6659490140732857,6592.029209680649,0.708592292629035,0.5869925379457662,0.1233084598192207,0.0426834144413599,0.852190190734544,10.378270157501978,0.6891350787509892
9741,8.19582774533925,0.4865709696329161,13.124917406586851,0.0277594236859675,6052.438817858987,0.3231705841849908,0.6193872917554535,0.2312909725181779,0.0357692344236707,0.7125097863367836,9.674016669834804,0.3370083349174017
9746,8.83686793616971,0.8427044089831729,15.605296342281362,0.5789547427291913,5679.525173661263,0.0568036954723306,0.7201168477743745,0.5670561592479146,0.0418393249402821,0.8351378775814583,10.03621896470424,0.5181094823521198
9756,8.75142077528309,0.7952337640461623,17.355955678770517,0.9679901508378927,5622.104361633524,0.0157888297382313,0.6096725120305446,0.1989083734351485,0.0265075841702763,0.5254057408136635,9.405329426564682,0.2026647132823408
9760,8.444184391037002,0.6245468839094452,13.84254727570752,0.1872327279350042,5618.310431190505,0.0130788794217895,0.8345343914442196,0.9484479714807322,0.0287868431284064,0.5714513763314439,10.398207194784748,0.6991035973923735
9761,9.106325247713864,0.992402915396592,13.931807213468266,0.2070682696596146,5626.832063868819,0.0191657599062992,0.7435193029815568,0.6450643432718558,0.0387982206734664,0.7737014277467962,10.911380776761712,0.9556903883808562
9765,8.218189211222871,0.4989940062349283,16.629291826198966,0.8065092947108811,5713.131742017218,0.0808083871551554,0.6281628121183077,0.2605427070610255,0.0404589052158214,0.807250610420635,10.345977742541908,0.6729888712709537
9769,9.002565255334975,0.9347584751860976,16.09209082263363,0.6871312939185846,5708.735703580552,0.0776683597003939,0.5889827279535365,0.1299424265117879,0.013706656231591,0.2668011359917375,10.63783201493768,0.8189160074688405
9773,8.474144594771225,0.6411914415395702,16.30889202519204,0.7353093389315646,5771.086319488986,0.1222045139207042,0.7254601770973167,0.5848672569910556,0.0125414091813268,0.2432607915419573,10.473802294465065,0.736901147232532
9775,8.408006502576125,0.6044480569867368,14.919205940865872,0.4264902090813051,6315.205966495236,0.5108614046394542,0.7271832613284847,0.5906108710949487,0.049916033487955,0.998303706827375,9.058350253931383,0.0291751269656919
9778,8.751542826944082,0.7953015705244907,14.3881779495142,0.3084839887809335,5763.499986409648,0.1167857045783198,0.7733411262235218,0.7444704207450726,0.0037260305822632,0.0651723349952163,10.258462285616362,0.6292311428081815
9783,8.180656858626113,0.4781426992367296,15.692455039492536,0.5983233421094523,5654.21383564254,0.0387241683161004,0.8446784382016737,0.9822614606722456,0.0132889620335926,0.2583628693655079,9.589050159573224,0.2945250797866118
9784,8.553580882255975,0.6853227123644312,15.570257702409124,0.5711683783131387,5928.2052719420135,0.2344323371014381,0.7898023476069717,0.7993411586899055,0.0450135378773019,0.8992633914606453,10.914254244715124,0.957127122357561
9788,8.224099140387244,0.5022773002151355,14.725293168773682,0.3833984819497072,5838.868323780787,0.1706202312719912,0.7072852297670439,0.5242840992234796,0.0401039643580418,0.8000800880412502,10.312914135353754,0.6564570676768767
9795,8.886673557614493,0.8703741986747192,15.526431737294772,0.5614292749543942,5833.932320576956,0.1670945146978258,0.8158235034994405,0.8860783449981353,0.0307755942789989,0.6116281672525044,9.01807048965247,0.0090352448262347
9799,8.449092636755221,0.627273687086234,13.106007700289451,0.0235572667309895,5624.838979677174,0.0177421283408387,0.7337065755102221,0.6123552517007405,0.0487493867401772,0.9747350856601456,10.484686812885167,0.7423434064425842
9804,9.061800826660717,0.9676671259226204,17.16688361010848,0.9259741355796628,5821.867411996359,0.1584767228545421,0.7490839665958657,0.663613221986219,0.0382996722403138,0.763629742228562,9.3200907006786,0.1600453503393001
9823,9.013359986349467,0.9407555479719276,15.147755898167974,0.4772790884817719,5654.151664712381,0.0386797605088437,0.7156563399378487,0.552187799792829,0.0331988288563647,0.660582401138681,10.602441219556251,0.8012206097781257
9824,8.523410645009065,0.6685614694494812,13.38098380664004,0.0846630681422309,5658.290109244583,0.0416357923175589,0.6276239159144895,0.2587463863816317,0.0036675505350736,0.0639909199004774,9.480669341085978,0.2403346705429889
9832,8.347996371022848,0.5711090950126931,14.714874499485331,0.3810832221078514,6011.364622968145,0.2938318735486751,0.61943704726187,0.2314568242062331,0.0491987411378075,0.9838129522789394,10.936400104979528,0.968200052489764
9842,8.731150090444556,0.7839722724691985,13.06376977028976,0.0141710600643909,6253.446798102417,0.4667477129302984,0.5667212678574746,0.0557375595249149,0.0445222752608935,0.8893388941594653,10.919501131371971,0.9597505656859864
9844,8.072701171469259,0.4181673174829217,13.708952953122203,0.1575451006938227,5821.692153420796,0.1583515381577114,0.7882790705821954,0.7942635686073181,0.0127702149756079,0.2478831308203634,9.456686597500036,0.2283432987500183
9861,8.08132861671465,0.4229603426192498,13.046378655208796,0.0103063678241763,5852.03709807336,0.1800264986238284,0.8227539706540253,0.9091799021800844,0.0111818543534954,0.215795037444353,9.744737937543723,0.3723689687718627
9864,9.0559823928,0.9644346626666674,14.65451864655515,0.367670810345589,5861.595003757354,0.1868535741123959,0.7764237608189718,0.7547458693965727,0.0298547552614172,0.5930253588165104,9.27555110425064,0.1377755521253197
9866,9.028262916178818,0.9490349534326764,15.278084486256803,0.5062409969459569,5756.426315985365,0.1117330828466895,0.5858510490830684,0.1195034969435612,0.0405945337576224,0.8099905809620702,9.111559817398469,0.0557799086992341
9877,8.474838854278964,0.6415771412660912,15.46418643531109,0.5475969856246867,5658.576017679719,0.0418400126283701,0.7631078301327222,0.7103594337757407,0.024301539221451,0.4808391761909304,9.947092003286503,0.4735460016432516
9884,8.036565406270364,0.3980918923724243,13.566178009005144,0.1258173353344764,6871.4181648031845,0.9081558320022742,0.6836336199302571,0.4454453997675233,0.0251852296972797,0.4986915090359545,10.76542754330033,0.8827137716501652
9885,8.529076207677173,0.6717090042650965,15.441473113658676,0.5425495808130395,5956.554399605897,0.2546817140042122,0.6554601382025603,0.3515337940085344,0.0134321288813226,0.2612551289156083,9.331824835085088,0.1659124175425433
9901,9.07951263601508,0.9775070200083784,13.044154708775531,0.0098121575056742,6433.715178314199,0.5955108416529995,0.7372973966468117,0.6243246554893723,0.0021895844729815,0.0341330196561919,9.872082555550046,0.4360412777750225
9902,8.178568126800467,0.4769822926669268,16.11507203689016,0.6922382304200355,5859.869784880703,0.1856212749147883,0.727747443426732,0.5924914780891068,0.0220657755985194,0.4356722343135237,10.891278558152171,0.9456392790760868
9904,8.104625741779598,0.4359031898775549,14.506845550093658,0.3348545666874793,5665.264740986157,0.0466176721329693,0.7824769164076069,0.7749230546920229,0.0148252158250455,0.2893982994958691,9.564180033022392,0.2820900165111959
9907,8.4839524084878,0.6466402269376673,14.300027873794932,0.2888950830655409,5661.437780956988,0.0438841292549914,0.7776151441852357,0.7587171472841189,0.0174098625882254,0.3416133856207158,10.531136566495572,0.7655682832477861
9908,8.549798737687894,0.6832215209377194,15.143332114321678,0.4762960254048173,5779.447804194731,0.1281770029962367,0.7930073823971413,0.8100246079904708,0.0336085939902102,0.6688604846507126,9.161156152096892,0.0805780760484461
9931,8.767903787972887,0.8043909933182716,14.266752146204244,0.2815004769342766,5716.726348737062,0.0833759633836159,0.589697580945667,0.1323252698188901,0.0286230477222064,0.5681423782263922,9.238465834641453,0.1192329173207259
9932,9.112781795238355,0.9959898862435324,13.304081646251674,0.0675736991670388,6024.054969008662,0.3028964064347587,0.8037169160344217,0.8457230534480723,0.0418216273300405,0.8347803501018299,10.624277014976894,0.8121385074884471
9938,8.516952424391528,0.6649735691064047,13.409210152437376,0.0909355894305274,5616.6803324645225,0.0119145231889447,0.7841434292541994,0.7804780975139981,0.0053607033415411,0.0981960271018419,9.065211719018697,0.0326058595093485
9939,8.922879415982443,0.8904885644346906,13.136223262170224,0.0302718360378272,6215.5110628810335,0.4396507592007379,0.6844598175683755,0.448199391894585,0.0384362698630912,0.7663892901634604,9.027611865952348,0.0138059329761731
9944,8.98749671781414,0.9263870654523008,15.08945975844084,0.4643243907646306,5778.546286156054,0.127533061540038,0.68759702203756,0.4586567401251998,0.0449671658848464,0.8983265835322511,9.927297445922598,0.4636487229612989
9949,8.36380413677918,0.5798911870995442,14.939373612256327,0.4309719138347395,5848.831351984307,0.1777366799887905,0.7933129780627212,0.8110432602090707,0.0252813043557059,0.5006324112263819,10.044473667828347,0.5222368339141746
9953,8.891616978825066,0.8731205437917039,16.29463003854624,0.7321400085658312,5687.878657889842,0.0627704699213153,0.7629847273017183,0.7099490910057277,0.0096859241189223,0.1855742246246939,10.10132697329834,0.55066348664917
9964,8.986674419055646,0.9259302328086924,16.411887360761217,0.7581971912802705,5703.149531118539,0.0736782365132422,0.7420309648700155,0.6401032162333851,0.0245653104146164,0.4861678871639685,9.050625040545334,0.0253125202726671
9971,8.599385090549049,0.7107694947494715,13.979314777972352,0.2176255062160782,5816.054061220785,0.1543243294434177,0.6023754649153948,0.1745848830513159,0.0283050752572253,0.5617186920651581,9.8941654503767,0.4470827251883493
9989,8.791999598327317,0.8177775546262879,13.705748695792948,0.1568330435095442,5892.803862707377,0.2091456162195553,0.8332152934758683,0.9440509782528942,0.0403848977812821,0.8057555107329724,10.536718928617647,0.7683594643088244
9993,8.54308235545909,0.6794901974772726,15.10735628026528,0.4683013956145067,5656.060939125432,0.040043527946737,0.6397549365546035,0.299183121848678,0.0162720850744416,0.3186279813018505,9.930082163277568,0.4650410816387837
