wavelength,flux,fluxerr
3293.8061566377246,5.146359453303317e-15,-4.370824990795158e-19
3296.0822662411565,5.172496103753324e-15,-4.370824990795158e-19
3298.35738104144,4.703405037822025e-15,-4.370824990795158e-19
3300.633490644872,5.097662281941225e-15,-4.370824990795158e-19
3302.908605445155,4.9279506530057034e-15,-4.370824990795158e-19
3305.1847150485864,4.986140020054876e-15,-4.370824990795158e-19
3307.4598298488695,5.199868947130021e-15,-4.370824990795158e-19
3309.7359394523014,5.2387648745733594e-15,-4.370824990795158e-19
3312.011054252585,5.2919211704210095e-15,-4.370824990795158e-19
3314.287163856017,6.268999229726945e-15,-4.370824990795158e-19
3316.5632734594483,5.301810713834526e-15,-4.370824990795158e-19
3318.8383882597313,5.6519182105719566e-15,-4.370824990795158e-19
3321.1144978631633,5.266888263655546e-15,-4.370824990795158e-19
3323.3896126634468,5.866176934615683e-15,-4.370824990795158e-19
3325.665722266878,6.121009276503255e-15,-4.370824990795158e-19
3327.9408370671617,6.283612796110311e-15,-4.370824990795158e-19
3330.216946670593,5.198456155213804e-15,-4.370824990795158e-19
3332.493056274025,6.112311776269046e-15,-4.370824990795158e-19
3334.768171074308,6.7849773273776825e-15,-4.370824990795158e-19
3337.0442806777396,6.570144656617994e-15,-4.370824990795158e-19
3339.319395478023,5.5097560240026595e-15,-4.370824990795158e-19
3341.595505081455,5.423487417618682e-15,-4.370824990795158e-19
3343.870619881738,6.0930624864105945e-15,-4.370824990795158e-19
3346.14672948517,6.422154703394303e-15,-4.370824990795158e-19
3348.4228390886014,5.844190360419561e-15,-4.370824990795158e-19
3350.697953888885,5.3128040009325866e-15,-4.370824990795158e-19
3352.9740634923164,5.0007094366908595e-15,-4.370824990795158e-19
3355.2491782926,5.4537741443225755e-15,-4.370824990795158e-19
3357.5252878960314,4.927244257047596e-15,-4.370824990795158e-19
3359.8004026963144,5.5289611641137286e-15,-4.370824990795158e-19
3362.0765122997464,5.6331987176820864e-15,-4.370824990795158e-19
3364.3526219031783,5.998714476255754e-15,-4.370824990795158e-19
3366.627736703462,6.030104946644192e-15,-4.370824990795158e-19
3368.9038463068932,5.224681105158575e-15,-4.370824990795158e-19
3371.1789611071763,5.7159353442755216e-15,-4.370824990795158e-19
3373.455070710608,5.773109267134913e-15,-4.370824990795158e-19
3375.7301855108913,6.000568765645788e-15,-4.370824990795158e-19
3378.0062951143227,6.165997869085278e-15,-4.370824990795158e-19
3380.2814099146067,5.927456783981578e-15,-4.370824990795158e-19
3382.557519518038,6.113503819448354e-15,-4.370824990795158e-19
3384.83362912147,5.833726870290082e-15,-4.370824990795158e-19
3387.108743921753,6.240125294939268e-15,-4.370824990795158e-19
3389.3848535251846,6.155092881481981e-15,-4.370824990795158e-19
3391.659968325468,6.507010517862064e-15,-4.370824990795158e-19
3393.9360779289,6.3508528613727455e-15,-4.370824990795158e-19
3396.211192729183,5.667635520639866e-15,-4.370824990795158e-19
3398.487302332615,5.2613253954854436e-15,-4.370824990795158e-19
3400.7634119360464,6.0875437679878734e-15,-4.370824990795158e-19
3403.0385267363295,5.825779915761363e-15,-4.370824990795158e-19
3405.3146363397614,6.22595322602972e-15,-4.370824990795158e-19
3407.589751140045,6.03006079689681e-15,-4.370824990795158e-19
3409.8658607434763,5.6109030952542924e-15,-4.370824990795158e-19
3412.14097554376,5.9983612782767e-15,-4.370824990795158e-19
3414.4170851471913,6.145424086805373e-15,-4.370824990795158e-19
3416.693194750623,6.319903888458125e-15,-4.370824990795158e-19
3418.9683095509067,5.8894438514858745e-15,-4.370824990795158e-19
3421.244419154338,6.368468610578071e-15,-4.370824990795158e-19
3423.5195339546212,6.7865225685360446e-15,-4.370824990795158e-19
3425.795643558053,6.806345805110459e-15,-4.370824990795158e-19
3428.070758358336,6.082863894765406e-15,-4.370824990795158e-19
3430.346867961768,5.6239714204792964e-15,-4.370824990795158e-19
3432.6229775651996,6.0940779306003754e-15,-4.370824990795158e-19
3434.898092365483,6.155269480471507e-15,-4.370824990795158e-19
3437.174201968915,6.354605589900196e-15,-4.370824990795158e-19
3439.449316769198,6.489262319414592e-15,-4.370824990795158e-19
3441.7254263726295,6.785021477125065e-15,-4.370824990795158e-19
3444.0005411729135,6.0077651744690164e-15,-4.370824990795158e-19
3446.276650776345,6.342552708864973e-15,-4.370824990795158e-19
3448.551765576628,6.688289380611608e-15,-4.370824990795158e-19
3450.82787518006,6.605376155028645e-15,-4.370824990795158e-19
3453.1039847834913,6.56157960562593e-15,-4.370824990795158e-19
3455.3790995837744,6.369086707041416e-15,-4.370824990795158e-19
3457.6552091872063,6.8598994486845455e-15,-4.370824990795158e-19
3459.93032398749,6.570542004344429e-15,-4.370824990795158e-19
3462.2064335909217,6.109132994457559e-15,-4.370824990795158e-19
3464.481548391205,6.353634295457797e-15,-4.370824990795158e-19
3466.7576579946362,6.076506331142431e-15,-4.370824990795158e-19
3469.033767598068,6.966123740885082e-15,-4.370824990795158e-19
3471.3088823983517,6.814072010902269e-15,-4.370824990795158e-19
3473.584992001783,6.096859364685427e-15,-4.370824990795158e-19
3475.860106802066,5.951606695799406e-15,-4.370824990795158e-19
3478.136216405498,5.536113423189575e-15,-4.370824990795158e-19
3480.411331205781,6.1878519940392536e-15,-4.370824990795158e-19
3482.687440809213,6.38140448656093e-15,-4.370824990795158e-19
3484.9635504126445,6.5038758857979575e-15,-4.370824990795158e-19
3487.238665212928,6.166042018832659e-15,-4.370824990795158e-19
3489.51477481636,5.554479718100392e-15,-4.370824990795158e-19
3491.789889616643,6.187675395049726e-15,-4.370824990795158e-19
3494.0659992200744,6.529615188521529e-15,-4.370824990795158e-19
3496.3411140203584,6.608290038355842e-15,-4.370824990795158e-19
3498.6172236237894,5.742292743462438e-15,-4.370824990795158e-19
3500.8933332272213,5.5416321416122965e-15,-4.370824990795158e-19
3503.168448027505,5.997036785855247e-15,-4.370824990795158e-19
3505.4445576309363,6.118360291660349e-15,-4.370824990795158e-19
3507.7196724312194,6.506304121903955e-15,-4.370824990795158e-19
3509.9957820346513,6.888861682966986e-15,-4.370824990795158e-19
3512.270896834935,7.081751929277936e-15,-4.370824990795158e-19
3514.5470064383667,6.5766346694831136e-15,-4.370824990795158e-19
3516.8221212386497,6.92939115106345e-15,-4.370824990795158e-19
3519.098230842081,6.6487312069575426e-15,-4.370824990795158e-19
3521.374340445513,6.535442955175923e-15,-4.370824990795158e-19
3523.649455245796,6.128735482295064e-15,-4.370824990795158e-19
3525.9255648492276,6.351426808088709e-15,-4.370824990795158e-19
3528.2006796495116,6.013725390365555e-15,-4.370824990795158e-19
3530.476789252943,6.156638122640343e-15,-4.370824990795158e-19
3532.751904053226,6.409969373116934e-15,-4.370824990795158e-19
3535.028013656658,6.146571980237299e-15,-4.370824990795158e-19
3537.3041232600895,7.095923998187484e-15,-4.370824990795158e-19
3539.579238060373,7.105504493369328e-15,-4.370824990795158e-19
3541.855347663805,6.272884407496541e-15,-4.370824990795158e-19
3544.130462464088,6.368071262851636e-15,-4.370824990795158e-19
3546.40657206752,7.053716839690512e-15,-4.370824990795158e-19
3548.681686867803,6.848023166638849e-15,-4.370824990795158e-19
3550.9577964712344,6.759547072885784e-15,-4.370824990795158e-19
3553.2339060746663,6.681048822040998e-15,-4.370824990795158e-19
3555.50902087495,6.585994415928049e-15,-4.370824990795158e-19
3557.7851304783812,6.0743871432681066e-15,-4.370824990795158e-19
3560.0602452786648,5.754698822476715e-15,-4.370824990795158e-19
3562.336354882096,6.437386366241013e-15,-4.370824990795158e-19
3564.6114696823797,6.409307126906208e-15,-4.370824990795158e-19
3566.8875792858116,6.4800791719591845e-15,-4.370824990795158e-19
3569.163688889243,7.483779528936326e-15,-4.370824990795158e-19
3571.438803689526,6.870318789066643e-15,-4.370824990795158e-19
3573.714913292958,6.45177918388747e-15,-4.370824990795158e-19
3575.990028093241,6.748068138566523e-15,-4.370824990795158e-19
3578.266137696673,6.545155899599912e-15,-4.370824990795158e-19
3580.5412524969565,6.1889998874711796e-15,-4.370824990795158e-19
3582.817362100388,6.2928400933131005e-15,-4.370824990795158e-19
3585.092476900671,6.179507691784099e-15,-4.370824990795158e-19
3587.368586504103,6.510983995126423e-15,-4.370824990795158e-19
3589.6446961075344,6.808332543742639e-15,-4.370824990795158e-19
3591.919810907818,5.752888682834062e-15,-4.370824990795158e-19
3594.19592051125,6.004939590636583e-15,-4.370824990795158e-19
3596.471035311533,7.057248819481054e-15,-4.370824990795158e-19
3598.747144914965,7.012216077151649e-15,-4.370824990795158e-19
3601.022259715248,6.183304570058931e-15,-4.370824990795158e-19
3603.2983693186793,6.202465560422619e-15,-4.370824990795158e-19
3605.574478922111,7.409343054850663e-15,-4.370824990795158e-19
3607.8495937223947,7.14475361879172e-15,-4.370824990795158e-19
3610.125703325826,6.239639647718069e-15,-4.370824990795158e-19
3612.4008181261097,7.102899658273803e-15,-4.370824990795158e-19
3614.676927729541,7.046873628846338e-15,-4.370824990795158e-19
3616.9520425298247,7.364707660247695e-15,-4.370824990795158e-19
3619.2281521332566,6.897956530927631e-15,-4.370824990795158e-19
3621.5042617366876,6.742107922669985e-15,-4.370824990795158e-19
3623.779376536971,6.235577870958946e-15,-4.370824990795158e-19
3626.055486140403,6.590409390666225e-15,-4.370824990795158e-19
3628.330600940686,6.181847628395333e-15,-4.370824990795158e-19
3630.606710544118,7.18091226189739e-15,-4.370824990795158e-19
3632.8818253444015,6.7872731142415345e-15,-4.370824990795158e-19
3635.157934947833,6.2644076559992414e-15,-4.370824990795158e-19
3637.434044551265,6.412618357959841e-15,-4.370824990795158e-19
3639.709159351548,6.117212398228423e-15,-4.370824990795158e-19
3641.9852689549793,5.79549318905747e-15,-4.370824990795158e-19
3644.260383755263,6.089265608135763e-15,-4.370824990795158e-19
3646.5364933586943,6.759061425664584e-15,-4.370824990795158e-19
3648.811608158978,6.757648633748367e-15,-4.370824990795158e-19
3651.0877177624097,6.359241313375282e-15,-4.370824990795158e-19
3653.362832562693,6.1735033261401786e-15,-4.370824990795158e-19
3655.6389421661243,6.214385992215697e-15,-4.370824990795158e-19
3657.915051769556,6.773851591037477e-15,-4.370824990795158e-19
3660.1901665698397,6.516767612033434e-15,-4.370824990795158e-19
3662.4662761732716,6.321051781890052e-15,-4.370824990795158e-19
3664.7413909735546,5.857656033371001e-15,-4.370824990795158e-19
3667.017500576986,6.575884123777624e-15,-4.370824990795158e-19
3669.292615377269,6.875925806984128e-15,-4.370824990795158e-19
3671.568724980701,6.235224672979892e-15,-4.370824990795158e-19
3673.8448345841325,6.659238846834404e-15,-4.370824990795158e-19
3676.1199493844165,7.105901841095764e-15,-4.370824990795158e-19
3678.396058987848,7.396804526594241e-15,-4.370824990795158e-19
3680.671173788131,6.712350992934672e-15,-4.370824990795158e-19
3682.947283391563,6.7967653099286154e-15,-4.370824990795158e-19
3685.2223981918464,7.152347375341385e-15,-4.370824990795158e-19
3687.498507795278,6.8752635607734006e-15,-4.370824990795158e-19
3689.77461739871,7.313273204547933e-15,-4.370824990795158e-19
3692.049732198993,7.31415619949557e-15,-4.370824990795158e-19
3694.3258418024247,7.404486582638669e-15,-4.370824990795158e-19
3696.600956602708,7.174069051053215e-15,-4.370824990795158e-19
3698.8770662061393,7.632784926349799e-15,-4.370824990795158e-19
3701.152181006423,6.9811788047422655e-15,-4.370824990795158e-19
3703.4282906098547,7.378349932188661e-15,-4.370824990795158e-19
3705.704400213286,7.880862356887959e-15,-4.370824990795158e-19
3707.979515013569,7.510004478881097e-15,-4.370824990795158e-19
3710.255624617001,7.26329569051177e-15,-4.370824990795158e-19
3712.5307394172846,7.306871491177578e-15,-4.370824990795158e-19
3714.8068490207165,7.532123502319365e-15,-4.370824990795158e-19
3717.0819638209996,7.461439756761152e-15,-4.370824990795158e-19
3719.358073424431,7.948146571897776e-15,-4.370824990795158e-19
3721.633188224714,8.275781847217886e-15,-4.370824990795158e-19
3723.909297828146,7.901480288915245e-15,-4.370824990795158e-19
3726.1854074315775,8.06955837719764e-15,-4.370824990795158e-19
3728.4605222318614,7.568149696182888e-15,-4.370824990795158e-19
3730.736631835293,7.96196544282827e-15,-4.370824990795158e-19
3733.011746635576,7.591769811032134e-15,-4.370824990795158e-19
3735.287856239008,7.796712938378308e-15,-4.370824990795158e-19
3737.5629710392914,8.71233454932882e-15,-4.370824990795158e-19
3739.839080642723,7.647221893743637e-15,-4.370824990795158e-19
3742.1151902461547,7.2530529491192e-15,-4.370824990795158e-19
3744.390305046438,7.380645719052513e-15,-4.370824990795158e-19
3746.6664146498697,8.085982083223659e-15,-4.370824990795158e-19
3748.9415294501528,7.804880641643935e-15,-4.370824990795158e-19
3751.217639053584,7.617509113755706e-15,-4.370824990795158e-19
3753.4927538538677,7.22435561332105e-15,-4.370824990795158e-19
3755.7688634572996,7.088330241637819e-15,-4.370824990795158e-19
3758.044973060731,7.091111675722871e-15,-4.370824990795158e-19
3760.3200878610146,7.0334079558948984e-15,-4.370824990795158e-19
3762.596197464446,7.182766551287424e-15,-4.370824990795158e-19
3764.8713122647296,6.256681450207432e-15,-4.370824990795158e-19
3767.1474218681615,6.583831078306342e-15,-4.370824990795158e-19
3769.4225366684445,6.820871071999061e-15,-4.370824990795158e-19
3771.698646271876,6.902018307686753e-15,-4.370824990795158e-19
3773.9737610721595,6.900384767033628e-15,-4.370824990795158e-19
3776.249870675591,6.605905951997226e-15,-4.370824990795158e-19
3778.525980279023,5.994387801012341e-15,-4.370824990795158e-19
3780.8010950793064,5.993019158843505e-15,-4.370824990795158e-19
3783.077204682738,6.148691168111624e-15,-4.370824990795158e-19
3785.352319483021,6.279506869603806e-15,-4.370824990795158e-19
3787.628429086453,6.7438739125652555e-15,-4.370824990795158e-19
3789.9035438867363,5.909002189575999e-15,-4.370824990795158e-19
3792.1796534901678,5.6864433130245e-15,-4.370824990795158e-19
3794.455763093599,6.10542441567749e-15,-4.370824990795158e-19
3796.7308778938827,6.321846477342923e-15,-4.370824990795158e-19
3799.0069874973146,6.1177863449443855e-15,-4.370824990795158e-19
3801.2821022975977,6.657517006686515e-15,-4.370824990795158e-19
3803.558211901029,6.235136373485128e-15,-4.370824990795158e-19
3805.8333267013127,5.49280252100806e-15,-4.370824990795158e-19
3808.1094363047446,5.89606631359314e-15,-4.370824990795158e-19
3810.385545908176,6.126174796946922e-15,-4.370824990795158e-19
3812.6606607084595,5.634390760861394e-15,-4.370824990795158e-19
3814.936770311891,6.3158862614463844e-15,-4.370824990795158e-19
3817.211885112174,5.667370622155575e-15,-4.370824990795158e-19
3819.487994715606,5.9497524064093715e-15,-4.370824990795158e-19
3821.7631095158895,5.710328326358037e-15,-4.370824990795158e-19
3824.039219119321,5.5710800231159365e-15,-4.370824990795158e-19
3826.315328722753,5.283576868165855e-15,-4.370824990795158e-19
3828.590443523036,5.523619044680535e-15,-4.370824990795158e-19
3830.866553126468,5.102209705921547e-15,-4.370824990795158e-19
3833.1416679267513,5.979200287913012e-15,-4.370824990795158e-19
3835.417777530183,5.69143223447864e-15,-4.370824990795158e-19
3837.692892330466,4.7933822229860714e-15,-4.370824990795158e-19
3839.9690019338977,5.008347342987906e-15,-4.370824990795158e-19
3842.244116734181,5.155056953537525e-15,-4.370824990795158e-19
3844.5202263376127,5.337174661487323e-15,-4.370824990795158e-19
3846.796335941044,5.125167574560067e-15,-4.370824990795158e-19
3849.0714507413277,5.336026768055397e-15,-4.370824990795158e-19
3851.3475603447596,5.7335952432282294e-15,-4.370824990795158e-19
3853.6226751450426,5.68246983576014e-15,-4.370824990795158e-19
3855.898784748474,5.153026065157964e-15,-4.370824990795158e-19
3858.173899548758,5.8552719470123856e-15,-4.370824990795158e-19
3860.4500091521895,5.619026648772538e-15,-4.370824990795158e-19
3862.7261187556214,6.317873000078564e-15,-4.370824990795158e-19
3865.0012335559045,6.022025542873328e-15,-4.370824990795158e-19
3867.277343159336,6.113724568185263e-15,-4.370824990795158e-19
3869.552457959619,5.263930230580968e-15,-4.370824990795158e-19
3871.828567563051,5.883483635589336e-15,-4.370824990795158e-19
3874.1036823633344,6.61570719591598e-15,-4.370824990795158e-19
3876.3797919667663,6.3999032307138914e-15,-4.370824990795158e-19
3878.655901570198,6.222421246239179e-15,-4.370824990795158e-19
3880.931016370481,6.475708346968389e-15,-4.370824990795158e-19
3883.2071259739128,6.3384467823584686e-15,-4.370824990795158e-19
3885.4822407741963,6.4980039693961825e-15,-4.370824990795158e-19
3887.7583503776277,7.295171808121408e-15,-4.370824990795158e-19
3890.0334651779112,7.260867454405774e-15,-4.370824990795158e-19
3892.3095747813427,7.818302164847992e-15,-4.370824990795158e-19
3894.5856843847746,7.656316741704281e-15,-4.370824990795158e-19
3896.8607991850577,7.740068812487497e-15,-4.370824990795158e-19
3899.136908788489,7.719892377934028e-15,-4.370824990795158e-19
3901.4120235887726,8.504433388908068e-15,-4.370824990795158e-19
3903.6881331922045,8.698780576882616e-15,-4.370824990795158e-19
3905.9632479924876,8.205363000143963e-15,-4.370824990795158e-19
3908.2393575959195,7.942892751959345e-15,-4.370824990795158e-19
3910.514472396203,8.299799309793568e-15,-4.370824990795158e-19
3912.7905819996345,8.231587950088734e-15,-4.370824990795158e-19
3915.066691603066,8.238387011185527e-15,-4.370824990795158e-19
3917.3418064033494,9.09661395053974e-15,-4.370824990795158e-19
3919.617916006781,9.120234065388987e-15,-4.370824990795158e-19
3921.893030807064,8.870655543439845e-15,-4.370824990795158e-19
3924.169140410496,9.637404206219031e-15,-4.370824990795158e-19
3926.4442552107794,9.150918139819316e-15,-4.370824990795158e-19
3928.7203648142113,8.15286895050704e-15,-4.370824990795158e-19
3930.9964744176427,8.703063102378648e-15,-4.370824990795158e-19
3933.271589217926,8.109734647315052e-15,-4.370824990795158e-19
3935.5476988213577,8.18456846912715e-15,-4.370824990795158e-19
3937.8228136216408,9.060852655160506e-15,-4.370824990795158e-19
3940.098923225072,8.958513540729565e-15,-4.370824990795158e-19
3942.374038025356,8.671186984769011e-15,-4.370824990795158e-19
3944.6501476287876,8.509510609856973e-15,-4.370824990795158e-19
3946.9262572322195,8.418694579492673e-15,-4.370824990795158e-19
3949.2013720325026,8.10920485034647e-15,-4.370824990795158e-19
3951.477481635934,7.8279709595246e-15,-4.370824990795158e-19
3953.7525964362176,8.430129364064551e-15,-4.370824990795158e-19
3956.0287060396495,8.61524925483631e-15,-4.370824990795158e-19
3958.3038208399325,8.729685400049855e-15,-4.370824990795158e-19
3960.5799304433644,7.85044318094192e-15,-4.370824990795158e-19
3962.856040046796,8.053576168645442e-15,-4.370824990795158e-19
3965.131154847079,8.083377248128135e-15,-4.370824990795158e-19
3967.407264450511,8.159491412614306e-15,-4.370824990795158e-19
3969.6823792507944,7.875431937960002e-15,-4.370824990795158e-19
3971.958488854226,7.916491203025048e-15,-4.370824990795158e-19
3974.2336036545094,7.222059826457199e-15,-4.370824990795158e-19
3976.509713257941,7.492300430181008e-15,-4.370824990795158e-19
3978.7848280582243,7.464927586804312e-15,-4.370824990795158e-19
3981.060937661656,7.604087590551649e-15,-4.370824990795158e-19
3983.3370472650877,7.743953990257093e-15,-4.370824990795158e-19
3985.6121620653707,6.893232507957781e-15,-4.370824990795158e-19
3987.8882716688026,7.154996360184292e-15,-4.370824990795158e-19
3990.1633864690857,6.894380401389707e-15,-4.370824990795158e-19
3992.4394960725176,7.217953899950694e-15,-4.370824990795158e-19
3994.714610872801,6.887493040798151e-15,-4.370824990795158e-19
3996.9907204762326,6.944181316436343e-15,-4.370824990795158e-19
3999.2668300796645,6.732924775214577e-15,-4.370824990795158e-19
4001.5419448799476,6.972922801981874e-15,-4.370824990795158e-19
4003.818054483379,6.497518322174983e-15,-4.370824990795158e-19
4006.093169283663,6.8209593714938245e-15,-4.370824990795158e-19
4008.3692788870944,7.22033798630931e-15,-4.370824990795158e-19
4010.6443936873775,7.053319491964076e-15,-4.370824990795158e-19
4012.9205032908094,6.952260720207207e-15,-4.370824990795158e-19
4015.196612894241,6.936852458370969e-15,-4.370824990795158e-19
4017.471727694524,7.430005136625332e-15,-4.370824990795158e-19
4019.747837297956,7.508282638733209e-15,-4.370824990795158e-19
4022.0229520982393,7.469519160532016e-15,-4.370824990795158e-19
4024.2990617016712,7.88783801697428e-15,-4.370824990795158e-19
4026.5741765019543,7.205238772704744e-15,-4.370824990795158e-19
4028.8502861053857,7.621305992030537e-15,-4.370824990795158e-19
4031.1263957088177,7.748280665500507e-15,-4.370824990795158e-19
4033.401510509101,7.510975773323497e-15,-4.370824990795158e-19
4035.6776201125326,8.21428124911508e-15,-4.370824990795158e-19
4037.9527349128157,8.632644255304727e-15,-4.370824990795158e-19
4040.2288445162476,8.561916359999131e-15,-4.370824990795158e-19
4042.5039593165307,8.2462015164721e-15,-4.370824990795158e-19
4044.7800689199626,7.971369339020586e-15,-4.370824990795158e-19
4047.055183720246,7.743203444551602e-15,-4.370824990795158e-19
4049.3312933236775,8.12041888618144e-15,-4.370824990795158e-19
4051.6074029271094,8.415780696165476e-15,-4.370824990795158e-19
4053.8825177273925,8.248850501315006e-15,-4.370824990795158e-19
4056.158627330824,8.389599895968087e-15,-4.370824990795158e-19
4058.433742131108,7.644837807385022e-15,-4.370824990795158e-19
4060.709851734539,7.909206494707056e-15,-4.370824990795158e-19
4062.9849665348224,7.88960400686955e-15,-4.370824990795158e-19
4065.2610761382543,8.31684111228293e-15,-4.370824990795158e-19
4067.537185741686,8.446199872111515e-15,-4.370824990795158e-19
4069.812300541969,8.812863524117109e-15,-4.370824990795158e-19
4072.0884101454008,7.789604829049843e-15,-4.370824990795158e-19
4074.3635249456843,7.91379806843476e-15,-4.370824990795158e-19
4076.6396345491157,8.239005107648872e-15,-4.370824990795158e-19
4078.9147493493992,7.873356899833058e-15,-4.370824990795158e-19
4081.190858952831,8.680193533234892e-15,-4.370824990795158e-19
4083.4669685562626,8.588626957165103e-15,-4.370824990795158e-19
4085.742083356546,9.21414057807001e-15,-4.370824990795158e-19
4088.018192959977,8.314545325419079e-15,-4.370824990795158e-19
4090.293307760261,8.61079013035075e-15,-4.370824990795158e-19
4092.569417363692,8.733173230093015e-15,-4.370824990795158e-19
4094.8445321639756,8.261565628560957e-15,-4.370824990795158e-19
4097.1206417674075,8.49299860433619e-15,-4.370824990795158e-19
4099.396751370839,8.16686442042706e-15,-4.370824990795158e-19
4101.671866171123,8.098123263753646e-15,-4.370824990795158e-19
4103.947975774554,8.23074910488848e-15,-4.370824990795158e-19
4106.223090574837,8.359622217495866e-15,-4.370824990795158e-19
4108.499200178269,7.483514630452036e-15,-4.370824990795158e-19
4110.774314978552,8.249821795757405e-15,-4.370824990795158e-19
4113.050424581985,8.320902889042054e-15,-4.370824990795158e-19
4115.325539382267,7.990044682163075e-15,-4.370824990795158e-19
4117.601648985699,7.343427482009681e-15,-4.370824990795158e-19
4119.87775858913,8.065761498922809e-15,-4.370824990795158e-19
4122.152873389414,8.30681911962727e-15,-4.370824990795158e-19
4124.428982992847,7.855873599869878e-15,-4.370824990795158e-19
4126.704097793129,7.72218816479788e-15,-4.370824990795158e-19
4128.980207396561,7.819273459290391e-15,-4.370824990795158e-19
4131.255322196845,7.923511012858748e-15,-4.370824990795158e-19
4133.531431800276,7.168859380862166e-15,-4.370824990795158e-19
4135.807541403707,7.40475148112296e-15,-4.370824990795158e-19
4138.08265620399,7.33565712647049e-15,-4.370824990795158e-19
4140.358765807423,6.417165781940163e-15,-4.370824990795158e-19
4142.633880607706,6.783873583693139e-15,-4.370824990795158e-19
4144.9099902111375,7.295878204079517e-15,-4.370824990795158e-19
4147.185105011421,7.249256070844369e-15,-4.370824990795158e-19
4149.461214614852,7.770223089949245e-15,-4.370824990795158e-19
4151.737324218285,7.612343593312038e-15,-4.370824990795158e-19
4154.012439018567,8.0665120446283e-15,-4.370824990795158e-19
4156.288548621999,7.548723807334909e-15,-4.370824990795158e-19
4158.563663422282,6.871025185024751e-15,-4.370824990795158e-19
4160.839773025714,7.323648395182649e-15,-4.370824990795158e-19
4163.114887825997,7.056454124028182e-15,-4.370824990795158e-19
4165.390997429429,7.242501159494957e-15,-4.370824990795158e-19
4167.666112229713,7.545015228554841e-15,-4.370824990795158e-19
4169.942221833144,7.48060074712484e-15,-4.370824990795158e-19
4172.218331436576,7.360645883488572e-15,-4.370824990795158e-19
4174.493446236859,6.773365943816278e-15,-4.370824990795158e-19
4176.769555840291,6.879855134501105e-15,-4.370824990795158e-19
4179.044670640575,6.758531628696003e-15,-4.370824990795158e-19
4181.320780244006,6.598223895952799e-15,-4.370824990795158e-19
4183.595895044289,6.476414742926497e-15,-4.370824990795158e-19
4185.87200464772,6.574029834387589e-15,-4.370824990795158e-19
4188.148114251152,6.8235200568419674e-15,-4.370824990795158e-19
4190.4232290514365,6.150545457501658e-15,-4.370824990795158e-19
4192.6993386548675,6.855352024704223e-15,-4.370824990795158e-19
4194.974453455151,6.373899029506029e-15,-4.370824990795158e-19
4197.250563058582,6.3357536477681806e-15,-4.370824990795158e-19
4199.5256778588655,6.42882131524895e-15,-4.370824990795158e-19
4201.801787462297,6.5232134751511725e-15,-4.370824990795158e-19
4204.077897065729,5.976109805596288e-15,-4.370824990795158e-19
4206.353011866013,5.684500724139702e-15,-4.370824990795158e-19
4208.629121469444,6.333369561409565e-15,-4.370824990795158e-19
4210.904236269727,5.6772601655690916e-15,-4.370824990795158e-19
4213.180345873158,5.801056057227573e-15,-4.370824990795158e-19
4215.455460673442,6.017566418387769e-15,-4.370824990795158e-19
4217.731570276875,6.2603017294927365e-15,-4.370824990795158e-19
4220.007679880306,5.338234255424485e-15,-4.370824990795158e-19
4222.282794680589,5.564545860503435e-15,-4.370824990795158e-19
4224.55890428402,5.757215358077476e-15,-4.370824990795158e-19
4226.834019084304,5.969399043994259e-15,-4.370824990795158e-19
4229.1101286877365,5.822027187233913e-15,-4.370824990795158e-19
4231.385243488019,6.140081967372179e-15,-4.370824990795158e-19
4233.661353091451,5.709489481157783e-15,-4.370824990795158e-19
4235.936467891734,6.068117879139895e-15,-4.370824990795158e-19
4238.2125774951655,5.9838360113880975e-15,-4.370824990795158e-19
4240.488687098597,5.6658695307445955e-15,-4.370824990795158e-19
4242.763801898881,6.5877604058233194e-15,-4.370824990795158e-19
4245.039911502313,6.613941206020709e-15,-4.370824990795158e-19
4247.3150263025955,6.1445410918577375e-15,-4.370824990795158e-19
4249.591135906027,6.056241597094199e-15,-4.370824990795158e-19
4251.866250706311,6.954203309092004e-15,-4.370824990795158e-19
4254.142360309742,7.426252408097882e-15,-4.370824990795158e-19
4256.418469913175,7.183649546235059e-15,-4.370824990795158e-19
4258.693584713457,7.217512402476876e-15,-4.370824990795158e-19
4260.969694316889,7.080383287109101e-15,-4.370824990795158e-19
4263.244809117172,7.275790069020811e-15,-4.370824990795158e-19
4265.520918720604,7.696934509295509e-15,-4.370824990795158e-19
4267.796033520887,7.742717797330403e-15,-4.370824990795158e-19
4270.072143124319,7.9432459499384e-15,-4.370824990795158e-19
4272.348252727751,7.949735962803519e-15,-4.370824990795158e-19
4274.623367528034,8.014017994991375e-15,-4.370824990795158e-19
4276.899477131466,7.698303151464344e-15,-4.370824990795158e-19
4279.174591931749,7.977726902643561e-15,-4.370824990795158e-19
4281.450701535181,7.554330825252393e-15,-4.370824990795158e-19
4283.7258163354645,8.076180839304906e-15,-4.370824990795158e-19
4286.0019259388955,7.726249941557004e-15,-4.370824990795158e-19
4288.278035542327,8.20249326656415e-15,-4.370824990795158e-19
4290.55315034261,8.482049466985512e-15,-4.370824990795158e-19
4292.829259946043,8.553969405470413e-15,-4.370824990795158e-19
4295.104374746326,9.042927857723508e-15,-4.370824990795158e-19
4297.380484349757,8.363595694760225e-15,-4.370824990795158e-19
4299.655599150041,8.330262635486989e-15,-4.370824990795158e-19
4301.931708753472,8.099668504912008e-15,-4.370824990795158e-19
4304.206823553755,8.314721924408606e-15,-4.370824990795158e-19
4306.482933157187,8.50372699294996e-15,-4.370824990795158e-19
4308.759042760619,8.743680869969876e-15,-4.370824990795158e-19
4311.034157560903,8.325494462769758e-15,-4.370824990795158e-19
4313.310267164334,8.176489065356287e-15,-4.370824990795158e-19
4315.585381964617,8.156974877013545e-15,-4.370824990795158e-19
4317.861491568048,8.260241136139503e-15,-4.370824990795158e-19
4320.136606368333,8.389025949252123e-15,-4.370824990795158e-19
4322.412715971765,8.883149921948886e-15,-4.370824990795158e-19
4324.688825575196,8.10668831474571e-15,-4.370824990795158e-19
4326.963940375479,8.486464441723689e-15,-4.370824990795158e-19
4329.24004997891,8.078873973895194e-15,-4.370824990795158e-19
4331.515164779194,8.27639994368123e-15,-4.370824990795158e-19
4333.7912743826255,8.496707183116259e-15,-4.370824990795158e-19
4336.066389182909,8.520945394428851e-15,-4.370824990795158e-19
4338.342498786341,8.45030579861802e-15,-4.370824990795158e-19
4340.618608389772,8.02783686592187e-15,-4.370824990795158e-19
4342.893723190055,7.785719651280247e-15,-4.370824990795158e-19
4345.169832793487,7.496892003908712e-15,-4.370824990795158e-19
4347.444947593771,7.105283744632419e-15,-4.370824990795158e-19
4349.721057197203,7.93203191410343e-15,-4.370824990795158e-19
4351.996171997485,7.84470371378229e-15,-4.370824990795158e-19
4354.272281600917,7.136365166789184e-15,-4.370824990795158e-19
4356.548391204349,7.159367185175087e-15,-4.370824990795158e-19
4358.823506004633,7.535567182615142e-15,-4.370824990795158e-19
4361.099615608064,7.46514833554122e-15,-4.370824990795158e-19
4363.374730408347,7.26899100792402e-15,-4.370824990795158e-19
4365.650840011779,7.226033303721558e-15,-4.370824990795158e-19
4367.925954812062,7.149389342266807e-15,-4.370824990795158e-19
4370.202064415494,7.157115548058616e-15,-4.370824990795158e-19
4372.477179215778,7.262412695564136e-15,-4.370824990795158e-19
4374.753288819209,6.6525722349797566e-15,-4.370824990795158e-19
4377.029398422641,6.905329538740385e-15,-4.370824990795158e-19
4379.304513222924,6.5866125123913935e-15,-4.370824990795158e-19
4381.5806228263555,6.443920528853515e-15,-4.370824990795158e-19
4383.855737626638,6.728024153255201e-15,-4.370824990795158e-19
4386.131847230071,6.46475920961771e-15,-4.370824990795158e-19
4388.406962030354,6.3737665802638835e-15,-4.370824990795158e-19
4390.683071633785,6.250368036331839e-15,-4.370824990795158e-19
4392.959181237217,6.4139870001286755e-15,-4.370824990795158e-19
4395.2342960375,6.68210841597816e-15,-4.370824990795158e-19
4397.510405640933,7.009302193824452e-15,-4.370824990795158e-19
4399.785520441216,6.790010398579205e-15,-4.370824990795158e-19
4402.061630044647,6.39438451229117e-15,-4.370824990795158e-19
4404.336744844931,6.448114754854783e-15,-4.370824990795158e-19
4406.612854448362,6.3434357038126085e-15,-4.370824990795158e-19
4408.888964051795,6.434163434682144e-15,-4.370824990795158e-19
4411.164078852077,6.2033485553702546e-15,-4.370824990795158e-19
4413.440188455509,6.668554443531957e-15,-4.370824990795158e-19
4415.715303255793,6.76568388777185e-15,-4.370824990795158e-19
4417.991412859224,6.5316902266484726e-15,-4.370824990795158e-19
4420.266527659507,6.388556745636777e-15,-4.370824990795158e-19
4422.542637262939,6.465686354312727e-15,-4.370824990795158e-19
4424.818746866371,6.667406550100031e-15,-4.370824990795158e-19
4427.0938616666535,6.4823749588230364e-15,-4.370824990795158e-19
4429.369971270085,6.487319730529794e-15,-4.370824990795158e-19
4431.645086070369,6.25615165323885e-15,-4.370824990795158e-19
4433.9211956738,6.220831855333435e-15,-4.370824990795158e-19
4436.196310474084,6.548158082421872e-15,-4.370824990795158e-19
4438.472420077515,6.4535451737827405e-15,-4.370824990795158e-19
4440.747534877799,6.8310696636442495e-15,-4.370824990795158e-19
4443.023644481231,6.2426418305400294e-15,-4.370824990795158e-19
4445.299754084662,6.5804756975053275e-15,-4.370824990795158e-19
4447.574868884945,6.709348810112712e-15,-4.370824990795158e-19
4449.850978488377,5.78551534614919e-15,-4.370824990795158e-19
4452.126093288661,6.406216644589484e-15,-4.370824990795158e-19
4454.402202892092,6.795573266749307e-15,-4.370824990795158e-19
4456.677317692375,6.666170357173342e-15,-4.370824990795158e-19
4458.953427295807,6.483876050234016e-15,-4.370824990795158e-19
4461.229536899239,6.626877082003567e-15,-4.370824990795158e-19
4463.504651699523,6.986609223670223e-15,-4.370824990795158e-19
4465.780761302954,6.78890665489466e-15,-4.370824990795158e-19
4468.055876103237,6.82307855936815e-15,-4.370824990795158e-19
4470.331985706669,6.385466263320053e-15,-4.370824990795158e-19
4472.607100506952,6.375091072685337e-15,-4.370824990795158e-19
4474.883210110384,6.238491754286143e-15,-4.370824990795158e-19
4477.159319713815,6.701534304826139e-15,-4.370824990795158e-19
4479.434434514099,6.7031678454792646e-15,-4.370824990795158e-19
4481.71054411753,6.714867528535433e-15,-4.370824990795158e-19
4483.985658917813,6.904137495561078e-15,-4.370824990795158e-19
4486.261768521245,7.304090057092525e-15,-4.370824990795158e-19
4488.536883321529,7.018661940269387e-15,-4.370824990795158e-19
4490.812992924961,6.702682198258065e-15,-4.370824990795158e-19
4493.089102528392,6.234606576516547e-15,-4.370824990795158e-19
4495.364217328675,6.337122289937015e-15,-4.370824990795158e-19
4497.640326932107,7.11901431606815e-15,-4.370824990795158e-19
4499.91544173239,7.129168757965955e-15,-4.370824990795158e-19
4502.191551335823,7.0690368020319865e-15,-4.370824990795158e-19
4504.466666136105,6.883033916312592e-15,-4.370824990795158e-19
4506.742775739537,6.653455229927392e-15,-4.370824990795158e-19
4509.017890539821,7.0865642517425485e-15,-4.370824990795158e-19
4511.294000143252,6.78316718773503e-15,-4.370824990795158e-19
4513.5701097466845,6.9389274964979125e-15,-4.370824990795158e-19
4515.845224546967,6.731423683803596e-15,-4.370824990795158e-19
4518.121334150399,7.219410841614292e-15,-4.370824990795158e-19
4520.3964489506825,6.931819387169447e-15,-4.370824990795158e-19
4522.6725585541135,6.710496703544638e-15,-4.370824990795158e-19
4524.947673354397,6.734116818393884e-15,-4.370824990795158e-19
4527.223782957829,6.548555430148308e-15,-4.370824990795158e-19
4529.499892561261,6.558754021793497e-15,-4.370824990795158e-19
4531.775007361543,6.967845581032971e-15,-4.370824990795158e-19
4534.051116964975,6.433368739229272e-15,-4.370824990795158e-19
4536.326231765259,6.546701140758274e-15,-4.370824990795158e-19
4538.602341368691,6.755308697137134e-15,-4.370824990795158e-19
4540.877456168974,6.7331013742041035e-15,-4.370824990795158e-19
4543.153565772405,6.795043469780726e-15,-4.370824990795158e-19
4545.429675375837,6.898486327896212e-15,-4.370824990795158e-19
4547.704790176121,6.233061335358185e-15,-4.370824990795158e-19
4549.980899779552,6.8534977353141886e-15,-4.370824990795158e-19
4552.256014579836,6.804491515720425e-15,-4.370824990795158e-19
4554.532124183267,6.6137646070311815e-15,-4.370824990795158e-19
4556.807238983551,7.035968641243041e-15,-4.370824990795158e-19
4559.083348586982,6.567495671775087e-15,-4.370824990795158e-19
4561.3594581904135,6.684801550568448e-15,-4.370824990795158e-19
4563.634572990697,7.0955266504610475e-15,-4.370824990795158e-19
4565.910682594129,6.900473066528391e-15,-4.370824990795158e-19
4568.1857973944125,6.766346133982576e-15,-4.370824990795158e-19
4570.4619069978435,6.650585496347577e-15,-4.370824990795158e-19
4572.737021798127,6.710408404049874e-15,-4.370824990795158e-19
4575.013131401558,6.786566718283427e-15,-4.370824990795158e-19
4577.2882462018415,6.726169863865166e-15,-4.370824990795158e-19
4579.564355805274,6.541932968041043e-15,-4.370824990795158e-19
4581.840465408705,6.733233823446249e-15,-4.370824990795158e-19
4584.115580208989,6.984710784532807e-15,-4.370824990795158e-19
4586.39168981242,6.49619382975353e-15,-4.370824990795158e-19
4588.666804612703,6.190942476355977e-15,-4.370824990795158e-19
4590.942914216136,6.538136089766211e-15,-4.370824990795158e-19
4593.218029016419,6.449704145760527e-15,-4.370824990795158e-19
4595.494138619851,7.008507498371581e-15,-4.370824990795158e-19
4597.770248223282,6.366526021693274e-15,-4.370824990795158e-19
4600.045363023565,6.137918629750473e-15,-4.370824990795158e-19
4602.321472626996,6.19575479882059e-15,-4.370824990795158e-19
4604.596587427281,5.937567076132003e-15,-4.370824990795158e-19
4606.8726970307125,6.7573395855166956e-15,-4.370824990795158e-19
4609.147811830995,6.835396338887663e-15,-4.370824990795158e-19
4611.423921434427,6.7402977830273325e-15,-4.370824990795158e-19
4613.700031037858,6.1883376412604525e-15,-4.370824990795158e-19
4615.9751458381415,6.245114216393408e-15,-4.370824990795158e-19
4618.251255441574,6.208999723035121e-15,-4.370824990795158e-19
4620.526370241857,5.8036608923230975e-15,-4.370824990795158e-19
4622.802479845289,6.44979244525529e-15,-4.370824990795158e-19
4625.0775946455715,6.178448097846936e-15,-4.370824990795158e-19
4627.353704249003,5.419867138333377e-15,-4.370824990795158e-19
4629.628819049287,5.673948934515459e-15,-4.370824990795158e-19
4631.904928652719,5.897170057277685e-15,-4.370824990795158e-19
4634.181038256151,5.9554035740742384e-15,-4.370824990795158e-19
4636.456153056433,5.970723536415712e-15,-4.370824990795158e-19
4638.732262659865,5.8327114261003014e-15,-4.370824990795158e-19
4641.007377460149,5.970546937426185e-15,-4.370824990795158e-19
4643.283487063581,6.30855740338101e-15,-4.370824990795158e-19
4645.558601863864,5.6681653176084475e-15,-4.370824990795158e-19
4647.834711467295,5.783616907011774e-15,-4.370824990795158e-19
4650.110821070727,4.999870591490606e-15,-4.370824990795158e-19
4652.38593587101,5.255585928325814e-15,-4.370824990795158e-19
4654.6620454744425,5.482427330373344e-15,-4.370824990795158e-19
4656.937160274726,5.567680492567541e-15,-4.370824990795158e-19
4659.213269878157,5.1752775378383756e-15,-4.370824990795158e-19
4661.4883846784405,5.5744354039169515e-15,-4.370824990795158e-19
4663.7644942818715,4.947376541853682e-15,-4.370824990795158e-19
4666.040603885303,4.927509155531886e-15,-4.370824990795158e-19
4668.315718685588,5.3186759173343615e-15,-4.370824990795158e-19
4670.591828289019,6.023968131758126e-15,-4.370824990795158e-19
4672.866943089302,5.2988526807599476e-15,-4.370824990795158e-19
4675.143052692733,5.271744735867541e-15,-4.370824990795158e-19
4677.418167493017,4.975588230430633e-15,-4.370824990795158e-19
4679.694277096448,4.7030959895903526e-15,-4.370824990795158e-19
4681.970386699881,4.786803910626187e-15,-4.370824990795158e-19
4684.245501500164,4.657974947766185e-15,-4.370824990795158e-19
4686.521611103595,4.339112227250832e-15,-4.370824990795158e-19
4688.796725903879,4.5724568870876974e-15,-4.370824990795158e-19
4691.07283550731,4.560404006052474e-15,-4.370824990795158e-19
4693.347950307593,4.131917462788189e-15,-4.370824990795158e-19
4695.624059911026,4.2814173373723364e-15,-4.370824990795158e-19
4697.899174711309,4.809938378254235e-15,-4.370824990795158e-19
4700.175284314741,4.380776343855008e-15,-4.370824990795158e-19
4702.451393918172,4.265580822986496e-15,-4.370824990795158e-19
4704.726508718455,4.107873510364078e-15,-4.370824990795158e-19
4707.002618321887,4.2672673433364794e-15,-4.370824990795158e-19
4709.2777331221705,4.185069343661101e-15,-4.370824990795158e-19
4711.553842725602,4.435901718435885e-15,-4.370824990795158e-19
4713.828957525885,4.298997766779757e-15,-4.370824990795158e-19
4716.105067129317,4.393941798524252e-15,-4.370824990795158e-19
4718.381176732748,3.851195709035948e-15,-4.370824990795158e-19
4720.656291533032,3.83363293952748e-15,-4.370824990795158e-19
4722.932401136463,3.88613581911388e-15,-4.370824990795158e-19
4725.207515936747,4.009340104157445e-15,-4.370824990795158e-19
4727.483625540179,3.967163850483641e-15,-4.370824990795158e-19
4729.758740340461,3.6479920817366165e-15,-4.370824990795158e-19
4732.034849943893,4.149444912498752e-15,-4.370824990795158e-19
4734.310959547325,3.772185321121533e-15,-4.370824990795158e-19
4736.586074347609,3.835707977654423e-15,-4.370824990795158e-19
4738.862183951041,3.927287798648427e-15,-4.370824990795158e-19
4741.137298751323,4.3188783980257675e-15,-4.370824990795158e-19
4743.413408354755,4.705700824685878e-15,-4.370824990795158e-19
4745.688523155038,4.407813649151604e-15,-4.370824990795158e-19
4747.9646327584705,4.407292682132499e-15,-4.370824990795158e-19
4750.2407423619015,4.27547478137475e-15,-4.370824990795158e-19
4752.515857162185,4.042620183733823e-15,-4.370824990795158e-19
4754.791966765617,4.943491364084087e-15,-4.370824990795158e-19
4757.0670815659,5.116381774831095e-15,-4.370824990795158e-19
4759.343191169332,5.148302042188114e-15,-4.370824990795158e-19
4761.618305969616,5.4426484079823696e-15,-4.370824990795158e-19
4763.894415573047,5.5033543106323026e-15,-4.370824990795158e-19
4766.16953037333,5.851916566211371e-15,-4.370824990795158e-19
4768.445639976761,6.043658919090395e-15,-4.370824990795158e-19
4770.721749580194,6.047367497870464e-15,-4.370824990795158e-19
4772.996864380477,5.768385244165063e-15,-4.370824990795158e-19
4775.272973983909,6.0081625221954525e-15,-4.370824990795158e-19
4777.548088784192,6.454251569740849e-15,-4.370824990795158e-19
4779.824198387623,5.918538535010461e-15,-4.370824990795158e-19
4782.099313187907,6.216858378069076e-15,-4.370824990795158e-19
4784.375422791339,6.5142510764326735e-15,-4.370824990795158e-19
4786.651532394771,6.640077856470716e-15,-4.370824990795158e-19
4788.926647195054,6.062113513495975e-15,-4.370824990795158e-19
4791.202756798485,6.840826757815621e-15,-4.370824990795158e-19
4793.477871598769,6.782504941524303e-15,-4.370824990795158e-19
4795.7539812022,6.981399553479174e-15,-4.370824990795158e-19
4798.029096002483,6.868817697655662e-15,-4.370824990795158e-19
4800.305205605915,7.128506511755229e-15,-4.370824990795158e-19
4802.581315209347,6.900119868549337e-15,-4.370824990795158e-19
4804.8564300096305,6.665949608436433e-15,-4.370824990795158e-19
4807.132539613061,7.844571264540146e-15,-4.370824990795158e-19
4809.407654413345,7.373493459976667e-15,-4.370824990795158e-19
4811.683764016777,6.90568273671944e-15,-4.370824990795158e-19
4813.95887881706,6.750761273156811e-15,-4.370824990795158e-19
4816.234988420492,6.34696768360315e-15,-4.370824990795158e-19
4818.511098023923,7.278350754368955e-15,-4.370824990795158e-19
4820.786212824207,7.832739132241831e-15,-4.370824990795158e-19
4823.062322427639,7.440292027765284e-15,-4.370824990795158e-19
4825.337437227922,8.0001549743135e-15,-4.370824990795158e-19
4827.613546831353,7.502719770563105e-15,-4.370824990795158e-19
4829.888661631637,7.241485715305176e-15,-4.370824990795158e-19
4832.164771235069,7.45216830981098e-15,-4.370824990795158e-19
4834.439886035351,7.110360965581322e-15,-4.370824990795158e-19
4836.715995638784,6.654691422854082e-15,-4.370824990795158e-19
4838.992105242215,6.9912890968926905e-15,-4.370824990795158e-19
4841.267220042499,6.615530596926452e-15,-4.370824990795158e-19
4843.54332964593,6.806963901573804e-15,-4.370824990795158e-19
4845.818444446213,6.751026171641102e-15,-4.370824990795158e-19
4848.094554049645,6.8030345740568265e-15,-4.370824990795158e-19
4850.3696688499285,7.16572474879806e-15,-4.370824990795158e-19
4852.64577845336,7.202898836093511e-15,-4.370824990795158e-19
4854.921888056791,7.475920873902371e-15,-4.370824990795158e-19
4857.197002857075,6.971642459307803e-15,-4.370824990795158e-19
4859.473112460507,7.599010369602744e-15,-4.370824990795158e-19
4861.7482272607895,7.116718529204298e-15,-4.370824990795158e-19
4864.024336864222,7.072966129548963e-15,-4.370824990795158e-19
4866.299451664505,7.294068064436864e-15,-4.370824990795158e-19
4868.575561267937,6.487408030024558e-15,-4.370824990795158e-19
4870.851670871368,6.748244737556051e-15,-4.370824990795158e-19
4873.126785671651,7.135879519567985e-15,-4.370824990795158e-19
4875.402895275084,6.612660863346637e-15,-4.370824990795158e-19
4877.678010075367,6.444715224306387e-15,-4.370824990795158e-19
4879.954119678799,7.032966458421081e-15,-4.370824990795158e-19
4882.229234479082,7.027050392271924e-15,-4.370824990795158e-19
4884.505344082513,6.50294874110294e-15,-4.370824990795158e-19
4886.781453685946,5.9403043604696735e-15,-4.370824990795158e-19
4889.056568486229,6.703123695731882e-15,-4.370824990795158e-19
4891.3326780896605,6.319153342752635e-15,-4.370824990795158e-19
4893.607792889943,6.250632934816129e-15,-4.370824990795158e-19
4895.883902493375,5.964056924561065e-15,-4.370824990795158e-19
4898.1590172936585,7.046034783646084e-15,-4.370824990795158e-19
4900.43512689709,6.383611973930018e-15,-4.370824990795158e-19
4902.710241697374,6.705507782090498e-15,-4.370824990795158e-19
4904.986351300805,6.607936840376788e-15,-4.370824990795158e-19
4907.262460904237,6.271559915075088e-15,-4.370824990795158e-19
4909.53757570452,6.2773435319820995e-15,-4.370824990795158e-19
4911.813685307951,6.414031149876058e-15,-4.370824990795158e-19
4914.088800108235,6.5347365592178144e-15,-4.370824990795158e-19
4916.364909711667,6.3098818958024636e-15,-4.370824990795158e-19
4918.64002451195,6.535178056691632e-15,-4.370824990795158e-19
4920.916134115381,6.247674901741551e-15,-4.370824990795158e-19
4923.192243718813,6.22220049750227e-15,-4.370824990795158e-19
4925.467358519097,6.355400285353068e-15,-4.370824990795158e-19
4927.743468122529,6.070325366508984e-15,-4.370824990795158e-19
4930.018582922812,6.119022537871075e-15,-4.370824990795158e-19
4932.294692526243,6.282023405204567e-15,-4.370824990795158e-19
4934.569807326527,6.18727804732329e-15,-4.370824990795158e-19
4936.845916929959,6.165953719337896e-15,-4.370824990795158e-19
4939.12202653339,6.29831466198844e-15,-4.370824990795158e-19
4941.397141333674,6.303259433695198e-15,-4.370824990795158e-19
4943.673250937105,6.153282741839328e-15,-4.370824990795158e-19
4945.9483657373885,5.9656463154668085e-15,-4.370824990795158e-19
4948.2244753408195,5.938405921332257e-15,-4.370824990795158e-19
4950.499590141103,6.0965061667063724e-15,-4.370824990795158e-19
4952.775699744536,6.230809698241715e-15,-4.370824990795158e-19
4955.051809347967,5.955050376095184e-15,-4.370824990795158e-19
4957.32692414825,6.01831696409326e-15,-4.370824990795158e-19
4959.603033751681,6.106969656835852e-15,-4.370824990795158e-19
4961.878148551965,6.319418241236926e-15,-4.370824990795158e-19
4964.154258155397,6.3275417947551714e-15,-4.370824990795158e-19
4966.42937295568,6.245776462604135e-15,-4.370824990795158e-19
4968.705482559112,5.961716987949831e-15,-4.370824990795158e-19
4970.980597359395,6.164452627926916e-15,-4.370824990795158e-19
4973.256706962827,6.0324890330028074e-15,-4.370824990795158e-19
4975.532816566258,5.814610029673776e-15,-4.370824990795158e-19
4977.807931366541,5.926220591054889e-15,-4.370824990795158e-19
4980.084040969974,5.873858990660111e-15,-4.370824990795158e-19
4982.359155770257,5.619644745235883e-15,-4.370824990795158e-19
4984.6352653736885,5.6410132229686594e-15,-4.370824990795158e-19
4986.910380173972,5.604987029105135e-15,-4.370824990795158e-19
4989.186489777403,5.669887157756336e-15,-4.370824990795158e-19
4991.462599380835,5.640483426000078e-15,-4.370824990795158e-19
4993.7377141811185,5.289139736335958e-15,-4.370824990795158e-19
4996.01382378455,5.363355461684712e-15,-4.370824990795158e-19
4998.288938584833,5.268433504813908e-15,-4.370824990795158e-19
5000.565048188265,4.996426911194828e-15,-4.370824990795158e-19
5002.840162988548,4.988612405908255e-15,-4.370824990795158e-19
5005.11627259198,5.253643339441016e-15,-4.370824990795158e-19
5007.392382195412,5.2651664235076576e-15,-4.370824990795158e-19
5009.667496995695,4.992276834940942e-15,-4.370824990795158e-19
5011.943606599127,4.883138659413208e-15,-4.370824990795158e-19
5014.218721399409,4.971923801397946e-15,-4.370824990795158e-19
5016.494831002842,4.984418179906986e-15,-4.370824990795158e-19
5018.769945803126,4.901107606597588e-15,-4.370824990795158e-19
5021.046055406557,4.843315587274852e-15,-4.370824990795158e-19
5023.32117020684,4.862564877133304e-15,-4.370824990795158e-19
5025.597279810271,4.984109131675314e-15,-4.370824990795158e-19
5027.873389413703,5.092099413771122e-15,-4.370824990795158e-19
5030.148504213987,5.0191640310964395e-15,-4.370824990795158e-19
5032.4246138174185,4.8969575303437014e-15,-4.370824990795158e-19
5034.699728617702,4.9371779502084934e-15,-4.370824990795158e-19
5036.975838221133,5.042033600240195e-15,-4.370824990795158e-19
5039.2509530214165,5.053026887338256e-15,-4.370824990795158e-19
5041.5270626248475,4.967597126154533e-15,-4.370824990795158e-19
5043.80317222828,4.82927596760745e-15,-4.370824990795158e-19
5046.078287028564,4.81430920324503e-15,-4.370824990795158e-19
5048.354396631995,5.049274158810806e-15,-4.370824990795158e-19
5050.629511432278,5.2957621984432235e-15,-4.370824990795158e-19
5052.905621035709,5.337969356940195e-15,-4.370824990795158e-19
5055.180735835993,5.2384116765943056e-15,-4.370824990795158e-19
5057.456845439426,5.0955430940669e-15,-4.370824990795158e-19
5059.732955042857,5.040046861608016e-15,-4.370824990795158e-19
5062.00806984314,5.12997989702468e-15,-4.370824990795158e-19
5064.284179446571,5.197484860771405e-15,-4.370824990795158e-19
5066.559294246855,5.175719035312193e-15,-4.370824990795158e-19
5068.835403850287,5.259691854832318e-15,-4.370824990795158e-19
5071.11051865057,5.47483357382368e-15,-4.370824990795158e-19
5073.386628254002,5.531830897693544e-15,-4.370824990795158e-19
5075.662737857433,5.40896215073008e-15,-4.370824990795158e-19
5077.937852657717,5.4784980028563665e-15,-4.370824990795158e-19
5080.213962261148,5.727414278594782e-15,-4.370824990795158e-19
5082.489077061432,5.702293072334555e-15,-4.370824990795158e-19
5084.765186664864,5.3973066174212925e-15,-4.370824990795158e-19
5087.0403014651465,5.20110514005671e-15,-4.370824990795158e-19
5089.316411068578,5.2018556857622e-15,-4.370824990795158e-19
5091.591525868861,5.280883733575567e-15,-4.370824990795158e-19
5093.867635472293,5.37377480206681e-15,-4.370824990795158e-19
5096.143745075725,5.428255590335913e-15,-4.370824990795158e-19
5098.418859876008,5.486135909153413e-15,-4.370824990795158e-19
5100.69496947944,5.643794657053711e-15,-4.370824990795158e-19
5102.970084279723,5.744014583610327e-15,-4.370824990795158e-19
5105.246193883155,5.554877065826828e-15,-4.370824990795158e-19
5107.521308683438,5.338455004161395e-15,-4.370824990795158e-19
5109.79741828687,5.461632799356531e-15,-4.370824990795158e-19
5112.073527890302,5.700836130670957e-15,-4.370824990795158e-19
5114.348642690585,5.730946258385323e-15,-4.370824990795158e-19
5116.624752294017,5.620969237657336e-15,-4.370824990795158e-19
5118.899867094299,5.504458054316847e-15,-4.370824990795158e-19
5121.175976697732,5.4322732173476544e-15,-4.370824990795158e-19
5123.451091498016,5.438586631223247e-15,-4.370824990795158e-19
5125.727201101447,5.524811087859842e-15,-4.370824990795158e-19
5128.0033107048785,5.656421484804897e-15,-4.370824990795158e-19
5130.278425505161,5.699732386986412e-15,-4.370824990795158e-19
5132.554535108594,5.582647256929961e-15,-4.370824990795158e-19
5134.829649908877,5.449668217816071e-15,-4.370824990795158e-19
5137.105759512308,5.384812238912252e-15,-4.370824990795158e-19
5139.380874312592,5.257793415694902e-15,-4.370824990795158e-19
5141.656983916023,5.0773092483982296e-15,-4.370824990795158e-19
5143.933093519455,5.158368184591158e-15,-4.370824990795158e-19
5146.208208319737,5.523795643670062e-15,-4.370824990795158e-19
5148.48431792317,5.721277463708716e-15,-4.370824990795158e-19
5150.759432723454,5.621499034625917e-15,-4.370824990795158e-19
5153.035542326885,5.518409374489486e-15,-4.370824990795158e-19
5155.310657127168,5.518983321205449e-15,-4.370824990795158e-19
5157.586766730599,5.546974261045491e-15,-4.370824990795158e-19
5159.861881530883,5.570726825136883e-15,-4.370824990795158e-19
5162.137991134315,5.582029160466616e-15,-4.370824990795158e-19
5164.414100737747,5.5650756574720164e-15,-4.370824990795158e-19
5166.68921553803,5.505385199011864e-15,-4.370824990795158e-19
5168.965325141461,5.435187100674851e-15,-4.370824990795158e-19
5171.240439941745,5.40896215073008e-15,-4.370824990795158e-19
5173.5165495451765,5.442692557729752e-15,-4.370824990795158e-19
5175.79166434546,5.530064907798273e-15,-4.370824990795158e-19
5178.067773948892,5.612360036917891e-15,-4.370824990795158e-19
5180.343883552323,5.619688894983265e-15,-4.370824990795158e-19
5182.6189983526065,5.544678474181638e-15,-4.370824990795158e-19
5184.895107956038,5.407725957803391e-15,-4.370824990795158e-19
5187.170222756322,5.3476381516168026e-15,-4.370824990795158e-19
5189.446332359753,5.486842305111521e-15,-4.370824990795158e-19
5191.721447160036,5.593022447564676e-15,-4.370824990795158e-19
5193.997556763468,5.444193649140732e-15,-4.370824990795158e-19
5196.273666366899,5.237131333920234e-15,-4.370824990795158e-19
5198.548781167184,5.179074416113207e-15,-4.370824990795158e-19
5200.824890770615,5.2933339623372265e-15,-4.370824990795158e-19
5203.100005570898,5.5288287148715835e-15,-4.370824990795158e-19
5205.37611517433,5.609975950559275e-15,-4.370824990795158e-19
5207.651229974613,5.415143115363528e-15,-4.370824990795158e-19
5209.927339578045,5.333201184222964e-15,-4.370824990795158e-19
5212.203449181477,5.54821045397218e-15,-4.370824990795158e-19
5214.47856398176,5.720615217497989e-15,-4.370824990795158e-19
5216.754673585191,5.666575926702704e-15,-4.370824990795158e-19
5219.029788385475,5.496731848525037e-15,-4.370824990795158e-19
5221.3058979889065,5.3186759173343615e-15,-4.370824990795158e-19
5223.581012789189,5.245917133649206e-15,-4.370824990795158e-19
5225.857122392622,5.302782008276925e-15,-4.370824990795158e-19
5228.132237192905,5.395452328031259e-15,-4.370824990795158e-19
5230.408346796336,5.4536858448278126e-15,-4.370824990795158e-19
5232.684456399768,5.431346072652637e-15,-4.370824990795158e-19
5234.959571200051,5.353201019786905e-15,-4.370824990795158e-19
5237.235680803484,5.298631932023039e-15,-4.370824990795158e-19
5239.510795603766,5.334525676644417e-15,-4.370824990795158e-19
5241.786905207198,5.517393930299705e-15,-4.370824990795158e-19
5244.062020007482,5.7273259791000184e-15,-4.370824990795158e-19
5246.338129610913,5.7597318936782366e-15,-4.370824990795158e-19
5248.614239214346,5.6197771944780286e-15,-4.370824990795158e-19
5250.889354014628,5.4071961608348096e-15,-4.370824990795158e-19
5253.16546361806,5.228698732170316e-15,-4.370824990795158e-19
5255.440578418344,5.183180342619712e-15,-4.370824990795158e-19
5257.716688021775,5.23130356726584e-15,-4.370824990795158e-19
5259.991802822058,5.291347223705047e-15,-4.370824990795158e-19
5262.267912425489,5.293554711074135e-15,-4.370824990795158e-19
5264.544022028922,5.194129479970391e-15,-4.370824990795158e-19
5266.819136829205,5.113556190998662e-15,-4.370824990795158e-19
5269.0952464326365,5.1645049994772235e-15,-4.370824990795158e-19
5271.37036123292,5.268080306834854e-15,-4.370824990795158e-19
5273.646470836351,5.334260778160126e-15,-4.370824990795158e-19
5275.9215856366345,5.335496971086816e-15,-4.370824990795158e-19
5278.197695240066,5.264813225528604e-15,-4.370824990795158e-19
5280.473804843498,5.148302042188114e-15,-4.370824990795158e-19
5282.748919643781,5.040841557060888e-15,-4.370824990795158e-19
5285.025029247213,5.068655897911402e-15,-4.370824990795158e-19
5287.300144047496,5.247374075312805e-15,-4.370824990795158e-19
5289.576253650928,5.351744078123307e-15,-4.370824990795158e-19
5291.851368451212,5.287506195682833e-15,-4.370824990795158e-19
5294.127478054643,5.1947034266863534e-15,-4.370824990795158e-19
5296.402592854926,5.164814047708896e-15,-4.370824990795158e-19
5298.678702458358,5.228080635706971e-15,-4.370824990795158e-19
5300.95481206179,5.342296032183609e-15,-4.370824990795158e-19
5303.229926862074,5.380088215942403e-15,-4.370824990795158e-19
5305.506036465505,5.2795150914067326e-15,-4.370824990795158e-19
5307.781151265788,5.039031417418236e-15,-4.370824990795158e-19
5310.057260869219,4.763492844008613e-15,-4.370824990795158e-19
5312.332375669503,4.629807408936616e-15,-4.370824990795158e-19
5314.6084852729355,4.698592715357412e-15,-4.370824990795158e-19
5316.8845948763665,4.955014448150729e-15,-4.370824990795158e-19
5319.15970967665,5.2151006099767315e-15,-4.370824990795158e-19
5321.435819280081,5.224592805663812e-15,-4.370824990795158e-19
5323.7109340803645,5.048788511589606e-15,-4.370824990795158e-19
5325.987043683796,4.878856133917176e-15,-4.370824990795158e-19
5328.26215848408,4.830423861039376e-15,-4.370824990795158e-19
5330.538268087512,4.976471225378268e-15,-4.370824990795158e-19
5332.814377690943,5.09205526402374e-15,-4.370824990795158e-19
5335.089492491226,4.924462822962544e-15,-4.370824990795158e-19
5337.365602094657,4.7252591627760015e-15,-4.370824990795158e-19
5339.640716894941,4.773205788432603e-15,-4.370824990795158e-19
5341.916826498374,4.8175762845512805e-15,-4.370824990795158e-19
5344.191941298656,4.635017079127665e-15,-4.370824990795158e-19
5346.468050902088,4.529808231116908e-15,-4.370824990795158e-19
5348.744160505519,4.730954480188249e-15,-4.370824990795158e-19
5351.019275305803,4.9930273806464316e-15,-4.370824990795158e-19
5353.2953849092355,5.1083023710602316e-15,-4.370824990795158e-19
5355.570499709518,5.102562903900601e-15,-4.370824990795158e-19
5357.84660931295,5.006272304860963e-15,-4.370824990795158e-19
5360.121724113233,4.814750700718847e-15,-4.370824990795158e-19
5362.3978337166645,4.599785580717013e-15,-4.370824990795158e-19
5364.672948516948,4.587776849429172e-15,-4.370824990795158e-19
5366.94905812038,4.782565534877538e-15,-4.370824990795158e-19
5369.225167723812,4.808481436590636e-15,-4.370824990795158e-19
5371.5002825240945,4.606628791561187e-15,-4.370824990795158e-19
5373.776392127526,4.5468500336062714e-15,-4.370824990795158e-19
5376.05150692781,4.695369783798543e-15,-4.370824990795158e-19
5378.327616531241,4.807156944169183e-15,-4.370824990795158e-19
5380.602731331525,4.807289393411328e-15,-4.370824990795158e-19
5382.878840934956,4.75267615590008e-15,-4.370824990795158e-19
5385.154950538388,4.6737805573288585e-15,-4.370824990795158e-19
5387.430065338671,4.592633321641166e-15,-4.370824990795158e-19
5389.706174942103,4.538903079077553e-15,-4.370824990795158e-19
5391.981289742386,4.541419614678314e-15,-4.370824990795158e-19
5394.257399345818,4.57276593531937e-15,-4.370824990795158e-19
5396.532514146102,4.57775485677351e-15,-4.370824990795158e-19
5398.808623749533,4.593825364820474e-15,-4.370824990795158e-19
5401.084733352965,4.685480240385027e-15,-4.370824990795158e-19
5403.359848153248,4.746318592277105e-15,-4.370824990795158e-19
5405.63595775668,4.645568868751907e-15,-4.370824990795158e-19
5407.9110725569635,4.5200952866929195e-15,-4.370824990795158e-19
5410.1871821603945,4.5364748429715555e-15,-4.370824990795158e-19
5412.462296960678,4.589542839324443e-15,-4.370824990795158e-19
5414.738406564109,4.55753427247266e-15,-4.370824990795158e-19
5417.014516167542,4.527379995010911e-15,-4.370824990795158e-19
5419.289630967825,4.573957978498678e-15,-4.370824990795158e-19
5421.565740571256,4.5894986895770605e-15,-4.370824990795158e-19
5423.84085537154,4.506188116267662e-15,-4.370824990795158e-19
5426.116964974971,4.456872848442226e-15,-4.370824990795158e-19
5428.392079775254,4.521287329872227e-15,-4.370824990795158e-19
5430.668189378686,4.59647434966338e-15,-4.370824990795158e-19
5432.94330417897,4.61117621554151e-15,-4.370824990795158e-19
5435.219413782402,4.577401658794456e-15,-4.370824990795158e-19
5437.495523385833,4.527821492484729e-15,-4.370824990795158e-19
5439.770638186116,4.543362203563112e-15,-4.370824990795158e-19
5442.046747789547,4.6199178655231e-15,-4.370824990795158e-19
5444.321862589832,4.613560301900125e-15,-4.370824990795158e-19
5446.597972193264,4.506673763488862e-15,-4.370824990795158e-19
5448.873086993546,4.435371921467304e-15,-4.370824990795158e-19
5451.149196596978,4.449323241639943e-15,-4.370824990795158e-19
5453.425306200409,4.5216405278512815e-15,-4.370824990795158e-19
5455.700421000693,4.596341900421235e-15,-4.370824990795158e-19
5457.9765306041245,4.583847521912194e-15,-4.370824990795158e-19
5460.251645404408,4.527468294505675e-15,-4.370824990795158e-19
5462.52775500784,4.561640198979164e-15,-4.370824990795158e-19
5464.8028698081225,4.633780886200975e-15,-4.370824990795158e-19
5467.078979411554,4.5979754410743606e-15,-4.370824990795158e-19
5469.355089014986,4.4961661236120006e-15,-4.370824990795158e-19
5471.63020381527,4.4440252719541306e-15,-4.370824990795158e-19
5473.906313418702,4.4163875300931436e-15,-4.370824990795158e-19
5476.181428218984,4.349659601900337e-15,-4.370824990795158e-19
5478.457537822416,4.290755008943581e-15,-4.370824990795158e-19
5480.732652622699,4.3031301831346904e-15,-4.370824990795158e-19
5483.008762226132,4.35570811729164e-15,-4.370824990795158e-19
5485.283877026415,4.40327064014602e-15,-4.370824990795158e-19
5487.559986629846,4.445923711091547e-15,-4.370824990795158e-19
5489.836096233278,4.49016175796808e-15,-4.370824990795158e-19
5492.111211033561,4.553869843439973e-15,-4.370824990795158e-19
5494.387320636993,4.640403348308241e-15,-4.370824990795158e-19
5496.662435437277,4.667555442948029e-15,-4.370824990795158e-19
5498.938545040708,4.597048296379343e-15,-4.370824990795158e-19
5501.213659840992,4.576916011573256e-15,-4.370824990795158e-19
5503.489769444423,4.666186800779194e-15,-4.370824990795158e-19
5505.7658790478545,4.64464172405689e-15,-4.370824990795158e-19
5508.040993848137,4.4290585075917115e-15,-4.370824990795158e-19
5510.31710345157,4.243188071114462e-15,-4.370824990795158e-19
5512.592218251853,4.21379316930768e-15,-4.370824990795158e-19
5514.868327855284,4.302039684374361e-15,-4.370824990795158e-19
5517.143442655568,4.428175512644076e-15,-4.370824990795158e-19
5519.419552258999,4.444908266901766e-15,-4.370824990795158e-19
5521.695661862432,4.335478703041313e-15,-4.370824990795158e-19
5523.970776662715,4.243859147274665e-15,-4.370824990795158e-19
5526.246886266146,4.215161811476515e-15,-4.370824990795158e-19
5528.52200106643,4.201700553499814e-15,-4.370824990795158e-19
5530.798110669861,4.203802081475186e-15,-4.370824990795158e-19
5533.073225470144,4.2539915142987816e-15,-4.370824990795158e-19
5535.349335073576,4.308843160445891e-15,-4.370824990795158e-19
5537.625444677008,4.2818544198714164e-15,-4.370824990795158e-19
5539.900559477292,4.223391324388477e-15,-4.370824990795158e-19
5542.176669080723,4.245691361791009e-15,-4.370824990795158e-19
5544.451783881006,4.3175053408821945e-15,-4.370824990795158e-19
5546.727893484438,4.35636153355289e-15,-4.370824990795158e-19
5549.003008284722,4.3339511217819034e-15,-4.370824990795158e-19
5551.279117888153,4.246274138456448e-15,-4.370824990795158e-19
5553.554232688436,4.159436000331246e-15,-4.370824990795158e-19
5555.830342291868,4.148195474647848e-15,-4.370824990795158e-19
5558.106451895299,4.230808481948614e-15,-4.370824990795158e-19
5560.381566695583,4.390771846662241e-15,-4.370824990795158e-19
5562.657676299014,4.4838483440924865e-15,-4.370824990795158e-19
5564.932791099298,4.396193435640722e-15,-4.370824990795158e-19
5567.20890070273,4.251708972359144e-15,-4.370824990795158e-19
5569.484015503012,4.172274746869865e-15,-4.370824990795158e-19
5571.760125106444,4.152513319941785e-15,-4.370824990795158e-19
5574.036234709876,4.1673741249104885e-15,-4.370824990795158e-19
5576.31134951016,4.149511137119824e-15,-4.370824990795158e-19
5578.587459113591,4.0798340058019165e-15,-4.370824990795158e-19
5580.862573913874,4.086443222984967e-15,-4.370824990795158e-19
5583.138683517306,4.203294359380296e-15,-4.370824990795158e-19
5585.413798317589,4.264251915590305e-15,-4.370824990795158e-19
5587.689907921022,4.2043053885953384e-15,-4.370824990795158e-19
5589.966017524453,4.122049994248364e-15,-4.370824990795158e-19
5592.241132324736,4.082549215265895e-15,-4.370824990795158e-19
5594.517241928168,4.110394460939577e-15,-4.370824990795158e-19
5596.792356728451,4.19277347457922e-15,-4.370824990795158e-19
5599.068466331883,4.274234173473322e-15,-4.370824990795158e-19
5601.343581132166,4.308141179462521e-15,-4.370824990795158e-19
5603.619690735598,4.2566581590406406e-15,-4.370824990795158e-19
5605.895800339029,4.1592549863669806e-15,-4.370824990795158e-19
5608.1709151393125,4.108001544631485e-15,-4.370824990795158e-19
5610.447024742744,4.129762955115959e-15,-4.370824990795158e-19
5612.722139543028,4.21352827082339e-15,-4.370824990795158e-19
5614.99824914646,4.284251751154246e-15,-4.370824990795158e-19
5617.273363946743,4.2414220812191915e-15,-4.370824990795158e-19
5619.549473550174,4.138367740880666e-15,-4.370824990795158e-19
5621.824588350458,4.082619854861706e-15,-4.370824990795158e-19
5624.100697953889,4.063079176670535e-15,-4.370824990795158e-19
5626.376807557322,4.037785786395519e-15,-4.370824990795158e-19
5628.651922357604,4.0282626858852716e-15,-4.370824990795158e-19
5630.928031961036,4.0590306448356265e-15,-4.370824990795158e-19
5633.20314676132,4.075785473967008e-15,-4.370824990795158e-19
5635.479256364751,4.030898425803963e-15,-4.370824990795158e-19
5637.754371165034,4.005790464467951e-15,-4.370824990795158e-19
5640.030480768466,4.063975416542385e-15,-4.370824990795158e-19
5642.306590371898,4.108756505311714e-15,-4.370824990795158e-19
5644.5817051721815,4.062249161419757e-15,-4.370824990795158e-19
5646.8578147756125,3.96285483513918e-15,-4.370824990795158e-19
5649.132929575896,3.857968280284311e-15,-4.370824990795158e-19
5651.409039179328,3.797461051497596e-15,-4.370824990795158e-19
5653.684153979611,3.800436744471128e-15,-4.370824990795158e-19
5655.960263583042,3.805496305521078e-15,-4.370824990795158e-19
5658.236373186474,3.788485407854882e-15,-4.370824990795158e-19
5660.511487986758,3.8114432764934025e-15,-4.370824990795158e-19
5662.78759759019,3.869738602936291e-15,-4.370824990795158e-19
5665.062712390473,3.855725473117317e-15,-4.370824990795158e-19
5667.338821993904,3.756852113855845e-15,-4.370824990795158e-19
5669.613936794188,3.671696081105888e-15,-4.370824990795158e-19
5671.89004639762,3.654455604753307e-15,-4.370824990795158e-19
5674.166156001051,3.72204003804532e-15,-4.370824990795158e-19
5676.441270801335,3.821116486144748e-15,-4.370824990795158e-19
5678.717380404766,3.837504872372861e-15,-4.370824990795158e-19
5680.99249520505,3.779734927923816e-15,-4.370824990795158e-19
5683.268604808481,3.734940594230273e-15,-4.370824990795158e-19
5685.543719608764,3.741430607095393e-15,-4.370824990795158e-19
5687.819829212196,3.815447658580929e-15,-4.370824990795158e-19
5690.094944012479,3.8716326270989684e-15,-4.370824990795158e-19
5692.3710536159115,3.786728247909088e-15,-4.370824990795158e-19
5694.6471632193425,3.672009544312299e-15,-4.370824990795158e-19
5696.922278019626,3.702499359854149e-15,-4.370824990795158e-19
5699.198387623057,3.798264576899944e-15,-4.370824990795158e-19
5701.4735024233405,3.824423302223643e-15,-4.370824990795158e-19
5703.749612026773,3.7833949419817646e-15,-4.370824990795158e-19
5706.024726827056,3.710410994584962e-15,-4.370824990795158e-19
5708.300836430488,3.663281139254923e-15,-4.370824990795158e-19
5710.576946033919,3.6913118138676084e-15,-4.370824990795158e-19
5712.852060834202,3.779779077671198e-15,-4.370824990795158e-19
5715.128170437635,3.891111495643805e-15,-4.370824990795158e-19
5717.403285237918,3.927027315138875e-15,-4.370824990795158e-19
5719.67939484135,3.844789580690853e-15,-4.370824990795158e-19
5721.954509641632,3.820401260237164e-15,-4.370824990795158e-19
5724.230619245064,3.937097872516656e-15,-4.370824990795158e-19
5726.506728848495,3.977989368541651e-15,-4.370824990795158e-19
5728.78184364878,3.8492487051764116e-15,-4.370824990795158e-19
5731.0579532522115,3.7498278890474055e-15,-4.370824990795158e-19
5733.333068052494,3.765836587448035e-15,-4.370824990795158e-19
5735.609177655926,3.770282467009379e-15,-4.370824990795158e-19
5737.88429245621,3.743894162999296e-15,-4.370824990795158e-19
5740.160402059641,3.82833055486693e-15,-4.370824990795158e-19
5742.436511663073,3.990329222934856e-15,-4.370824990795158e-19
5744.711626463356,3.99574198196386e-15,-4.370824990795158e-19
5746.987736066788,3.845699065486918e-15,-4.370824990795158e-19
5749.2628508670705,3.7564812559778385e-15,-4.370824990795158e-19
5751.538960470502,3.774388393515883e-15,-4.370824990795158e-19
5753.814075270786,3.822723536949445e-15,-4.370824990795158e-19
5756.090184874218,3.875495729994873e-15,-4.370824990795158e-19
5758.365299674501,3.9297778444007585e-15,-4.370824990795158e-19
5760.641409277932,3.970320557421438e-15,-4.370824990795158e-19
5762.917518881364,3.9817465120438395e-15,-4.370824990795158e-19
5765.192633681648,3.975203519481861e-15,-4.370824990795158e-19
5767.46874328508,3.971755424211345e-15,-4.370824990795158e-19
5769.743858085363,3.982015825502868e-15,-4.370824990795158e-19
5772.019967688794,4.011370992537007e-15,-4.370824990795158e-19
5774.295082489078,4.029547443534081e-15,-4.370824990795158e-19
5776.571192092509,4.005265082474108e-15,-4.370824990795158e-19
5778.8473016959415,3.993644868963226e-15,-4.370824990795158e-19
5781.122416496225,4.049564938996975e-15,-4.370824990795158e-19
5783.398526099656,4.110805053590227e-15,-4.370824990795158e-19
5785.6736408999395,4.117445175596445e-15,-4.370824990795158e-19
5787.9497505033705,4.119334784784385e-15,-4.370824990795158e-19
5790.224865303654,4.1550828352394035e-15,-4.370824990795158e-19
5792.500974907087,4.163590491559871e-15,-4.370824990795158e-19
5794.777084510518,4.114500387446082e-15,-4.370824990795158e-19
5797.052199310801,4.091966356382427e-15,-4.370824990795158e-19
5799.328308914232,4.143846724530743e-15,-4.370824990795158e-19
5801.603423714516,4.224035910700251e-15,-4.370824990795158e-19
5803.879533317947,4.279364374119084e-15,-4.370824990795158e-19
5806.15464811823,4.23827861920561e-15,-4.370824990795158e-19
5808.430757721663,4.1145224623197725e-15,-4.370824990795158e-19
5810.706867325094,4.072915740387193e-15,-4.370824990795158e-19
5812.981982125378,4.141859985898564e-15,-4.370824990795158e-19
5815.258091728809,4.153820152464285e-15,-4.370824990795158e-19
5817.533206529092,4.104566694285183e-15,-4.370824990795158e-19
5819.809316132525,4.172301236718294e-15,-4.370824990795158e-19
5822.084430932808,4.321602437439223e-15,-4.370824990795158e-19
5824.36054053624,4.332379390775113e-15,-4.370824990795158e-19
5826.635655336522,4.238486123018304e-15,-4.370824990795158e-19
5828.911764939954,4.250194636023949e-15,-4.370824990795158e-19
5831.187874543386,4.328101280253819e-15,-4.370824990795158e-19
5833.4629893436695,4.29811918680686e-15,-4.370824990795158e-19
5835.739098947101,4.208168491491243e-15,-4.370824990795158e-19
5838.014213747384,4.196296624420286e-15,-4.370824990795158e-19
5840.290323350816,4.238411068447755e-15,-4.370824990795158e-19
5842.565438151099,4.25879059183918e-15,-4.370824990795158e-19
5844.841547754531,4.21808010977845e-15,-4.370824990795158e-19
5847.117657357962,4.096659474529108e-15,-4.370824990795158e-19
5849.392772158246,4.005971478432216e-15,-4.370824990795158e-19
5851.668881761678,4.061873888567013e-15,-4.370824990795158e-19
5853.94399656196,4.164023159084212e-15,-4.370824990795158e-19
5856.220106165392,4.193117842608798e-15,-4.370824990795158e-19
5858.495220965677,4.182195195106548e-15,-4.370824990795158e-19
5860.771330569108,4.170941424498935e-15,-4.370824990795158e-19
5863.04744017254,4.11954228859708e-15,-4.370824990795158e-19
5865.322554972822,4.0136491195019055e-15,-4.370824990795158e-19
5867.598664576254,3.940466498241885e-15,-4.370824990795158e-19
5869.873779376537,3.957150687777456e-15,-4.370824990795158e-19
5872.14988897997,4.02792714780517e-15,-4.370824990795158e-19
5874.425003780253,4.09944090861416e-15,-4.370824990795158e-19
5876.701113383684,4.0874763270737005e-15,-4.370824990795158e-19
5878.976228183968,3.973481679333972e-15,-4.370824990795158e-19
5881.252337787399,3.864908620572725e-15,-4.370824990795158e-19
5883.528447390831,3.822577842783085e-15,-4.370824990795158e-19
5885.803562191115,3.832568930615579e-15,-4.370824990795158e-19
5888.079671794546,3.863628277898654e-15,-4.370824990795158e-19
5890.354786594829,3.860656999899861e-15,-4.370824990795158e-19
5892.63089619826,3.808944400791594e-15,-4.370824990795158e-19
5894.906010998544,3.7351171932198e-15,-4.370824990795158e-19
5897.182120601976,3.68736041147694e-15,-4.370824990795158e-19
5899.458230205408,3.7274925318469684e-15,-4.370824990795158e-19
5901.733345005691,3.856608468064952e-15,-4.370824990795158e-19
5904.009454609122,4.037604772431254e-15,-4.370824990795158e-19
5906.284569409406,4.168517603367676e-15,-4.370824990795158e-19
5908.560679012838,4.1192862200622654e-15,-4.370824990795158e-19
5910.835793813121,3.977684735284717e-15,-4.370824990795158e-19
5913.111903416553,3.920947894924405e-15,-4.370824990795158e-19
5915.388013019984,3.947216994616558e-15,-4.370824990795158e-19
5917.663127820268,3.9936934336853465e-15,-4.370824990795158e-19
5919.939237423699,4.010209854180866e-15,-4.370824990795158e-19
5922.214352223982,3.956369237248798e-15,-4.370824990795158e-19
5924.490461827414,3.915967803419741e-15,-4.370824990795158e-19
5926.765576627698,3.978095327935367e-15,-4.370824990795158e-19
5929.0416862311295,4.038699686166322e-15,-4.370824990795158e-19
5931.3177958345605,3.997741965520254e-15,-4.370824990795158e-19
5933.592910634844,3.984298367442506e-15,-4.370824990795158e-19
5935.869020238276,4.090633034011497e-15,-4.370824990795158e-19
5938.144135038559,4.120641617306885e-15,-4.370824990795158e-19
5940.420244641991,3.9520204871316944e-15,-4.370824990795158e-19
5942.695359442274,3.785390510563421e-15,-4.370824990795158e-19
5944.971469045706,3.761161129200306e-15,-4.370824990795158e-19
5947.246583845988,3.804564745851323e-15,-4.370824990795158e-19
5949.522693449421,3.857045550564032e-15,-4.370824990795158e-19
5951.798803052852,3.908047338739452e-15,-4.370824990795158e-19
5954.073917853136,3.954929955484153e-15,-4.370824990795158e-19
5956.350027456568,4.027949222678861e-15,-4.370824990795158e-19
5958.62514225685,4.106544602967886e-15,-4.370824990795158e-19
5960.901251860283,4.081511696202424e-15,-4.370824990795158e-19
5963.176366660567,3.984912048931112e-15,-4.370824990795158e-19
5965.452476263998,4.0232472745827026e-15,-4.370824990795158e-19
5967.7285858674295,4.165943673095319e-15,-4.370824990795158e-19
5970.003700667712,4.160663363308459e-15,-4.370824990795158e-19
5972.279810271144,3.9984969262004826e-15,-4.370824990795158e-19
5974.5549250714275,3.849014711515288e-15,-4.370824990795158e-19
5976.831034674859,3.769470111657555e-15,-4.370824990795158e-19
5979.106149475143,3.753315719090565e-15,-4.370824990795158e-19
5981.382259078574,3.7881851895726865e-15,-4.370824990795158e-19
5983.658368682006,3.8479021378812676e-15,-4.370824990795158e-19
5985.9334834822885,3.921742590377277e-15,-4.370824990795158e-19
5988.209593085721,4.00651893529975e-15,-4.370824990795158e-19
5990.484707886005,4.0336666149648e-15,-4.370824990795158e-19
5992.760817489436,3.931075846973783e-15,-4.370824990795158e-19
5995.035932289719,3.798975387832791e-15,-4.370824990795158e-19
5997.31204189315,3.76485646305616e-15,-4.370824990795158e-19
5999.588151496583,3.77863559921401e-15,-4.370824990795158e-19
6001.863266296866,3.767293529111634e-15,-4.370824990795158e-19
6004.139375900298,3.7734568338461286e-15,-4.370824990795158e-19
6006.414490700581,3.831959664101711e-15,-4.370824990795158e-19
6008.690600304012,3.859164738438357e-15,-4.370824990795158e-19
6010.965715104296,3.797778929678745e-15,-4.370824990795158e-19
6013.241824707728,3.743355536081238e-15,-4.370824990795158e-19
6015.516939508011,3.758476824559494e-15,-4.370824990795158e-19
6017.793049111442,3.751315735534171e-15,-4.370824990795158e-19
6020.069158714874,3.683952050979068e-15,-4.370824990795158e-19
6022.3442735151575,3.678331788137368e-15,-4.370824990795158e-19
6024.620383118589,3.7768342895208336e-15,-4.370824990795158e-19
6026.895497918873,3.8534164413292504e-15,-4.370824990795158e-19
6029.171607522304,3.853623945141945e-15,-4.370824990795158e-19
6031.446722322587,3.846626210181935e-15,-4.370824990795158e-19
6033.722831926019,3.852736535219572e-15,-4.370824990795158e-19
6035.99894152945,3.82515618803018e-15,-4.370824990795158e-19
6038.274056329734,3.779452369540573e-15,-4.370824990795158e-19
6040.550165933166,3.7961453890256195e-15,-4.370824990795158e-19
6042.825280733449,3.862674643355208e-15,-4.370824990795158e-19
6045.10139033688,3.892374178418924e-15,-4.370824990795158e-19
6047.376505137164,3.8458182698048486e-15,-4.370824990795158e-19
6049.652614740596,3.7098988575153335e-15,-4.370824990795158e-19
6051.928724344028,3.5863502044421905e-15,-4.370824990795158e-19
6054.203839144311,3.643020820181429e-15,-4.370824990795158e-19
6056.479948747742,3.780547283275641e-15,-4.370824990795158e-19
6058.755063548026,3.7819159254444755e-15,-4.370824990795158e-19
6061.031173151458,3.69818592953495e-15,-4.370824990795158e-19
6063.30628795174,3.672208218175517e-15,-4.370824990795158e-19
6065.582397555173,3.7006053356914706e-15,-4.370824990795158e-19
6067.858507158604,3.740485802501423e-15,-4.370824990795158e-19
6070.1336219588875,3.792065952367544e-15,-4.370824990795158e-19
6072.4097315623185,3.854921947714969e-15,-4.370824990795158e-19
6074.684846362602,3.8670145635228355e-15,-4.370824990795158e-19
6076.960955966035,3.7796201385806235e-15,-4.370824990795158e-19
6079.236070766317,3.65817742845759e-15,-4.370824990795158e-19
6081.512180369749,3.575785169893733e-15,-4.370824990795158e-19
6083.787295170033,3.559966315406845e-15,-4.370824990795158e-19
6086.063404773464,3.613140271153448e-15,-4.370824990795158e-19
6088.339514376896,3.667100092403446e-15,-4.370824990795158e-19
6090.614629177179,3.6781286992994125e-15,-4.370824990795158e-19
6092.890738780611,3.707064443733424e-15,-4.370824990795158e-19
6095.165853580894,3.774988830080276e-15,-4.370824990795158e-19
6097.441963184326,3.796335232939361e-15,-4.370824990795158e-19
6099.717077984609,3.7366271145802564e-15,-4.370824990795158e-19
6101.99318758804,3.658830844718841e-15,-4.370824990795158e-19
6104.269297191473,3.600782756861291e-15,-4.370824990795158e-19
6106.544411991756,3.5536264116828225e-15,-4.370824990795158e-19
6108.8205215951875,3.5378208021201495e-15,-4.370824990795158e-19
6111.095636395471,3.618906228161507e-15,-4.370824990795158e-19
6113.371745998902,3.737090686927765e-15,-4.370824990795158e-19
6115.646860799186,3.698848175745676e-15,-4.370824990795158e-19
6117.9229704026175,3.5498030435595617e-15,-4.370824990795158e-19
6120.199080006049,3.5323903831921916e-15,-4.370824990795158e-19
6122.474194806332,3.639087077689714e-15,-4.370824990795158e-19
6124.750304409764,3.700759859807307e-15,-4.370824990795158e-19
6127.025419210047,3.698278644004451e-15,-4.370824990795158e-19
6129.301528813479,3.686936573902075e-15,-4.370824990795158e-19
6131.576643613763,3.662693947614745e-15,-4.370824990795158e-19
6133.852753217194,3.605855562835456e-15,-4.370824990795158e-19
6136.128862820626,3.5329378400597256e-15,-4.370824990795158e-19
6138.403977620908,3.4702937634997332e-15,-4.370824990795158e-19
6140.680087224341,3.4650531884855172e-15,-4.370824990795158e-19
6142.955202024625,3.5559221985466745e-15,-4.370824990795158e-19
6145.231311628056,3.6582348231291866e-15,-4.370824990795158e-19
6147.506426428339,3.677912365537241e-15,-4.370824990795158e-19
6149.78253603177,3.673899153500238e-15,-4.370824990795158e-19
6152.057650832054,3.7109540364777575e-15,-4.370824990795158e-19
6154.333760435486,3.734662450821768e-15,-4.370824990795158e-19
6156.6098700389175,3.6954574751467565e-15,-4.370824990795158e-19
6158.884984839201,3.605665718921714e-15,-4.370824990795158e-19
6161.161094442632,3.4971897896047073e-15,-4.370824990795158e-19
6163.4362092429155,3.444386691736111e-15,-4.370824990795158e-19
6165.7123188463465,3.491741710777797e-15,-4.370824990795158e-19
6167.98743364663,3.6128797876438954e-15,-4.370824990795158e-19
6170.263543250063,3.739898610861245e-15,-4.370824990795158e-19
6172.539652853494,3.717479369140783e-15,-4.370824990795158e-19
6174.814767653777,3.5226465339450354e-15,-4.370824990795158e-19
6177.090877257208,3.3749965337761845e-15,-4.370824990795158e-19
6179.365992057492,3.3614690511784102e-15,-4.370824990795158e-19
6181.642101660925,3.3681886427299157e-15,-4.370824990795158e-19
6183.917216461207,3.352656761601009e-15,-4.370824990795158e-19
6186.193326064639,3.3507936422614985e-15,-4.370824990795158e-19
6188.46943566807,3.3595529521420415e-15,-4.370824990795158e-19
6190.744550468354,3.3454206180051373e-15,-4.370824990795158e-19
6193.020660071786,3.3189042797276465e-15,-4.370824990795158e-19
6195.295774872069,3.3227232328761694e-15,-4.370824990795158e-19
6197.571884475501,3.3396943957697216e-15,-4.370824990795158e-19
6199.846999275784,3.319067633792959e-15,-4.370824990795158e-19
6202.123108879216,3.255664181578e-15,-4.370824990795158e-19
6204.399218482647,3.166596481210019e-15,-4.370824990795158e-19
6206.674333282931,3.0977979298650077e-15,-4.370824990795158e-19
6208.950442886363,3.101912686320989e-15,-4.370824990795158e-19
6211.2255576866455,3.1455767864815584e-15,-4.370824990795158e-19
6213.501667290077,3.1702476653184914e-15,-4.370824990795158e-19
6215.77678209036,3.1548482334317302e-15,-4.370824990795158e-19
6218.052891693792,3.095586027521181e-15,-4.370824990795158e-19
6220.328006494076,3.074221964763143e-15,-4.370824990795158e-19
6222.604116097507,3.1625700242488017e-15,-4.370824990795158e-19
6224.880225700939,3.240419273807075e-15,-4.370824990795158e-19
6227.155340501222,3.1962518665263534e-15,-4.370824990795158e-19
6229.431450104654,3.112800014025333e-15,-4.370824990795158e-19
6231.706564904937,3.0748268163022734e-15,-4.370824990795158e-19
6233.982674508369,3.0878642367041096e-15,-4.370824990795158e-19
6236.257789308653,3.136720347156776e-15,-4.370824990795158e-19
6238.533898912084,3.15499392759809e-15,-4.370824990795158e-19
6240.810008515516,3.109100265194741e-15,-4.370824990795158e-19
6243.085123315798,3.061873280420462e-15,-4.370824990795158e-19
6245.361232919231,3.054014625386507e-15,-4.370824990795158e-19
6247.636347719515,3.068954899900498e-15,-4.370824990795158e-19
6249.912457322946,3.104566086138633e-15,-4.370824990795158e-19
6252.187572123229,3.182393260823216e-15,-4.370824990795158e-19
6254.46368172666,3.29433936028443e-15,-4.370824990795158e-19
6256.739791330093,3.40418834674501e-15,-4.370824990795158e-19
6259.014906130376,3.457260758072635e-15,-4.370824990795158e-19
6261.291015733807,3.370466769694815e-15,-4.370824990795158e-19
6263.566130534091,3.2081325635467875e-15,-4.370824990795158e-19
6265.842240137522,3.1682830015600025e-15,-4.370824990795158e-19
6268.117354937805,3.2446134998083433e-15,-4.370824990795158e-19
6270.393464541236,3.2837081011149e-15,-4.370824990795158e-19
6272.669574144669,3.2735669041413078e-15,-4.370824990795158e-19
6274.944688944953,3.2803747951875765e-15,-4.370824990795158e-19
6277.220798548384,3.2940965366738306e-15,-4.370824990795158e-19
6279.495913348667,3.272878168082152e-15,-4.370824990795158e-19
6281.772022952098,3.2764498826453372e-15,-4.370824990795158e-19
6284.047137752382,3.3914423146758935e-15,-4.370824990795158e-19
6286.323247355814,3.4792252573950653e-15,-4.370824990795158e-19
6288.598362156097,3.363283605795801e-15,-4.370824990795158e-19
6290.874471759529,3.2136027172473885e-15,-4.370824990795158e-19
6293.15058136296,3.243902688875497e-15,-4.370824990795158e-19
6295.425696163244,3.3284141353136795e-15,-4.370824990795158e-19
6297.7018057666755,3.3146173392568768e-15,-4.370824990795158e-19
6299.976920566959,3.289474058122959e-15,-4.370824990795158e-19
6302.253030170391,3.3347319641640107e-15,-4.370824990795158e-19
6304.528144970674,3.3554955903576567e-15,-4.370824990795158e-19
6306.8042545741055,3.2881098309288625e-15,-4.370824990795158e-19
6309.080364177537,3.246900456722719e-15,-4.370824990795158e-19
6311.355478977821,3.2942731356633575e-15,-4.370824990795158e-19
6313.631588581252,3.29947397590493e-15,-4.370824990795158e-19
6315.906703381535,3.202053143332318e-15,-4.370824990795158e-19
6318.182812984967,3.1293605842682348e-15,-4.370824990795158e-19
6320.45792778525,3.1365923128893687e-15,-4.370824990795158e-19
6322.734037388683,3.132733624968202e-15,-4.370824990795158e-19
6325.010146992114,3.084601570372597e-15,-4.370824990795158e-19
6327.285261792397,3.0456835680555675e-15,-4.370824990795158e-19
6329.561371395829,3.038937486655633e-15,-4.370824990795158e-19
6331.836486196112,3.0589638120680036e-15,-4.370824990795158e-19
6334.112595799544,3.0725840091352795e-15,-4.370824990795158e-19
6336.387710599827,3.0091452371224153e-15,-4.370824990795158e-19
6338.663820203259,2.908104125264498e-15,-4.370824990795158e-19
6340.938935003543,2.9040202736316842e-15,-4.370824990795158e-19
6343.215044606974,2.9700727106895493e-15,-4.370824990795158e-19
6345.4911542104055,2.9710749099551157e-15,-4.370824990795158e-19
6347.766269010688,2.929406378376202e-15,-4.370824990795158e-19
6350.042378614121,2.9473929854595346e-15,-4.370824990795158e-19
6352.317493414404,2.9908672417063627e-15,-4.370824990795158e-19
6354.593603017835,2.9752735509311218e-15,-4.370824990795158e-19
6356.868717818119,2.907653797841204e-15,-4.370824990795158e-19
6359.14482742155,2.825036375565699e-15,-4.370824990795158e-19
6361.420937024983,2.7749882219337253e-15,-4.370824990795158e-19
6363.696051825265,2.798882065216739e-15,-4.370824990795158e-19
6365.972161428697,2.816020997150342e-15,-4.370824990795158e-19
6368.247276228981,2.7405470040012075e-15,-4.370824990795158e-19
6370.523385832412,2.6682297177898693e-15,-4.370824990795158e-19
6372.798500632695,2.695977834019311e-15,-4.370824990795158e-19
6375.074610236127,2.7467412135588694e-15,-4.370824990795158e-19
6377.350719839559,2.749593287239732e-15,-4.370824990795158e-19
6379.625834639843,2.7636505668060873e-15,-4.370824990795158e-19
6381.901944243274,2.8280650482360884e-15,-4.370824990795158e-19
6384.177059043557,2.870448805722587e-15,-4.370824990795158e-19
6386.453168646988,2.8600780300626096e-15,-4.370824990795158e-19
6388.728283447273,2.894770901555204e-15,-4.370824990795158e-19
6391.004393050704,3.022412236210637e-15,-4.370824990795158e-19
6393.2805026541355,3.1780445107061116e-15,-4.370824990795158e-19
6395.555617454419,3.306533520511275e-15,-4.370824990795158e-19
6397.83172705785,3.3671158038685385e-15,-4.370824990795158e-19
6400.1068418581335,3.3774954094779924e-15,-4.370824990795158e-19
6402.382951461565,3.451468311216147e-15,-4.370824990795158e-19
6404.658066261849,3.591604024380621e-15,-4.370824990795158e-19
6406.934175865281,3.661250250875362e-15,-4.370824990795158e-19
6409.2092906655635,3.664142059328868e-15,-4.370824990795158e-19
6411.485400268995,3.732980345446522e-15,-4.370824990795158e-19
6413.761509872427,3.892175504555706e-15,-4.370824990795158e-19
6416.036624672711,4.0902886659819195e-15,-4.370824990795158e-19
6418.312734276142,4.274547636679733e-15,-4.370824990795158e-19
6420.587849076425,4.384277418822383e-15,-4.370824990795158e-19
6422.863958679857,4.4717954630572634e-15,-4.370824990795158e-19
6425.13907348014,4.649233297784595e-15,-4.370824990795158e-19
6427.415183083573,4.8250375918588e-15,-4.370824990795158e-19
6429.691292687004,4.837929318094276e-15,-4.370824990795158e-19
6431.966407487287,4.811086271686161e-15,-4.370824990795158e-19
6434.242517090718,4.9387231913668555e-15,-4.370824990795158e-19
6436.517631891002,5.136823107868854e-15,-4.370824990795158e-19
6438.7937414944345,5.266579215423874e-15,-4.370824990795158e-19
6441.068856294717,5.367373088696454e-15,-4.370824990795158e-19
6443.344965898149,5.498321239430781e-15,-4.370824990795158e-19
6445.62107550158,5.626355506837912e-15,-4.370824990795158e-19
6447.8961903018635,5.717613034676029e-15,-4.370824990795158e-19
6450.172299905295,5.784367452717264e-15,-4.370824990795158e-19
6452.447414705579,5.844322809661707e-15,-4.370824990795158e-19
6454.723524309011,5.933152101393827e-15,-4.370824990795158e-19
6456.998639109293,6.051605873619114e-15,-4.370824990795158e-19
6459.274748712725,6.064806648086263e-15,-4.370824990795158e-19
6461.550858316156,5.935624487247206e-15,-4.370824990795158e-19
6463.82597311644,5.899951491362736e-15,-4.370824990795158e-19
6466.102082719873,6.061804465264302e-15,-4.370824990795158e-19
6468.377197520155,6.2299708530414615e-15,-4.370824990795158e-19
6470.653307123587,6.3178288503311825e-15,-4.370824990795158e-19
6472.928421923871,6.425554233942699e-15,-4.370824990795158e-19
6475.204531527302,6.570939352070865e-15,-4.370824990795158e-19
6477.479646327585,6.6655081109626155e-15,-4.370824990795158e-19
6479.755755931017,6.700783759120649e-15,-4.370824990795158e-19
6482.031865534449,6.75221821482041e-15,-4.370824990795158e-19
6484.306980334732,6.822151414673133e-15,-4.370824990795158e-19
6486.5830899381635,6.8508046007239005e-15,-4.370824990795158e-19
6488.858204738447,6.842018800994929e-15,-4.370824990795158e-19
6491.134314341879,6.841003356805148e-15,-4.370824990795158e-19
6493.4094291421625,6.864932519886067e-15,-4.370824990795158e-19
6495.6855387455935,6.916720173564882e-15,-4.370824990795158e-19
6497.961648349025,6.972039807034239e-15,-4.370824990795158e-19
6500.236763149309,6.9921720918403255e-15,-4.370824990795158e-19
6502.51287275274,7.009522942561361e-15,-4.370824990795158e-19
6504.787987553024,7.078087500245249e-15,-4.370824990795158e-19
6507.064097156455,7.147579202624154e-15,-4.370824990795158e-19
6509.339211956739,7.146343009697464e-15,-4.370824990795158e-19
6511.61532156017,7.0850190105841865e-15,-4.370824990795158e-19
6513.891431163602,6.998132307736865e-15,-4.370824990795158e-19
6516.166545963885,6.936190212160242e-15,-4.370824990795158e-19
6518.442655567317,6.941267433109146e-15,-4.370824990795158e-19
6520.717770367601,6.992613589314144e-15,-4.370824990795158e-19
6522.993879971032,7.056189225543891e-15,-4.370824990795158e-19
6525.268994771315,7.088330241637819e-15,-4.370824990795158e-19
6527.545104374747,7.068330406073878e-15,-4.370824990795158e-19
6529.821213978179,7.077557703276668e-15,-4.370824990795158e-19
6532.0963287784625,7.15323037028902e-15,-4.370824990795158e-19
6534.3724383818935,7.181706957350261e-15,-4.370824990795158e-19
6536.647553182177,7.0883743913852015e-15,-4.370824990795158e-19
6538.923662785608,6.880296631974923e-15,-4.370824990795158e-19
6541.198777585892,6.646082222114637e-15,-4.370824990795158e-19
6543.474887189324,6.6487312069575426e-15,-4.370824990795158e-19
6545.750001989607,6.895528294821633e-15,-4.370824990795158e-19
6548.026111593039,6.968507827243698e-15,-4.370824990795158e-19
6550.30222119647,6.794999320033345e-15,-4.370824990795158e-19
6552.577335996753,6.753321958504954e-15,-4.370824990795158e-19
6554.853445600185,6.9049763407613315e-15,-4.370824990795158e-19
6557.128560400469,6.999721698642608e-15,-4.370824990795158e-19
6559.404670003901,6.9688610252227515e-15,-4.370824990795158e-19
6561.679784804183,6.878530642079652e-15,-4.370824990795158e-19
6563.955894407615,6.765374839540177e-15,-4.370824990795158e-19
6566.232004011046,6.6546472731067e-15,-4.370824990795158e-19
6568.507118811331,6.576458070493586e-15,-4.370824990795158e-19
6570.783228414763,6.558400823814443e-15,-4.370824990795158e-19
6573.058343215045,6.553147003876012e-15,-4.370824990795158e-19
6575.334452818477,6.4824632583178e-15,-4.370824990795158e-19
6577.60956761876,6.39712179662884e-15,-4.370824990795158e-19
6579.885677222192,6.385863611046489e-15,-4.370824990795158e-19
6582.1617868256235,6.384848166856708e-15,-4.370824990795158e-19
6584.436901625907,6.30255303773709e-15,-4.370824990795158e-19
6586.713011229339,6.2029953573912e-15,-4.370824990795158e-19
6588.9881260296215,6.168646853928184e-15,-4.370824990795158e-19
6591.264235633053,6.139154822677162e-15,-4.370824990795158e-19
6593.539350433337,6.057610239263034e-15,-4.370824990795158e-19
6595.815460036769,6.049707434481697e-15,-4.370824990795158e-19
6598.091569640201,6.1948718038729545e-15,-4.370824990795158e-19
6600.366684440483,6.281493608235986e-15,-4.370824990795158e-19
6602.642794043915,6.15858071152514e-15,-4.370824990795158e-19
6604.917908844198,5.9667942088987345e-15,-4.370824990795158e-19
6607.194018447631,5.8265746112142355e-15,-4.370824990795158e-19
6609.469133247914,5.736553276302808e-15,-4.370824990795158e-19
6611.745242851345,5.700968579913102e-15,-4.370824990795158e-19
6614.020357651629,5.747590713148251e-15,-4.370824990795158e-19
6616.29646725506,5.848914383389411e-15,-4.370824990795158e-19
6618.572576858492,5.883130437610282e-15,-4.370824990795158e-19
6620.847691658776,5.824720321824201e-15,-4.370824990795158e-19
6623.123801262207,5.800791158743282e-15,-4.370824990795158e-19
6625.398916062491,5.817259014516682e-15,-4.370824990795158e-19
6627.675025665922,5.732932997017503e-15,-4.370824990795158e-19
6629.950140466205,5.550815289067704e-15,-4.370824990795158e-19
6632.226250069636,5.407328610076955e-15,-4.370824990795158e-19
6634.502359673069,5.338984801129976e-15,-4.370824990795158e-19
6636.777474473352,5.305166094635541e-15,-4.370824990795158e-19
6639.053584076783,5.313422097395931e-15,-4.370824990795158e-19
6641.328698877067,5.3909932035457e-15,-4.370824990795158e-19
6643.604808480498,5.499998929831288e-15,-4.370824990795158e-19
6645.879923280781,5.580528069055635e-15,-4.370824990795158e-19
6648.156032884214,5.529711709819219e-15,-4.370824990795158e-19
6650.432142487645,5.2445484914803715e-15,-4.370824990795158e-19
6652.707257287929,4.954705399919056e-15,-4.370824990795158e-19
6654.98336689136,4.9647273925747175e-15,-4.370824990795158e-19
6657.258481691643,5.116161026094186e-15,-4.370824990795158e-19
6659.534591295075,5.1528494661684365e-15,-4.370824990795158e-19
6661.809706095359,5.091702066044686e-15,-4.370824990795158e-19
6664.085815698791,5.0014599823963494e-15,-4.370824990795158e-19
6666.361925302222,4.949893077454443e-15,-4.370824990795158e-19
6668.637040102505,4.9823872915274254e-15,-4.370824990795158e-19
6670.913149705937,4.9821223930431344e-15,-4.370824990795158e-19
6673.188264506221,4.8648165142497734e-15,-4.370824990795158e-19
6675.464374109652,4.767068973546537e-15,-4.370824990795158e-19
6677.739488909935,4.783801727804227e-15,-4.370824990795158e-19
6680.015598513367,4.825743987816908e-15,-4.370824990795158e-19
6682.29071331365,4.81731138606699e-15,-4.370824990795158e-19
6684.566822917082,4.731572576651594e-15,-4.370824990795158e-19
6686.842932520513,4.593118968862366e-15,-4.370824990795158e-19
6689.118047320797,4.5409781172044965e-15,-4.370824990795158e-19
6691.394156924229,4.6115294135205635e-15,-4.370824990795158e-19
6693.669271724511,4.661948425030544e-15,-4.370824990795158e-19
6695.945381327943,4.625392434198439e-15,-4.370824990795158e-19
6698.220496128227,4.533207761665305e-15,-4.370824990795158e-19
6700.496605731659,4.439212949489518e-15,-4.370824990795158e-19
6702.77271533509,4.437226210857338e-15,-4.370824990795158e-19
6705.047830135373,4.485879232472048e-15,-4.370824990795158e-19
6707.323939738805,4.413186673407965e-15,-4.370824990795158e-19
6709.599054539088,4.250658208371458e-15,-4.370824990795158e-19
6711.875164142521,4.179457910768879e-15,-4.370824990795158e-19
6714.150278942804,4.172345386465675e-15,-4.370824990795158e-19
6716.426388546235,4.08440350465593e-15,-4.370824990795158e-19
6718.702498149667,3.9689960649999845e-15,-4.370824990795158e-19
6720.97761294995,3.961729016580945e-15,-4.370824990795158e-19
6723.253722553382,4.02167995855065e-15,-4.370824990795158e-19
6725.528837353665,4.048960087457845e-15,-4.370824990795158e-19
6727.804946957097,4.026902873665913e-15,-4.370824990795158e-19
6730.0800617573805,3.96602920197593e-15,-4.370824990795158e-19
6732.3561713608115,3.929738109628115e-15,-4.370824990795158e-19
6734.631286161095,3.97932269091258e-15,-4.370824990795158e-19
6736.907395764527,4.031887380145315e-15,-4.370824990795158e-19
6739.183505367959,3.9982187827919775e-15,-4.370824990795158e-19
6741.458620168242,3.920435757854777e-15,-4.370824990795158e-19
6743.734729771673,3.8539197484494025e-15,-4.370824990795158e-19
6746.009844571957,3.82140345950273e-15,-4.370824990795158e-19
6748.285954175388,3.8320876983691176e-15,-4.370824990795158e-19
6750.561068975672,3.8601757676533994e-15,-4.370824990795158e-19
6752.837178579103,3.8749217832789105e-15,-4.370824990795158e-19
6755.113288182535,3.845963963971208e-15,-4.370824990795158e-19
6757.388402982819,3.76531562042893e-15,-4.370824990795158e-19
6759.66451258625,3.676751227181101e-15,-4.370824990795158e-19
6761.939627386533,3.60809837000245e-15,-4.370824990795158e-19
6764.215736989965,3.545953185587871e-15,-4.370824990795158e-19
6766.490851790249,3.4946335192313027e-15,-4.370824990795158e-19
6768.7669613936805,3.4869514631868747e-15,-4.370824990795158e-19
6771.0430709971115,3.521339701422535e-15,-4.370824990795158e-19
6773.318185797395,3.5590259257876134e-15,-4.370824990795158e-19
6775.594295400827,3.564871352340959e-15,-4.370824990795158e-19
6777.86941020111,3.5005407554309836e-15,-4.370824990795158e-19
6780.145519804541,3.416157343260208e-15,-4.370824990795158e-19
6782.420634604825,3.441984945478543e-15,-4.370824990795158e-19
6784.696744208257,3.534394781723324e-15,-4.370824990795158e-19
6786.972853811689,3.5299842219598853e-15,-4.370824990795158e-19
6789.247968611972,3.4647353103043686e-15,-4.370824990795158e-19
6791.524078215403,3.4793356317635197e-15,-4.370824990795158e-19
6793.799193015687,3.5369731269704193e-15,-4.370824990795158e-19
6796.075302619119,3.531229244836051e-15,-4.370824990795158e-19
6798.350417419401,3.484262743571325e-15,-4.370824990795158e-19
6800.626527022834,3.456267388756545e-15,-4.370824990795158e-19
6802.901641823117,3.4594947352901526e-15,-4.370824990795158e-19
6805.177751426549,3.490898450602805e-15,-4.370824990795158e-19
6807.45386102998,3.4757595022255963e-15,-4.370824990795158e-19
6809.728975830263,3.3484934404229082e-15,-4.370824990795158e-19
6812.005085433695,3.24697109631853e-15,-4.370824990795158e-19
6814.280200233978,3.299994942924035e-15,-4.370824990795158e-19
6816.5563098374105,3.398598988726478e-15,-4.370824990795158e-19
6818.831424637694,3.423724609961443e-15,-4.370824990795158e-19
6821.107534241125,3.3425023197032023e-15,-4.370824990795158e-19
6823.383643844557,3.1675854355513707e-15,-4.370824990795158e-19
6825.6587586448395,3.0534671685189732e-15,-4.370824990795158e-19
6827.934868248272,3.072866567518523e-15,-4.370824990795158e-19
6830.209983048555,3.0257278822390077e-15,-4.370824990795158e-19
6832.486092651987,2.8208818843370747e-15,-4.370824990795158e-19
6834.76120745227,2.6372454250773435e-15,-4.370824990795158e-19
6837.037317055701,2.5724777456682882e-15,-4.370824990795158e-19
6839.313426659134,2.5644557365690205e-15,-4.370824990795158e-19
6841.588541459417,2.5948131028687253e-15,-4.370824990795158e-19
6843.864651062849,2.7151962190545955e-15,-4.370824990795158e-19
6846.139765863132,2.8765193959875803e-15,-4.370824990795158e-19
6848.415875466563,2.91289437285542e-15,-4.370824990795158e-19
6850.690990266847,2.8234293247610027e-15,-4.370824990795158e-19
6852.967099870279,2.7617079779212892e-15,-4.370824990795158e-19
6855.2432094737105,2.7842464239596827e-15,-4.370824990795158e-19
6857.518324273993,2.8805502679235357e-15,-4.370824990795158e-19
6859.794433877425,2.968439170036424e-15,-4.370824990795158e-19
6862.069548677709,2.9138347624746517e-15,-4.370824990795158e-19
6864.34565828114,2.790528933012108e-15,-4.370824990795158e-19
6866.620773081424,2.779195692859208e-15,-4.370824990795158e-19
6868.896882684855,2.8246037080413577e-15,-4.370824990795158e-19
6871.1719974851385,2.7831382653004002e-15,-4.370824990795158e-19
6873.4481070885695,2.728410238445959e-15,-4.370824990795158e-19
6875.724216692001,2.7867099798635853e-15,-4.370824990795158e-19
6877.999331492285,2.8983072963204834e-15,-4.370824990795158e-19
6880.275441095717,2.9645363323678754e-15,-4.370824990795158e-19
6882.550555896,2.981096902610777e-15,-4.370824990795158e-19
6884.826665499431,2.9629955061842516e-15,-4.370824990795158e-19
6887.101780299715,2.8832434025138237e-15,-4.370824990795158e-19
6889.377889903147,2.7416728225594424e-15,-4.370824990795158e-19
6891.653999506579,2.7099379841414266e-15,-4.370824990795158e-19
6893.929114306862,2.893026986533624e-15,-4.370824990795158e-19
6896.205223910293,3.0545841571277323e-15,-4.370824990795158e-19
6898.480338710577,3.0237278986826136e-15,-4.370824990795158e-19
6900.756448314008,2.940289291105808e-15,-4.370824990795158e-19
6903.031563114291,2.914669192700167e-15,-4.370824990795158e-19
6905.307672717724,2.936951570203746e-15,-4.370824990795158e-19
6907.583782321155,2.984231534674883e-15,-4.370824990795158e-19
6909.8588971214385,3.0070613690459955e-15,-4.370824990795158e-19
6912.1350067248695,2.9725274366439757e-15,-4.370824990795158e-19
6914.410121525153,2.8759057144989737e-15,-4.370824990795158e-19
6916.686231128586,2.7611605210537553e-15,-4.370824990795158e-19
6918.9613459288685,2.7453372515921294e-15,-4.370824990795158e-19
6921.2374555323,2.8229789973377086e-15,-4.370824990795158e-19
6923.513565135731,2.843323200931228e-15,-4.370824990795158e-19
6925.788679936015,2.801027742939493e-15,-4.370824990795158e-19
6928.064789539446,2.8246655176876923e-15,-4.370824990795158e-19
6930.339904339729,2.8977333496045204e-15,-4.370824990795158e-19
6932.616013943162,2.8993139105607877e-15,-4.370824990795158e-19
6934.891128743445,2.872294265163145e-15,-4.370824990795158e-19
6937.167238346877,2.9506909715889525e-15,-4.370824990795158e-19
6939.44235314716,3.070252902473522e-15,-4.370824990795158e-19
6941.718462750591,3.080107126089133e-15,-4.370824990795158e-19
6943.994572354024,3.013233503729967e-15,-4.370824990795158e-19
6946.269687154307,2.969768077432615e-15,-4.370824990795158e-19
6948.545796757739,2.9184969757981665e-15,-4.370824990795158e-19
6950.820911558021,2.801844513266056e-15,-4.370824990795158e-19
6953.097021161453,2.727015106428695e-15,-4.370824990795158e-19
6955.372135961737,2.808440485524892e-15,-4.370824990795158e-19
6957.6482455651685,2.9105367763452334e-15,-4.370824990795158e-19
6959.9243551686,2.886925491445463e-15,-4.370824990795158e-19
6962.199469968883,2.8392834990457962e-15,-4.370824990795158e-19
6964.475579572315,2.86952166102757e-15,-4.370824990795158e-19
6966.750694372598,2.8920159573185813e-15,-4.370824990795158e-19
6969.02680397603,2.8464048532984753e-15,-4.370824990795158e-19
6971.301918776314,2.842718349392098e-15,-4.370824990795158e-19
6973.578028379745,2.9376094014397344e-15,-4.370824990795158e-19
6975.854137983177,2.9880239979749768e-15,-4.370824990795158e-19
6978.129252783459,2.9300553796627136e-15,-4.370824990795158e-19
6980.405362386891,2.921282824857956e-15,-4.370824990795158e-19
6982.680477187176,3.015330616730601e-15,-4.370824990795158e-19
6984.956586790607,3.0471007749465223e-15,-4.370824990795158e-19
6987.23170159089,2.968942477156576e-15,-4.370824990795158e-19
6989.507811194321,2.924479266568396e-15,-4.370824990795158e-19
6991.783920797753,2.9448455450356065e-15,-4.370824990795158e-19
6994.059035598036,2.91722987804831e-15,-4.370824990795158e-19
6996.335145201469,2.834369632162205e-15,-4.370824990795158e-19
6998.610260001752,2.7920785891452085e-15,-4.370824990795158e-19
7000.886369605183,2.810179985571734e-15,-4.370824990795158e-19
7003.161484405467,2.8500692823311624e-15,-4.370824990795158e-19
7005.437594008898,2.884766568798495e-15,-4.370824990795158e-19
7007.712708809181,2.8928459725693586e-15,-4.370824990795158e-19
7009.988818412614,2.875411237328298e-15,-4.370824990795158e-19
7012.264928016045,2.848488721374895e-15,-4.370824990795158e-19
7014.540042816328,2.829265921364873e-15,-4.370824990795158e-19
7016.816152419759,2.83418861819794e-15,-4.370824990795158e-19
7019.091267220043,2.8542899981808596e-15,-4.370824990795158e-19
7021.367376823475,2.870969772741692e-15,-4.370824990795158e-19
7023.642491623758,2.8835833555686634e-15,-4.370824990795158e-19
7025.91860122719,2.896174863521944e-15,-4.370824990795158e-19
7028.194710830621,2.903887824389539e-15,-4.370824990795158e-19
7030.469825630905,2.902960679694522e-15,-4.370824990795158e-19
7032.745935234337,2.901141710102393e-15,-4.370824990795158e-19
7035.02105003462,2.907750927285444e-15,-4.370824990795158e-19
7037.297159638052,2.9414945792093302e-15,-4.370824990795158e-19
7039.572274438335,3.0063328982141964e-15,-4.370824990795158e-19
7041.848384041767,3.0341339941404965e-15,-4.370824990795158e-19
7044.124493645198,2.9839004115695194e-15,-4.370824990795158e-19
7046.399608445481,2.9343864698808652e-15,-4.370824990795158e-19
7048.675718048913,2.936655766896288e-15,-4.370824990795158e-19
7050.950832849197,2.9435033927152005e-15,-4.370824990795158e-19
7053.2269424526285,2.916112889439551e-15,-4.370824990795158e-19
7055.502057252911,2.8338751549915295e-15,-4.370824990795158e-19
7057.778166856343,2.7183220211692248e-15,-4.370824990795158e-19
7060.054276459775,2.674013334696881e-15,-4.370824990795158e-19
7062.329391260058,2.723814249743517e-15,-4.370824990795158e-19
7064.60550086349,2.762970660696408e-15,-4.370824990795158e-19
7066.880615663773,2.763791845997709e-15,-4.370824990795158e-19
7069.156725267205,2.789822537054e-15,-4.370824990795158e-19
7071.431840067487,2.8551111834821604e-15,-4.370824990795158e-19
7073.70794967092,2.9369736450774368e-15,-4.370824990795158e-19
7075.983064471204,2.9823286805627283e-15,-4.370824990795158e-19
7078.259174074635,2.9107266202589752e-15,-4.370824990795158e-19
7080.535283678067,2.7778888603367076e-15,-4.370824990795158e-19
7082.810398478349,2.721527292829141e-15,-4.370824990795158e-19
7085.086508081782,2.776021326022459e-15,-4.370824990795158e-19
7087.361622882066,2.9209649466768074e-15,-4.370824990795158e-19
7089.637732485497,3.0448667977290046e-15,-4.370824990795158e-19
7091.91284728578,3.0059841152098804e-15,-4.370824990795158e-19
7094.188956889211,2.886192605638926e-15,-4.370824990795158e-19
7096.465066492643,2.8353894913267242e-15,-4.370824990795158e-19
7098.7401812929265,2.825782506296451e-15,-4.370824990795158e-19
7101.016290896358,2.790877716016424e-15,-4.370824990795158e-19
7103.291405696642,2.7511076235749266e-15,-4.370824990795158e-19
7105.567515300073,2.7340614061108253e-15,-4.370824990795158e-19
7107.8426301003565,2.704657674354567e-15,-4.370824990795158e-19
7110.1187397037875,2.6369672816688384e-15,-4.370824990795158e-19
7112.39484930722,2.602843941917469e-15,-4.370824990795158e-19
7114.669964107504,2.653033374741064e-15,-4.370824990795158e-19
7116.946073710935,2.7144280134501528e-15,-4.370824990795158e-19
7119.221188511218,2.723240303027554e-15,-4.370824990795158e-19
7121.497298114649,2.677280416003132e-15,-4.370824990795158e-19
7123.772412914933,2.5947292183487e-15,-4.370824990795158e-19
7126.048522518365,2.544972453049446e-15,-4.370824990795158e-19
7128.324632121797,2.5449945279231366e-15,-4.370824990795158e-19
7130.59974692208,2.476778753243565e-15,-4.370824990795158e-19
7132.875856525511,2.3378218383341844e-15,-4.370824990795158e-19
7135.150971325795,2.336492930937993e-15,-4.370824990795158e-19
7137.427080929227,2.4997277919326087e-15,-4.370824990795158e-19
7139.70219572951,2.6107114269009003e-15,-4.370824990795158e-19
7141.978305332941,2.5707205857224936e-15,-4.370824990795158e-19
7144.253420133225,2.3934637649594283e-15,-4.370824990795158e-19
7146.5295297366565,2.2064145302270865e-15,-4.370824990795158e-19
7148.805639340088,2.2622374708165956e-15,-4.370824990795158e-19
7151.080754140372,2.454672974729513e-15,-4.370824990795158e-19
7153.356863743803,2.4081479709386047e-15,-4.370824990795158e-19
7155.631978544086,2.176940158875017e-15,-4.370824990795158e-19
7157.908088147518,2.0619565567939375e-15,-4.370824990795158e-19
7160.183202947801,2.0991836237862453e-15,-4.370824990795158e-19
7162.459312551233,2.2049708334877026e-15,-4.370824990795158e-19
7164.735422154665,2.3129390407098193e-15,-4.370824990795158e-19
7167.010536954948,2.358148382028751e-15,-4.370824990795158e-19
7169.286646558379,2.387145936109097e-15,-4.370824990795158e-19
7171.561761358663,2.47620922150234e-15,-4.370824990795158e-19
7173.837870962095,2.557082728756265e-15,-4.370824990795158e-19
7176.112985762377,2.545904012719201e-15,-4.370824990795158e-19
7178.38909536581,2.5215333521644647e-15,-4.370824990795158e-19
7180.665204969241,2.5705881364803485e-15,-4.370824990795158e-19
7182.940319769525,2.6364948793718536e-15,-4.370824990795158e-19
7185.216429372957,2.6576514383171974e-15,-4.370824990795158e-19
7187.491544173239,2.6566095042789875e-15,-4.370824990795158e-19
7189.767653776672,2.6513865891637243e-15,-4.370824990795158e-19
7192.042768576955,2.59298530332712e-15,-4.370824990795158e-19
7194.3188781803865,2.4786639474567665e-15,-4.370824990795158e-19
7196.59399298067,2.472562452368606e-15,-4.370824990795158e-19
7198.870102584101,2.620605385289155e-15,-4.370824990795158e-19
7201.146212187534,2.6552585220091056e-15,-4.370824990795158e-19
7203.421326987816,2.473538161785743e-15,-4.370824990795158e-19
7205.697436591248,2.3175173695133086e-15,-4.370824990795158e-19
7207.972551391532,2.293517566836579e-15,-4.370824990795158e-19
7210.248660994963,2.2846522975623198e-15,-4.370824990795158e-19
7212.523775795246,2.249398724277977e-15,-4.370824990795158e-19
7214.799885398678,2.2345202594103208e-15,-4.370824990795158e-19
7217.07599500211,2.248352375265029e-15,-4.370824990795158e-19
7219.351109802393,2.2698886220378562e-15,-4.370824990795158e-19
7221.627219405825,2.2851865095056392e-15,-4.370824990795158e-19
7223.902334206108,2.2780254204803162e-15,-4.370824990795158e-19
7226.178443809539,2.2881180527317884e-15,-4.370824990795158e-19
7228.453558609824,2.399194402169582e-15,-4.370824990795158e-19
7230.729668213255,2.5274803231367888e-15,-4.370824990795158e-19
7233.0057778166865,2.498456279208014e-15,-4.370824990795158e-19
7235.28089261697,2.4095872527032503e-15,-4.370824990795158e-19
7237.557002220401,2.4683549814431235e-15,-4.370824990795158e-19
7239.832117020685,2.6100491806901736e-15,-4.370824990795158e-19
7242.1082266241165,2.681651240993927e-15,-4.370824990795158e-19
7244.3833414244,2.6618986440153237e-15,-4.370824990795158e-19
7246.659451027831,2.5710649537520713e-15,-4.370824990795158e-19
7248.935560631263,2.4477635392642664e-15,-4.370824990795158e-19
7251.210675431546,2.338590043938627e-15,-4.370824990795158e-19
7253.486785034978,2.295491060544544e-15,-4.370824990795158e-19
7255.761899835262,2.3452522408185363e-15,-4.370824990795158e-19
7258.038009438693,2.378285081809576e-15,-4.370824990795158e-19
7260.313124238976,2.3081046433715155e-15,-4.370824990795158e-19
7262.589233842408,2.2467364945108563e-15,-4.370824990795158e-19
7264.864348642691,2.2806920652221748e-15,-4.370824990795158e-19
7267.140458246124,2.335088968971253e-15,-4.370824990795158e-19
7269.416567849555,2.353728992315836e-15,-4.370824990795158e-19
7271.691682649838,2.3570093185463015e-15,-4.370824990795158e-19
7273.967792253269,2.3673712642568025e-15,-4.370824990795158e-19
7276.242907053553,2.4112075484321615e-15,-4.370824990795158e-19
7278.519016656985,2.4928360163663146e-15,-4.370824990795158e-19
7280.794131457268,2.5748794919258562e-15,-4.370824990795158e-19
7283.0702410607,2.629046816988549e-15,-4.370824990795158e-19
7285.346350664131,2.6413292767101574e-15,-4.370824990795158e-19
7287.6214654644145,2.6198195197857593e-15,-4.370824990795158e-19
7289.8975750678455,2.601148591618009e-15,-4.370824990795158e-19
7292.172689868129,2.5957711523869095e-15,-4.370824990795158e-19
7294.448799471562,2.587029502405319e-15,-4.370824990795158e-19
7296.7239142718445,2.571705125089107e-15,-4.370824990795158e-19
7299.000023875276,2.555775896233765e-15,-4.370824990795158e-19
7301.276133478707,2.5402925798269784e-15,-4.370824990795158e-19
7303.551248278991,2.5236260501903603e-15,-4.370824990795158e-19
7305.827357882424,2.506253124595634e-15,-4.370824990795158e-19
7308.102472682706,2.4907874680878004e-15,-4.370824990795158e-19
7310.378582286138,2.4629422224141184e-15,-4.370824990795158e-19
7312.653697086421,2.4035519822361625e-15,-4.370824990795158e-19
7314.929806689853,2.351556824744653e-15,-4.370824990795158e-19
7317.205916293285,2.3595567589702295e-15,-4.370824990795158e-19
7319.481031093568,2.3889560757517497e-15,-4.370824990795158e-19
7321.757140697,2.3848104144726016e-15,-4.370824990795158e-19
7324.032255497283,2.388766231838008e-15,-4.370824990795158e-19
7326.308365100715,2.4487833984287852e-15,-4.370824990795158e-19
7328.583479900998,2.51648262106399e-15,-4.370824990795158e-19
7330.85958950443,2.544557445424057e-15,-4.370824990795158e-19
7333.1347043047135,2.5709192595857117e-15,-4.370824990795158e-19
7335.4108139081445,2.629616348729774e-15,-4.370824990795158e-19
7337.686923511576,2.703103603246729e-15,-4.370824990795158e-19
7339.962038311859,2.7688425770981832e-15,-4.370824990795158e-19
7342.238147915291,2.7960079166621858e-15,-4.370824990795158e-19
7344.513262715575,2.7776018869787263e-15,-4.370824990795158e-19
7346.789372319006,2.7806967842701883e-15,-4.370824990795158e-19
7349.06448711929,2.8186081723469135e-15,-4.370824990795158e-19
7351.340596722721,2.7732354769626695e-15,-4.370824990795158e-19
7353.616706326153,2.6274574260828054e-15,-4.370824990795158e-19
7355.891821126436,2.5416921268189804e-15,-4.370824990795158e-19
7358.167930729868,2.5685440031765723e-15,-4.370824990795158e-19
7360.443045530152,2.6142875564388237e-15,-4.370824990795158e-19
7362.719155133583,2.619135198701342e-15,-4.370824990795158e-19
7364.994269933866,2.555855365779052e-15,-4.370824990795158e-19
7367.270379537297,2.4494853794121554e-15,-4.370824990795158e-19
7369.54648914073,2.3711593125821585e-15,-4.370824990795158e-19
7371.821603941014,2.3759054104256986e-15,-4.370824990795158e-19
7374.097713544445,2.514354603240189e-15,-4.370824990795158e-19
7376.372828344728,2.6552276171859383e-15,-4.370824990795158e-19
7378.648937948159,2.5566412312824475e-15,-4.370824990795158e-19
7380.924052748443,2.3676935574126894e-15,-4.370824990795158e-19
7383.200162351875,2.4160684356188942e-15,-4.370824990795158e-19
7385.476271955306,2.600221446922992e-15,-4.370824990795158e-19
7387.75138675559,2.6675939614275717e-15,-4.370824990795158e-19
7390.027496359021,2.628022542849292e-15,-4.370824990795158e-19
7392.302611159304,2.566468965049629e-15,-4.370824990795158e-19
7394.578720762735,2.55162140500514e-15,-4.370824990795158e-19
7396.85383556302,2.6369319618709332e-15,-4.370824990795158e-19
7399.129945166452,2.7186178244766827e-15,-4.370824990795158e-19
7401.405059966734,2.6901898021375615e-15,-4.370824990795158e-19
7403.681169570166,2.661558690960484e-15,-4.370824990795158e-19
7405.957279173597,2.732123232200766e-15,-4.370824990795158e-19
7408.232393973881,2.791548792176627e-15,-4.370824990795158e-19
7410.508503577313,2.748546938226784e-15,-4.370824990795158e-19
7412.783618377596,2.6579737314730843e-15,-4.370824990795158e-19
7415.059727981028,2.577497571945595e-15,-4.370824990795158e-19
7417.334842781311,2.5481821396841006e-15,-4.370824990795158e-19
7419.610952384743,2.571652145392249e-15,-4.370824990795158e-19
7421.8870619881745,2.5444647309545555e-15,-4.370824990795158e-19
7424.162176788458,2.4328011898765845e-15,-4.370824990795158e-19
7426.43828639189,2.34914183356287e-15,-4.370824990795158e-19
7428.713401192173,2.3517996483552524e-15,-4.370824990795158e-19
7430.9895107956045,2.412090543379797e-15,-4.370824990795158e-19
7433.264625595887,2.4939839097982406e-15,-4.370824990795158e-19
7435.54073519932,2.5494315775350043e-15,-4.370824990795158e-19
7437.816844802751,2.5606897631173557e-15,-4.370824990795158e-19
7440.091959603034,2.5432947626489384e-15,-4.370824990795158e-19
7442.368069206466,2.5262662050837903e-15,-4.370824990795158e-19
7444.643184006749,2.5560496246675317e-15,-4.370824990795158e-19
7446.919293610182,2.592711574893353e-15,-4.370824990795158e-19
7449.194408410465,2.533118245877441e-15,-4.370824990795158e-19
7451.470518013896,2.4368629666357076e-15,-4.370824990795158e-19
7453.746627617328,2.4516928667812437e-15,-4.370824990795158e-19
7456.021742417611,2.5398245925047315e-15,-4.370824990795158e-19
7458.297852021043,2.5828264464545748e-15,-4.370824990795158e-19
7460.572966821326,2.6121374637413313e-15,-4.370824990795158e-19
7462.849076424758,2.7033994065541868e-15,-4.370824990795158e-19
7465.124191225042,2.791570867050318e-15,-4.370824990795158e-19
7467.400300828473,2.784634941736642e-15,-4.370824990795158e-19
7469.675415628756,2.758953033684667e-15,-4.370824990795158e-19
7471.951525232187,2.804122640230955e-15,-4.370824990795158e-19
7474.22763483562,2.7422291093764525e-15,-4.370824990795158e-19
7476.5027496359035,2.4301477900589404e-15,-4.370824990795158e-19
7478.778859239334,2.1995227546607924e-15,-4.370824990795158e-19
7481.053974039618,2.3189566512779546e-15,-4.370824990795158e-19
7483.330083643049,2.497511474614044e-15,-4.370824990795158e-19
7485.6051984433325,2.4883239121838978e-15,-4.370824990795158e-19
7487.881308046764,2.4090000610630728e-15,-4.370824990795158e-19
7490.157417650196,2.3606251828568684e-15,-4.370824990795158e-19
7492.43253245048,2.337459810405654e-15,-4.370824990795158e-19
7494.708642053911,2.3333582988738877e-15,-4.370824990795158e-19
7496.983756854194,2.330051482794993e-15,-4.370824990795158e-19
7499.259866457626,2.32274469960331e-15,-4.370824990795158e-19
7501.53498125791,2.3386650985091762e-15,-4.370824990795158e-19
7503.811090861342,2.3873799297702204e-15,-4.370824990795158e-19
7506.087200464773,2.453723755160805e-15,-4.370824990795158e-19
7508.362315265056,2.5189903267152746e-15,-4.370824990795158e-19
7510.638424868487,2.5625352225579135e-15,-4.370824990795158e-19
7512.913539668772,2.5712194778679075e-15,-4.370824990795158e-19
7515.189649272203,2.5337363423407857e-15,-4.370824990795158e-19
7517.464764072486,2.5010346244551092e-15,-4.370824990795158e-19
7519.740873675918,2.5767249513664145e-15,-4.370824990795158e-19
7522.016983279349,2.7000484407279104e-15,-4.370824990795158e-19
7524.2920980796325,2.7065207936940778e-15,-4.370824990795158e-19
7526.568207683064,2.6061198531731964e-15,-4.370824990795158e-19
7528.843322483348,2.4985225038290864e-15,-4.370824990795158e-19
7531.11943208678,2.4198741438432026e-15,-4.370824990795158e-19
7533.3945468870625,2.3818965311454045e-15,-4.370824990795158e-19
7535.670656490494,2.3628326702259567e-15,-4.370824990795158e-19
7537.945771290777,2.3259499712632265e-15,-4.370824990795158e-19
7540.22188089421,2.3126211625286706e-15,-4.370824990795158e-19
7542.497990497641,2.3683204838255105e-15,-4.370824990795158e-19
7544.773105297924,2.377508046255657e-15,-4.370824990795158e-19
7547.049214901356,2.2215225737811276e-15,-4.370824990795158e-19
7549.324329701639,1.983166917616432e-15,-4.370824990795158e-19
7551.600439305072,1.7601488836921627e-15,-4.370824990795158e-19
7553.875554105355,1.5254797314338444e-15,-4.370824990795158e-19
7556.151663708786,1.2549389094278386e-15,-4.370824990795158e-19
7558.427773312217,9.79554860134053e-16,-4.370824990795158e-19
7560.702888112501,7.351241987296255e-16,-4.370824990795158e-19
7562.9789977159335,5.571477370842373e-16,-4.370824990795158e-19
7565.254112516216,4.771572247779477e-16,-4.370824990795158e-19
7567.530222119648,5.230553021560351e-16,-4.370824990795158e-19
7569.8053369199315,6.856941415609966e-16,-4.370824990795158e-19
7572.0814465233625,8.909154123156747e-16,-4.370824990795158e-19
7574.357556126794,1.0792361597726115e-15,-4.370824990795158e-19
7576.632670927078,1.2271687183247058e-15,-4.370824990795158e-19
7578.90878053051,1.3170355291202972e-15,-4.370824990795158e-19
7581.183895330792,1.3407792632622128e-15,-4.370824990795158e-19
7583.460004934224,1.305675799118968e-15,-4.370824990795158e-19
7585.735119734508,1.2313320395028067e-15,-4.370824990795158e-19
7588.011229337939,1.1476638532396158e-15,-4.370824990795158e-19
7590.286344138222,1.090975577601424e-15,-4.370824990795158e-19
7592.562453741654,1.0706711087805483e-15,-4.370824990795158e-19
7594.838563345086,1.0790109960609644e-15,-4.370824990795158e-19
7597.11367814537,1.0819822740597575e-15,-4.370824990795158e-19
7599.389787748801,1.0265610961714226e-15,-4.370824990795158e-19
7601.664902549084,9.982125433775887e-16,-4.370824990795158e-19
7603.941012152516,1.1417919368378404e-15,-4.370824990795158e-19
7606.2161269528,1.3728717146340208e-15,-4.370824990795158e-19
7608.492236556231,1.525170683202172e-15,-4.370824990795158e-19
7610.7683461596625,1.5901326214997074e-15,-4.370824990795158e-19
7613.043460959946,1.6110375268849751e-15,-4.370824990795158e-19
7615.319570563378,1.6377569540004219e-15,-4.370824990795158e-19
7617.5946853636615,1.717985874942573e-15,-4.370824990795158e-19
7619.8707949670925,1.816254382664915e-15,-4.370824990795158e-19
7622.145909767376,1.8894855686470557e-15,-4.370824990795158e-19
7624.422019370808,1.9787696027772078e-15,-4.370824990795158e-19
7626.698128974239,2.118145940286715e-15,-4.370824990795158e-19
7628.973243774523,2.268665674035381e-15,-4.370824990795158e-19
7631.249353377954,2.383304908086883e-15,-4.370824990795158e-19
7633.524468178238,2.4010575215090926e-15,-4.370824990795158e-19
7635.800577781669,2.309936857887859e-15,-4.370824990795158e-19
7638.075692581952,2.2518534502324034e-15,-4.370824990795158e-19
7640.351802185384,2.298307814427501e-15,-4.370824990795158e-19
7642.627911788816,2.3152569024473623e-15,-4.370824990795158e-19
7644.9030265891,2.247853483119615e-15,-4.370824990795158e-19
7647.179136192531,2.2103880074914456e-15,-4.370824990795158e-19
7649.454250992814,2.258802620470294e-15,-4.370824990795158e-19
7651.730360596246,2.3604839036652467e-15,-4.370824990795158e-19
7654.005475396529,2.4741871630722553e-15,-4.370824990795158e-19
7656.2815849999615,2.542773795629834e-15,-4.370824990795158e-19
7658.556699800244,2.5510739481376062e-15,-4.370824990795158e-19
7660.832809403676,2.5356833462003217e-15,-4.370824990795158e-19
7663.108919007107,2.5005136574360043e-15,-4.370824990795158e-19
7665.384033807391,2.4237593216127984e-15,-4.370824990795158e-19
7667.660143410823,2.323217101900295e-15,-4.370824990795158e-19
7669.935258211106,2.2358977315286317e-15,-4.370824990795158e-19
7672.211367814538,2.222449718476145e-15,-4.370824990795158e-19
7674.486482614821,2.355128539307838e-15,-4.370824990795158e-19
7676.762592218252,2.530403036413462e-15,-4.370824990795158e-19
7679.038701821685,2.570155468956007e-15,-4.370824990795158e-19
7681.313816621968,2.5533564900772437e-15,-4.370824990795158e-19
7683.5899262254,2.643121756453857e-15,-4.370824990795158e-19
7685.865041025682,2.764122969103072e-15,-4.370824990795158e-19
7688.141150629114,2.7896459380644728e-15,-4.370824990795158e-19
7690.416265429398,2.806917319240221e-15,-4.370824990795158e-19
7692.69237503283,2.922479283012002e-15,-4.370824990795158e-19
7694.968484636262,3.00237708084879e-15,-4.370824990795158e-19
7697.243599436544,2.9201967410723647e-15,-4.370824990795158e-19
7699.519709039976,2.8348067146612846e-15,-4.370824990795158e-19
7701.79482384026,2.8889343049513338e-15,-4.370824990795158e-19
7704.070933443691,2.9700285609421675e-15,-4.370824990795158e-19
7706.346048243974,2.9869202542904326e-15,-4.370824990795158e-19
7708.622157847406,3.039780746830625e-15,-4.370824990795158e-19
7710.898267450838,3.1593161878667652e-15,-4.370824990795158e-19
7713.1733822511205,3.138852779955315e-15,-4.370824990795158e-19
7715.449491854552,2.904333736838095e-15,-4.370824990795158e-19
7717.724606654836,2.7008298912565676e-15,-4.370824990795158e-19
7720.000716258268,2.6537088658760053e-15,-4.370824990795158e-19
7722.275831058551,2.641792849057666e-15,-4.370824990795158e-19
7724.551940661982,2.621457475413623e-15,-4.370824990795158e-19
7726.827055462266,2.6837571839440377e-15,-4.370824990795158e-19
7729.103165065697,2.7673194108135123e-15,-4.370824990795158e-19
7731.37927466913,2.6139255285102932e-15,-4.370824990795158e-19
7733.654389469413,2.305173100145366e-15,-4.370824990795158e-19
7735.930499072844,2.2617429936459197e-15,-4.370824990795158e-19
7738.205613873128,2.494416577322582e-15,-4.370824990795158e-19
7740.481723476559,2.690101502642798e-15,-4.370824990795158e-19
7742.756838276842,2.772754244716208e-15,-4.370824990795158e-19
7745.032947880275,2.810533183550788e-15,-4.370824990795158e-19
7747.309057483706,2.8231335214535448e-15,-4.370824990795158e-19
7749.58417228399,2.8179812459340924e-15,-4.370824990795158e-19
7751.860281887421,2.818140185024667e-15,-4.370824990795158e-19
7754.135396687704,2.8484445716275133e-15,-4.370824990795158e-19
7756.411506291135,2.8869299064202014e-15,-4.370824990795158e-19
7758.6866210914195,2.8961130538756096e-15,-4.370824990795158e-19
7760.962730694851,2.9284836486559226e-15,-4.370824990795158e-19
7763.238840298282,3.045348029975466e-15,-4.370824990795158e-19
7765.513955098566,3.094778087144095e-15,-4.370824990795158e-19
7767.790064701997,2.9332650662973683e-15,-4.370824990795158e-19
7770.06517950228,2.847115664231322e-15,-4.370824990795158e-19
7772.341289105713,3.0796744585647916e-15,-4.370824990795158e-19
7774.616403905996,3.2300529131218357e-15,-4.370824990795158e-19
7776.892513509428,2.9868010499725016e-15,-4.370824990795158e-19
7779.168623112859,2.7520656730931108e-15,-4.370824990795158e-19
7781.443737913142,2.8242814148854708e-15,-4.370824990795158e-19
7783.719847516574,2.965317782896533e-15,-4.370824990795158e-19
7785.994962316858,2.976505328883073e-15,-4.370824990795158e-19
7788.27107192029,2.8267228959156827e-15,-4.370824990795158e-19
7790.546186720572,2.5545220434081224e-15,-4.370824990795158e-19
7792.822296324004,2.3516804440373218e-15,-4.370824990795158e-19
7795.097411124288,2.307570431428196e-15,-4.370824990795158e-19
7797.37352072772,2.308788964455933e-15,-4.370824990795158e-19
7799.6496303311515,2.3100737221047422e-15,-4.370824990795158e-19
7801.924745131434,2.3671946652672756e-15,-4.370824990795158e-19
7804.200854734866,2.4758207037253806e-15,-4.370824990795158e-19
7806.475969535149,2.5704865920613704e-15,-4.370824990795158e-19
7808.752079138581,2.63810193017655e-15,-4.370824990795158e-19
7811.027193938865,2.7125825540095945e-15,-4.370824990795158e-19
7813.303303542296,2.7867364697120143e-15,-4.370824990795158e-19
7815.579413145728,2.8259855951344073e-15,-4.370824990795158e-19
7817.85452794601,2.828201912452972e-15,-4.370824990795158e-19
7820.130637549442,2.8107936670603404e-15,-4.370824990795158e-19
7822.405752349726,2.7889086372831974e-15,-4.370824990795158e-19
7824.681861953158,2.772952918579426e-15,-4.370824990795158e-19
7826.956976753441,2.7950498671440016e-15,-4.370824990795158e-19
7829.233086356872,2.889861449646351e-15,-4.370824990795158e-19
7831.509195960304,2.937141414117488e-15,-4.370824990795158e-19
7833.784310760587,2.7921668886399718e-15,-4.370824990795158e-19
7836.06042036402,2.6023141449488877e-15,-4.370824990795158e-19
7838.335535164303,2.560720667940523e-15,-4.370824990795158e-19
7840.611644767734,2.600027188034512e-15,-4.370824990795158e-19
7842.886759568018,2.6153824701738916e-15,-4.370824990795158e-19
7845.162869171449,2.5938682982747553e-15,-4.370824990795158e-19
7847.438978774881,2.5446898946662025e-15,-4.370824990795158e-19
7849.714093575164,2.5384824401843258e-15,-4.370824990795158e-19
7851.990203178596,2.6239828409638602e-15,-4.370824990795158e-19
7854.2653179788795,2.7351872246690605e-15,-4.370824990795158e-19
7856.5414275823105,2.8110983003172745e-15,-4.370824990795158e-19
7858.816542382594,2.843570439516566e-15,-4.370824990795158e-19
7861.092651986026,2.830850897295878e-15,-4.370824990795158e-19
7863.367766786309,2.769557803005768e-15,-4.370824990795158e-19
7865.643876389741,2.6934612984185504e-15,-4.370824990795158e-19
7867.919985993172,2.7118055184556756e-15,-4.370824990795158e-19
7870.195100793456,2.83489059918131e-15,-4.370824990795158e-19
7872.471210396887,2.9031725984819545e-15,-4.370824990795158e-19
7874.746325197171,2.8818659303955127e-15,-4.370824990795158e-19
7877.022434800602,2.9095389920544057e-15,-4.370824990795158e-19
7879.297549600886,2.9957502037667865e-15,-4.370824990795158e-19
7881.573659204318,3.0161871218298074e-15,-4.370824990795158e-19
7883.849768807749,2.9569205009445204e-15,-4.370824990795158e-19
7886.124883608032,2.89143759562788e-15,-4.370824990795158e-19
7888.400993211464,2.8526741174266867e-15,-4.370824990795158e-19
7890.676108011748,2.849261341954076e-15,-4.370824990795158e-19
7892.9522176151795,2.8550891086084697e-15,-4.370824990795158e-19
7895.227332415462,2.8235264542052426e-15,-4.370824990795158e-19
7897.503442018894,2.7465690295440808e-15,-4.370824990795158e-19
7899.779551622326,2.636614083689784e-15,-4.370824990795158e-19
7902.054666422609,2.5328665923173648e-15,-4.370824990795158e-19
7904.33077602604,2.4814365515923415e-15,-4.370824990795158e-19
7906.605890826324,2.4663064331646093e-15,-4.370824990795158e-19
7908.882000429756,2.452774535592097e-15,-4.370824990795158e-19
7911.1571152300385,2.450655347717772e-15,-4.370824990795158e-19
7913.433224833471,2.4740282239816808e-15,-4.370824990795158e-19
7915.709334436902,2.4669995841985032e-15,-4.370824990795158e-19
7917.984449237186,2.3893799133266144e-15,-4.370824990795158e-19
7920.260558840618,2.372717798664735e-15,-4.370824990795158e-19
7922.5356736409,2.5161205931354596e-15,-4.370824990795158e-19
7924.811783244333,2.659708816545188e-15,-4.370824990795158e-19
7927.086898044616,2.6828123793500676e-15,-4.370824990795158e-19
7929.363007648048,2.7124677646664022e-15,-4.370824990795158e-19
7931.638122448331,2.82755291116646e-15,-4.370824990795158e-19
7933.914232051762,2.9220686903613516e-15,-4.370824990795158e-19
7936.190341655194,2.9328456436972415e-15,-4.370824990795158e-19
7938.465456455477,2.9044308662823348e-15,-4.370824990795158e-19
7940.7415660589095,2.871971972007258e-15,-4.370824990795158e-19
7943.016680859193,2.851265740485208e-15,-4.370824990795158e-19
7945.292790462624,2.8497911389226573e-15,-4.370824990795158e-19
7947.5679052629075,2.8543606377766705e-15,-4.370824990795158e-19
7949.8440148663385,2.8657910073738104e-15,-4.370824990795158e-19
7952.120124469771,2.9150047307802684e-15,-4.370824990795158e-19
7954.395239270054,2.9495430781570265e-15,-4.370824990795158e-19
7956.671348873486,2.821416096280394e-15,-4.370824990795158e-19
7958.946463673769,2.6128880094468217e-15,-4.370824990795158e-19
7961.2225732772,2.6012633809612015e-15,-4.370824990795158e-19
7963.497688077484,2.695889534524548e-15,-4.370824990795158e-19
7965.773797680916,2.568508683378667e-15,-4.370824990795158e-19
7968.049907284348,2.303181946538448e-15,-4.370824990795158e-19
7970.325022084631,2.190260137660097e-15,-4.370824990795158e-19
7972.601131688062,2.209694856457552e-15,-4.370824990795158e-19
7974.876246488346,2.2181671929801134e-15,-4.370824990795158e-19
7977.152356091778,2.2143835596294958e-15,-4.370824990795158e-19
7979.427470892061,2.23599927594761e-15,-4.370824990795158e-19
7981.703580495492,2.256687847570707e-15,-4.370824990795158e-19
7983.979690098924,2.245857914537959e-15,-4.370824990795158e-19
7986.254804899208,2.2527805949274206e-15,-4.370824990795158e-19
7988.530914502639,2.3305812797635743e-15,-4.370824990795158e-19
7990.806029302923,2.4625139698645154e-15,-4.370824990795158e-19
7993.082138906354,2.613077853360563e-15,-4.370824990795158e-19
7995.3572537066375,2.7152271238777628e-15,-4.370824990795158e-19
7997.6333633100685,2.725438960447166e-15,-4.370824990795158e-19
7999.908478110352,2.7139997609005494e-15,-4.370824990795158e-19
8002.184587713784,2.739023837716536e-15,-4.370824990795158e-19
8004.460697317216,2.7628823612016442e-15,-4.370824990795158e-19
8006.735812117499,2.7727100949688262e-15,-4.370824990795158e-19
8009.01192172093,2.843292296108061e-15,-4.370824990795158e-19
8011.287036521214,2.989282265775357e-15,-4.370824990795158e-19
8013.563146124646,3.101268100009215e-15,-4.370824990795158e-19
8015.838260924928,3.108954571028381e-15,-4.370824990795158e-19
8018.114370528361,3.0143372474145112e-15,-4.370824990795158e-19
8020.390480131792,2.8461134649657557e-15,-4.370824990795158e-19
8022.665594932076,2.6589097061175778e-15,-4.370824990795158e-19
8024.941704535507,2.535467012438151e-15,-4.370824990795158e-19
8027.21681933579,2.596287704431276e-15,-4.370824990795158e-19
8029.492928939223,2.764992719126493e-15,-4.370824990795158e-19
8031.768043739506,2.779888843893102e-15,-4.370824990795158e-19
8034.0441533429375,2.6183272583242553e-15,-4.370824990795158e-19
8036.3202629463685,2.437472233149576e-15,-4.370824990795158e-19
8038.595377746652,2.3061797143856702e-15,-4.370824990795158e-19
8040.871487350084,2.2458181797653153e-15,-4.370824990795158e-19
8043.1466021503675,2.2290942554571012e-15,-4.370824990795158e-19
8045.422711753799,2.197973098527692e-15,-4.370824990795158e-19
8047.697826554082,2.163191927540334e-15,-4.370824990795158e-19
8049.973936157514,2.1623001026432225e-15,-4.370824990795158e-19
8052.249050957797,2.183222667927443e-15,-4.370824990795158e-19
8054.525160561228,2.2028472306386393e-15,-4.370824990795158e-19
8056.801270164661,2.245314872645163e-15,-4.370824990795158e-19
8059.076384964944,2.3382633358080023e-15,-4.370824990795158e-19
8061.352494568376,2.47306134451402e-15,-4.370824990795158e-19
8063.627609368659,2.626402247120381e-15,-4.370824990795158e-19
8065.90371897209,2.728167414835359e-15,-4.370824990795158e-19
8068.178833772374,2.727734747311018e-15,-4.370824990795158e-19
8070.454943375806,2.6895981955226457e-15,-4.370824990795158e-19
8072.731052979238,2.6814393222064946e-15,-4.370824990795158e-19
8075.00616777952,2.726560364030663e-15,-4.370824990795158e-19
8077.282277382952,2.8192660035829018e-15,-4.370824990795158e-19
8079.557392183236,2.8844884253899895e-15,-4.370824990795158e-19
8081.8335017866675,2.8648638626787932e-15,-4.370824990795158e-19
8084.108616586951,2.7535579345546148e-15,-4.370824990795158e-19
8086.384726190382,2.585581390691197e-15,-4.370824990795158e-19
8088.660835793814,2.484142931106844e-15,-4.370824990795158e-19
8090.935950594097,2.464350599355597e-15,-4.370824990795158e-19
8093.212060197529,2.3503471216663923e-15,-4.370824990795158e-19
8095.487174997813,2.1147640696372716e-15,-4.370824990795158e-19
8097.763284601244,1.9233440099141343e-15,-4.370824990795158e-19
8100.038399401527,1.8577683901279928e-15,-4.370824990795158e-19
8102.314509004958,1.923683962968974e-15,-4.370824990795158e-19
8104.59061860839,2.0313475369341566e-15,-4.370824990795158e-19
8106.865733408675,1.9975200004902453e-15,-4.370824990795158e-19
8109.141843012106,1.8551900448808975e-15,-4.370824990795158e-19
8111.416957812389,1.7919455317565127e-15,-4.370824990795158e-19
8113.69306741582,1.82556556438773e-15,-4.370824990795158e-19
8115.968182216104,1.8846467563340136e-15,-4.370824990795158e-19
8118.244291819536,1.9141564474839883e-15,-4.370824990795158e-19
8120.519406619819,1.8623334740072677e-15,-4.370824990795158e-19
8122.795516223251,1.84871769191473e-15,-4.370824990795158e-19
8125.071625826682,2.0379081893950876e-15,-4.370824990795158e-19
8127.346740626966,2.2957029793319765e-15,-4.370824990795158e-19
8129.622850230397,2.4189602440724e-15,-4.370824990795158e-19
8131.89796503068,2.383923004550228e-15,-4.370824990795158e-19
8134.174074634113,2.2301803392426926e-15,-4.370824990795158e-19
8136.4491894343955,2.14077710079461e-15,-4.370824990795158e-19
8138.725299037827,2.2750099927341413e-15,-4.370824990795158e-19
8141.001408641258,2.480240093438296e-15,-4.370824990795158e-19
8143.276523441542,2.5932943515587923e-15,-4.370824990795158e-19
8145.552633044974,2.654349037213041e-15,-4.370824990795158e-19
8147.827747845257,2.6970550878554266e-15,-4.370824990795158e-19
8150.103857448689,2.6498192731316716e-15,-4.370824990795158e-19
8152.378972248973,2.4921516952818972e-15,-4.370824990795158e-19
8154.655081852403,2.347671646975057e-15,-4.370824990795158e-19
8156.931191455836,2.29324825337755e-15,-4.370824990795158e-19
8159.206306256119,2.2728378251629582e-15,-4.370824990795158e-19
8161.482415859551,2.267310276790761e-15,-4.370824990795158e-19
8163.757530659835,2.354338258829704e-15,-4.370824990795158e-19
8166.033640263265,2.4873217129183314e-15,-4.370824990795158e-19
8168.308755063548,2.4218432225764293e-15,-4.370824990795158e-19
8170.58486466698,2.1576113994712787e-15,-4.370824990795158e-19
8172.860974270413,1.998769438341149e-15,-4.370824990795158e-19
8175.1360890706965,2.0209855912236555e-15,-4.370824990795158e-19
8177.412198674127,2.0816694189998974e-15,-4.370824990795158e-19
8179.68731347441,2.0800270483972955e-15,-4.370824990795158e-19
8181.963423077842,1.933710370599374e-15,-4.370824990795158e-19
8184.2385378781255,1.7332484426124505e-15,-4.370824990795158e-19
8186.514647481558,1.6908735150754285e-15,-4.370824990795158e-19
8188.78976228184,1.7942148287719356e-15,-4.370824990795158e-19
8191.065871885272,1.9044744078831663e-15,-4.370824990795158e-19
8193.341981488704,2.0535107101198047e-15,-4.370824990795158e-19
8195.617096288988,2.3344311377352645e-15,-4.370824990795158e-19
8197.893205892418,2.588005211822456e-15,-4.370824990795158e-19
8200.168320692701,2.5988307298804662e-15,-4.370824990795158e-19
8202.444430296133,2.5301513828533857e-15,-4.370824990795158e-19
8204.719545096417,2.617943155522034e-15,-4.370824990795158e-19
8206.99565469985,2.76935912914255e-15,-4.370824990795158e-19
8209.27176430328,2.8382680548560154e-15,-4.370824990795158e-19
8211.546879103564,2.8069702989370792e-15,-4.370824990795158e-19
8213.822988706996,2.687134639618743e-15,-4.370824990795158e-19
8216.098103507278,2.52556422410042e-15,-4.370824990795158e-19
8218.374213110712,2.3778700741841874e-15,-4.370824990795158e-19
8220.649327910993,2.3051642701958897e-15,-4.370824990795158e-19
8222.925437514425,2.323561469929873e-15,-4.370824990795158e-19
8225.201547117857,2.3138750153543127e-15,-4.370824990795158e-19
8227.476661918141,2.1916773445510516e-15,-4.370824990795158e-19
8229.752771521573,1.9875421575819654e-15,-4.370824990795158e-19
8232.027886321855,1.7587405067506843e-15,-4.370824990795158e-19
8234.303995925287,1.6016115558189673e-15,-4.370824990795158e-19
8236.57911072557,1.5704020993947946e-15,-4.370824990795158e-19
8238.855220329002,1.6402160949295864e-15,-4.370824990795158e-19
8241.131329932436,1.7642724700976199e-15,-4.370824990795158e-19
8243.406444732716,1.874002252240269e-15,-4.370824990795158e-19
8245.682554336148,1.922328565724354e-15,-4.370824990795158e-19
8247.957669136433,1.8896312628134157e-15,-4.370824990795158e-19
8250.233778739865,1.815057924510869e-15,-4.370824990795158e-19
8252.508893540147,1.7920250013018e-15,-4.370824990795158e-19
8254.78500314358,1.839737633297278e-15,-4.370824990795158e-19
8257.060117943862,1.92347645915628e-15,-4.370824990795158e-19
8259.336227547294,1.985767337737218e-15,-4.370824990795158e-19
8261.612337150726,1.950708023341355e-15,-4.370824990795158e-19
8263.88745195101,1.904315468792592e-15,-4.370824990795158e-19
8266.16356155444,2.0110783879111865e-15,-4.370824990795158e-19
8268.438676354723,2.183995288506624e-15,-4.370824990795158e-19
8270.714785958156,2.243235419543482e-15,-4.370824990795158e-19
8272.989900758439,2.274228542205484e-15,-4.370824990795158e-19
8275.26601036187,2.425944734108196e-15,-4.370824990795158e-19
8277.542119965301,2.581276790321475e-15,-4.370824990795158e-19
8279.817234765585,2.5859080988218222e-15,-4.370824990795158e-19
8282.093344369017,2.4999573706189937e-15,-4.370824990795158e-19
8284.368459169302,2.4188322098049927e-15,-4.370824990795158e-19
8286.644568772732,2.4298740616251732e-15,-4.370824990795158e-19
8288.919683573014,2.5660495424495023e-15,-4.370824990795158e-19
8291.195793176446,2.5458333731233902e-15,-4.370824990795158e-19
8293.47190277988,2.1977876695886885e-15,-4.370824990795158e-19
8295.747017580163,1.9504696147054938e-15,-4.370824990795158e-19
8298.023127183593,2.075422229745377e-15,-4.370824990795158e-19
8300.298241983877,2.184503010601514e-15,-4.370824990795158e-19
8302.57435158731,2.045709449757446e-15,-4.370824990795158e-19
8304.849466387592,1.915820892960281e-15,-4.370824990795158e-19
8307.125575991025,1.923132091126702e-15,-4.370824990795158e-19
8309.401685594456,1.912107899205474e-15,-4.370824990795158e-19
8311.676800394738,1.8359760748203513e-15,-4.370824990795158e-19
8313.95290999817,1.824241071966277e-15,-4.370824990795158e-19
8316.228024798454,1.8953221652509254e-15,-4.370824990795158e-19
8318.504134401885,1.9234234794594218e-15,-4.370824990795158e-19
8320.779249202169,1.891238313618112e-15,-4.370824990795158e-19
8323.055358805601,1.8951897160087803e-15,-4.370824990795158e-19
8325.330473605884,1.957145056509617e-15,-4.370824990795158e-19
8327.606583209315,2.037616801062368e-15,-4.370824990795158e-19
8329.882692812746,2.12915247230899e-15,-4.370824990795158e-19
8332.15780761303,2.2386261859168253e-15,-4.370824990795158e-19
8334.433917216462,2.369402152636364e-15,-4.370824990795158e-19
8336.709032016746,2.529674565581663e-15,-4.370824990795158e-19
8338.985141620178,2.6259386747728724e-15,-4.370824990795158e-19
8341.260256420459,2.527206594703022e-15,-4.370824990795158e-19
8343.53636602389,2.3710621831379186e-15,-4.370824990795158e-19
8345.812475627325,2.378814878778157e-15,-4.370824990795158e-19
8348.087590427607,2.4783681441493086e-15,-4.370824990795158e-19
8350.36370003104,2.5194936338354267e-15,-4.370824990795158e-19
8352.638814831322,2.489087702813602e-15,-4.370824990795158e-19
8354.914924434754,2.40743274503102e-15,-4.370824990795158e-19
8357.190039235036,2.311941256418991e-15,-4.370824990795158e-19
8359.46614883847,2.2414826745724258e-15,-4.370824990795158e-19
8361.742258441902,2.1965514766619993e-15,-4.370824990795158e-19
8364.017373242183,2.1676952017732747e-15,-4.370824990795158e-19
8366.293482845615,2.1290641728142265e-15,-4.370824990795158e-19
8368.568597645899,2.0678417181199273e-15,-4.370824990795158e-19
8370.84470724933,2.0376741957339643e-15,-4.370824990795158e-19
8373.119822049615,2.0618594273496976e-15,-4.370824990795158e-19
8375.395931653045,2.0575857318031423e-15,-4.370824990795158e-19
8377.672041256477,1.9854538745308077e-15,-4.370824990795158e-19
8379.94715605676,1.9236883779437124e-15,-4.370824990795158e-19
8382.223265660192,1.90286735707847e-15,-4.370824990795158e-19
8384.498380460476,1.8450046981599233e-15,-4.370824990795158e-19
8386.774490063906,1.7634910195689625e-15,-4.370824990795158e-19
8389.04960486419,1.8239496836335573e-15,-4.370824990795158e-19
8391.325714467623,2.016429337293857e-15,-4.370824990795158e-19
8393.600829267905,2.101324886534261e-15,-4.370824990795158e-19
8395.876938871335,2.079064583904373e-15,-4.370824990795158e-19
8398.15304847477,2.1941409004549547e-15,-4.370824990795158e-19
8400.428163275052,2.441692948999273e-15,-4.370824990795158e-19
8402.704272878484,2.626993853735297e-15,-4.370824990795158e-19
8404.979387678768,2.680450367865143e-15,-4.370824990795158e-19
8407.255497282198,2.6052015384276554e-15,-4.370824990795158e-19
8409.53061208248,2.5093612668113106e-15,-4.370824990795158e-19
8411.806721685914,2.5601820410224652e-15,-4.370824990795158e-19
8414.082831289346,2.6829315836679986e-15,-4.370824990795158e-19
8416.357946089629,2.7020793291074718e-15,-4.370824990795158e-19
8418.634055693059,2.649157026920945e-15,-4.370824990795158e-19
8420.909170493343,2.619108708852913e-15,-4.370824990795158e-19
8423.185280096775,2.6254618575011493e-15,-4.370824990795158e-19
8425.46039489706,2.657673513190888e-15,-4.370824990795158e-19
8427.736504500492,2.6490687274261813e-15,-4.370824990795158e-19
8430.012614103922,2.5379791330641736e-15,-4.370824990795158e-19
8432.287728904204,2.391565325822012e-15,-4.370824990795158e-19
8434.563838507636,2.2868156351840262e-15,-4.370824990795158e-19
8436.83895330792,2.2258315891255885e-15,-4.370824990795158e-19
8439.11506291135,2.193496314143181e-15,-4.370824990795158e-19
8441.390177711635,2.144317910534628e-15,-4.370824990795158e-19
8443.666287315067,2.049126640204795e-15,-4.370824990795158e-19
8445.94140211535,1.9506197238465917e-15,-4.370824990795158e-19
8448.217511718782,1.8824171940912342e-15,-4.370824990795158e-19
8450.493621322214,1.8358038908055623e-15,-4.370824990795158e-19
8452.768736122496,1.8061308455902753e-15,-4.370824990795158e-19
8455.044845725928,1.802859349309286e-15,-4.370824990795158e-19
8457.319960526213,1.819168265992112e-15,-4.370824990795158e-19
8459.596070129644,1.818351495665549e-15,-4.370824990795158e-19
8461.871184929925,1.8025723759513047e-15,-4.370824990795158e-19
8464.147294533359,1.830828214275637e-15,-4.370824990795158e-19
8466.42340413679,1.9156398789960157e-15,-4.370824990795158e-19
8468.698518937073,2.016610351258122e-15,-4.370824990795158e-19
8470.974628540505,2.104724417082657e-15,-4.370824990795158e-19
8473.249743340788,2.1621323336031718e-15,-4.370824990795158e-19
8475.52585294422,2.1846619496920886e-15,-4.370824990795158e-19
8477.800967744504,2.1790946665472473e-15,-4.370824990795158e-19
8480.077077347936,2.1858628228208726e-15,-4.370824990795158e-19
8482.353186951368,2.2606613248350662e-15,-4.370824990795158e-19
8484.628301751649,2.3934637649594283e-15,-4.370824990795158e-19
8486.904411355083,2.5442572271418612e-15,-4.370824990795158e-19
8489.179526155365,2.6141153724240347e-15,-4.370824990795158e-19
8491.455635758797,2.491202475713189e-15,-4.370824990795158e-19
8493.730750559082,2.356099833750237e-15,-4.370824990795158e-19
8496.006860162512,2.4554367653592178e-15,-4.370824990795158e-19
8498.282969765944,2.5871928564706316e-15,-4.370824990795158e-19
8500.558084566226,2.4794189081369947e-15,-4.370824990795158e-19
8502.83419416966,2.29918197942566e-15,-4.370824990795158e-19
8505.109308969943,2.2578666458258005e-15,-4.370824990795158e-19
8507.385418573373,2.263054241143158e-15,-4.370824990795158e-19
8509.660533373657,2.2103968374409218e-15,-4.370824990795158e-19
8511.936642977089,2.176732655062323e-15,-4.370824990795158e-19
8514.211757777372,2.213112046904901e-15,-4.370824990795158e-19
8516.487867380803,2.2044675263675505e-15,-4.370824990795158e-19
8518.763976984235,2.078309623224145e-15,-4.370824990795158e-19
8521.039091784518,1.9181564145967768e-15,-4.370824990795158e-19
8523.31520138795,1.8035834051663473e-15,-4.370824990795158e-19
8525.590316188234,1.7905945494866308e-15,-4.370824990795158e-19
8527.866425791664,1.8709603346456653e-15,-4.370824990795158e-19
8530.141540591949,1.8890264112742854e-15,-4.370824990795158e-19
8532.41765019538,1.823940853684081e-15,-4.370824990795158e-19
8534.693759798813,1.9048805855590785e-15,-4.370824990795158e-19
8536.968874599095,2.1472053040133954e-15,-4.370824990795158e-19
8539.244984202527,2.2634074391222123e-15,-4.370824990795158e-19
8541.52009900281,2.2370676998342488e-15,-4.370824990795158e-19
8543.796208606242,2.3534420189578543e-15,-4.370824990795158e-19
8546.071323406526,2.589316459319695e-15,-4.370824990795158e-19
8548.347433009958,2.662587380074479e-15,-4.370824990795158e-19
8550.623542613388,2.5495816866761026e-15,-4.370824990795158e-19
8552.898657413672,2.3970134046489226e-15,-4.370824990795158e-19
8555.174767017104,2.3135924569710693e-15,-4.370824990795158e-19
8557.449881817387,2.3902010986279156e-15,-4.370824990795158e-19
8559.725991420817,2.5489326853895905e-15,-4.370824990795158e-19
8562.001106221102,2.627854773809241e-15,-4.370824990795158e-19
8564.277215824533,2.6402167030761366e-15,-4.370824990795158e-19
8566.553325427965,2.662026678282731e-15,-4.370824990795158e-19
8568.82844022825,2.6478281195247537e-15,-4.370824990795158e-19
8571.10454983168,2.532778292822601e-15,-4.370824990795158e-19
8573.379664631962,2.366638378450265e-15,-4.370824990795158e-19
8575.655774235394,2.2208250077724958e-15,-4.370824990795158e-19
8577.930889035679,2.08967818317495e-15,-4.370824990795158e-19
8580.20699863911,1.964844772452998e-15,-4.370824990795158e-19
8582.482113439393,1.938831741295659e-15,-4.370824990795158e-19
8584.758223042825,2.0647335759042504e-15,-4.370824990795158e-19
8587.034332646257,2.1676907867985364e-15,-4.370824990795158e-19
8589.30944744654,2.116953897107407e-15,-4.370824990795158e-19
8591.585557049973,2.0442525080938478e-15,-4.370824990795158e-19
8593.860671850254,2.037992073915113e-15,-4.370824990795158e-19
8596.136781453686,1.987135979906053e-15,-4.370824990795158e-19
8598.41189625397,1.8482143847945776e-15,-4.370824990795158e-19
8600.688005857402,1.7495176245226326e-15,-4.370824990795158e-19
8602.964115460834,1.751301274316856e-15,-4.370824990795158e-19
8605.239230261117,1.7734953523256714e-15,-4.370824990795158e-19
8607.515339864549,1.7952479328606693e-15,-4.370824990795158e-19
8609.790454664831,1.903798916748225e-15,-4.370824990795158e-19
8612.066564268263,2.0537447037809283e-15,-4.370824990795158e-19
8614.341679068548,2.023471222001249e-15,-4.370824990795158e-19
8616.617788671978,1.8532033062487175e-15,-4.370824990795158e-19
8618.89389827541,1.851084118374393e-15,-4.370824990795158e-19
8621.169013075694,2.0393342262355187e-15,-4.370824990795158e-19
8623.445122679126,2.2132224212733553e-15,-4.370824990795158e-19
8625.720237479409,2.2981356304127122e-15,-4.370824990795158e-19
8627.996347082839,2.293566131558699e-15,-4.370824990795158e-19
8630.271461883123,2.2814293660034506e-15,-4.370824990795158e-19
8632.547571486555,2.393031097435087e-15,-4.370824990795158e-19
8634.823681089987,2.551639064904093e-15,-4.370824990795158e-19
8637.09879589027,2.5981596537202634e-15,-4.370824990795158e-19
8639.374905493702,2.5393963399551285e-15,-4.370824990795158e-19
8641.650020293984,2.4398209997102858e-15,-4.370824990795158e-19
8643.926129897418,2.4220198215659566e-15,-4.370824990795158e-19
8646.2012446977,2.596711542006141e-15,-4.370824990795158e-19
8648.47735430113,2.7717255556022127e-15,-4.370824990795158e-19
8650.752469101415,2.7312402372531305e-15,-4.370824990795158e-19
8653.028578704847,2.5916299060824997e-15,-4.370824990795158e-19
8655.304688308279,2.5063149342419688e-15,-4.370824990795158e-19
8657.579803108563,2.498637293172279e-15,-4.370824990795158e-19
8659.855912711993,2.5617626019787325e-15,-4.370824990795158e-19
8662.131027512276,2.651629412774324e-15,-4.370824990795158e-19
8664.407137115708,2.69958928335514e-15,-4.370824990795158e-19
8666.682251915992,2.568857466382983e-15,-4.370824990795158e-19
8668.958361519424,2.2278139127830298e-15,-4.370824990795158e-19
8671.234471122854,1.929891417450851e-15,-4.370824990795158e-19
8673.509585923139,1.8236582953008377e-15,-4.370824990795158e-19
8675.78569552657,1.783711603869813e-15,-4.370824990795158e-19
8678.060810326853,1.74770748487998e-15,-4.370824990795158e-19
8680.336919930285,1.788206048153277e-15,-4.370824990795158e-19
8682.612034730568,1.8839182855022145e-15,-4.370824990795158e-19
8684.888144334,1.882779222019765e-15,-4.370824990795158e-19
8687.164253937432,1.7821133830145928e-15,-4.370824990795158e-19
8689.439368737716,1.7496853935626833e-15,-4.370824990795158e-19
8691.715478341146,1.84343738212787e-15,-4.370824990795158e-19
8693.990593141429,2.024742734725844e-15,-4.370824990795158e-19
8696.266702744862,2.2251649279401236e-15,-4.370824990795158e-19
8698.541817545145,2.3377467837636352e-15,-4.370824990795158e-19
8700.817927148577,2.4210308672246048e-15,-4.370824990795158e-19
8703.094036752007,2.6486757946744835e-15,-4.370824990795158e-19
8705.369151552291,2.86363649970158e-15,-4.370824990795158e-19
8707.645261155723,2.754387949805392e-15,-4.370824990795158e-19
8709.920375956008,2.5324162648940707e-15,-4.370824990795158e-19
8712.19648555944,2.5942744759506675e-15,-4.370824990795158e-19
8714.47160035972,2.7988246705451427e-15,-4.370824990795158e-19
8716.747709963152,2.8554820413601674e-15,-4.370824990795158e-19
8719.022824763437,2.776219999885677e-15,-4.370824990795158e-19
8721.298934366869,2.648834733765058e-15,-4.370824990795158e-19
8723.5750439703,2.5844379122340093e-15,-4.370824990795158e-19
8725.850158770583,2.671161261016019e-15,-4.370824990795158e-19
8728.126268374015,2.7933545168445417e-15,-4.370824990795158e-19
8730.401383174298,2.821336626735107e-15,-4.370824990795158e-19
8732.67749277773,2.748101025778228e-15,-4.370824990795158e-19
8734.952607578014,2.5917800152235976e-15,-4.370824990795158e-19
8737.228717181444,2.3967440911898938e-15,-4.370824990795158e-19
8739.504826784876,2.20839243890979e-15,-4.370824990795158e-19
8741.77994158516,2.0428882808997513e-15,-4.370824990795158e-19
8744.056051188592,1.9142094271808463e-15,-4.370824990795158e-19
8746.331165988875,1.836836994894296e-15,-4.370824990795158e-19
8748.607275592307,1.8144663178959533e-15,-4.370824990795158e-19
8750.88239039259,1.845070922780996e-15,-4.370824990795158e-19
8753.158499996021,1.8922007781110344e-15,-4.370824990795158e-19
8755.434609599453,1.855238609603017e-15,-4.370824990795158e-19
8757.709724399736,1.7453454733950555e-15,-4.370824990795158e-19
8759.985834003168,1.7346700644781435e-15,-4.370824990795158e-19
8762.260948803452,1.8337862473502155e-15,-4.370824990795158e-19
8764.537058406884,1.8708632052014254e-15,-4.370824990795158e-19
8766.812173207167,1.837362376888139e-15,-4.370824990795158e-19
8769.088282810597,1.863887545115106e-15,-4.370824990795158e-19
8771.36439241403,1.9751493234919025e-15,-4.370824990795158e-19
8773.639507214313,2.1220222881068345e-15,-4.370824990795158e-19
8775.915616817745,2.295446910797162e-15,-4.370824990795158e-19
8778.19073161803,2.5064915332314957e-15,-4.370824990795158e-19
8780.46684122146,2.6818852346550504e-15,-4.370824990795158e-19
8782.741956021742,2.716485391678143e-15,-4.370824990795158e-19
8785.018065625176,2.6833156864702198e-15,-4.370824990795158e-19
8787.293180425459,2.71860016457773e-15,-4.370824990795158e-19
8789.56929002889,2.7377258351435123e-15,-4.370824990795158e-19
8791.84539963232,2.609982956069101e-15,-4.370824990795158e-19
8794.120514432605,2.5132905943282882e-15,-4.370824990795158e-19
8796.396624036037,2.6455367476356397e-15,-4.370824990795158e-19
8798.671738836321,2.7421319799322127e-15,-4.370824990795158e-19
8800.947848439753,2.5395022993488446e-15,-4.370824990795158e-19
8803.222963240034,2.3498261546472873e-15,-4.370824990795158e-19
8805.499072843466,2.442417004856334e-15,-4.370824990795158e-19
8807.775182446898,2.4778295172312512e-15,-4.370824990795158e-19
8810.050297247182,2.203867089803158e-15,-4.370824990795158e-19
8812.326406850612,1.9134632964500947e-15,-4.370824990795158e-19
8814.601521650897,1.8209298409126444e-15,-4.370824990795158e-19
8816.877631254329,1.7919367018070365e-15,-4.370824990795158e-19
8819.152746054611,1.743442619282901e-15,-4.370824990795158e-19
8821.428855658043,1.7560473721603963e-15,-4.370824990795158e-19
8823.704965261475,1.830828214275637e-15,-4.370824990795158e-19
8825.980080061758,1.814205834386401e-15,-4.370824990795158e-19
8828.25618966519,1.6868956228363311e-15,-4.370824990795158e-19
8830.531304465474,1.645496404716446e-15,-4.370824990795158e-19
8832.807414068906,1.7262286327787492e-15,-4.370824990795158e-19
8835.082528869187,1.7557736437266293e-15,-4.370824990795158e-19
8837.35863847262,1.7168512264348615e-15,-4.370824990795158e-19
8839.634748076052,1.7502151905312644e-15,-4.370824990795158e-19
8841.909862876335,1.8567573609129502e-15,-4.370824990795158e-19
8844.185972479767,1.9242446647607225e-15,-4.370824990795158e-19
8846.46108728005,1.973710041727257e-15,-4.370824990795158e-19
8848.737196883481,2.1118987510321946e-15,-4.370824990795158e-19
8851.012311683766,2.2866434511692376e-15,-4.370824990795158e-19
8853.288421287198,2.366055601784826e-15,-4.370824990795158e-19
8855.56353608748,2.381004706248293e-15,-4.370824990795158e-19
8857.83964569091,2.4272030019085763e-15,-4.370824990795158e-19
8860.115755294342,2.506080940580845e-15,-4.370824990795158e-19
8862.390870094627,2.5867822638199814e-15,-4.370824990795158e-19
8864.666979698059,2.6200976631942644e-15,-4.370824990795158e-19
8866.942094498343,2.5620584052861904e-15,-4.370824990795158e-19
8869.218204101773,2.434461220378139e-15,-4.370824990795158e-19
8871.493318902056,2.2831335462523867e-15,-4.370824990795158e-19
8873.769428505488,2.2432265895940054e-15,-4.370824990795158e-19
8876.045538108921,2.4029471306970322e-15,-4.370824990795158e-19
8878.320652909202,2.4993392741556493e-15,-4.370824990795158e-19
8880.596762512634,2.3256188481578634e-15,-4.370824990795158e-19
8882.871877312919,2.1437130589954978e-15,-4.370824990795158e-19
8885.14798691635,2.1492273624434806e-15,-4.370824990795158e-19
8887.423101716633,2.1350685384581474e-15,-4.370824990795158e-19
8889.699211320065,1.9798071218406794e-15,-4.370824990795158e-19
8891.975320923497,1.8646910705174542e-15,-4.370824990795158e-19
8894.25043572378,1.8761214401145942e-15,-4.370824990795158e-19
8896.526545327211,1.8823553844449e-15,-4.370824990795158e-19
8898.801660127496,1.8003516436580015e-15,-4.370824990795158e-19
8901.077769730926,1.6245694244574873e-15,-4.370824990795158e-19
8903.35288453121,1.414977328712014e-15,-4.370824990795158e-19
8905.628994134642,1.3356843824143566e-15,-4.370824990795158e-19
8907.904108934925,1.4113173146540655e-15,-4.370824990795158e-19
8910.180218538357,1.4994667002765059e-15,-4.370824990795158e-19
8912.456328141787,1.5268262987289884e-15,-4.370824990795158e-19
8914.731442942071,1.4773653367371922e-15,-4.370824990795158e-19
8917.007552545503,1.4159133033565077e-15,-4.370824990795158e-19
8919.282667345788,1.4788443532744815e-15,-4.370824990795158e-19
8921.55877694922,1.6238012188530446e-15,-4.370824990795158e-19
8923.8338917495,1.6961185050643826e-15,-4.370824990795158e-19
8926.110001352932,1.6888823614685106e-15,-4.370824990795158e-19
8928.386110956366,1.6671783456556329e-15,-4.370824990795158e-19
8930.661225756648,1.6633770524060626e-15,-4.370824990795158e-19
8932.937335360079,1.6985158363472127e-15,-4.370824990795158e-19
8935.212450160363,1.7376369275021985e-15,-4.370824990795158e-19
8937.488559763795,1.7309526557485986e-15,-4.370824990795158e-19
8939.763674564078,1.70663497489072e-15,-4.370824990795158e-19
8942.039784167511,1.7099638658433055e-15,-4.370824990795158e-19
8944.315893770941,1.7394249922711602e-15,-4.370824990795158e-19
8946.591008571224,1.785685097577778e-15,-4.370824990795158e-19
8948.867118174656,1.8784746216500425e-15,-4.370824990795158e-19
8951.14223297494,2.0273254949476774e-15,-4.370824990795158e-19
8953.418342578372,2.1298809431407894e-15,-4.370824990795158e-19
8955.693457378655,2.1025654944356885e-15,-4.370824990795158e-19
8957.969566982087,1.970712273880035e-15,-4.370824990795158e-19
8960.245676585519,1.7882590278501353e-15,-4.370824990795158e-19
8962.520791385801,1.6579642933770576e-15,-4.370824990795158e-19
8964.796900989233,1.6327371277231146e-15,-4.370824990795158e-19
8967.072015789516,1.6176776488911932e-15,-4.370824990795158e-19
8969.348125392948,1.5711747199739757e-15,-4.370824990795158e-19
8971.623240193232,1.5843710794663864e-15,-4.370824990795158e-19
8973.899349796664,1.6796727241646736e-15,-4.370824990795158e-19
8976.174464596947,1.7729920452055192e-15,-4.370824990795158e-19
8978.450574200377,1.8016937959784076e-15,-4.370824990795158e-19
8980.72668380381,1.7229129867503785e-15,-4.370824990795158e-19
8983.001798604093,1.5823181162131342e-15,-4.370824990795158e-19
8985.277908207525,1.526495175623625e-15,-4.370824990795158e-19
8987.55302300781,1.579245293795363e-15,-4.370824990795158e-19
8989.82913261124,1.6599112972365936e-15,-4.370824990795158e-19
8992.104247411522,1.6853857014758745e-15,-4.370824990795158e-19
8994.380357014956,1.5645081081193284e-15,-4.370824990795158e-19
8996.656466618388,1.3936220959034524e-15,-4.370824990795158e-19
8998.931581418668,1.3770571106858125e-15,-4.370824990795158e-19
9001.2076910221,1.4954402433152886e-15,-4.370824990795158e-19
9003.482805822385,1.6248696427396833e-15,-4.370824990795158e-19
9005.758915425817,1.6886527827821255e-15,-4.370824990795158e-19
9008.034030226101,1.6342470490835712e-15,-4.370824990795158e-19
9010.310139829531,1.5501108754981334e-15,-4.370824990795158e-19
9012.586249432963,1.5600180788106025e-15,-4.370824990795158e-19
9014.861364233246,1.6427856102272054e-15,-4.370824990795158e-19
9017.13747383668,1.7416898743118448e-15,-4.370824990795158e-19
9019.412588636962,1.8077643862434006e-15,-4.370824990795158e-19
9021.688698240392,1.8091374433869736e-15,-4.370824990795158e-19
9023.963813040677,1.8355654821697008e-15,-4.370824990795158e-19
9026.239922644108,1.9598249461756905e-15,-4.370824990795158e-19
9028.51603224754,2.0797665648877432e-15,-4.370824990795158e-19
9030.791147047823,2.1114660835078533e-15,-4.370824990795158e-19
9033.067256651255,2.117519013873894e-15,-4.370824990795158e-19
9035.342371451537,2.1382605651938492e-15,-4.370824990795158e-19
9037.61848105497,2.1104992040401926e-15,-4.370824990795158e-19
9039.893595855254,2.0120320224546327e-15,-4.370824990795158e-19
9042.169705458686,1.918408068156853e-15,-4.370824990795158e-19
9044.444820258967,1.8797284744756845e-15,-4.370824990795158e-19
9046.7209298624,1.8946466741159847e-15,-4.370824990795158e-19
9048.997039465832,1.943639648785534e-15,-4.370824990795158e-19
9051.272154266115,1.987581892354609e-15,-4.370824990795158e-19
9053.548263869545,1.9742707435190054e-15,-4.370824990795158e-19
9055.82337866983,1.831954032833872e-15,-4.370824990795158e-19
9058.099488273261,1.6121412705695193e-15,-4.370824990795158e-19
9060.374603073546,1.4869811517169417e-15,-4.370824990795158e-19
9062.650712676977,1.5195901551331164e-15,-4.370824990795158e-19
9064.926822280408,1.6938447930742216e-15,-4.370824990795158e-19
9067.20193708069,1.8503026678457353e-15,-4.370824990795158e-19
9069.478046684124,1.722105046373292e-15,-4.370824990795158e-19
9071.753161484407,1.4725883340704848e-15,-4.370824990795158e-19
9074.029271087838,1.4989324883331866e-15,-4.370824990795158e-19
9076.304385888121,1.6637037605366876e-15,-4.370824990795158e-19
9078.580495491553,1.6128785713507949e-15,-4.370824990795158e-19
9080.856605094985,1.4081561927415308e-15,-4.370824990795158e-19
9083.13171989527,1.2471420640402182e-15,-4.370824990795158e-19
9085.407829498701,1.1676636888035572e-15,-4.370824990795158e-19
9087.682944298982,1.1659683385040973e-15,-4.370824990795158e-19
9089.959053902414,1.2730800406270077e-15,-4.370824990795158e-19
9092.234168702698,1.4981863576024346e-15,-4.370824990795158e-19
9094.51027830613,1.7032089544938948e-15,-4.370824990795158e-19
9096.786387909562,1.7646477429503648e-15,-4.370824990795158e-19
9099.061502709845,1.7805151621593727e-15,-4.370824990795158e-19
9101.337612313277,1.8526690943053985e-15,-4.370824990795158e-19
9103.61272711356,1.9458162313314552e-15,-4.370824990795158e-19
9105.888836716991,2.0284998782280324e-15,-4.370824990795158e-19
9108.163951517276,2.1246933478234314e-15,-4.370824990795158e-19
9110.440061120706,2.240493720231074e-15,-4.370824990795158e-19
9112.71517592099,2.3438615237760104e-15,-4.370824990795158e-19
9114.991285524422,2.394730862709285e-15,-4.370824990795158e-19
9117.267395127854,2.323411360788775e-15,-4.370824990795158e-19
9119.542509928136,2.1505827596881008e-15,-4.370824990795158e-19
9121.818619531568,2.068715883118086e-15,-4.370824990795158e-19
9124.093734331851,2.1179296065245445e-15,-4.370824990795158e-19
9126.369843935283,2.1044241988004613e-15,-4.370824990795158e-19
9128.644958735567,1.9862044202362976e-15,-4.370824990795158e-19
9130.921068338997,1.888412729785679e-15,-4.370824990795158e-19
9133.19717794243,1.8965142084302332e-15,-4.370824990795158e-19
9135.472292742714,2.0873912262605744e-15,-4.370824990795158e-19
9137.748402346146,2.2845728280170323e-15,-4.370824990795158e-19
9140.023517146428,2.1012630768879264e-15,-4.370824990795158e-19
9142.299626749858,1.691637305705133e-15,-4.370824990795158e-19
9144.574741550143,1.5495325138074323e-15,-4.370824990795158e-19
9146.850851153575,1.6558406905279946e-15,-4.370824990795158e-19
9149.126960757007,1.7350188474824596e-15,-4.370824990795158e-19
9151.402075557291,1.76582212623072e-15,-4.370824990795158e-19
9153.678185160721,1.814978454965582e-15,-4.370824990795158e-19
9155.953299961004,1.8529913874612854e-15,-4.370824990795158e-19
9158.229409564436,1.8349606306305705e-15,-4.370824990795158e-19
9160.50452436472,1.7580826755146957e-15,-4.370824990795158e-19
9162.780633968152,1.638732663417559e-15,-4.370824990795158e-19
9165.056743571582,1.5416517838997865e-15,-4.370824990795158e-19
9167.331858371866,1.5299918356162612e-15,-4.370824990795158e-19
9169.607967975298,1.6146092414481602e-15,-4.370824990795158e-19
9171.883082775581,1.7757999691389997e-15,-4.370824990795158e-19
9174.159192379013,1.8859050241343944e-15,-4.370824990795158e-19
9176.434307179296,1.865843378924118e-15,-4.370824990795158e-19
9178.710416782727,1.913198397965804e-15,-4.370824990795158e-19
9180.985531583012,2.1387903621624304e-15,-4.370824990795158e-19
9183.261641186444,2.2887361491951332e-15,-4.370824990795158e-19
9185.537750789874,2.21388908245882e-15,-4.370824990795158e-19
9187.812865590158,2.068733543017039e-15,-4.370824990795158e-19
9190.08897519359,1.9917496285074477e-15,-4.370824990795158e-19
9192.364089993873,2.0821241613979294e-15,-4.370824990795158e-19
9194.640199597305,2.316210536990808e-15,-4.370824990795158e-19
9196.915314397587,2.4482756763338948e-15,-4.370824990795158e-19
9199.19142400102,2.408223025509154e-15,-4.370824990795158e-19
9201.467533604451,2.3749561908569906e-15,-4.370824990795158e-19
9203.742648404736,2.4293839994292356e-15,-4.370824990795158e-19
9206.018758008167,2.556782510474069e-15,-4.370824990795158e-19
9208.293872808448,2.6805960620315027e-15,-4.370824990795158e-19
9210.56998241188,2.654101798627703e-15,-4.370824990795158e-19
9212.845097212165,2.5074098479770367e-15,-4.370824990795158e-19
9215.121206815596,2.409750606768563e-15,-4.370824990795158e-19
9217.397316419028,2.3352125882639217e-15,-4.370824990795158e-19
9219.672431219311,2.142322341952972e-15,-4.370824990795158e-19
9221.948540822743,1.9361209468064187e-15,-4.370824990795158e-19
9224.223655623025,1.9253660683442195e-15,-4.370824990795158e-19
9226.49976522646,1.9792949847710506e-15,-4.370824990795158e-19
9228.774880026742,1.856986939599335e-15,-4.370824990795158e-19
9231.050989630172,1.648189539306734e-15,-4.370824990795158e-19
9233.327099233604,1.5275017898639295e-15,-4.370824990795158e-19
9235.602214033888,1.5016962625192853e-15,-4.370824990795158e-19
9237.87832363732,1.5330955628571996e-15,-4.370824990795158e-19
9240.153438437605,1.5281463761757034e-15,-4.370824990795158e-19
9242.429548041035,1.4087257244827556e-15,-4.370824990795158e-19
9244.704662841317,1.2749564048907329e-15,-4.370824990795158e-19
9246.98077244475,1.2288728985736421e-15,-4.370824990795158e-19
9249.255887245034,1.262634210396481e-15,-4.370824990795158e-19
9251.531996848464,1.3329338531524722e-15,-4.370824990795158e-19
9253.808106451896,1.2950577848736525e-15,-4.370824990795158e-19
9256.08322125218,1.0887592602828592e-15,-4.370824990795158e-19
9258.359330855612,9.367031153253077e-16,-4.370824990795158e-19
9260.634445655895,9.655461452898174e-16,-4.370824990795158e-19
9262.910555259326,1.023603063096844e-15,-4.370824990795158e-19
9265.185670059609,1.0327729656280375e-15,-4.370824990795158e-19
9267.461779663041,1.0909225979045658e-15,-4.370824990795158e-19
9269.737889266473,1.1806702043822265e-15,-4.370824990795158e-19
9272.013004066757,1.0867990114991087e-15,-4.370824990795158e-19
9274.289113670187,8.476442449068027e-16,-4.370824990795158e-19
9276.56422847047,8.3779443626593e-16,-4.370824990795158e-19
9278.840338073904,1.0635100197552253e-15,-4.370824990795158e-19
9281.115452874186,1.1478846019765245e-15,-4.370824990795158e-19
9283.391562477618,1.0242476494086179e-15,-4.370824990795158e-19
9285.667672081048,8.786108777203756e-16,-4.370824990795158e-19
9287.942786881333,7.696934509295509e-16,-4.370824990795158e-19
9290.218896484765,6.784006032935284e-16,-4.370824990795158e-19
9292.494011285049,6.565244034658617e-16,-4.370824990795158e-19
9294.77012088848,7.799097024736923e-16,-4.370824990795158e-19
9297.045235688762,9.665748344038128e-16,-4.370824990795158e-19
9299.321345292194,1.0697704539339601e-15,-4.370824990795158e-19
9301.596460092478,1.082763724588415e-15,-4.370824990795158e-19
9303.87256969591,1.05349685704904e-15,-4.370824990795158e-19
9306.14867929934,9.836210518679138e-16,-4.370824990795158e-19
9308.423794099625,8.733967925545887e-16,-4.370824990795158e-19
9310.699903703056,8.043377577000252e-16,-4.370824990795158e-19
9312.975018503339,8.496398134884587e-16,-4.370824990795158e-19
9315.251128106773,9.472372450505978e-16,-4.370824990795158e-19
9317.526242907054,1.0112323038804723e-15,-4.370824990795158e-19
9319.802352510485,9.245575198205829e-16,-4.370824990795158e-19
9322.078462113917,6.493015047942043e-16,-4.370824990795158e-19
9324.353576914202,5.087463690296037e-16,-4.370824990795158e-19
9326.629686517634,7.201662643166821e-16,-4.370824990795158e-19
9328.904801317916,1.0194397419187433e-15,-4.370824990795158e-19
9331.180910921348,1.1828114671302423e-15,-4.370824990795158e-19
9333.45602572163,1.1948422732917745e-15,-4.370824990795158e-19
9335.732135325063,1.0995538735177017e-15,-4.370824990795158e-19
9338.008244928495,1.0694702356517641e-15,-4.370824990795158e-19
9340.283359728777,1.1714429071794367e-15,-4.370824990795158e-19
9342.55946933221,1.2562589868745536e-15,-4.370824990795158e-19
9344.834584132494,1.2487358699207002e-15,-4.370824990795158e-19
9347.110693735925,1.1885376893656578e-15,-4.370824990795158e-19
9349.385808536208,1.0995053087955818e-15,-4.370824990795158e-19
9351.661918139638,9.891706751138022e-16,-4.370824990795158e-19
9353.938027743072,9.03749743879555e-16,-4.370824990795158e-19
9356.213142543354,9.199306262949736e-16,-4.370824990795158e-19
9358.489252146786,1.0371658654925235e-15,-4.370824990795158e-19
9360.76436694707,1.195804737784697e-15,-4.370824990795158e-19
9363.0404765505,1.3356843824143566e-15,-4.370824990795158e-19
9365.315591350784,1.3962931556200493e-15,-4.370824990795158e-19
9367.591700954217,1.406566801835787e-15,-4.370824990795158e-19
9369.8668157545,1.4428049144867432e-15,-4.370824990795158e-19
9372.14292535793,1.49427468998441e-15,-4.370824990795158e-19
9374.419034961362,1.5176740560967475e-15,-4.370824990795158e-19
9376.694149761646,1.484195302657152e-15,-4.370824990795158e-19
9378.970259365078,1.3751586715483964e-15,-4.370824990795158e-19
9381.245374165363,1.2705679200009851e-15,-4.370824990795158e-19
9383.521483768793,1.2611551938591918e-15,-4.370824990795158e-19
9385.796598569075,1.2675392473305957e-15,-4.370824990795158e-19
9388.072708172507,1.1954382948814284e-15,-4.370824990795158e-19
9390.34881777594,1.1285249377496188e-15,-4.370824990795158e-19
9392.623932576224,1.1441804381711941e-15,-4.370824990795158e-19
9394.900042179654,1.1130548662670468e-15,-4.370824990795158e-19
9397.175156979938,9.52857507892297e-16,-4.370824990795158e-19
9399.45126658337,8.897321990858433e-16,-4.370824990795158e-19
9401.726381383653,1.0487640041297144e-15,-4.370824990795158e-19
9404.002490987084,1.1499596401034677e-15,-4.370824990795158e-19
9406.278600590516,1.017735561669807e-15,-4.370824990795158e-19
9408.553715390799,7.913930517676904e-16,-4.370824990795158e-19
9410.82982499423,6.083879338955187e-16,-4.370824990795158e-19
9413.104939794515,5.845073355367197e-16,-4.370824990795158e-19
9415.381049397945,7.380645719052514e-16,-4.370824990795158e-19
9417.656164198228,9.105443900016093e-16,-4.370824990795158e-19
9419.932273801662,1.0149099778373737e-15,-4.370824990795158e-19
9422.208383405094,1.0834215558244033e-15,-4.370824990795158e-19
9424.483498205376,1.0965252008473123e-15,-4.370824990795158e-19
9426.759607808806,9.691046149287882e-16,-4.370824990795158e-19
9429.03472260909,7.927572789617871e-16,-4.370824990795158e-19
9431.310832212523,8.246819612935445e-16,-4.370824990795158e-19
9433.585947012807,9.941949163658476e-16,-4.370824990795158e-19
9435.862056616239,9.853031572431592e-16,-4.370824990795158e-19
9438.13717141652,8.579532109204458e-16,-4.370824990795158e-19
9440.413281019952,8.858161164930804e-16,-4.370824990795158e-19
9442.689390623384,1.0256207065521909e-15,-4.370824990795158e-19
9444.964505423668,1.1007238418233186e-15,-4.370824990795158e-19
9447.2406150271,1.0593731884255537e-15,-4.370824990795158e-19
9449.515729827383,8.97409840155533e-16,-4.370824990795158e-19
9451.791839430814,8.379313004828135e-16,-4.370824990795158e-19
9454.066954231097,1.1332710355931589e-15,-4.370824990795158e-19
9456.343063834529,1.4533478741615097e-15,-4.370824990795158e-19
9458.619173437963,1.3978957914500077e-15,-4.370824990795158e-19
9460.894288238243,1.2669123209177745e-15,-4.370824990795158e-19
9463.170397841675,1.4063548830483545e-15,-4.370824990795158e-19
9465.44551264196,1.5765654041292896e-15,-4.370824990795158e-19
9467.721622245392,1.5360624258812546e-15,-4.370824990795158e-19
9469.996737045674,1.413299638311507e-15,-4.370824990795158e-19
9472.272846649106,1.3427262671217488e-15,-4.370824990795158e-19
9474.548956252538,1.3624876940498287e-15,-4.370824990795158e-19
9476.82407105282,1.4605266230857855e-15,-4.370824990795158e-19
9479.100180656253,1.4641115825731851e-15,-4.370824990795158e-19
9481.375295456537,1.313962706702526e-15,-4.370824990795158e-19
9483.651405059967,1.2782146562475075e-15,-4.370824990795158e-19
9485.926519860252,1.4319793964287336e-15,-4.370824990795158e-19
9488.202629463683,1.442323682240282e-15,-4.370824990795158e-19
9490.478739067115,1.2068907393522592e-15,-4.370824990795158e-19
9492.753853867396,9.822170899011736e-16,-4.370824990795158e-19
9495.02996347083,9.224824816936397e-16,-4.370824990795158e-19
9497.305078271113,1.0735673322087923e-15,-4.370824990795158e-19
9499.581187874544,1.3148324567259469e-15,-4.370824990795158e-19
9501.856302674829,1.3299978949515846e-15,-4.370824990795158e-19
9504.132412278259,1.1244013513441614e-15,-4.370824990795158e-19
9506.407527078542,9.860183831507439e-16,-4.370824990795158e-19
9508.683636681973,9.567515156113691e-16,-4.370824990795158e-19
9510.959746285407,9.109682275764744e-16,-4.370824990795158e-19
9513.23486108569,8.884165366138666e-16,-4.370824990795158e-19
9515.51097068912,1.008927687067144e-15,-4.370824990795158e-19
9517.786085489404,1.1605379195761396e-15,-4.370824990795158e-19
9520.062195092836,1.138763264167451e-15,-4.370824990795158e-19
9522.337309893119,1.0698057737318656e-15,-4.370824990795158e-19
9524.613419496553,1.1817695330920326e-15,-4.370824990795158e-19
9526.889529099983,1.2927222632371568e-15,-4.370824990795158e-19
9529.164643900265,1.1488779712926145e-15,-4.370824990795158e-19
9531.440753503697,1.0191262787123326e-15,-4.370824990795158e-19
9533.715868303982,1.213897304261746e-15,-4.370824990795158e-19
9535.991977907413,1.4480675643746502e-15,-4.370824990795158e-19
9538.267092707696,1.4208845649116948e-15,-4.370824990795158e-19
9540.543202311128,1.3669777233585546e-15,-4.370824990795158e-19
9542.81931191456,1.5013783843381367e-15,-4.370824990795158e-19
9545.094426714842,1.6372713067792224e-15,-4.370824990795158e-19
9547.370536318274,1.6291830730588823e-15,-4.370824990795158e-19
9549.645651118557,1.5911083309168444e-15,-4.370824990795158e-19
9551.921760721989,1.613280334051969e-15,-4.370824990795158e-19
9554.196875522273,1.6820082458011691e-15,-4.370824990795158e-19
9556.472985125705,1.77645338540025e-15,-4.370824990795158e-19
9558.749094729135,1.8712958727257667e-15,-4.370824990795158e-19
9561.02420952942,1.9250614350872854e-15,-4.370824990795158e-19
9563.300319132852,1.87172412527537e-15,-4.370824990795158e-19
9565.575433933134,1.714718793636322e-15,-4.370824990795158e-19
9567.851543536566,1.543881346142566e-15,-4.370824990795158e-19
9570.126658336849,1.46143610788185e-15,-4.370824990795158e-19
9572.40276794028,1.6070066549490195e-15,-4.370824990795158e-19
9574.677882740565,1.838488195446374e-15,-4.370824990795158e-19
9576.953992343997,1.7200211782968725e-15,-4.370824990795158e-19
9579.230101947429,1.3294504380840508e-15,-4.370824990795158e-19
9581.50521674771,1.1559507608231738e-15,-4.370824990795158e-19
9583.781326351142,1.212572811840293e-15,-4.370824990795158e-19
9586.056441151426,1.2131070237836124e-15,-4.370824990795158e-19
9588.332550754858,1.1659286037314537e-15,-4.370824990795158e-19
9590.607665555142,1.2139061342112223e-15,-4.370824990795158e-19
9592.883775158572,1.2865810333763528e-15,-4.370824990795158e-19
9595.159884762004,1.2445548888436467e-15,-4.370824990795158e-19
9597.434999562287,1.133447634582686e-15,-4.370824990795158e-19
9599.71110916572,1.053417387503753e-15,-4.370824990795158e-19
9601.986223966003,1.0438545522208617e-15,-4.370824990795158e-19
9604.262333569433,1.1198583423385775e-15,-4.370824990795158e-19
9606.537448369718,1.1692089299619192e-15,-4.370824990795158e-19
9608.81355797315,1.089055063590317e-15,-4.370824990795158e-19
9611.089667576582,1.0803840532045375e-15,-4.370824990795158e-19
9613.364782376864,1.3168854199791991e-15,-4.370824990795158e-19
9615.640891980296,1.5649363606689316e-15,-4.370824990795158e-19
9617.916006780579,1.6237482391561864e-15,-4.370824990795158e-19
9620.19211638401,1.620843185778466e-15,-4.370824990795158e-19
9622.467231184295,1.6844011621092611e-15,-4.370824990795158e-19
9624.743340787725,1.8724923308798128e-15,-4.370824990795158e-19
9627.019450391157,2.1643707257954274e-15,-4.370824990795158e-19
9629.294565191442,2.32942897135691e-15,-4.370824990795158e-19
9631.570674794873,2.2642065495498223e-15,-4.370824990795158e-19
9633.845789595156,2.159090416008568e-15,-4.370824990795158e-19
9636.121899198586,2.1235233795178147e-15,-4.370824990795158e-19
9638.39701399887,2.1101460060611383e-15,-4.370824990795158e-19
9640.673123602302,2.111532308128926e-15,-4.370824990795158e-19
9642.948238402587,2.1710064328269075e-15,-4.370824990795158e-19
9645.224348006019,2.268815783176479e-15,-4.370824990795158e-19
9647.500457609449,2.3174069951448543e-15,-4.370824990795158e-19
9649.775572409731,2.311212785587192e-15,-4.370824990795158e-19
9652.051682013165,2.323265666622415e-15,-4.370824990795158e-19
9654.326796813448,2.332797597082139e-15,-4.370824990795158e-19
9656.60290641688,2.2529130441695657e-15,-4.370824990795158e-19
9658.878021217162,2.1060489095041104e-15,-4.370824990795158e-19
9661.154130820594,1.9770786674524857e-15,-4.370824990795158e-19
9663.430240424026,1.8823597994196383e-15,-4.370824990795158e-19
9665.70535522431,1.806996180638958e-15,-4.370824990795158e-19
9667.98146482774,1.7440253959483405e-15,-4.370824990795158e-19
9670.256579628023,1.6827587915066592e-15,-4.370824990795158e-19
9672.532689231455,1.6696374865847974e-15,-4.370824990795158e-19
9674.80780403174,1.756939197057508e-15,-4.370824990795158e-19
9677.083913635171,1.7558222084487492e-15,-4.370824990795158e-19
9679.360023238602,1.4734713290181202e-15,-4.370824990795158e-19
9681.635138038886,1.2298662678897319e-15,-4.370824990795158e-19
9683.911247642318,1.3440728344168926e-15,-4.370824990795158e-19
9686.1863624426,1.4558158450401507e-15,-4.370824990795158e-19
9688.462472046032,1.2348022096470138e-15,-4.370824990795158e-19
9690.737586846315,1.0012897807700978e-15,-4.370824990795158e-19
9693.013696449747,1.0240092407727563e-15,-4.370824990795158e-19
9695.289806053179,1.1109445083421982e-15,-4.370824990795158e-19
9697.564920853463,1.111611169527663e-15,-4.370824990795158e-19
9699.841030456895,1.0956113010765098e-15,-4.370824990795158e-19
9702.116145257176,1.1128650223533052e-15,-4.370824990795158e-19
9704.39225486061,1.160520259677187e-15,-4.370824990795158e-19
9706.667369660892,1.2204491267732007e-15,-4.370824990795158e-19
9708.943479264324,1.2468992404296185e-15,-4.370824990795158e-19
9711.218594064609,1.1964890588691145e-15,-4.370824990795158e-19
9713.494703668039,1.0137444245064951e-15,-4.370824990795158e-19
9715.77081327147,7.847838345846396e-16,-4.370824990795158e-19
9718.045928071755,7.866955186462702e-16,-4.370824990795158e-19
9720.322037675187,1.0335632461061713e-15,-4.370824990795158e-19
9722.59715247547,1.2587711075005762e-15,-4.370824990795158e-19
9724.8732620789,1.3723595775643923e-15,-4.370824990795158e-19
9727.148376879184,1.4349506744275265e-15,-4.370824990795158e-19
9729.424486482616,1.4582838159187916e-15,-4.370824990795158e-19
9731.700596086048,1.4246461233886215e-15,-4.370824990795158e-19
9733.97571088633,1.4329860106690378e-15,-4.370824990795158e-19
9736.251820489762,1.6347326963047706e-15,-4.370824990795158e-19
9738.526935290045,1.8975384825694903e-15,-4.370824990795158e-19
9740.803044893477,1.978332520278128e-15,-4.370824990795158e-19
9743.078159693761,1.8263249400426967e-15,-4.370824990795158e-19
9745.354269297191,1.4768796895159927e-15,-4.370824990795158e-19
9747.630378900623,1.2267360508003645e-15,-4.370824990795158e-19
9749.905493700908,1.3951629220870761e-15,-4.370824990795158e-19
9752.18160330434,1.680158371385873e-15,-4.370824990795158e-19
9754.456718104622,1.6946262436028788e-15,-4.370824990795158e-19
9756.732827708054,1.6452800709542753e-15,-4.370824990795158e-19
9759.007942508337,1.7691775070317345e-15,-4.370824990795158e-19
9761.284052111769,1.802298647517538e-15,-4.370824990795158e-19
9763.559166912053,1.5513117486269176e-15,-4.370824990795158e-19
9765.835276515485,1.440478222799724e-15,-4.370824990795158e-19
9768.111386118915,1.7357384883647824e-15,-4.370824990795158e-19
9770.3865009192,1.9330834441865527e-15,-4.370824990795158e-19
9772.662610522631,1.7180079498162639e-15,-4.370824990795158e-19
9774.937725322914,1.4632550774739788e-15,-4.370824990795158e-19
9777.213834926346,1.3964256048621948e-15,-4.370824990795158e-19
9779.488949726629,1.3445452367138776e-15,-4.370824990795158e-19
9781.76505933006,1.239477667894743e-15,-4.370824990795158e-19
9784.041168933492,1.1874339456811135e-15,-4.370824990795158e-19
9786.316283733777,1.2653803246836271e-15,-4.370824990795158e-19
9788.592393337207,1.564199059887656e-15,-4.370824990795158e-19
9790.86750813749,1.889966800893517e-15,-4.370824990795158e-19
9793.143617740923,1.659244636051129e-15,-4.370824990795158e-19
9795.418732541206,1.007704739064669e-15,-4.370824990795158e-19
9797.694842144638,7.983731268287482e-16,-4.370824990795158e-19
9799.970951748068,1.0667594411625235e-15,-4.370824990795158e-19
9802.246066548352,1.1944979052621966e-15,-4.370824990795158e-19
9804.522176151784,1.116502961537563e-15,-4.370824990795158e-19
9806.797290952069,1.096962283346392e-15,-4.370824990795158e-19
9809.0734005555,1.1425998772149269e-15,-4.370824990795158e-19
9811.348515355781,1.1533724155760785e-15,-4.370824990795158e-19
9813.624624959213,1.109615600946007e-15,-4.370824990795158e-19
9815.900734562645,1.0228216125681868e-15,-4.370824990795158e-19
9818.17584936293,9.415904923604695e-16,-4.370824990795158e-19
9820.451958966361,9.220100793966549e-16,-4.370824990795158e-19
9822.727073766644,1.0416294049528204e-15,-4.370824990795158e-19
9825.003183370076,1.3513222229369793e-15,-4.370824990795158e-19
9827.278298170359,1.5737795550695e-15,-4.370824990795158e-19
9829.55440777379,1.446169125237234e-15,-4.370824990795158e-19
9831.829522574075,1.3408189980348563e-15,-4.370824990795158e-19
9834.105632177505,1.6057704620223301e-15,-4.370824990795158e-19
9836.381741780937,1.873150162115801e-15,-4.370824990795158e-19
9838.656856581221,1.820572227958852e-15,-4.370824990795158e-19
9840.932966184653,1.6541232653548438e-15,-4.370824990795158e-19
9843.208080984936,1.5785653876856838e-15,-4.370824990795158e-19
9845.484190588368,1.6706441008251017e-15,-4.370824990795158e-19
9847.75930538865,1.9135162761469527e-15,-4.370824990795158e-19
9850.035414992082,2.04819508053504e-15,-4.370824990795158e-19
9852.311524595514,1.9406904456604315e-15,-4.370824990795158e-19
9854.586639395797,1.7572482452891805e-15,-4.370824990795158e-19
9856.862748999229,1.6105209748406083e-15,-4.370824990795158e-19
9859.137863799513,1.4940627711969775e-15,-4.370824990795158e-19
9861.413973402945,1.4477541011682397e-15,-4.370824990795158e-19
9863.689088203228,1.5825785997226866e-15,-4.370824990795158e-19
9865.965197806658,1.818126331953902e-15,-4.370824990795158e-19
9868.24130741009,1.845097412629425e-15,-4.370824990795158e-19
9870.516422210374,1.6928293488844409e-15,-4.370824990795158e-19
9872.792531813806,1.7211823166530131e-15,-4.370824990795158e-19
9875.06764661409,1.863768340797175e-15,-4.370824990795158e-19
9877.34375621752,1.7302330148662758e-15,-4.370824990795158e-19
9879.618871017803,1.4865484841926002e-15,-4.370824990795158e-19
9881.894980621235,1.6230462581728164e-15,-4.370824990795158e-19
9884.171090224669,1.925507347535841e-15,-4.370824990795158e-19
9886.446205024951,1.858470371111363e-15,-4.370824990795158e-19
9888.722314628381,1.6198674763613289e-15,-4.370824990795158e-19
9890.997429428666,1.6627633709174559e-15,-4.370824990795158e-19
9893.273539032098,1.78459018384271e-15,-4.370824990795158e-19
9895.54865383238,1.6289888141704024e-15,-4.370824990795158e-19
9897.824763435814,1.4221560776362899e-15,-4.370824990795158e-19
9900.099878236095,1.4741512351277995e-15,-4.370824990795158e-19
9902.375987839527,1.6048609772262655e-15,-4.370824990795158e-19
9904.652097442959,1.5903622001860926e-15,-4.370824990795158e-19
9906.927212243243,1.586207708957468e-15,-4.370824990795158e-19
9909.203321846673,1.7197827696610109e-15,-4.370824990795158e-19
9911.478436646958,1.6785689804801293e-15,-4.370824990795158e-19
9913.75454625039,1.2734994632271345e-15,-4.370824990795158e-19
9916.029661050672,9.45272581292109e-16,-4.370824990795158e-19
9918.305770654104,9.96874806031921e-16,-4.370824990795158e-19
9920.581880257534,1.1440082541564053e-15,-4.370824990795158e-19
9922.856995057818,1.2089657774792024e-15,-4.370824990795158e-19
9925.13310466125,1.3894808495990424e-15,-4.370824990795158e-19
9927.408219461535,1.694855822289264e-15,-4.370824990795158e-19
9929.684329064967,1.7329791291534219e-15,-4.370824990795158e-19
9931.959443865248,1.4549902447641116e-15,-4.370824990795158e-19
9934.23555346868,1.382831897643348e-15,-4.370824990795158e-19
9936.511663072113,1.6222780525683735e-15,-4.370824990795158e-19
9938.786777872396,1.7196017556967457e-15,-4.370824990795158e-19
9941.062887475828,1.5994702930709516e-15,-4.370824990795158e-19
9943.33800227611,1.5810245286148484e-15,-4.370824990795158e-19
9945.614111879542,1.7030235255548914e-15,-4.370824990795158e-19
9947.889226679825,1.7644402391376706e-15,-4.370824990795158e-19
9950.165336283259,1.8425720470791876e-15,-4.370824990795158e-19
9952.44144588669,2.216162794448981e-15,-4.370824990795158e-19
9954.716560686971,2.5892678945975748e-15,-4.370824990795158e-19
9956.992670290403,2.350762129291781e-15,-4.370824990795158e-19
9959.267785090688,1.93146756343238e-15,-4.370824990795158e-19
9961.54389469412,2.197478621357016e-15,-4.370824990795158e-19
9963.819009494404,2.699165445780275e-15,-4.370824990795158e-19
9966.095119097834,2.5780317838889145e-15,-4.370824990795158e-19
9968.370233898117,2.197964268578216e-15,-4.370824990795158e-19
9970.646343501548,2.1936420083095404e-15,-4.370824990795158e-19
9972.92245310498,2.3821879194781245e-15,-4.370824990795158e-19
9975.197567905265,2.441066022586452e-15,-4.370824990795158e-19
9977.473677508695,2.235425329231647e-15,-4.370824990795158e-19
9979.74879230898,1.7403256471177482e-15,-4.370824990795158e-19
9982.024901912411,1.535002831944092e-15,-4.370824990795158e-19
9984.300016712694,2.009144628975865e-15,-4.370824990795158e-19
9986.576126316124,2.2201141968396494e-15,-4.370824990795158e-19
9988.852235919558,1.5420093968535789e-15,-4.370824990795158e-19
9991.12735071984,9.97819610625891e-16,-4.370824990795158e-19
9993.403460323272,1.2435306147043896e-15,-4.370824990795158e-19
9995.678575123557,1.585183434818211e-15,-4.370824990795158e-19
9997.954684726987,1.5443978981869326e-15,-4.370824990795158e-19
10000.22979952727,1.2008996186325531e-15,-4.370824990795158e-19
10002.505909130703,7.821260197922571e-16,-4.370824990795158e-19
10004.782018734135,8.450438247860165e-16,-4.370824990795158e-19
10007.057133534418,1.429670364640667e-15,-4.370824990795158e-19
10009.333243137848,1.7495441143710616e-15,-4.370824990795158e-19
10011.608357938132,1.5675456107391942e-15,-4.370824990795158e-19
10013.884467541564,1.311790539131343e-15,-4.370824990795158e-19
10016.159582341848,1.2313761892501885e-15,-4.370824990795158e-19
10018.43569194528,1.4413656327220977e-15,-4.370824990795158e-19
10020.71180154871,1.7787800770872692e-15,-4.370824990795158e-19
10022.986916348993,1.83643964716786e-15,-4.370824990795158e-19
10025.263025952427,1.6040177170512738e-15,-4.370824990795158e-19
10027.53814075271,1.3266734189737374e-15,-4.370824990795158e-19
10029.81425035614,1.1894074393890785e-15,-4.370824990795158e-19
10032.089365156424,1.3408189980348563e-15,-4.370824990795158e-19
10034.365474759856,1.6238762734235936e-15,-4.370824990795158e-19
10036.640589560138,1.7577603823588088e-15,-4.370824990795158e-19
10038.91669916357,1.6447900087583377e-15,-4.370824990795158e-19
10041.192808767002,1.2794729240478878e-15,-4.370824990795158e-19
10043.467923567285,9.820934706085047e-16,-4.370824990795158e-19
10045.744033170717,1.1071829498652715e-15,-4.370824990795158e-19
10048.019147971001,1.4255776830583769e-15,-4.370824990795158e-19
10050.295257574433,1.621068349490113e-15,-4.370824990795158e-19
10052.570372374714,1.7704710946300202e-15,-4.370824990795158e-19
10054.846481978147,1.9765665303828574e-15,-4.370824990795158e-19
10057.12259158158,2.1944940984340085e-15,-4.370824990795158e-19
10059.397706381862,2.3535877131242143e-15,-4.370824990795158e-19
10061.673815985294,2.265442742476512e-15,-4.370824990795158e-19
10063.948930785577,1.8781258386457266e-15,-4.370824990795158e-19
10066.225040389008,1.6096114900445439e-15,-4.370824990795158e-19
10068.500155189293,1.71736336350449e-15,-4.370824990795158e-19
10070.776264792725,1.9500855119032722e-15,-4.370824990795158e-19
10073.052374396157,2.1249494163582458e-15,-4.370824990795158e-19
10075.327489196437,2.2781137199750795e-15,-4.370824990795158e-19
10077.603598799871,2.368656021905612e-15,-4.370824990795158e-19
10079.878713600154,2.237345843242754e-15,-4.370824990795158e-19
10082.154823203586,1.8670486670276404e-15,-4.370824990795158e-19
10084.42993800387,1.3932512380254455e-15,-4.370824990795158e-19
10086.7060476073,1.0489317731697651e-15,-4.370824990795158e-19
10088.982157210732,1.2310538960943016e-15,-4.370824990795158e-19
10091.257272011017,1.6652269268213587e-15,-4.370824990795158e-19
10093.533381614448,1.3979002064247458e-15,-4.370824990795158e-19
10095.808496414731,7.407886113187065e-16,-4.370824990795158e-19
10098.084606018161,9.571885981104485e-16,-4.370824990795158e-19
10100.359720818446,1.8148151009002692e-15,-4.370824990795158e-19
10102.635830421877,2.213390190313406e-15,-4.370824990795158e-19
10104.910945222162,2.054358385269535e-15,-4.370824990795158e-19
10107.187054825592,1.702740967171648e-15,-4.370824990795158e-19
10109.463164429024,1.3976706277383606e-15,-4.370824990795158e-19
10111.738279229306,1.3454414765857275e-15,-4.370824990795158e-19
10114.014388832738,1.337891869783445e-15,-4.370824990795158e-19
10116.289503633023,1.058061940928315e-15,-4.370824990795158e-19
10118.565613236453,7.50382351424765e-16,-4.370824990795158e-19
10120.840728036737,7.420557090685633e-16,-4.370824990795158e-19
